name,item_code,item_name,item_group,stock_uom,description,is_stock_item,is_sales_item,is_purchase_item,disabled
,ASM-NISSAN-VEHICLES-YD25-ENGINE-PAD-KIT-DISC-BRAKE-PADS-FRONT,Nissan vehicles – YD25 engine - Pad Kit-disc (Brake pads front),Brake System,PCS,Vehicle applicability: Nissan vehicles – YD25 engine; System category: Brake System; Source item group: Auto Parts; Source unit: PC,1,1,1,0
,ASM-NISSAN-VEHICLES-YD25-ENGINE-SHOE-SET-REAR-BRAKE-SHOES,Nissan vehicles – YD25 engine - SHOE SET-REAR (Brake shoes),Brake System,PCS,Vehicle applicability: Nissan vehicles – YD25 engine; System category: Brake System; Source item group: Auto Parts; Source unit: PC,1,1,1,0
,ASM-NISSAN-VEHICLES-YD25-ENGINE-BOOSTER-ASSY-MA-BRAKE-BOOSTER,Nissan vehicles – YD25 engine - BOOSTER ASSY MA (brake booster),Brake System,PCS,Vehicle applicability: Nissan vehicles – YD25 engine; System category: Brake System; Source item group: Auto Parts; Source unit: PC,1,1,1,0
,ASM-NISSAN-VEHICLES-YD25-ENGINE-ROTOR-DISC-BRAK-FRONT-ROTOR-DISCS,Nissan vehicles – YD25 engine - Rotor Disc Brak (Front Rotor Discs),Brake System,Set,Vehicle applicability: Nissan vehicles – YD25 engine; System category: Brake System; Source item group: Auto Parts; Source unit: Set,1,1,1,0
,ASM-NISSAN-VEHICLES-YD25-ENGINE-DRUM-4X4-AND-HI-BRAKE-DRUM,Nissan vehicles – YD25 engine - DRUM 4X4 and hi (Brake drum),Brake System,PCS,Vehicle applicability: Nissan vehicles – YD25 engine; System category: Brake System; Source item group: Auto Parts; Source unit: PC,1,1,1,0
,ASM-NISSAN-VEHICLES-YD25-ENGINE-BOLT-PIN-CALIPPER-BOLTS,Nissan vehicles – YD25 engine - BOLT-PIN (Calipper bolts),Brake System,Set,Vehicle applicability: Nissan vehicles – YD25 engine; System category: Brake System; Source item group: Auto Parts; Source unit: Set,1,1,1,0
,ASM-NISSAN-VEHICLES-YD25-ENGINE-CYL-ASSY-CLUTCH,Nissan vehicles – YD25 engine - CYL ASSY CLUTCH,Brake System,PCS,Vehicle applicability: Nissan vehicles – YD25 engine; System category: Brake System; Source item group: Auto Parts; Source unit: PC,1,1,1,0
,ASM-NISSAN-VEHICLES-YD25-ENGINE-CYL-ASSY-CLUTCH-2,Nissan vehicles – YD25 engine - CYL ASSY-CLUTCH,Brake System,PCS,Vehicle applicability: Nissan vehicles – YD25 engine; System category: Brake System; Source item group: Auto Parts; Source unit: PC,1,1,1,0
,ASM-NISSAN-VEHICLES-YD25-ENGINE-CALIPER-ASSY-BR-BRAKE-CALIPER,Nissan vehicles – YD25 engine - CALIPER ASSY-BR (Brake caliper),Brake System,PCS,Vehicle applicability: Nissan vehicles – YD25 engine; System category: Brake System; Source item group: Auto Parts; Source unit: PC,1,1,1,0
,ASM-NISSAN-VEHICLES-YD25-ENGINE-CABLE-COMPL-P-HAND-BRAKE-CABLE-SHORT,"Nissan vehicles – YD25 engine - CABLE COMPL - P (Hand brake cable, short)",Brake System,PCS,Vehicle applicability: Nissan vehicles – YD25 engine; System category: Brake System; Source item group: Auto Parts; Source unit: PC,1,1,1,0
,ASM-NISSAN-VEHICLES-YD25-ENGINE-DVC-ASSY-PKB-C-HANDBRAKE-CABLE-LONG,"Nissan vehicles – YD25 engine - DVC ASSY-PKB C (handbrake cable, long)",Brake System,PCS,Vehicle applicability: Nissan vehicles – YD25 engine; System category: Brake System; Source item group: Auto Parts; Source unit: PC,1,1,1,0
,ASM-NISSAN-VEHICLES-YD25-ENGINE-PACK-BRAKE-SHIMS,Nissan vehicles – YD25 engine - PACK (brake shims),Brake System,PCS,Vehicle applicability: Nissan vehicles – YD25 engine; System category: Brake System; Source item group: Auto Parts; Source unit: PC,1,1,1,0
,ASM-NISSAN-VEHICLES-YD25-ENGINE-SPACER-VACUUM-BOOST-BRAKE-SERVO-BOLT,Nissan vehicles – YD25 engine - SPACER VACUUM BOOST (brake servo bolt),Brake System,PCS,Vehicle applicability: Nissan vehicles – YD25 engine; System category: Brake System; Source item group: Auto Parts; Source unit: PC,1,1,1,0
,ASM-NISSAN-VEHICLES-YD25-ENGINE-BRAKE-PAD-PLATES,Nissan vehicles – YD25 engine - Brake pad plates,Brake System,Set,Vehicle applicability: Nissan vehicles – YD25 engine; System category: Brake System; Source item group: Auto Parts; Source unit: Set,1,1,1,0
,ASM-NISSAN-VEHICLES-YD25-ENGINE-ABS-SENSOR,Nissan vehicles – YD25 engine - ABS sensor,Brake System,PCS,Vehicle applicability: Nissan vehicles – YD25 engine; System category: Brake System; Source item group: Auto Parts; Source unit: PC,1,1,1,0
,ASM-NISSAN-VEHICLES-YD25-ENGINE-DRIVE-SHAFT-BOOT,Nissan vehicles – YD25 engine - Drive shaft boot,Axle,PCS,Vehicle applicability: Nissan vehicles – YD25 engine; System category: Axle; Source item group: Auto Parts; Source unit: PC,1,1,1,0
,ASM-NISSAN-VEHICLES-YD25-ENGINE-SEAL-HUB-FRONT-FRONT-GREASE-SEALS,Nissan vehicles – YD25 engine - SEAL HUB FRONT (Front grease seals),Axle,Set,Vehicle applicability: Nissan vehicles – YD25 engine; System category: Axle; Source item group: Auto Parts; Source unit: Set,1,1,1,0
,ASM-NISSAN-VEHICLES-YD25-ENGINE-BEARING-ASSY-FR-WHEEL-BEARINGS-INNER,Nissan vehicles – YD25 engine - BEARING ASSY-FR (Wheel bearings inner),Axle,Set,Vehicle applicability: Nissan vehicles – YD25 engine; System category: Axle; Source item group: Auto Parts; Source unit: Set,1,1,1,0
,ASM-NISSAN-VEHICLES-YD25-ENGINE-BEARING-KLM3008-WHEEL-BEARINGS-OUTER,Nissan vehicles – YD25 engine - Bearing KLM3008 (Wheel bearings outer),Axle,Set,Vehicle applicability: Nissan vehicles – YD25 engine; System category: Axle; Source item group: Auto Parts; Source unit: Set,1,1,1,0
,ASM-NISSAN-VEHICLES-YD25-ENGINE-SHAFT-ASSY-FRON-DRIVE-SHAFT,Nissan vehicles – YD25 engine - SHAFT ASSY FRON (Drive shaft),Axle,Set,Vehicle applicability: Nissan vehicles – YD25 engine; System category: Axle; Source item group: Auto Parts; Source unit: Set,1,1,1,0
,ASM-NISSAN-VEHICLES-YD25-ENGINE-ORNAMENT-ROAD-C-HUB-CAP,Nissan vehicles – YD25 engine - ORNAMENT ROAD C (Hub cap),Axle,PCS,Vehicle applicability: Nissan vehicles – YD25 engine; System category: Axle; Source item group: Auto Parts; Source unit: PC,1,1,1,0
,ASM-NISSAN-VEHICLES-YD25-ENGINE-LEVER-COMPLETE-ACCELERATOR-PEDAL,Nissan vehicles – YD25 engine - LEVER-COMPLETE (*Accelerator pedal),Axle,PCS,Vehicle applicability: Nissan vehicles – YD25 engine; System category: Axle; Source item group: Auto Parts; Source unit: PC,1,1,1,0
,ASM-NISSAN-VEHICLES-YD25-ENGINE-CYL-ASSY-RR-WHE-WHEEL-CYLINDER,Nissan vehicles – YD25 engine - CYL ASSY-RR WHE (Wheel cylinder),Axle,Set,Vehicle applicability: Nissan vehicles – YD25 engine; System category: Axle; Source item group: Auto Parts; Source unit: Set,1,1,1,0
,ASM-NISSAN-VEHICLES-YD25-ENGINE-NUT-WHEEL-LOCK-NUT,Nissan vehicles – YD25 engine - Nut (Wheel lock nut),Axle,PCS,Vehicle applicability: Nissan vehicles – YD25 engine; System category: Axle; Source item group: Auto Parts; Source unit: PC,1,1,1,0
,ASM-NISSAN-VEHICLES-YD25-ENGINE-WASH-LOCK-WHEEL-WHEEL-HUB-WASHERS,Nissan vehicles – YD25 engine - Wash-lock Wheel (Wheel hub washers),Axle,PCS,Vehicle applicability: Nissan vehicles – YD25 engine; System category: Axle; Source item group: Auto Parts; Source unit: PC,1,1,1,0
,ASM-NISSAN-VEHICLES-YD25-ENGINE-SCR-TRUSS-HD-WHEEL-HUB-SCREW,Nissan vehicles – YD25 engine - Scr-truss HD (Wheel hub screw),Axle,Set,Vehicle applicability: Nissan vehicles – YD25 engine; System category: Axle; Source item group: Auto Parts; Source unit: Set,1,1,1,0
,ASM-NISSAN-VEHICLES-YD25-ENGINE-COMP-BRG-NEEDLE-WHEEL-HUB-LOCK-NUT,Nissan vehicles – YD25 engine - COMP BRG NEEDLE (Wheel hub lock nut),Axle,PCS,Vehicle applicability: Nissan vehicles – YD25 engine; System category: Axle; Source item group: Auto Parts; Source unit: PC,1,1,1,0
,ASM-NISSAN-VEHICLES-YD25-ENGINE-HUB-ASSY-AUTO-F-FREE-RUNNING-HUB,Nissan vehicles – YD25 engine - HUB ASSY-AUTO F (Free running hub),Axle,Set,Vehicle applicability: Nissan vehicles – YD25 engine; System category: Axle; Source item group: Auto Parts; Source unit: Set,1,1,1,0
,ASM-NISSAN-VEHICLES-YD25-ENGINE-BELT-ALTNTR,Nissan vehicles – YD25 engine - BELT-ALTNTR,Engine Components,PCS,Vehicle applicability: Nissan vehicles – YD25 engine; System category: Engine Components; Source item group: Auto Parts; Source unit: PC,1,1,1,0
,ASM-NISSAN-VEHICLES-YD25-ENGINE-BELT-COMPRESSOR,Nissan vehicles – YD25 engine - BELT-COMPRESSOR,Engine Components,PCS,Vehicle applicability: Nissan vehicles – YD25 engine; System category: Engine Components; Source item group: Auto Parts; Source unit: PC,1,1,1,0
,ASM-NISSAN-VEHICLES-YD25-ENGINE-BELT-POWER-STEE,Nissan vehicles – YD25 engine - BELT-POWER STEE,Engine Components,PCS,Vehicle applicability: Nissan vehicles – YD25 engine; System category: Engine Components; Source item group: Auto Parts; Source unit: PC,1,1,1,0
,ASM-NISSAN-VEHICLES-YD25-ENGINE-GUIDE-CHAIN-TEN-GUIDE-CHAIN-TENSIONER-SMALL,"Nissan vehicles – YD25 engine - GUIDE-CHAIN TEN (Guide chain tensioner, small)",Engine Components,PCS,Vehicle applicability: Nissan vehicles – YD25 engine; System category: Engine Components; Source item group: Auto Parts; Source unit: PC,1,1,1,0
,ASM-NISSAN-VEHICLES-YD25-ENGINE-GUIDE-CHAIN-TEN-GUIDE-CHAIN-TENSIONER-BIG,"Nissan vehicles – YD25 engine - GUIDE-CHAIN TEN (Guide chain tensioner, big)",Engine Components,PCS,Vehicle applicability: Nissan vehicles – YD25 engine; System category: Engine Components; Source item group: Auto Parts; Source unit: PC,1,1,1,0
,ASM-NISSAN-VEHICLES-YD25-ENGINE-CHAIN-TIMING-CA-TIMING-CHAIN-LOOSE-END,Nissan vehicles – YD25 engine - CHAIN-TIMING CA (Timing chain loose end),Engine Components,PCS,Vehicle applicability: Nissan vehicles – YD25 engine; System category: Engine Components; Source item group: Auto Parts; Source unit: PC,1,1,1,0
,ASM-NISSAN-VEHICLES-YD25-ENGINE-CHAIN-TIMING-CA-TIMING-CHAIN-TENSION-END,Nissan vehicles – YD25 engine - CHAIN-TIMING CA (Timing chain tension end),Engine Components,PCS,Vehicle applicability: Nissan vehicles – YD25 engine; System category: Engine Components; Source item group: Auto Parts; Source unit: PC,1,1,1,0
,ASM-NISSAN-VEHICLES-YD25-ENGINE-TENSION-CHAIN,Nissan vehicles – YD25 engine - Tension Chain,Engine Components,PCS,Vehicle applicability: Nissan vehicles – YD25 engine; System category: Engine Components; Source item group: Auto Parts; Source unit: PC,1,1,1,0
,ASM-NISSAN-VEHICLES-YD25-ENGINE-SEAL-OIL-CRANKS-CRANKSHAFT-OIL-SEAL-FRONT,"Nissan vehicles – YD25 engine - SEAL-OIL CRANKS (Crankshaft oil seal, front)",Engine Components,PCS,Vehicle applicability: Nissan vehicles – YD25 engine; System category: Engine Components; Source item group: Auto Parts; Source unit: PC,1,1,1,0
,ASM-NISSAN-VEHICLES-YD25-ENGINE-SEAL-OIL-CRANKS-CRANKSHAFT-OIL-SEAL-REAR,"Nissan vehicles – YD25 engine - SEAL-OIL CRANKS (Crankshaft oil seal, rear))",Engine Components,PCS,Vehicle applicability: Nissan vehicles – YD25 engine; System category: Engine Components; Source item group: Auto Parts; Source unit: PC,1,1,1,0
,ASM-NISSAN-VEHICLES-YD25-ENGINE-HEAD-CYLINDER-CYLINDER-HEAD,Nissan vehicles – YD25 engine - HEAD CYLINDER (Cylinder head),Engine Components,PCS,Vehicle applicability: Nissan vehicles – YD25 engine; System category: Engine Components; Source item group: Auto Parts; Source unit: PC,1,1,1,0
,ASM-NISSAN-VEHICLES-YD25-ENGINE-CYLINDER-HEAD-REFACING,Nissan vehicles – YD25 engine - Cylinder head refacing,Engine Components,PCS,Vehicle applicability: Nissan vehicles – YD25 engine; System category: Engine Components; Source item group: Auto Parts; Source unit: PC,1,1,1,0
,ASM-NISSAN-VEHICLES-YD25-ENGINE-GASKET-CYLINDER-CYLINDE-HEAD-GASKET,Nissan vehicles – YD25 engine - Gasket Cylinder (Cylinde head gasket),Engine Components,PCS,Vehicle applicability: Nissan vehicles – YD25 engine; System category: Engine Components; Source item group: Auto Parts; Source unit: PC,1,1,1,0
,ASM-NISSAN-VEHICLES-YD25-ENGINE-GASKET-ROCKER-C-ROCKER-COVER-GASKET,Nissan vehicles – YD25 engine - GASKET-ROCKER C (Rocker cover gasket),Engine Components,PCS,Vehicle applicability: Nissan vehicles – YD25 engine; System category: Engine Components; Source item group: Auto Parts; Source unit: PC,1,1,1,0
,ASM-NISSAN-VEHICLES-YD25-ENGINE-INSULATOR-ENGIN-ENGINE-MOUNTING-REAR,"Nissan vehicles – YD25 engine - INSULATOR-ENGIN (Engine mounting, rear)",Engine Components,PCS,Vehicle applicability: Nissan vehicles – YD25 engine; System category: Engine Components; Source item group: Auto Parts; Source unit: PC,1,1,1,0
,ASM-NISSAN-VEHICLES-YD25-ENGINE-INSULATOR-ENG-M-ENGINE-MOUNTING-FRONT,"Nissan vehicles – YD25 engine - INSULATOR-ENG M (Engine mounting, front)",Engine Components,PCS,Vehicle applicability: Nissan vehicles – YD25 engine; System category: Engine Components; Source item group: Auto Parts; Source unit: PC,1,1,1,0
,ASM-NISSAN-VEHICLES-YD25-ENGINE-PLUG-DRAIN,Nissan vehicles – YD25 engine - Plug Drain,Engine Components,PCS,Vehicle applicability: Nissan vehicles – YD25 engine; System category: Engine Components; Source item group: Auto Parts; Source unit: PC,1,1,1,0
,ASM-NISSAN-VEHICLES-YD25-ENGINE-ENGINE-BARE-COMPLETE-ENGINE-ASSY,"Nissan vehicles – YD25 engine - ENGINE BARE, complete engine assy",Engine Components,PCS,Vehicle applicability: Nissan vehicles – YD25 engine; System category: Engine Components; Source item group: Auto Parts; Source unit: PC,1,1,1,0
,ASM-NISSAN-VEHICLES-YD25-ENGINE-RING-SET-PISTON-PISTON-RINGS,Nissan vehicles – YD25 engine - RING SET-PISTON (Piston rings),Engine Components,Set,Vehicle applicability: Nissan vehicles – YD25 engine; System category: Engine Components; Source item group: Auto Parts; Source unit: Set,1,1,1,0
,ASM-NISSAN-VEHICLES-YD25-ENGINE-PISTON-WITH-PIN-PISTON,Nissan vehicles – YD25 engine - PISTON WITH PIN (Piston),Engine Components,Set,Vehicle applicability: Nissan vehicles – YD25 engine; System category: Engine Components; Source item group: Auto Parts; Source unit: Set,1,1,1,0
,ASM-NISSAN-VEHICLES-YD25-ENGINE-BEARING-SET-MAIN-BEARINGS,Nissan vehicles – YD25 engine - Bearing Set (Main bearings),Engine Components,Set,Vehicle applicability: Nissan vehicles – YD25 engine; System category: Engine Components; Source item group: Auto Parts; Source unit: Set,1,1,1,0
,ASM-NISSAN-VEHICLES-YD25-ENGINE-BUSHING-SET-CON-PIECE-BEARINGS,Nissan vehicles – YD25 engine - BUSHING SET-CON (Piece bearings),Engine Components,Set,Vehicle applicability: Nissan vehicles – YD25 engine; System category: Engine Components; Source item group: Auto Parts; Source unit: Set,1,1,1,0
,ASM-NISSAN-VEHICLES-YD25-ENGINE-BLOCK-SLEEVE,Nissan vehicles – YD25 engine - Block Sleeve,Engine Components,Set,Vehicle applicability: Nissan vehicles – YD25 engine; System category: Engine Components; Source item group: Auto Parts; Source unit: Set,1,1,1,0
,ASM-NISSAN-VEHICLES-YD25-ENGINE-GASKET-ENGINE-OVERHAUL-GASKET-KIT,Nissan vehicles – YD25 engine - GASKET-ENGINE (Overhaul gasket kit),Engine Components,PCS,Vehicle applicability: Nissan vehicles – YD25 engine; System category: Engine Components; Source item group: Auto Parts; Source unit: PC,1,1,1,0
,ASM-NISSAN-VEHICLES-YD25-ENGINE-ROD-COMP-CON-CONNECTING-RODS,Nissan vehicles – YD25 engine - ROD COMP-CON (Connecting rods),Engine Components,Set,Vehicle applicability: Nissan vehicles – YD25 engine; System category: Engine Components; Source item group: Auto Parts; Source unit: Set,1,1,1,0
,ASM-NISSAN-VEHICLES-YD25-ENGINE-PUMP-INJECTION-INJECTOR-PUMP,Nissan vehicles – YD25 engine - PUMP INJECTION (Injector pump),Engine Components,PCS,Vehicle applicability: Nissan vehicles – YD25 engine; System category: Engine Components; Source item group: Auto Parts; Source unit: PC,1,1,1,0
,ASM-NISSAN-VEHICLES-YD25-ENGINE-INJECTOR-PUMP-SERVICE,Nissan vehicles – YD25 engine - injector pump service,Engine Components,PCS,Vehicle applicability: Nissan vehicles – YD25 engine; System category: Engine Components; Source item group: Auto Parts; Source unit: PC,1,1,1,0
,ASM-NISSAN-VEHICLES-YD25-ENGINE-FLUID-GASKET-SEALANT-TUBE,Nissan vehicles – YD25 engine - Fluid Gasket (Sealant tube),Engine Components,PCS,Vehicle applicability: Nissan vehicles – YD25 engine; System category: Engine Components; Source item group: Auto Parts; Source unit: PC,1,1,1,0
,ASM-NISSAN-VEHICLES-YD25-ENGINE-FAN-COOLING,Nissan vehicles – YD25 engine - FAN COOLING,Engine Components,PCS,Vehicle applicability: Nissan vehicles – YD25 engine; System category: Engine Components; Source item group: Auto Parts; Source unit: PC,1,1,1,0
,ASM-NISSAN-VEHICLES-YD25-ENGINE-CANSHAFT-PULLEY,Nissan vehicles – YD25 engine - Canshaft pulley,Engine Components,PCS,Vehicle applicability: Nissan vehicles – YD25 engine; System category: Engine Components; Source item group: Auto Parts; Source unit: PC,1,1,1,0
,ASM-NISSAN-VEHICLES-YD25-ENGINE-CRANKSHAFT-PULLEY,Nissan vehicles – YD25 engine - Crankshaft pulley,Engine Components,PCS,Vehicle applicability: Nissan vehicles – YD25 engine; System category: Engine Components; Source item group: Auto Parts; Source unit: PC,1,1,1,0
,ASM-NISSAN-VEHICLES-YD25-ENGINE-FAN-ASSY-COND-AC-FAN-SHROUD,Nissan vehicles – YD25 engine - FAN ASSY-COND (AC fan shroud),Engine Cooling System,PCS,Vehicle applicability: Nissan vehicles – YD25 engine; System category: Engine Cooling System; Source item group: Auto Parts; Source unit: PC,1,1,1,0
,ASM-NISSAN-VEHICLES-YD25-ENGINE-SHROUD-RAD-LOWE-COOLING-FAN-SHROUD,Nissan vehicles – YD25 engine - Shroud-rad.lowe (Cooling fan shroud),Engine Cooling System,PCS,Vehicle applicability: Nissan vehicles – YD25 engine; System category: Engine Cooling System; Source item group: Auto Parts; Source unit: PC,1,1,1,0
,ASM-NISSAN-VEHICLES-YD25-ENGINE-RADIATOR-ASSY,Nissan vehicles – YD25 engine - Radiator assy,Engine Cooling System,PCS,Vehicle applicability: Nissan vehicles – YD25 engine; System category: Engine Cooling System; Source item group: Auto Parts; Source unit: PC,1,1,1,0
,ASM-NISSAN-VEHICLES-YD25-ENGINE-CAP-ASSY-PRESSU-RADIATOR-CAP,Nissan vehicles – YD25 engine - CAP ASSY-PRESSU (Radiator cap),Engine Cooling System,PCS,Vehicle applicability: Nissan vehicles – YD25 engine; System category: Engine Cooling System; Source item group: Auto Parts; Source unit: PC,1,1,1,0
,ASM-NISSAN-VEHICLES-YD25-ENGINE-MOUNTING-RUBBER-UPPER-RADIATOR-MOUNTINGS,Nissan vehicles – YD25 engine - MOUNTING RUBBER (Upper radiator mountings),Engine Cooling System,Set,Vehicle applicability: Nissan vehicles – YD25 engine; System category: Engine Cooling System; Source item group: Auto Parts; Source unit: Set,1,1,1,0
,ASM-NISSAN-VEHICLES-YD25-ENGINE-RUBBER-MOUNTING-LOWER-RADIATOR-MOUNTING,Nissan vehicles – YD25 engine - RUBBER-MOUNTING (Lower radiator mounting),Engine Cooling System,Set,Vehicle applicability: Nissan vehicles – YD25 engine; System category: Engine Cooling System; Source item group: Auto Parts; Source unit: Set,1,1,1,0
,ASM-NISSAN-VEHICLES-YD25-ENGINE-HOSE-RESERVE-TA-RESERVE-TANK-PIPE,Nissan vehicles – YD25 engine - HOSE-RESERVE TA (Reserve tank pipe),Engine Cooling System,PCS,Vehicle applicability: Nissan vehicles – YD25 engine; System category: Engine Cooling System; Source item group: Auto Parts; Source unit: PC,1,1,1,0
,ASM-NISSAN-VEHICLES-YD25-ENGINE-NOZZLE-WASHER-WIPER-NOZZLES,Nissan vehicles – YD25 engine - Nozzle Washer (Wiper nozzles),Engine Cooling System,Set,Vehicle applicability: Nissan vehicles – YD25 engine; System category: Engine Cooling System; Source item group: Auto Parts; Source unit: Set,1,1,1,0
,ASM-NISSAN-VEHICLES-YD25-ENGINE-TANK-ASSY-RESER-RESERVOIR-TANK,Nissan vehicles – YD25 engine - TANK ASSY-RESER (Reservoir tank),Engine Cooling System,PCS,Vehicle applicability: Nissan vehicles – YD25 engine; System category: Engine Cooling System; Source item group: Auto Parts; Source unit: PC,1,1,1,0
,ASM-NISSAN-VEHICLES-YD25-ENGINE-BODY-CLEANER-AIR-CLEANER-HOUSING,Nissan vehicles – YD25 engine - BODY-CLEANER (Air cleaner housing),Engine Cooling System,PCS,Vehicle applicability: Nissan vehicles – YD25 engine; System category: Engine Cooling System; Source item group: Auto Parts; Source unit: PC,1,1,1,0
,ASM-NISSAN-VEHICLES-YD25-ENGINE-PUMP-ASSY-WATER-WATER-PUMP,Nissan vehicles – YD25 engine - PUMP ASSY-WATER (Water pump),Engine Cooling System,PCS,Vehicle applicability: Nissan vehicles – YD25 engine; System category: Engine Cooling System; Source item group: Auto Parts; Source unit: PC,1,1,1,0
,ASM-NISSAN-VEHICLES-YD25-ENGINE-WATER-TEMPERATURE-SENSOR,Nissan vehicles – YD25 engine - Water temperature sensor,Engine Cooling System,PCS,Vehicle applicability: Nissan vehicles – YD25 engine; System category: Engine Cooling System; Source item group: Auto Parts; Source unit: PC,1,1,1,0
,ASM-NISSAN-VEHICLES-YD25-ENGINE-ENGINE-COOLANT,Nissan vehicles – YD25 engine - ENGINE COOLANT,Engine Cooling System,PCS,Vehicle applicability: Nissan vehicles – YD25 engine; System category: Engine Cooling System; Source item group: Auto Parts; Source unit: PC,1,1,1,0
,ASM-NISSAN-VEHICLES-YD25-ENGINE-GASKET-WATER-PU-WATER-PUMP-GASKET,Nissan vehicles – YD25 engine - GASKET-WATER PU (Water pump gasket),Engine Cooling System,PCS,Vehicle applicability: Nissan vehicles – YD25 engine; System category: Engine Cooling System; Source item group: Auto Parts; Source unit: PC,1,1,1,0
,ASM-NISSAN-VEHICLES-YD25-ENGINE-TANK-ASSY-WS-WASH-WIPER-TANK-TANK,Nissan vehicles – YD25 engine - TANK ASSY -WS WASH (Wiper tank tank),Engine Cooling System,PCS,Vehicle applicability: Nissan vehicles – YD25 engine; System category: Engine Cooling System; Source item group: Auto Parts; Source unit: PC,1,1,1,0
,ASM-NISSAN-VEHICLES-YD25-ENGINE-FILTER-ASSY-OIL-OIL-FILTER,Nissan vehicles – YD25 engine - FILTER ASSY-OIL (Oil filter),Engine Oil System,PCS,Vehicle applicability: Nissan vehicles – YD25 engine; System category: Engine Oil System; Source item group: Auto Parts; Source unit: PC,1,1,1,0
,ASM-NISSAN-VEHICLES-YD25-ENGINE-CAP-ASSY-OIL-FI-OIL-FILLER-CAP,Nissan vehicles – YD25 engine - CAP ASSY-OIL FI (Oil filler cap),Engine Oil System,PCS,Vehicle applicability: Nissan vehicles – YD25 engine; System category: Engine Oil System; Source item group: Auto Parts; Source unit: PC,1,1,1,0
,ASM-NISSAN-VEHICLES-YD25-ENGINE-HOSE-WATER-OIL-COOLER-PIPE,Nissan vehicles – YD25 engine - HOSE-WATER (Oil cooler pipe),Engine Oil System,PCS,Vehicle applicability: Nissan vehicles – YD25 engine; System category: Engine Oil System; Source item group: Auto Parts; Source unit: PC,1,1,1,0
,ASM-NISSAN-VEHICLES-YD25-ENGINE-COOLER-OIL-OIL-COOLER,Nissan vehicles – YD25 engine - COOLER OIL (Oil cooler),Engine Oil System,PCS,Vehicle applicability: Nissan vehicles – YD25 engine; System category: Engine Oil System; Source item group: Auto Parts; Source unit: PC,1,1,1,0
,ASM-NISSAN-VEHICLES-YD25-ENGINE-STRAINER-OIL-OIL-STRAINER,Nissan vehicles – YD25 engine - STRAINER OIL (Oil strainer),Engine Oil System,PCS,Vehicle applicability: Nissan vehicles – YD25 engine; System category: Engine Oil System; Source item group: Auto Parts; Source unit: PC,1,1,1,0
,ASM-NISSAN-VEHICLES-YD25-ENGINE-GAUGE-OIL-LEVEL-DIPSTICK,Nissan vehicles – YD25 engine - GAUGE OIL LEVEL (Dipstick),Engine Oil System,PCS,Vehicle applicability: Nissan vehicles – YD25 engine; System category: Engine Oil System; Source item group: Auto Parts; Source unit: PC,1,1,1,0
,ASM-NISSAN-VEHICLES-YD25-ENGINE-PAN-ASSY-OIL-OIL-PAN,Nissan vehicles – YD25 engine - PAN ASSY-OIL (Oil pan),Engine Oil System,PCS,Vehicle applicability: Nissan vehicles – YD25 engine; System category: Engine Oil System; Source item group: Auto Parts; Source unit: PC,1,1,1,0
,ASM-NISSAN-VEHICLES-YD25-ENGINE-BRACKET-OIL-FIL-OIL-FILTER-BRACKET,Nissan vehicles – YD25 engine - BRACKET-OIL FIL (Oil filter bracket),Engine Oil System,PCS,Vehicle applicability: Nissan vehicles – YD25 engine; System category: Engine Oil System; Source item group: Auto Parts; Source unit: PC,1,1,1,0
,ASM-NISSAN-VEHICLES-YD25-ENGINE-WASHER-DRAIN-DRAIN-PLUG-WASHER,Nissan vehicles – YD25 engine - WASHER DRAIN (Drain plug washer),Engine Oil System,PCS,Vehicle applicability: Nissan vehicles – YD25 engine; System category: Engine Oil System; Source item group: Auto Parts; Source unit: PC,1,1,1,0
,ASM-NISSAN-VEHICLES-YD25-ENGINE-SPARK-PLUGS,Nissan vehicles – YD25 engine - SPARK PLUGS,Engine Oil System,PCS,Vehicle applicability: Nissan vehicles – YD25 engine; System category: Engine Oil System; Source item group: Auto Parts; Source unit: PC,1,1,1,0
,ASM-NISSAN-VEHICLES-YD25-ENGINE-MFLR-ASSY-EXHAUST-PIPE-COMPLETE-SILENCERS-PIPES-ETC,"Nissan vehicles – YD25 engine - MFLR ASSY (Exhaust pipe complete( Silencers,pipes etc))",Exhaust System,PCS,Vehicle applicability: Nissan vehicles – YD25 engine; System category: Exhaust System; Source item group: Auto Parts; Source unit: PC,1,1,1,0
,ASM-NISSAN-VEHICLES-YD25-ENGINE-CONVERTER-ASSY-CATALYTIC-CONVERTER,Nissan vehicles – YD25 engine - CONVERTER ASSY (Catalytic converter),Exhaust System,PCS,Vehicle applicability: Nissan vehicles – YD25 engine; System category: Exhaust System; Source item group: Auto Parts; Source unit: PC,1,1,1,0
,ASM-NISSAN-VEHICLES-YD25-ENGINE-BOLT-HEX-HD-EXHAUST-BOLT,Nissan vehicles – YD25 engine - BOLT HEX HD (Exhaust bolt),Exhaust System,PCS,Vehicle applicability: Nissan vehicles – YD25 engine; System category: Exhaust System; Source item group: Auto Parts; Source unit: PC,1,1,1,0
,ASM-NISSAN-VEHICLES-YD25-ENGINE-SCR-HEX-HD-PP-W-EXHAUST-BOLT,Nissan vehicles – YD25 engine - SCR-HEX HD PP W (Exhaust bolt),Exhaust System,Set,Vehicle applicability: Nissan vehicles – YD25 engine; System category: Exhaust System; Source item group: Auto Parts; Source unit: Set,1,1,1,0
,ASM-NISSAN-VEHICLES-YD25-ENGINE-CLAMP-EXH-MTG-EXHAUST-CLAMP,Nissan vehicles – YD25 engine - CLAMP-EXH MTG (exhaust clamp),Exhaust System,PCS,Vehicle applicability: Nissan vehicles – YD25 engine; System category: Exhaust System; Source item group: Auto Parts; Source unit: PC,1,1,1,0
,ASM-NISSAN-VEHICLES-YD25-ENGINE-GASKET-EXHAUST-BIG-EXHAUST-MANIFOLD-GASKET,"Nissan vehicles – YD25 engine - Gasket, exhaust Big (Exhaust manifold gasket)",Exhaust System,PCS,Vehicle applicability: Nissan vehicles – YD25 engine; System category: Exhaust System; Source item group: Auto Parts; Source unit: PC,1,1,1,0
,ASM-NISSAN-VEHICLES-YD25-ENGINE-BRACKET-EXH-M-EXHAUST-MOUNTING-BRACKET,Nissan vehicles – YD25 engine - Bracket - Exh M (Exhaust mounting bracket),Exhaust System,PCS,Vehicle applicability: Nissan vehicles – YD25 engine; System category: Exhaust System; Source item group: Auto Parts; Source unit: PC,1,1,1,0
,ASM-NISSAN-VEHICLES-YD25-ENGINE-INSUL-EXH-MTG-EXHAUST-MOUNTING,Nissan vehicles – YD25 engine - INSUL EXH MTG (Exhaust mounting),Exhaust System,PCS,Vehicle applicability: Nissan vehicles – YD25 engine; System category: Exhaust System; Source item group: Auto Parts; Source unit: PC,1,1,1,0
,ASM-NISSAN-VEHICLES-YD25-ENGINE-MNTG-BRACKET-EXHAUST-MOUNTING-FRONT,"Nissan vehicles – YD25 engine - MNTG Bracket (Exhaust mounting, front)",Exhaust System,PCS,Vehicle applicability: Nissan vehicles – YD25 engine; System category: Exhaust System; Source item group: Auto Parts; Source unit: PC,1,1,1,0
,ASM-NISSAN-VEHICLES-YD25-ENGINE-BRKT-EXH-MTG-EXHAUST-PIPE-BRACKET,Nissan vehicles – YD25 engine - BRKT EXH MTG (Exhaust pipe bracket),Exhaust System,PCS,Vehicle applicability: Nissan vehicles – YD25 engine; System category: Exhaust System; Source item group: Auto Parts; Source unit: PC,1,1,1,0
,ASM-NISSAN-VEHICLES-YD25-ENGINE-INSUL-HEAT-EXH-EXHAUST-INSULATOR,Nissan vehicles – YD25 engine - Insul-heat Exh (Exhaust insulator),Exhaust System,PCS,Vehicle applicability: Nissan vehicles – YD25 engine; System category: Exhaust System; Source item group: Auto Parts; Source unit: PC,1,1,1,0
,ASM-NISSAN-VEHICLES-YD25-ENGINE-INJECTOR-FUEL-INJECTOR-NOZZLE-COMPLETE,"Nissan vehicles – YD25 engine - INJECTOR-FUEL (Injector Nozzle, complete)",Fuel Supply System,Set,Vehicle applicability: Nissan vehicles – YD25 engine; System category: Fuel Supply System; Source item group: Auto Parts; Source unit: Set,1,1,1,0
,ASM-NISSAN-VEHICLES-YD25-ENGINE-16401-VC10C-COVER-UPPER-FUEL-LIFT-PUMP,Nissan vehicles – YD25 engine - 16401-VC10C COVER-UPPER (Fuel Lift pump),Fuel Supply System,PCS,Vehicle applicability: Nissan vehicles – YD25 engine; System category: Fuel Supply System; Source item group: Auto Parts; Source unit: PC,1,1,1,0
,ASM-NISSAN-VEHICLES-YD25-ENGINE-GASKET-NOZZLE-INJECTOR-NOZZLE-SEAL,Nissan vehicles – YD25 engine - Gasket-nozzle (Injector Nozzle seal),Fuel Supply System,Set,Vehicle applicability: Nissan vehicles – YD25 engine; System category: Fuel Supply System; Source item group: Auto Parts; Source unit: Set,1,1,1,0
,ASM-NISSAN-VEHICLES-YD25-ENGINE-TUBE-ASSY-FUEL-FUEL-RETURN-PIPE,Nissan vehicles – YD25 engine - TUBE ASSY-FUEL (Fuel return pipe),Fuel Supply System,PCS,Vehicle applicability: Nissan vehicles – YD25 engine; System category: Fuel Supply System; Source item group: Auto Parts; Source unit: PC,1,1,1,0
,ASM-NISSAN-VEHICLES-YD25-ENGINE-TUBE-ASSY-INJEC-FUEL-RAIL,Nissan vehicles – YD25 engine - TUBE ASSY-INJEC (Fuel rail),Fuel Supply System,PCS,Vehicle applicability: Nissan vehicles – YD25 engine; System category: Fuel Supply System; Source item group: Auto Parts; Source unit: PC,1,1,1,0
,ASM-NISSAN-VEHICLES-YD25-ENGINE-TUBE-INJECTION-FUEL-RAIL-PIPE1,Nissan vehicles – YD25 engine - TUBE-INJECTION (Fuel rail pipe1),Fuel Supply System,PCS,Vehicle applicability: Nissan vehicles – YD25 engine; System category: Fuel Supply System; Source item group: Auto Parts; Source unit: PC,1,1,1,0
,ASM-NISSAN-VEHICLES-YD25-ENGINE-TUBE-ASSY-INJEC-FUEL-RAIL-PIPE2,Nissan vehicles – YD25 engine - TUBE ASSY-INJEC (Fuel rail pipe2),Fuel Supply System,PCS,Vehicle applicability: Nissan vehicles – YD25 engine; System category: Fuel Supply System; Source item group: Auto Parts; Source unit: PC,1,1,1,0
,ASM-NISSAN-VEHICLES-YD25-ENGINE-TUBE-ASSY-INJEC-FUEL-RAIL-PIPE3,Nissan vehicles – YD25 engine - TUBE ASSY-INJEC (Fuel rail pipe3),Fuel Supply System,PCS,Vehicle applicability: Nissan vehicles – YD25 engine; System category: Fuel Supply System; Source item group: Auto Parts; Source unit: PC,1,1,1,0
,ASM-NISSAN-VEHICLES-YD25-ENGINE-TUBE-ASSY-INJEC-FUEL-RAIL-PIPE4,Nissan vehicles – YD25 engine - TUBE ASSY-INJEC (Fuel rail pipe4),Fuel Supply System,PCS,Vehicle applicability: Nissan vehicles – YD25 engine; System category: Fuel Supply System; Source item group: Auto Parts; Source unit: PC,1,1,1,0
,ASM-NISSAN-VEHICLES-YD25-ENGINE-O-RING-TANK-BELT-CLAMP,Nissan vehicles – YD25 engine - O RING (Tank belt clamp),Fuel Supply System,PCS,Vehicle applicability: Nissan vehicles – YD25 engine; System category: Fuel Supply System; Source item group: Auto Parts; Source unit: PC,1,1,1,0
,ASM-NISSAN-VEHICLES-YD25-ENGINE-CAP-FILLER-SCRE-FUEL-TANK-CAP-RUBBER,Nissan vehicles – YD25 engine - Cap-filler-scre (Fuel tank cap - rubber),Fuel Supply System,PCS,Vehicle applicability: Nissan vehicles – YD25 engine; System category: Fuel Supply System; Source item group: Auto Parts; Source unit: PC,1,1,1,0
,ASM-NISSAN-VEHICLES-YD25-ENGINE-MANIFOLD-ASSY-I-INTAKE-MANIFOLD-ASS,Nissan vehicles – YD25 engine - Manifold Assy-I (Intake manifold ass),Fuel Supply System,PCS,Vehicle applicability: Nissan vehicles – YD25 engine; System category: Fuel Supply System; Source item group: Auto Parts; Source unit: PC,1,1,1,0
,ASM-NISSAN-VEHICLES-YD25-ENGINE-SUCTION-CONTROL-VALVE,Nissan vehicles – YD25 engine - Suction control valve,Fuel Supply System,PCS,Vehicle applicability: Nissan vehicles – YD25 engine; System category: Fuel Supply System; Source item group: Auto Parts; Source unit: PC,1,1,1,0
,ASM-NISSAN-VEHICLES-YD25-ENGINE-FUEL-FILTER-SENSOR,Nissan vehicles – YD25 engine - Fuel filter sensor,Fuel Supply System,PCS,Vehicle applicability: Nissan vehicles – YD25 engine; System category: Fuel Supply System; Source item group: Auto Parts; Source unit: PC,1,1,1,0
,ASM-NISSAN-VEHICLES-YD25-ENGINE-GASKET-MANIFOLD,Nissan vehicles – YD25 engine - Gasket-manifold,Fuel Supply System,PCS,Vehicle applicability: Nissan vehicles – YD25 engine; System category: Fuel Supply System; Source item group: Auto Parts; Source unit: PC,1,1,1,0
,ASM-NISSAN-VEHICLES-YD25-ENGINE-INJECTOR-NOZZLE-SERVICE,Nissan vehicles – YD25 engine - Injector nozzle service,Fuel Supply System,PCS,Vehicle applicability: Nissan vehicles – YD25 engine; System category: Fuel Supply System; Source item group: Auto Parts; Source unit: PC,1,1,1,0
,ASM-NISSAN-VEHICLES-YD25-ENGINE-INJECTOR-PUMP-SERVICE-2,Nissan vehicles – YD25 engine - Injector pump service,Fuel Supply System,PCS,Vehicle applicability: Nissan vehicles – YD25 engine; System category: Fuel Supply System; Source item group: Auto Parts; Source unit: PC,1,1,1,0
,ASM-NISSAN-VEHICLES-YD25-ENGINE-LINK-COMPL-FR-S-BALL-JOINT-UPPER-LH,Nissan vehicles – YD25 engine - Link Compl-fr S (Ball joint - upper LH),Suspension & Steering System,PCS,Vehicle applicability: Nissan vehicles – YD25 engine; System category: Suspension & Steering System; Source item group: Auto Parts; Source unit: PC,1,1,1,0
,ASM-NISSAN-VEHICLES-YD25-ENGINE-LINK-COMPL-RH-BALL-JOINT-UPPER-RH,Nissan vehicles – YD25 engine - LINK COMPL RH (Ball joint - upper RH),Suspension & Steering System,PCS,Vehicle applicability: Nissan vehicles – YD25 engine; System category: Suspension & Steering System; Source item group: Auto Parts; Source unit: PC,1,1,1,0
,ASM-NISSAN-VEHICLES-YD25-ENGINE-LINK-COMPL-FR-S-BALL-JOINT-LOWER-RH,Nissan vehicles – YD25 engine - Link Compl-fr S (Ball joint - lower RH),Suspension & Steering System,PCS,Vehicle applicability: Nissan vehicles – YD25 engine; System category: Suspension & Steering System; Source item group: Auto Parts; Source unit: PC,1,1,1,0
,ASM-NISSAN-VEHICLES-YD25-ENGINE-LINK-COMPL-FR-S-BALL-JOINT-LOWER-LH,Nissan vehicles – YD25 engine - Link Compl-fr S (Ball joint - lower LH),Suspension & Steering System,PCS,Vehicle applicability: Nissan vehicles – YD25 engine; System category: Suspension & Steering System; Source item group: Auto Parts; Source unit: PC,1,1,1,0
,ASM-NISSAN-VEHICLES-YD25-ENGINE-ROD-KIT-RELAY-TRACK-ROD,Nissan vehicles – YD25 engine - Rod Kit-relay * (Track rod),Suspension & Steering System,PCS,Vehicle applicability: Nissan vehicles – YD25 engine; System category: Suspension & Steering System; Source item group: Auto Parts; Source unit: PC,1,1,1,0
,ASM-NISSAN-VEHICLES-YD25-ENGINE-ROD-KIT-TIE-TIE-ROD-ENDS,Nissan vehicles – YD25 engine - Rod Kit - Tie; (Tie rod ends),Suspension & Steering System,Set,Vehicle applicability: Nissan vehicles – YD25 engine; System category: Suspension & Steering System; Source item group: Auto Parts; Source unit: Set,1,1,1,0
,ASM-NISSAN-VEHICLES-YD25-ENGINE-ABSORBER-SHOCK-FRONT-SHOCK-ABSORBERS,Nissan vehicles – YD25 engine - ABSORBER-SHOCK (Front shock absorbers),Suspension & Steering System,Set,Vehicle applicability: Nissan vehicles – YD25 engine; System category: Suspension & Steering System; Source item group: Auto Parts; Source unit: Set,1,1,1,0
,ASM-NISSAN-VEHICLES-YD25-ENGINE-BUSH-TELEX-SHOCK-ABSORBER-BUSHES,Nissan vehicles – YD25 engine - Bush *telex* (Shock absorber bushes),Suspension & Steering System,Set,Vehicle applicability: Nissan vehicles – YD25 engine; System category: Suspension & Steering System; Source item group: Auto Parts; Source unit: Set,1,1,1,0
,ASM-NISSAN-VEHICLES-YD25-ENGINE-SHOCK-RR-2WD-KA-REAR-SHOCK-ABSORBERS,Nissan vehicles – YD25 engine - Shock RR 2WD KA (rear shock absorbers),Suspension & Steering System,Set,Vehicle applicability: Nissan vehicles – YD25 engine; System category: Suspension & Steering System; Source item group: Auto Parts; Source unit: Set,1,1,1,0
,ASM-NISSAN-VEHICLES-YD25-ENGINE-BUSH-STAB-STABILISER-BAR-BUSHES-BIG,"Nissan vehicles – YD25 engine - BUSH STAB (Stabiliser bar bushes, big)",Suspension & Steering System,Set,Vehicle applicability: Nissan vehicles – YD25 engine; System category: Suspension & Steering System; Source item group: Auto Parts; Source unit: Set,1,1,1,0
,ASM-NISSAN-VEHICLES-YD25-ENGINE-STABILISER-BAR-BUSHES-SMALL,"Nissan vehicles – YD25 engine - Stabiliser bar bushes, small",Suspension & Steering System,Set,Vehicle applicability: Nissan vehicles – YD25 engine; System category: Suspension & Steering System; Source item group: Auto Parts; Source unit: Set,1,1,1,0
,ASM-NISSAN-VEHICLES-YD25-ENGINE-BUSH-RR-SPR-RR-SPRING-BUSHES-SMALL,"Nissan vehicles – YD25 engine - BUSH RR SPR RR (Spring bushes, small)",Suspension & Steering System,Set,Vehicle applicability: Nissan vehicles – YD25 engine; System category: Suspension & Steering System; Source item group: Auto Parts; Source unit: Set,1,1,1,0
,ASM-NISSAN-VEHICLES-YD25-ENGINE-BUSH-SPRING-SPRING-BUSHES-BIG,"Nissan vehicles – YD25 engine - Bush-spring (Spring bushes, big)",Suspension & Steering System,Set,Vehicle applicability: Nissan vehicles – YD25 engine; System category: Suspension & Steering System; Source item group: Auto Parts; Source unit: Set,1,1,1,0
,ASM-NISSAN-VEHICLES-YD25-ENGINE-SPRING-ASSY-RR-LEAF-SPRING-COMPLETE,"Nissan vehicles – YD25 engine - SPRING ASSY RR (Leaf spring, complete)",Suspension & Steering System,Set,Vehicle applicability: Nissan vehicles – YD25 engine; System category: Suspension & Steering System; Source item group: Auto Parts; Source unit: Set,1,1,1,0
,ASM-NISSAN-VEHICLES-YD25-ENGINE-CLIP-RR-SPRING-LEAF-SPRING-CLAMPS,Nissan vehicles – YD25 engine - Clip RR Spring (leaf spring clamps),Suspension & Steering System,PCS,Vehicle applicability: Nissan vehicles – YD25 engine; System category: Suspension & Steering System; Source item group: Auto Parts; Source unit: PC,1,1,1,0
,ASM-NISSAN-VEHICLES-YD25-ENGINE-SEAT-ASSY-RR-SP-U-BOLTS-MOUNTING-PLATES-SET,Nissan vehicles – YD25 engine - SEAT ASSY-RR SP U - bolts mounting plates - set,Suspension & Steering System,PCS,Vehicle applicability: Nissan vehicles – YD25 engine; System category: Suspension & Steering System; Source item group: Auto Parts; Source unit: PC,1,1,1,0
,ASM-NISSAN-VEHICLES-YD25-ENGINE-PAD-ASSY-RR-SPR-LEAF-SPRING-SEAT,Nissan vehicles – YD25 engine - PAD ASSY-RR SPR (Leaf spring seat),Suspension & Steering System,PCS,Vehicle applicability: Nissan vehicles – YD25 engine; System category: Suspension & Steering System; Source item group: Auto Parts; Source unit: PC,1,1,1,0
,ASM-NISSAN-VEHICLES-YD25-ENGINE-ARM-ASSY-FR-SPR-ANCHOR-ARM,Nissan vehicles – YD25 engine - ARM ASSY FR SPR (Anchor arm),Suspension & Steering System,PCS,Vehicle applicability: Nissan vehicles – YD25 engine; System category: Suspension & Steering System; Source item group: Auto Parts; Source unit: PC,1,1,1,0
,ASM-NISSAN-VEHICLES-YD25-ENGINE-ARM-ASSY-ANCHOR-ANCHOR-ARM,Nissan vehicles – YD25 engine - ARM ASSY ANCHOR (Anchor arm),Suspension & Steering System,PCS,Vehicle applicability: Nissan vehicles – YD25 engine; System category: Suspension & Steering System; Source item group: Auto Parts; Source unit: PC,1,1,1,0
,ASM-NISSAN-VEHICLES-YD25-ENGINE-PULLEY-PUMP-POWER-STEERING-PUMP-PULLEY,Nissan vehicles – YD25 engine - PULLEY-PUMP (Power steering pump pulley),Suspension & Steering System,PCS,Vehicle applicability: Nissan vehicles – YD25 engine; System category: Suspension & Steering System; Source item group: Auto Parts; Source unit: PC,1,1,1,0
,ASM-NISSAN-VEHICLES-YD25-ENGINE-POWER-PUMP-ASSY-STEERING-PUMP,Nissan vehicles – YD25 engine - Power Pump assy (Steering pump),Suspension & Steering System,PCS,Vehicle applicability: Nissan vehicles – YD25 engine; System category: Suspension & Steering System; Source item group: Auto Parts; Source unit: PC,1,1,1,0
,ASM-NISSAN-VEHICLES-YD25-ENGINE-ARMKIT-PITMAN-PITMAN-ARM,Nissan vehicles – YD25 engine - ArmKit-Pitman+- (Pitman arm),Suspension & Steering System,PCS,Vehicle applicability: Nissan vehicles – YD25 engine; System category: Suspension & Steering System; Source item group: Auto Parts; Source unit: PC,1,1,1,0
,ASM-NISSAN-VEHICLES-YD25-ENGINE-IDLER-KIT-TEL-IDLER-ARM,Nissan vehicles – YD25 engine - Idler Kit **tel (Idler arm),Suspension & Steering System,PCS,Vehicle applicability: Nissan vehicles – YD25 engine; System category: Suspension & Steering System; Source item group: Auto Parts; Source unit: PC,1,1,1,0
,ASM-NISSAN-VEHICLES-YD25-ENGINE-COLUMN-ASSY-STE-STEERING-COLUMN,Nissan vehicles – YD25 engine - COLUMN ASSY-STE (steering column),Suspension & Steering System,PCS,Vehicle applicability: Nissan vehicles – YD25 engine; System category: Suspension & Steering System; Source item group: Auto Parts; Source unit: PC,1,1,1,0
,ASM-NISSAN-VEHICLES-YD25-ENGINE-WHEEL-ASSY-STEE-STEERING-WHEEL,Nissan vehicles – YD25 engine - WHEEL ASSY-STEE (Steering wheel),Suspension & Steering System,PCS,Vehicle applicability: Nissan vehicles – YD25 engine; System category: Suspension & Steering System; Source item group: Auto Parts; Source unit: PC,1,1,1,0
,ASM-NISSAN-VEHICLES-YD25-ENGINE-TRANSFER-CASE-SEAL,Nissan vehicles – YD25 engine - Transfer case seal,Suspension & Steering System,PCS,Vehicle applicability: Nissan vehicles – YD25 engine; System category: Suspension & Steering System; Source item group: Auto Parts; Source unit: PC,1,1,1,0
,ASM-NISSAN-VEHICLES-YD25-ENGINE-BRNG-KIT-CENTR-CENTER-BEARING,Nissan vehicles – YD25 engine - BRNG. Kit Centr (Center bearing),Transmission System,PCS,Vehicle applicability: Nissan vehicles – YD25 engine; System category: Transmission System; Source item group: Auto Parts; Source unit: PC,1,1,1,0
,ASM-NISSAN-VEHICLES-YD25-ENGINE-CLUTCH-DISC-CLUTCH-PLATE,Nissan vehicles – YD25 engine - Clutch Disc (Clutch plate),Transmission System,PCS,Vehicle applicability: Nissan vehicles – YD25 engine; System category: Transmission System; Source item group: Auto Parts; Source unit: PC,1,1,1,0
,ASM-NISSAN-VEHICLES-YD25-ENGINE-COVER-CLUTCH-PRESSURE-PLATE,Nissan vehicles – YD25 engine - Cover-Clutch (Pressure plate),Transmission System,PCS,Vehicle applicability: Nissan vehicles – YD25 engine; System category: Transmission System; Source item group: Auto Parts; Source unit: PC,1,1,1,0
,ASM-NISSAN-VEHICLES-YD25-ENGINE-BEARING-CLUTCH-RELEASE-BEARING,Nissan vehicles – YD25 engine - Bearing Clutch (Release bearing),Transmission System,PCS,Vehicle applicability: Nissan vehicles – YD25 engine; System category: Transmission System; Source item group: Auto Parts; Source unit: PC,1,1,1,0
,ASM-NISSAN-VEHICLES-YD25-ENGINE-SPRING-RETURN-RETURN-SPRING,Nissan vehicles – YD25 engine - Spring-return (Return spring),Transmission System,PCS,Vehicle applicability: Nissan vehicles – YD25 engine; System category: Transmission System; Source item group: Auto Parts; Source unit: PC,1,1,1,0
,ASM-NISSAN-VEHICLES-YD25-ENGINE-PEDAL-ASSY-CLUT-CLUTCH-PEDAL-ASSEMBLY,Nissan vehicles – YD25 engine - Pedal Assy Clut (Clutch pedal assembly),Transmission System,PCS,Vehicle applicability: Nissan vehicles – YD25 engine; System category: Transmission System; Source item group: Auto Parts; Source unit: PC,1,1,1,0
,ASM-NISSAN-VEHICLES-YD25-ENGINE-TRANSMISSION-GEARBOX-ASSEMBLY,Nissan vehicles – YD25 engine - TRANSMISSION (Gearbox assembly),Transmission System,PCS,Vehicle applicability: Nissan vehicles – YD25 engine; System category: Transmission System; Source item group: Auto Parts; Source unit: PC,1,1,1,0
,ASM-NISSAN-VEHICLES-YD25-ENGINE-RR-EXC-BRAKES-A,Nissan vehicles – YD25 engine - RR EXC BRAKES A (,Transmission System,PCS,Vehicle applicability: Nissan vehicles – YD25 engine; System category: Transmission System; Source item group: Auto Parts; Source unit: PC,1,1,1,0
,ASM-NISSAN-VEHICLES-YD25-ENGINE-SFT-RR-AXLE-RH-DIFFERENTIAL-SHAFT-RH,Nissan vehicles – YD25 engine - SFT-RR AXLE RH (Differential shaft RH),Transmission System,PCS,Vehicle applicability: Nissan vehicles – YD25 engine; System category: Transmission System; Source item group: Auto Parts; Source unit: PC,1,1,1,0
,ASM-NISSAN-VEHICLES-YD25-ENGINE-SFT-RR-AXLE-DIFFERENTIAL-SHAFT-LH,Nissan vehicles – YD25 engine - SFT-RR Axle (Differential shaft LH),Transmission System,PCS,Vehicle applicability: Nissan vehicles – YD25 engine; System category: Transmission System; Source item group: Auto Parts; Source unit: PC,1,1,1,0
,ASM-NISSAN-VEHICLES-YD25-ENGINE-SEAL-GREASE-R-GREASE-SEAL,Nissan vehicles – YD25 engine - Seal - Grease R (Grease seal),Transmission System,PCS,Vehicle applicability: Nissan vehicles – YD25 engine; System category: Transmission System; Source item group: Auto Parts; Source unit: PC,1,1,1,0
,ASM-NISSAN-VEHICLES-YD25-ENGINE-BRG-ASSY-TAPE,Nissan vehicles – YD25 engine - BRG Assy - Tape,Transmission System,Set,Vehicle applicability: Nissan vehicles – YD25 engine; System category: Transmission System; Source item group: Auto Parts; Source unit: Set,1,1,1,0
,ASM-NISSAN-VEHICLES-YD25-ENGINE-FLYWHELL-ASSY,Nissan vehicles – YD25 engine - FLYWHELL ASSY,Transmission System,PCS,Vehicle applicability: Nissan vehicles – YD25 engine; System category: Transmission System; Source item group: Auto Parts; Source unit: PC,1,1,1,0
,ASM-NISSAN-VEHICLES-YD25-ENGINE-SEAL-TRANSFER-CASE-SEAL,Nissan vehicles – YD25 engine - Seal (Transfer case seal),Transmission System,PCS,Vehicle applicability: Nissan vehicles – YD25 engine; System category: Transmission System; Source item group: Auto Parts; Source unit: PC,1,1,1,0
,ASM-NISSAN-VEHICLES-YD25-ENGINE-INSULATOR-ENGIN-GEARBOX-MOUNTINGS,Nissan vehicles – YD25 engine - INSULATOR-ENGIN (Gearbox mountings),Transmission System,Set,Vehicle applicability: Nissan vehicles – YD25 engine; System category: Transmission System; Source item group: Auto Parts; Source unit: Set,1,1,1,0
,ASM-NISSAN-VEHICLES-YD25-ENGINE-CASE-TRANSFER-F-TRANSFER-CASE-FRONT,"Nissan vehicles – YD25 engine - Case Transfer F (Transfer case, front)",Transmission System,PCS,Vehicle applicability: Nissan vehicles – YD25 engine; System category: Transmission System; Source item group: Auto Parts; Source unit: PC,1,1,1,0
,ASM-NISSAN-VEHICLES-YD25-ENGINE-CASE-TRANSFER-CASE-CENTER,"Nissan vehicles – YD25 engine - Case (Transfer case, center)",Transmission System,PCS,Vehicle applicability: Nissan vehicles – YD25 engine; System category: Transmission System; Source item group: Auto Parts; Source unit: PC,1,1,1,0
,ASM-NISSAN-VEHICLES-YD25-ENGINE-CASE-TRANSFER-DIFFERENTIAL-CASE,Nissan vehicles – YD25 engine - CASE-TRANSFER (Differential case),Transmission System,PCS,Vehicle applicability: Nissan vehicles – YD25 engine; System category: Transmission System; Source item group: Auto Parts; Source unit: PC,1,1,1,0
,ASM-NISSAN-VEHICLES-YD25-ENGINE-HIGH-GEAR-COVER,Nissan vehicles – YD25 engine - High gear cover,Transmission System,PCS,Vehicle applicability: Nissan vehicles – YD25 engine; System category: Transmission System; Source item group: Auto Parts; Source unit: PC,1,1,1,0
,ASM-NISSAN-VEHICLES-YD25-ENGINE-CROSS-BEARING,Nissan vehicles – YD25 engine - Cross bearing,Transmission System,PCS,Vehicle applicability: Nissan vehicles – YD25 engine; System category: Transmission System; Source item group: Auto Parts; Source unit: PC,1,1,1,0
,ASM-NISSAN-VEHICLES-YD25-ENGINE-ALLOY-WHEEL-RIM,Nissan vehicles – YD25 engine - Alloy Wheel (Rim),Transmission System,PCS,Vehicle applicability: Nissan vehicles – YD25 engine; System category: Transmission System; Source item group: Auto Parts; Source unit: PC,1,1,1,0
,ASM-NISSAN-VEHICLES-YD25-ENGINE-TYRE-REPAIR-PER-TYRE,Nissan vehicles – YD25 engine - Tyre repair (per tyre),Transmission System,PCS,Vehicle applicability: Nissan vehicles – YD25 engine; System category: Transmission System; Source item group: Auto Parts; Source unit: PC,1,1,1,0
,ASM-NISSAN-VEHICLES-YD25-ENGINE-WRENCH-WHL-NUT-WHEEL-SPANNER,Nissan vehicles – YD25 engine - WRENCH WHL NUT (Wheel spanner),Transmission System,PCS,Vehicle applicability: Nissan vehicles – YD25 engine; System category: Transmission System; Source item group: Auto Parts; Source unit: PC,1,1,1,0
,ASM-NISSAN-VEHICLES-YD25-ENGINE-WHEEL-BOLT-WHEEL-STUD-FRONT,"Nissan vehicles – YD25 engine - WHEEL BOLT (Wheel stud, front)",Transmission System,PCS,Vehicle applicability: Nissan vehicles – YD25 engine; System category: Transmission System; Source item group: Auto Parts; Source unit: PC,1,1,1,0
,ASM-NISSAN-VEHICLES-YD25-ENGINE-BOLT-HUB-WHEEL-STUD-REAR,"Nissan vehicles – YD25 engine - BOLT-HUB (Wheel stud,rear)",Transmission System,PCS,Vehicle applicability: Nissan vehicles – YD25 engine; System category: Transmission System; Source item group: Auto Parts; Source unit: PC,1,1,1,0
,ASM-NISSAN-VEHICLES-YD25-ENGINE-COMPRESSOR-AC-PUMP,Nissan vehicles – YD25 engine - Compressor (AC pump),Air Conditioning System,PCS,Vehicle applicability: Nissan vehicles – YD25 engine; System category: Air Conditioning System; Source item group: Auto Parts; Source unit: PC,1,1,1,0
,ASM-NISSAN-VEHICLES-YD25-ENGINE-PIPE-ASSY-FR-COOLER-HIGH-CONDENSER,Nissan vehicles – YD25 engine - Pipe Assy-Fr cooler High (Condenser),Air Conditioning System,PCS,Vehicle applicability: Nissan vehicles – YD25 engine; System category: Air Conditioning System; Source item group: Auto Parts; Source unit: PC,1,1,1,0
,ASM-NISSAN-VEHICLES-YD25-ENGINE-VALVE-EXPANSION-EXPANSION-VALVE,Nissan vehicles – YD25 engine - VALVE-EXPANSION (Expansion valve),Air Conditioning System,PCS,Vehicle applicability: Nissan vehicles – YD25 engine; System category: Air Conditioning System; Source item group: Auto Parts; Source unit: PC,1,1,1,0
,ASM-NISSAN-VEHICLES-YD25-ENGINE-EVAPORATOR-ASSY-AC-EVAPORATOR,Nissan vehicles – YD25 engine - Evaporator Assy (Ac evaporator),Air Conditioning System,PCS,Vehicle applicability: Nissan vehicles – YD25 engine; System category: Air Conditioning System; Source item group: Auto Parts; Source unit: PC,1,1,1,0
,ASM-NISSAN-VEHICLES-YD25-ENGINE-RELAY-LIGHT-AC-RELAY,Nissan vehicles – YD25 engine - RELAY-LIGHT (AC relay),Air Conditioning System,PCS,Vehicle applicability: Nissan vehicles – YD25 engine; System category: Air Conditioning System; Source item group: Auto Parts; Source unit: PC,1,1,1,0
,ASM-NISSAN-VEHICLES-YD25-ENGINE-CONT-ASSY-AIR-C-AC-SELECTOR-KNOB-ASSY,Nissan vehicles – YD25 engine - CONT ASSY-AIR C (AC selector knob assy),Air Conditioning System,PCS,Vehicle applicability: Nissan vehicles – YD25 engine; System category: Air Conditioning System; Source item group: Auto Parts; Source unit: PC,1,1,1,0
,ASM-NISSAN-VEHICLES-YD25-ENGINE-AC-GAS,Nissan vehicles – YD25 engine - Ac gas,Air Conditioning System,Gram,Vehicle applicability: Nissan vehicles – YD25 engine; System category: Air Conditioning System; Source item group: Auto Parts; Source unit: Gram,1,1,1,0
,ASM-NISSAN-VEHICLES-YD25-ENGINE-SINGLE-WIPER-BLADE-19-WIPER-BALDE,Nissan vehicles – YD25 engine - single wiper blade 19 (Wiper balde),Wiper System,PCS,Vehicle applicability: Nissan vehicles – YD25 engine; System category: Wiper System; Source item group: Auto Parts; Source unit: PC,1,1,1,0
,ASM-NISSAN-VEHICLES-YD25-ENGINE-MOTOR-A-WIPER-WIPER-MOTOR,Nissan vehicles – YD25 engine - MOTOR A-WIPER (Wiper motor),Wiper System,PCS,Vehicle applicability: Nissan vehicles – YD25 engine; System category: Wiper System; Source item group: Auto Parts; Source unit: PC,1,1,1,0
,ASM-NISSAN-VEHICLES-YD25-ENGINE-WIPER-ARM,Nissan vehicles – YD25 engine - Wiper Arm,Wiper System,PCS,Vehicle applicability: Nissan vehicles – YD25 engine; System category: Wiper System; Source item group: Auto Parts; Source unit: PC,1,1,1,0
,ASM-NISSAN-VEHICLES-YD25-ENGINE-WIPER-HOSE,Nissan vehicles – YD25 engine - Wiper hose,Wiper System,PCS,Vehicle applicability: Nissan vehicles – YD25 engine; System category: Wiper System; Source item group: Auto Parts; Source unit: PC,1,1,1,0
,ASM-NISSAN-VEHICLES-YD25-ENGINE-BULB-HEAD-LAMP,Nissan vehicles – YD25 engine - Bulb Head Lamp,Electrical System,PCS,Vehicle applicability: Nissan vehicles – YD25 engine; System category: Electrical System; Source item group: Auto Parts; Source unit: PC,1,1,1,0
,ASM-NISSAN-VEHICLES-YD25-ENGINE-LAMP-ASSY-LH-HEADLAMP-LHS,Nissan vehicles – YD25 engine - LAMP ASSY-LH (Headlamp LHS),Electrical System,PCS,Vehicle applicability: Nissan vehicles – YD25 engine; System category: Electrical System; Source item group: Auto Parts; Source unit: PC,1,1,1,0
,ASM-NISSAN-VEHICLES-YD25-ENGINE-LAMP-ASSY-HEAD-HEADLAMP-RHS,Nissan vehicles – YD25 engine - LAMP ASSY-HEAD (Headlamp RHS),Electrical System,PCS,Vehicle applicability: Nissan vehicles – YD25 engine; System category: Electrical System; Source item group: Auto Parts; Source unit: PC,1,1,1,0
,ASM-NISSAN-VEHICLES-YD25-ENGINE-PLUG-GLOW-GLOW-PLUGS,Nissan vehicles – YD25 engine - Plug-glow (Glow plugs),Electrical System,Set,Vehicle applicability: Nissan vehicles – YD25 engine; System category: Electrical System; Source item group: Auto Parts; Source unit: Set,1,1,1,0
,ASM-NISSAN-VEHICLES-YD25-ENGINE-BULB-12V5W-PARKING-BULB,Nissan vehicles – YD25 engine - Bulb 12V5W (Parking bulb),Electrical System,PCS,Vehicle applicability: Nissan vehicles – YD25 engine; System category: Electrical System; Source item group: Auto Parts; Source unit: PC,1,1,1,0
,ASM-NISSAN-VEHICLES-YD25-ENGINE-DOUBLE-FILAMENT-ROUND-BASED-BRAKE-BULB,Nissan vehicles – YD25 engine - Double filament round based (Brake bulb),Electrical System,PCS,Vehicle applicability: Nissan vehicles – YD25 engine; System category: Electrical System; Source item group: Auto Parts; Source unit: PC,1,1,1,0
,ASM-NISSAN-VEHICLES-YD25-ENGINE-BULB-BRAKE-BULB-SINGLE-FILAMENT,"Nissan vehicles – YD25 engine - BULB (Brake bulb, single filament)",Electrical System,PCS,Vehicle applicability: Nissan vehicles – YD25 engine; System category: Electrical System; Source item group: Auto Parts; Source unit: PC,1,1,1,0
,ASM-NISSAN-VEHICLES-YD25-ENGINE-BODY-COMB-SW-SPIRAL-CABLE,Nissan vehicles – YD25 engine - BODY-COMB SW (Spiral cable),Electrical System,PCS,Vehicle applicability: Nissan vehicles – YD25 engine; System category: Electrical System; Source item group: Auto Parts; Source unit: PC,1,1,1,0
,ASM-NISSAN-VEHICLES-YD25-ENGINE-FUSE-MINI-10A,Nissan vehicles – YD25 engine - Fuse-mini 10A,Electrical System,PCS,Vehicle applicability: Nissan vehicles – YD25 engine; System category: Electrical System; Source item group: Auto Parts; Source unit: PC,1,1,1,0
,ASM-NISSAN-VEHICLES-YD25-ENGINE-FUSE-MINI-15AM,Nissan vehicles – YD25 engine - Fuse-mini 15AM,Electrical System,PCS,Vehicle applicability: Nissan vehicles – YD25 engine; System category: Electrical System; Source item group: Auto Parts; Source unit: PC,1,1,1,0
,ASM-NISSAN-VEHICLES-YD25-ENGINE-FUSE-MINI,Nissan vehicles – YD25 engine - Fuse-mini,Electrical System,PCS,Vehicle applicability: Nissan vehicles – YD25 engine; System category: Electrical System; Source item group: Auto Parts; Source unit: PC,1,1,1,0
,ASM-NISSAN-VEHICLES-YD25-ENGINE-ALTERNATOR-ASSY,Nissan vehicles – YD25 engine - ALTERNATOR ASSY,Electrical System,PCS,Vehicle applicability: Nissan vehicles – YD25 engine; System category: Electrical System; Source item group: Auto Parts; Source unit: PC,1,1,1,0
,ASM-NISSAN-VEHICLES-YD25-ENGINE-LAMP-ASSY-FOG-L,Nissan vehicles – YD25 engine - LAMP ASSY-FOG L,Electrical System,PCS,Vehicle applicability: Nissan vehicles – YD25 engine; System category: Electrical System; Source item group: Auto Parts; Source unit: PC,1,1,1,0
,ASM-NISSAN-VEHICLES-YD25-ENGINE-LAMP-ASSY-FOG-R,"Nissan vehicles – YD25 engine - LAMP ASSY-FOG,R",Electrical System,PCS,Vehicle applicability: Nissan vehicles – YD25 engine; System category: Electrical System; Source item group: Auto Parts; Source unit: PC,1,1,1,0
,ASM-NISSAN-VEHICLES-YD25-ENGINE-BULB-FOG-LAMP,Nissan vehicles – YD25 engine - Bulb-fog Lamp,Electrical System,Set,Vehicle applicability: Nissan vehicles – YD25 engine; System category: Electrical System; Source item group: Auto Parts; Source unit: Set,1,1,1,0
,ASM-NISSAN-VEHICLES-YD25-ENGINE-SW-AUTO-POWER-W-POWER-WINDOW-SWITCH-MAIN,"Nissan vehicles – YD25 engine - SW-AUTO-POWER-W (Power window switch, main)",Electrical System,PCS,Vehicle applicability: Nissan vehicles – YD25 engine; System category: Electrical System; Source item group: Auto Parts; Source unit: PC,1,1,1,0
,ASM-NISSAN-VEHICLES-YD25-ENGINE-SITCH-ASSY-POWER-WINDOW-SWITCH-REAR,"Nissan vehicles – YD25 engine - SITCH ASSY (Power window switch, rear)",Electrical System,Set,Vehicle applicability: Nissan vehicles – YD25 engine; System category: Electrical System; Source item group: Auto Parts; Source unit: Set,1,1,1,0
,ASM-NISSAN-VEHICLES-YD25-ENGINE-SW-ASSY-P-WINDW-POWER-WINDOW-SWITCH-CO-DRIVER-S-DOOR,"Nissan vehicles – YD25 engine - SW ASSY-P/WINDW (Power window switch, co- driver's door)",Electrical System,PCS,Vehicle applicability: Nissan vehicles – YD25 engine; System category: Electrical System; Source item group: Auto Parts; Source unit: PC,1,1,1,0
,ASM-NISSAN-VEHICLES-YD25-ENGINE-REGULATOR-ASSY-DRIVER-S-DOOR-REGULATOR,Nissan vehicles – YD25 engine - Regulator Assy- (Driver's door regulator),Electrical System,PCS,Vehicle applicability: Nissan vehicles – YD25 engine; System category: Electrical System; Source item group: Auto Parts; Source unit: PC,1,1,1,0
,ASM-NISSAN-VEHICLES-YD25-ENGINE-REGULATOR-DOOR-CO-DRIVER-S-DOOR-REGULATOR,Nissan vehicles – YD25 engine - REGULATOR-DOOR (Co-driver's door regulator),Electrical System,PCS,Vehicle applicability: Nissan vehicles – YD25 engine; System category: Electrical System; Source item group: Auto Parts; Source unit: PC,1,1,1,0
,ASM-NISSAN-VEHICLES-YD25-ENGINE-DOOR-REGULATOR-WINDOW-REGULATOR-REAR-DOOR,"Nissan vehicles – YD25 engine - Door regulator (Window regulator, rear door)",Electrical System,PCS,Vehicle applicability: Nissan vehicles – YD25 engine; System category: Electrical System; Source item group: Auto Parts; Source unit: PC,1,1,1,0
,ASM-NISSAN-VEHICLES-YD25-ENGINE-STARTER-MOTOR,Nissan vehicles – YD25 engine - Starter Motor,Electrical System,PCS,Vehicle applicability: Nissan vehicles – YD25 engine; System category: Electrical System; Source item group: Auto Parts; Source unit: PC,1,1,1,0
,ASM-NISSAN-VEHICLES-YD25-ENGINE-LAMP-ASSY-RR-TAIL-LAMP-RHS,Nissan vehicles – YD25 engine - Lamp Assy Rr.** (Tail lamp RHS),Electrical System,PCS,Vehicle applicability: Nissan vehicles – YD25 engine; System category: Electrical System; Source item group: Auto Parts; Source unit: PC,1,1,1,0
,ASM-NISSAN-VEHICLES-YD25-ENGINE-LAMP-ASSY-RR-TAIL-LAMP-LHS,Nissan vehicles – YD25 engine - Lamp Assy Rr.** (Tail lamp LHS),Electrical System,PCS,Vehicle applicability: Nissan vehicles – YD25 engine; System category: Electrical System; Source item group: Auto Parts; Source unit: PC,1,1,1,0
,ASM-NISSAN-VEHICLES-YD25-ENGINE-70-AMP-MAINTENANCE-FREE-BATTERY,Nissan vehicles – YD25 engine - 70 Amp Maintenance free battery,Electrical System,PCS,Vehicle applicability: Nissan vehicles – YD25 engine; System category: Electrical System; Source item group: Auto Parts; Source unit: PC,1,1,1,0
,ASM-NISSAN-VEHICLES-YD25-ENGINE-RADIO,Nissan vehicles – YD25 engine - Radio,Electrical System,PCS,Vehicle applicability: Nissan vehicles – YD25 engine; System category: Electrical System; Source item group: Auto Parts; Source unit: PC,1,1,1,0
,ASM-NISSAN-VEHICLES-YD25-ENGINE-MIRROR-ASSY-DR-SIDE-MIRROR-COMPLETE,"Nissan vehicles – YD25 engine - Mirror Assy DR (Side mirror, complete)",Electrical System,PCS,Vehicle applicability: Nissan vehicles – YD25 engine; System category: Electrical System; Source item group: Auto Parts; Source unit: PC,1,1,1,0
,ASM-NISSAN-VEHICLES-YD25-ENGINE-GLASS-FR-WIND-WINDSCREEN,Nissan vehicles – YD25 engine - GLASS-FR WIND (Windscreen),Electrical System,PCS,Vehicle applicability: Nissan vehicles – YD25 engine; System category: Electrical System; Source item group: Auto Parts; Source unit: PC,1,1,1,0
,ASM-NISSAN-VEHICLES-YD25-ENGINE-RUBBER-SEALANT,Nissan vehicles – YD25 engine - Rubber Sealant,Electrical System,PCS,Vehicle applicability: Nissan vehicles – YD25 engine; System category: Electrical System; Source item group: Auto Parts; Source unit: PC,1,1,1,0
,ASM-NISSAN-VEHICLES-YD25-ENGINE-MLDG-WS-UPPER-UPPER-WINDSCREEN-MOLDING,Nissan vehicles – YD25 engine - MLDG WS UPPER (Upper windscreen molding),Electrical System,PCS,Vehicle applicability: Nissan vehicles – YD25 engine; System category: Electrical System; Source item group: Auto Parts; Source unit: PC,1,1,1,0
,ASM-NISSAN-VEHICLES-YD25-ENGINE-RUBBER-DUMDUM-RUBBER,Nissan vehicles – YD25 engine - RUBBER-DUMDum rubber,Electrical System,PCS,Vehicle applicability: Nissan vehicles – YD25 engine; System category: Electrical System; Source item group: Auto Parts; Source unit: PC,1,1,1,0
,ASM-NISSAN-VEHICLES-YD25-ENGINE-MUD-FLAP-FRONT,Nissan vehicles – YD25 engine - MUD FLAP-FRONT,Electrical System,PCS,Vehicle applicability: Nissan vehicles – YD25 engine; System category: Electrical System; Source item group: Auto Parts; Source unit: PC,1,1,1,0
,ASM-NISSAN-VEHICLES-YD25-ENGINE-MUD-GUARD-RR-RH,Nissan vehicles – YD25 engine - MUD GUARD-RR RH,Electrical System,PCS,Vehicle applicability: Nissan vehicles – YD25 engine; System category: Electrical System; Source item group: Auto Parts; Source unit: PC,1,1,1,0
,ASM-NISSAN-VEHICLES-YD25-ENGINE-MUD-GUARD-RR-LH,Nissan vehicles – YD25 engine - MUD GUARD-RR LH,Electrical System,PCS,Vehicle applicability: Nissan vehicles – YD25 engine; System category: Electrical System; Source item group: Auto Parts; Source unit: PC,1,1,1,0
,ASM-NISSAN-VEHICLES-YD25-ENGINE-GLASS-FR-DR-LH,Nissan vehicles – YD25 engine - GLASS FR DR LH,Electrical System,PCS,Vehicle applicability: Nissan vehicles – YD25 engine; System category: Electrical System; Source item group: Auto Parts; Source unit: PC,1,1,1,0
,ASM-NISSAN-VEHICLES-YD25-ENGINE-GLASS-FR-DR-RH,Nissan vehicles – YD25 engine - GLASS FR DR RH,Electrical System,PCS,Vehicle applicability: Nissan vehicles – YD25 engine; System category: Electrical System; Source item group: Auto Parts; Source unit: PC,1,1,1,0
,ASM-NISSAN-VEHICLES-YD25-ENGINE-GLASS-RR-DR-LH,Nissan vehicles – YD25 engine - glaSS RR DR LH,Electrical System,PCS,Vehicle applicability: Nissan vehicles – YD25 engine; System category: Electrical System; Source item group: Auto Parts; Source unit: PC,1,1,1,0
,ASM-NISSAN-VEHICLES-YD25-ENGINE-GLASS-RR-DR-RH,Nissan vehicles – YD25 engine - GLASS RR DR RH,Electrical System,PCS,Vehicle applicability: Nissan vehicles – YD25 engine; System category: Electrical System; Source item group: Auto Parts; Source unit: PC,1,1,1,0
,ASM-NISSAN-VEHICLES-YD25-ENGINE-GRILLE-RADIATOR,Nissan vehicles – YD25 engine - GRILLE-RADIATOR,Electrical System,PCS,Vehicle applicability: Nissan vehicles – YD25 engine; System category: Electrical System; Source item group: Auto Parts; Source unit: PC,1,1,1,0
,ASM-NISSAN-VEHICLES-YD25-ENGINE-ASSY-FR-DOOR-OUTS-OUTER-DOOR-HANDLE-DRIVER-S-DOOR,"Nissan vehicles – YD25 engine - Assy- Fr Door outs (Outer door handle, driver's door)",Electrical System,PCS,Vehicle applicability: Nissan vehicles – YD25 engine; System category: Electrical System; Source item group: Auto Parts; Source unit: PC,1,1,1,0
,ASM-NISSAN-VEHICLES-YD25-ENGINE-HANDLE-ASSY-FR-OUTER-DOOR-HANDLE-CO-DRIVER-S-DOOR,"Nissan vehicles – YD25 engine - HANDLE ASSY-FR (Outer door handle, co- driver's door)",Electrical System,PCS,Vehicle applicability: Nissan vehicles – YD25 engine; System category: Electrical System; Source item group: Auto Parts; Source unit: PC,1,1,1,0
,ASM-NISSAN-VEHICLES-YD25-ENGINE-ASY-FR-DR-INS-L-INNER-DOOR-HANDLE-LH,"Nissan vehicles – YD25 engine - ASY FR DR INS L (Inner door handle, LH)",Electrical System,PCS,Vehicle applicability: Nissan vehicles – YD25 engine; System category: Electrical System; Source item group: Auto Parts; Source unit: PC,1,1,1,0
,ASM-NISSAN-VEHICLES-YD25-ENGINE-ASY-FR-DR-INS-R-INNER-DOOR-HANDE-RH,"Nissan vehicles – YD25 engine - ASY FR DR INS R (Inner door hande, RH)",Electrical System,PCS,Vehicle applicability: Nissan vehicles – YD25 engine; System category: Electrical System; Source item group: Auto Parts; Source unit: PC,1,1,1,0
,ASM-NISSAN-VEHICLES-YD25-ENGINE-ANTENNA,Nissan vehicles – YD25 engine - Antenna,Electrical System,PCS,Vehicle applicability: Nissan vehicles – YD25 engine; System category: Electrical System; Source item group: Auto Parts; Source unit: PC,1,1,1,0
,ASM-NISSAN-VEHICLES-YD25-ENGINE-LOCK-ASSY-FR-DO-DOOR-LOCK,Nissan vehicles – YD25 engine - LOCK ASSY-FR DO (door lock),Electrical System,PCS,Vehicle applicability: Nissan vehicles – YD25 engine; System category: Electrical System; Source item group: Auto Parts; Source unit: PC,1,1,1,0
,ASM-NISSAN-VEHICLES-YD25-ENGINE-VAD-D22-FRT-MOULDED-BMPR-FRONT-BUMPER,Nissan vehicles – YD25 engine - VAD D22 FRT MOULDED BMPR (Front bumper),Electrical System,PCS,Vehicle applicability: Nissan vehicles – YD25 engine; System category: Electrical System; Source item group: Auto Parts; Source unit: PC,1,1,1,0
,ASM-NISSAN-VEHICLES-YD25-ENGINE-REINF-ASSY-FRNT-FRONT-REINFORCEMENT-BUMPER,Nissan vehicles – YD25 engine - Reinf assy frnt (Front reinforcement bumper),Electrical System,PCS,Vehicle applicability: Nissan vehicles – YD25 engine; System category: Electrical System; Source item group: Auto Parts; Source unit: PC,1,1,1,0
,ASM-NISSAN-VEHICLES-YD25-ENGINE-BUMPER-REAR-REAR-BUMPER,Nissan vehicles – YD25 engine - BUMPER-REAR (Rear bumper),Electrical System,PCS,Vehicle applicability: Nissan vehicles – YD25 engine; System category: Electrical System; Source item group: Auto Parts; Source unit: PC,1,1,1,0
,ASM-NISSAN-VEHICLES-YD25-ENGINE-CABLE-COMPL-HOO-BONNET-CABLE,Nissan vehicles – YD25 engine - CABLE COMPL HOO (Bonnet cable),Electrical System,PCS,Vehicle applicability: Nissan vehicles – YD25 engine; System category: Electrical System; Source item group: Auto Parts; Source unit: PC,1,1,1,0
,ASM-NISSAN-VEHICLES-YD25-ENGINE-REFLECTOR-PAIR,"Nissan vehicles – YD25 engine - Reflector, pair",Electrical System,Set,Vehicle applicability: Nissan vehicles – YD25 engine; System category: Electrical System; Source item group: Auto Parts; Source unit: Set,1,1,1,0
,ASM-NISSAN-VEHICLES-YD25-ENGINE-MIR-ASSY-INSIDE-DRIVING-MIRROR,Nissan vehicles – YD25 engine - MIR ASSY INSIDE (Driving mirror),Electrical System,PCS,Vehicle applicability: Nissan vehicles – YD25 engine; System category: Electrical System; Source item group: Auto Parts; Source unit: PC,1,1,1,0
,ASM-NISSAN-VEHICLES-YD25-ENGINE-SUNVISOR-LH,Nissan vehicles – YD25 engine - SUNVISOR LH,Electrical System,PCS,Vehicle applicability: Nissan vehicles – YD25 engine; System category: Electrical System; Source item group: Auto Parts; Source unit: PC,1,1,1,0
,ASM-NISSAN-VEHICLES-YD25-ENGINE-SUNVISOR-RH,Nissan vehicles – YD25 engine - SUNVISOR RH,Electrical System,PCS,Vehicle applicability: Nissan vehicles – YD25 engine; System category: Electrical System; Source item group: Auto Parts; Source unit: PC,1,1,1,0
,ASM-NISSAN-VEHICLES-YD25-ENGINE-JACK-COMPL-JACK,Nissan vehicles – YD25 engine - JACK COMPL (Jack),Electrical System,PCS,Vehicle applicability: Nissan vehicles – YD25 engine; System category: Electrical System; Source item group: Auto Parts; Source unit: PC,1,1,1,0
,ASM-NISSAN-VEHICLES-YD25-ENGINE-ROD-ASSY-JACK-JACK-HANDLE,Nissan vehicles – YD25 engine - ROD ASSY JACK (Jack handle),Electrical System,PCS,Vehicle applicability: Nissan vehicles – YD25 engine; System category: Electrical System; Source item group: Auto Parts; Source unit: PC,1,1,1,0
,ASM-NISSAN-VEHICLES-YD25-ENGINE-WARNING-TRIANGLE,Nissan vehicles – YD25 engine - Warning triangle,Electrical System,Set,Vehicle applicability: Nissan vehicles – YD25 engine; System category: Electrical System; Source item group: Auto Parts; Source unit: Set,1,1,1,0
,ASM-NISSAN-VEHICLES-YD25-ENGINE-KEY-SET-AND-LOCK,Nissan vehicles – YD25 engine - KEY SET & LOCK,Electrical System,Set,Vehicle applicability: Nissan vehicles – YD25 engine; System category: Electrical System; Source item group: Auto Parts; Source unit: Set,1,1,1,0
,ASM-NISSAN-VEHICLES-YD25-ENGINE-SEAT-BELT-FR-LH,Nissan vehicles – YD25 engine - SEAT BELT FR LH,Electrical System,PCS,Vehicle applicability: Nissan vehicles – YD25 engine; System category: Electrical System; Source item group: Auto Parts; Source unit: PC,1,1,1,0
,ASM-NISSAN-VEHICLES-YD25-ENGINE-SEAT-BELT-FR-RHS,Nissan vehicles – YD25 engine - SEAT BELT FR RHS,Electrical System,PCS,Vehicle applicability: Nissan vehicles – YD25 engine; System category: Electrical System; Source item group: Auto Parts; Source unit: PC,1,1,1,0
,ASM-NISSAN-VEHICLES-YD25-ENGINE-SEAT-BELT-REAR-LH,Nissan vehicles – YD25 engine - SEAT BELT REAR LH,Electrical System,PCS,Vehicle applicability: Nissan vehicles – YD25 engine; System category: Electrical System; Source item group: Auto Parts; Source unit: PC,1,1,1,0
,ASM-NISSAN-VEHICLES-YD25-ENGINE-SEAT-BELT-REAR-RHS,Nissan vehicles – YD25 engine - SEAT BELT REAR RHS,Electrical System,PCS,Vehicle applicability: Nissan vehicles – YD25 engine; System category: Electrical System; Source item group: Auto Parts; Source unit: PC,1,1,1,0
,ASM-NISSAN-VEHICLES-YD25-ENGINE-DOOR-HINGE-FR-L,Nissan vehicles – YD25 engine - DOOR HINGE FR L,Electrical System,PCS,Vehicle applicability: Nissan vehicles – YD25 engine; System category: Electrical System; Source item group: Auto Parts; Source unit: PC,1,1,1,0
,ASM-NISSAN-VEHICLES-YD25-ENGINE-DOOR-HINGE-F-UPR,Nissan vehicles – YD25 engine - DOOR HINGE F UPR,Electrical System,PCS,Vehicle applicability: Nissan vehicles – YD25 engine; System category: Electrical System; Source item group: Auto Parts; Source unit: PC,1,1,1,0
,ASM-NISSAN-VEHICLES-YD25-ENGINE-HINGE-RR-LWR-L,Nissan vehicles – YD25 engine - HINGE RR LWR L,Electrical System,PCS,Vehicle applicability: Nissan vehicles – YD25 engine; System category: Electrical System; Source item group: Auto Parts; Source unit: PC,1,1,1,0
,ASM-NISSAN-VEHICLES-YD25-ENGINE-HINGE-RR-LWR-R,Nissan vehicles – YD25 engine - HINGE RR LWR R,Electrical System,PCS,Vehicle applicability: Nissan vehicles – YD25 engine; System category: Electrical System; Source item group: Auto Parts; Source unit: PC,1,1,1,0
,ASM-NISSAN-VEHICLES-YD25-ENGINE-HINGE-RR-DR-UPR-L,Nissan vehicles – YD25 engine - HINGE RR DR UPR L,Electrical System,PCS,Vehicle applicability: Nissan vehicles – YD25 engine; System category: Electrical System; Source item group: Auto Parts; Source unit: PC,1,1,1,0
,ASM-NISSAN-VEHICLES-YD25-ENGINE-HINGE-RR-DR-UPR-R,Nissan vehicles – YD25 engine - HINGE RR DR UPR R,Electrical System,PCS,Vehicle applicability: Nissan vehicles – YD25 engine; System category: Electrical System; Source item group: Auto Parts; Source unit: PC,1,1,1,0
,ASM-NISSAN-VEHICLES-YD25-ENGINE-HINGE-RR-DR-LWR,Nissan vehicles – YD25 engine - HINGE RR DR LWR,Electrical System,PCS,Vehicle applicability: Nissan vehicles – YD25 engine; System category: Electrical System; Source item group: Auto Parts; Source unit: PC,1,1,1,0
,ASM-NISSAN-VEHICLES-YD25-ENGINE-DOOR-FRONT-RH,Nissan vehicles – YD25 engine - Door-front RH,Electrical System,PCS,Vehicle applicability: Nissan vehicles – YD25 engine; System category: Electrical System; Source item group: Auto Parts; Source unit: PC,1,1,1,0
,ASM-NISSAN-VEHICLES-YD25-ENGINE-INSUL-BODY-MTG-MIDDLE-CABIN-MOUNTINGS,Nissan vehicles – YD25 engine - INSUL BODY MTG (middle cabin mountings),Other Miscellaneous Parts,Set,Vehicle applicability: Nissan vehicles – YD25 engine; System category: Other Miscellaneous Parts; Source item group: Auto Parts; Source unit: Set,1,1,1,0
,ASM-NISSAN-VEHICLES-YD25-ENGINE-INSULATOR-3RD-FRONT-BODY-MOUNTINGS,Nissan vehicles – YD25 engine - INSULATOR-3RD (Front body mountings),Other Miscellaneous Parts,Set,Vehicle applicability: Nissan vehicles – YD25 engine; System category: Other Miscellaneous Parts; Source item group: Auto Parts; Source unit: Set,1,1,1,0
,ASM-NISSAN-VEHICLES-YD25-ENGINE-RUB-BODY-MTG-4T-REAR-BODY-MOUNTINGS,Nissan vehicles – YD25 engine - RUB-BODY MTG 4T (Rear body mountings),Other Miscellaneous Parts,Set,Vehicle applicability: Nissan vehicles – YD25 engine; System category: Other Miscellaneous Parts; Source item group: Auto Parts; Source unit: Set,1,1,1,0
,ASM-NISSAN-VEHICLES-YD25-ENGINE-MALE-ASSY-HOOD-BONNET-LOCK,Nissan vehicles – YD25 engine - MALE ASSY-HOOD (Bonnet lock),Other Miscellaneous Parts,PCS,Vehicle applicability: Nissan vehicles – YD25 engine; System category: Other Miscellaneous Parts; Source item group: Auto Parts; Source unit: PC,1,1,1,0
,ASM-NISSAN-VEHICLES-YD25-ENGINE-RUB-BMPR-HOOD-FRONT-BONNET-RUBBERS,Nissan vehicles – YD25 engine - RUB BMPR HOOD (Front bonnet rubbers),Other Miscellaneous Parts,PCS,Vehicle applicability: Nissan vehicles – YD25 engine; System category: Other Miscellaneous Parts; Source item group: Auto Parts; Source unit: PC,1,1,1,0
,ASM-NISSAN-VEHICLES-YD25-ENGINE-BMPR-HOODLEDGE-BONNET-SIDE-RUBBERS,Nissan vehicles – YD25 engine - BMPR HOODLEDGE (Bonnet side rubbers),Other Miscellaneous Parts,PCS,Vehicle applicability: Nissan vehicles – YD25 engine; System category: Other Miscellaneous Parts; Source item group: Auto Parts; Source unit: PC,1,1,1,0
,ASM-NISSAN-VEHICLES-YD25-ENGINE-PANEL-ASSY-INST-BONNET,Nissan vehicles – YD25 engine - Panel assy-inst (Bonnet),Other Miscellaneous Parts,PCS,Vehicle applicability: Nissan vehicles – YD25 engine; System category: Other Miscellaneous Parts; Source item group: Auto Parts; Source unit: PC,1,1,1,0
,ASM-NISSAN-VEHICLES-YD25-ENGINE-FLOOR-MATS-RUBBER,"Nissan vehicles – YD25 engine - Floor mats, rubber",Other Miscellaneous Parts,Set,Vehicle applicability: Nissan vehicles – YD25 engine; System category: Other Miscellaneous Parts; Source item group: Auto Parts; Source unit: Set,1,1,1,0
,ASM-NISSAN-VEHICLES-YD25-ENGINE-CHECK-LINK-FR-D-SEAL,Nissan vehicles – YD25 engine - CHECK LINK FR D (Seal),Other Miscellaneous Parts,PCS,Vehicle applicability: Nissan vehicles – YD25 engine; System category: Other Miscellaneous Parts; Source item group: Auto Parts; Source unit: PC,1,1,1,0
,ASM-NISSAN-VEHICLES-YD25-ENGINE-HORN-ASSY-LOW-TONE-HORN,Nissan vehicles – YD25 engine - HORN ASSY (Low tone horn),Other Miscellaneous Parts,PCS,Vehicle applicability: Nissan vehicles – YD25 engine; System category: Other Miscellaneous Parts; Source item group: Auto Parts; Source unit: PC,1,1,1,0
,ASM-NISSAN-VEHICLES-YD25-ENGINE-HORN-ASSY-HIGH-HIGH-TONE-HORN,Nissan vehicles – YD25 engine - HORN ASSY-HIGH (High tone horn),Other Miscellaneous Parts,PCS,Vehicle applicability: Nissan vehicles – YD25 engine; System category: Other Miscellaneous Parts; Source item group: Auto Parts; Source unit: PC,1,1,1,0
,ASM-NISSAN-VEHICLES-YD25-ENGINE-BASE-FLAT-GASKET,Nissan vehicles – YD25 engine - Base (Flat gasket),Other Miscellaneous Parts,PCS,Vehicle applicability: Nissan vehicles – YD25 engine; System category: Other Miscellaneous Parts; Source item group: Auto Parts; Source unit: PC,1,1,1,0
,ASM-NISSAN-VEHICLES-YD25-ENGINE-VAD-ROLL-BAR-D-CENTRAL-LOCK-SWITCH,Nissan vehicles – YD25 engine - VAD Roll Bar D/ (Central lock switch),Other Miscellaneous Parts,PCS,Vehicle applicability: Nissan vehicles – YD25 engine; System category: Other Miscellaneous Parts; Source item group: Auto Parts; Source unit: PC,1,1,1,0
,ASM-NISSAN-VEHICLES-YD25-ENGINE-FIRST-AID-KIT,Nissan vehicles – YD25 engine - First aid kit,Other Miscellaneous Parts,PCS,Vehicle applicability: Nissan vehicles – YD25 engine; System category: Other Miscellaneous Parts; Source item group: Auto Parts; Source unit: PC,1,1,1,0
,ASM-NISSAN-VEHICLES-YD25-ENGINE-VAD-CMPL-SLIDE-SIDE-STEP-RH,Nissan vehicles – YD25 engine - VAD CMPL-SLIDE (Side step RH),Other Miscellaneous Parts,PCS,Vehicle applicability: Nissan vehicles – YD25 engine; System category: Other Miscellaneous Parts; Source item group: Auto Parts; Source unit: PC,1,1,1,0
,ASM-NISSAN-VEHICLES-YD25-ENGINE-VAD-CMPL-SLIDE-SIDE-STEP-LH,Nissan vehicles – YD25 engine - VAD CMPL-SLIDE (Side step LH),Other Miscellaneous Parts,PCS,Vehicle applicability: Nissan vehicles – YD25 engine; System category: Other Miscellaneous Parts; Source item group: Auto Parts; Source unit: PC,1,1,1,0
,ASM-NISSAN-VEHICLES-YD25-ENGINE-BOLT-STOP-STOPPER-BOLT,Nissan vehicles – YD25 engine - BOLT STOP (Stopper bolt),Other Miscellaneous Parts,PCS,Vehicle applicability: Nissan vehicles – YD25 engine; System category: Other Miscellaneous Parts; Source item group: Auto Parts; Source unit: PC,1,1,1,0
,ASM-NISSAN-VEHICLES-YD25-ENGINE-CAP-BOLT-STRG-S,Nissan vehicles – YD25 engine - Cap-bolt STRG S,Other Miscellaneous Parts,PCS,Vehicle applicability: Nissan vehicles – YD25 engine; System category: Other Miscellaneous Parts; Source item group: Auto Parts; Source unit: PC,1,1,1,0
,ASM-NISSAN-VEHICLES-YD25-ENGINE-FIRE-EXTINGUISHER,Nissan vehicles – YD25 engine - Fire Extinguisher,Other Miscellaneous Parts,PCS,Vehicle applicability: Nissan vehicles – YD25 engine; System category: Other Miscellaneous Parts; Source item group: Auto Parts; Source unit: PC,1,1,1,0
,ASM-NISSAN-VEHICLES-YD25-ENGINE-ENGINE-OIL-DIESEL-ENGINE-OIL,Nissan vehicles – YD25 engine - Engine oil (Diesel engine oil),Services,Litre,Vehicle applicability: Nissan vehicles – YD25 engine; System category: Service; Source item group: Auto Parts; Source unit: Litre,1,1,1,0
,ASM-NISSAN-VEHICLES-YD25-ENGINE-BRAKE-FLUID,Nissan vehicles – YD25 engine - Brake fluid,Services,0.25L,Vehicle applicability: Nissan vehicles – YD25 engine; System category: Service; Source item group: Auto Parts; Source unit: 0.25L,1,1,1,0
,ASM-NISSAN-VEHICLES-YD25-ENGINE-TRANSMISSION-OIL-GL4-75-W85,Nissan vehicles – YD25 engine - Transmission oil GL4 75-W85,Services,Litre,Vehicle applicability: Nissan vehicles – YD25 engine; System category: Service; Source item group: Auto Parts; Source unit: Litre,1,1,1,0
,ASM-NISSAN-VEHICLES-YD25-ENGINE-COOLANT-TOTAL,Nissan vehicles – YD25 engine - Coolant Total,Services,Litre,Vehicle applicability: Nissan vehicles – YD25 engine; System category: Service; Source item group: Auto Parts; Source unit: Litre,1,1,1,0
,ASM-NISSAN-VEHICLES-YD25-ENGINE-ATF-FLUIDMATIC-D2-1L,Nissan vehicles – YD25 engine - ATF FLUIDMATIC D2 1L,Services,Litre,Vehicle applicability: Nissan vehicles – YD25 engine; System category: Service; Source item group: Auto Parts; Source unit: Litre,1,1,1,0
,ASM-NISSAN-VEHICLES-YD25-ENGINE-SUNDRY,Nissan vehicles – YD25 engine - SUNDRY,Services,Unit,Vehicle applicability: Nissan vehicles – YD25 engine; System category: Service; Source item group: Auto Parts; Source unit: blank,1,1,1,0
,ASM-NISSAN-VEHICLES-YD25-ENGINE-FILTER-ASSY-OIL,Nissan vehicles – YD25 engine - FILTER ASSY-OIL,Services,PCS,Vehicle applicability: Nissan vehicles – YD25 engine; System category: Service; Source item group: Auto Parts; Source unit: PC,1,1,1,0
,ASM-NISSAN-VEHICLES-YD25-ENGINE-FILTER-ASSY-FUE,Nissan vehicles – YD25 engine - FILTER ASSY-FUE,Services,PCS,Vehicle applicability: Nissan vehicles – YD25 engine; System category: Service; Source item group: Auto Parts; Source unit: PC,1,1,1,0
,ASM-NISSAN-VEHICLES-YD25-ENGINE-ELEMENT-ASSY,Nissan vehicles – YD25 engine - ELEMENT ASSY,Services,PCS,Vehicle applicability: Nissan vehicles – YD25 engine; System category: Service; Source item group: Auto Parts; Source unit: PC,1,1,1,0
,ASM-NISSAN-VEHICLES-YD25-ENGINE-GEAR-OIL-HYPOID-1L,Nissan vehicles – YD25 engine - GEAR OIL-HYPOID 1L,Services,Litre,Vehicle applicability: Nissan vehicles – YD25 engine; System category: Service; Source item group: Auto Parts; Source unit: Litre,1,1,1,0
,ASM-NISSAN-VEHICLES-YD25-ENGINE-WASHER-DRAIN,Nissan vehicles – YD25 engine - WASHER DRAIN,Services,PCS,Vehicle applicability: Nissan vehicles – YD25 engine; System category: Service; Source item group: Auto Parts; Source unit: PC,1,1,1,0
,ASM-NISSAN-VEHICLES-YD25-ENGINE-YD-25-SERVICE-KIT,Nissan vehicles – YD25 engine - YD 25 Service kit,Services,Set,Vehicle applicability: Nissan vehicles – YD25 engine; System category: Service; Source item group: Auto Parts; Source unit: Set,1,1,1,0
,ASM-NISSAN-VEHICLES-KA24-ENGINE-PAD-KIT-DISC-BRAKE-PADS-FRONT,Nissan vehicles – KA24 engine - Pad Kit-disc (Brake pads front),Brake System,PCS,Vehicle applicability: Nissan vehicles – KA24 engine; System category: Brake System; Source item group: Auto Parts; Source unit: PC,1,1,1,0
,ASM-NISSAN-VEHICLES-KA24-ENGINE-SHOE-SET-REAR-BRAKE-SHOES,Nissan vehicles – KA24 engine - SHOE SET-REAR (Brake shoes),Brake System,PCS,Vehicle applicability: Nissan vehicles – KA24 engine; System category: Brake System; Source item group: Auto Parts; Source unit: PC,1,1,1,0
,ASM-NISSAN-VEHICLES-KA24-ENGINE-BOOSTER-ASSY-MA-BRAKE-BOOSTER,Nissan vehicles – KA24 engine - BOOSTER ASSY MA (brake booster),Brake System,PCS,Vehicle applicability: Nissan vehicles – KA24 engine; System category: Brake System; Source item group: Auto Parts; Source unit: PC,1,1,1,0
,ASM-NISSAN-VEHICLES-KA24-ENGINE-ROTOR-DISC-BRAK-FRONT-ROTOR-DISCS,Nissan vehicles – KA24 engine - Rotor Disc Brak (Front Rotor Discs),Brake System,Set,Vehicle applicability: Nissan vehicles – KA24 engine; System category: Brake System; Source item group: Auto Parts; Source unit: Set,1,1,1,0
,ASM-NISSAN-VEHICLES-KA24-ENGINE-DRUM-4X4-AND-HI-BRAKE-DRUM,Nissan vehicles – KA24 engine - DRUM 4X4 and hi (Brake drum),Brake System,PCS,Vehicle applicability: Nissan vehicles – KA24 engine; System category: Brake System; Source item group: Auto Parts; Source unit: PC,1,1,1,0
,ASM-NISSAN-VEHICLES-KA24-ENGINE-BOLT-PIN-CALIPPER-BOLTS,Nissan vehicles – KA24 engine - BOLT-PIN (Calipper bolts),Brake System,Set,Vehicle applicability: Nissan vehicles – KA24 engine; System category: Brake System; Source item group: Auto Parts; Source unit: Set,1,1,1,0
,ASM-NISSAN-VEHICLES-KA24-ENGINE-CYL-ASSY-CLUTCH,Nissan vehicles – KA24 engine - CYL ASSY CLUTCH,Brake System,PCS,Vehicle applicability: Nissan vehicles – KA24 engine; System category: Brake System; Source item group: Auto Parts; Source unit: PC,1,1,1,0
,ASM-NISSAN-VEHICLES-KA24-ENGINE-CYL-ASSY-CLUTCH-2,Nissan vehicles – KA24 engine - CYL ASSY-CLUTCH,Brake System,PCS,Vehicle applicability: Nissan vehicles – KA24 engine; System category: Brake System; Source item group: Auto Parts; Source unit: PC,1,1,1,0
,ASM-NISSAN-VEHICLES-KA24-ENGINE-CALIPER-ASSY-BR-BRAKE-CALIPER,Nissan vehicles – KA24 engine - CALIPER ASSY-BR (Brake caliper),Brake System,PCS,Vehicle applicability: Nissan vehicles – KA24 engine; System category: Brake System; Source item group: Auto Parts; Source unit: PC,1,1,1,0
,ASM-NISSAN-VEHICLES-KA24-ENGINE-CABLE-COMPL-P-HAND-BRAKE-CABLE-SHORT,"Nissan vehicles – KA24 engine - CABLE COMPL - P (Hand brake cable, short)",Brake System,PCS,Vehicle applicability: Nissan vehicles – KA24 engine; System category: Brake System; Source item group: Auto Parts; Source unit: PC,1,1,1,0
,ASM-NISSAN-VEHICLES-KA24-ENGINE-DVC-ASSY-PKB-C-HANDBRAKE-CABLE-LONG,"Nissan vehicles – KA24 engine - DVC ASSY-PKB C (handbrake cable, long)",Brake System,PCS,Vehicle applicability: Nissan vehicles – KA24 engine; System category: Brake System; Source item group: Auto Parts; Source unit: PC,1,1,1,0
,ASM-NISSAN-VEHICLES-KA24-ENGINE-PACK-BRAKE-SHIMS,Nissan vehicles – KA24 engine - PACK (brake shims),Brake System,PCS,Vehicle applicability: Nissan vehicles – KA24 engine; System category: Brake System; Source item group: Auto Parts; Source unit: PC,1,1,1,0
,ASM-NISSAN-VEHICLES-KA24-ENGINE-SPACER-VACUUM-BOOST-BRAKE-SERVO-BOLT,Nissan vehicles – KA24 engine - SPACER VACUUM BOOST (brake servo bolt),Brake System,PCS,Vehicle applicability: Nissan vehicles – KA24 engine; System category: Brake System; Source item group: Auto Parts; Source unit: PC,1,1,1,0
,ASM-NISSAN-VEHICLES-KA24-ENGINE-BRAKE-PAD-PLATES,Nissan vehicles – KA24 engine - Brake pad plates,Brake System,Set,Vehicle applicability: Nissan vehicles – KA24 engine; System category: Brake System; Source item group: Auto Parts; Source unit: Set,1,1,1,0
,ASM-NISSAN-VEHICLES-KA24-ENGINE-ABS-SENSOR,Nissan vehicles – KA24 engine - ABS sensor,Brake System,PCS,Vehicle applicability: Nissan vehicles – KA24 engine; System category: Brake System; Source item group: Auto Parts; Source unit: PC,1,1,1,0
,ASM-NISSAN-VEHICLES-KA24-ENGINE-DRIVE-SHAFT-BOOT,Nissan vehicles – KA24 engine - Drive shaft boot,Axle,PCS,Vehicle applicability: Nissan vehicles – KA24 engine; System category: Axle; Source item group: Auto Parts; Source unit: PC,1,1,1,0
,ASM-NISSAN-VEHICLES-KA24-ENGINE-SEAL-HUB-FRONT-FRONT-GREASE-SEALS,Nissan vehicles – KA24 engine - SEAL HUB FRONT (Front grease seals),Axle,Set,Vehicle applicability: Nissan vehicles – KA24 engine; System category: Axle; Source item group: Auto Parts; Source unit: Set,1,1,1,0
,ASM-NISSAN-VEHICLES-KA24-ENGINE-BEARING-ASSY-FR-WHEEL-BEARINGS-INNER,Nissan vehicles – KA24 engine - BEARING ASSY-FR (Wheel bearings inner),Axle,Set,Vehicle applicability: Nissan vehicles – KA24 engine; System category: Axle; Source item group: Auto Parts; Source unit: Set,1,1,1,0
,ASM-NISSAN-VEHICLES-KA24-ENGINE-BEARING-KLM3008-WHEEL-BEARINGS-OUTER,Nissan vehicles – KA24 engine - Bearing KLM3008 (Wheel bearings outer),Axle,Set,Vehicle applicability: Nissan vehicles – KA24 engine; System category: Axle; Source item group: Auto Parts; Source unit: Set,1,1,1,0
,ASM-NISSAN-VEHICLES-KA24-ENGINE-SHAFT-ASSY-FRON-DRIVE-SHAFT,Nissan vehicles – KA24 engine - SHAFT ASSY FRON (Drive shaft),Axle,Set,Vehicle applicability: Nissan vehicles – KA24 engine; System category: Axle; Source item group: Auto Parts; Source unit: Set,1,1,1,0
,ASM-NISSAN-VEHICLES-KA24-ENGINE-ORNAMENT-ROAD-C-HUB-CAP,Nissan vehicles – KA24 engine - ORNAMENT ROAD C (Hub cap),Axle,PCS,Vehicle applicability: Nissan vehicles – KA24 engine; System category: Axle; Source item group: Auto Parts; Source unit: PC,1,1,1,0
,ASM-NISSAN-VEHICLES-KA24-ENGINE-LEVER-COMPLETE-ACCELERATOR-PEDAL,Nissan vehicles – KA24 engine - LEVER-COMPLETE (*Accelerator pedal),Axle,PCS,Vehicle applicability: Nissan vehicles – KA24 engine; System category: Axle; Source item group: Auto Parts; Source unit: PC,1,1,1,0
,ASM-NISSAN-VEHICLES-KA24-ENGINE-CYL-ASSY-RR-WHE-WHEEL-CYLINDER,Nissan vehicles – KA24 engine - CYL ASSY-RR WHE (Wheel cylinder),Axle,Set,Vehicle applicability: Nissan vehicles – KA24 engine; System category: Axle; Source item group: Auto Parts; Source unit: Set,1,1,1,0
,ASM-NISSAN-VEHICLES-KA24-ENGINE-NUT-WHEEL-LOCK-NUT,Nissan vehicles – KA24 engine - Nut (Wheel lock nut),Axle,PCS,Vehicle applicability: Nissan vehicles – KA24 engine; System category: Axle; Source item group: Auto Parts; Source unit: PC,1,1,1,0
,ASM-NISSAN-VEHICLES-KA24-ENGINE-WASH-LOCK-WHEEL-WHEEL-HUB-WASHERS,Nissan vehicles – KA24 engine - Wash-lock Wheel (Wheel hub washers),Axle,PCS,Vehicle applicability: Nissan vehicles – KA24 engine; System category: Axle; Source item group: Auto Parts; Source unit: PC,1,1,1,0
,ASM-NISSAN-VEHICLES-KA24-ENGINE-SCR-TRUSS-HD-WHEEL-HUB-SCREW,Nissan vehicles – KA24 engine - Scr-truss HD (Wheel hub screw),Axle,Set,Vehicle applicability: Nissan vehicles – KA24 engine; System category: Axle; Source item group: Auto Parts; Source unit: Set,1,1,1,0
,ASM-NISSAN-VEHICLES-KA24-ENGINE-COMP-BRG-NEEDLE-WHEEL-HUB-LOCK-NUT,Nissan vehicles – KA24 engine - COMP BRG NEEDLE (Wheel hub lock nut),Axle,PCS,Vehicle applicability: Nissan vehicles – KA24 engine; System category: Axle; Source item group: Auto Parts; Source unit: PC,1,1,1,0
,ASM-NISSAN-VEHICLES-KA24-ENGINE-HUB-ASSY-AUTO-F-FREE-RUNNING-HUB,Nissan vehicles – KA24 engine - HUB ASSY-AUTO F (Free running hub),Axle,Set,Vehicle applicability: Nissan vehicles – KA24 engine; System category: Axle; Source item group: Auto Parts; Source unit: Set,1,1,1,0
,ASM-NISSAN-VEHICLES-KA24-ENGINE-BELT-ALTNTR,Nissan vehicles – KA24 engine - BELT-ALTNTR,Engine Components,PCS,Vehicle applicability: Nissan vehicles – KA24 engine; System category: Engine Components; Source item group: Auto Parts; Source unit: PC,1,1,1,0
,ASM-NISSAN-VEHICLES-KA24-ENGINE-BELT-COMPRESSOR,Nissan vehicles – KA24 engine - BELT-COMPRESSOR,Engine Components,PCS,Vehicle applicability: Nissan vehicles – KA24 engine; System category: Engine Components; Source item group: Auto Parts; Source unit: PC,1,1,1,0
,ASM-NISSAN-VEHICLES-KA24-ENGINE-BELT-POWER-STEE,Nissan vehicles – KA24 engine - BELT-POWER STEE,Engine Components,PCS,Vehicle applicability: Nissan vehicles – KA24 engine; System category: Engine Components; Source item group: Auto Parts; Source unit: PC,1,1,1,0
,ASM-NISSAN-VEHICLES-KA24-ENGINE-GUIDE-CHAIN-TEN-GUIDE-CHAIN-TENSIONER-SM,"Nissan vehicles – KA24 engine - GUIDE-CHAIN TEN (Guide chain tensioner, sm",Engine Components,PCS,Vehicle applicability: Nissan vehicles – KA24 engine; System category: Engine Components; Source item group: Auto Parts; Source unit: PC,1,1,1,0
,ASM-NISSAN-VEHICLES-KA24-ENGINE-GUIDE-CHAIN-TEN-GUIDE-CHAIN-TENSIONER-BI,"Nissan vehicles – KA24 engine - GUIDE-CHAIN TEN (Guide chain tensioner, bi",Engine Components,PCS,Vehicle applicability: Nissan vehicles – KA24 engine; System category: Engine Components; Source item group: Auto Parts; Source unit: PC,1,1,1,0
,ASM-NISSAN-VEHICLES-KA24-ENGINE-CHAIN-TIMING-CA-TIMING-CHAIN-LOOSE-END,Nissan vehicles – KA24 engine - CHAIN-TIMING CA (Timing chain loose end),Engine Components,PCS,Vehicle applicability: Nissan vehicles – KA24 engine; System category: Engine Components; Source item group: Auto Parts; Source unit: PC,1,1,1,0
,ASM-NISSAN-VEHICLES-KA24-ENGINE-CHAIN-TIMING-CA-TIMING-CHAIN-TENSION-END,Nissan vehicles – KA24 engine - CHAIN-TIMING CA (Timing chain tension end,Engine Components,PCS,Vehicle applicability: Nissan vehicles – KA24 engine; System category: Engine Components; Source item group: Auto Parts; Source unit: PC,1,1,1,0
,ASM-NISSAN-VEHICLES-KA24-ENGINE-TENSION-CHAIN,Nissan vehicles – KA24 engine - Tension Chain,Engine Components,PCS,Vehicle applicability: Nissan vehicles – KA24 engine; System category: Engine Components; Source item group: Auto Parts; Source unit: PC,1,1,1,0
,ASM-NISSAN-VEHICLES-KA24-ENGINE-SEAL-OIL-CRANKS-CRANKSHAFT-OIL-SEAL-FRONT,"Nissan vehicles – KA24 engine - SEAL-OIL CRANKS (Crankshaft oil seal, front)",Engine Components,PCS,Vehicle applicability: Nissan vehicles – KA24 engine; System category: Engine Components; Source item group: Auto Parts; Source unit: PC,1,1,1,0
,ASM-NISSAN-VEHICLES-KA24-ENGINE-SEAL-OIL-CRANKS-CRANKSHAFT-OIL-SEAL-REAR,"Nissan vehicles – KA24 engine - SEAL-OIL CRANKS (Crankshaft oil seal, rear))",Engine Components,PCS,Vehicle applicability: Nissan vehicles – KA24 engine; System category: Engine Components; Source item group: Auto Parts; Source unit: PC,1,1,1,0
,ASM-NISSAN-VEHICLES-KA24-ENGINE-HEAD-CYLINDER-CYLINDER-HEAD,Nissan vehicles – KA24 engine - HEAD CYLINDER (Cylinder head),Engine Components,PCS,Vehicle applicability: Nissan vehicles – KA24 engine; System category: Engine Components; Source item group: Auto Parts; Source unit: PC,1,1,1,0
,ASM-NISSAN-VEHICLES-KA24-ENGINE-CYLINDER-HEAD-REFACING,Nissan vehicles – KA24 engine - Cylinder head refacing,Engine Components,PCS,Vehicle applicability: Nissan vehicles – KA24 engine; System category: Engine Components; Source item group: Auto Parts; Source unit: PC,1,1,1,0
,ASM-NISSAN-VEHICLES-KA24-ENGINE-GASKET-CYLINDER-CYLINDE-HEAD-GASKET,Nissan vehicles – KA24 engine - Gasket Cylinder (Cylinde head gasket),Engine Components,PCS,Vehicle applicability: Nissan vehicles – KA24 engine; System category: Engine Components; Source item group: Auto Parts; Source unit: PC,1,1,1,0
,ASM-NISSAN-VEHICLES-KA24-ENGINE-GASKET-ROCKER-C-ROCKER-COVER-GASKET,Nissan vehicles – KA24 engine - GASKET-ROCKER C (Rocker cover gasket),Engine Components,PCS,Vehicle applicability: Nissan vehicles – KA24 engine; System category: Engine Components; Source item group: Auto Parts; Source unit: PC,1,1,1,0
,ASM-NISSAN-VEHICLES-KA24-ENGINE-INSULATOR-ENGIN-ENGINE-MOUNTING-REAR,"Nissan vehicles – KA24 engine - INSULATOR-ENGIN (Engine mounting, rear)",Engine Components,PCS,Vehicle applicability: Nissan vehicles – KA24 engine; System category: Engine Components; Source item group: Auto Parts; Source unit: PC,1,1,1,0
,ASM-NISSAN-VEHICLES-KA24-ENGINE-INSULATOR-ENG-M-ENGINE-MOUNTING-FRONT,"Nissan vehicles – KA24 engine - INSULATOR-ENG M (Engine mounting, front)",Engine Components,PCS,Vehicle applicability: Nissan vehicles – KA24 engine; System category: Engine Components; Source item group: Auto Parts; Source unit: PC,1,1,1,0
,ASM-NISSAN-VEHICLES-KA24-ENGINE-PLUG-DRAIN,Nissan vehicles – KA24 engine - Plug Drain,Engine Components,PCS,Vehicle applicability: Nissan vehicles – KA24 engine; System category: Engine Components; Source item group: Auto Parts; Source unit: PC,1,1,1,0
,ASM-NISSAN-VEHICLES-KA24-ENGINE-ENGINE-BARE-COMPLETE-ENGINE-ASSY,"Nissan vehicles – KA24 engine - ENGINE BARE, complete engine assy",Engine Components,PCS,Vehicle applicability: Nissan vehicles – KA24 engine; System category: Engine Components; Source item group: Auto Parts; Source unit: PC,1,1,1,0
,ASM-NISSAN-VEHICLES-KA24-ENGINE-RING-SET-PISTON-PISTON-RINGS,Nissan vehicles – KA24 engine - RING SET-PISTON (Piston rings),Engine Components,Set,Vehicle applicability: Nissan vehicles – KA24 engine; System category: Engine Components; Source item group: Auto Parts; Source unit: Set,1,1,1,0
,ASM-NISSAN-VEHICLES-KA24-ENGINE-PISTON-WITH-PIN-PISTON,Nissan vehicles – KA24 engine - PISTON WITH PIN (Piston),Engine Components,Set,Vehicle applicability: Nissan vehicles – KA24 engine; System category: Engine Components; Source item group: Auto Parts; Source unit: Set,1,1,1,0
,ASM-NISSAN-VEHICLES-KA24-ENGINE-BEARING-SET-MAIN-BEARINGS,Nissan vehicles – KA24 engine - Bearing Set (Main bearings),Engine Components,Set,Vehicle applicability: Nissan vehicles – KA24 engine; System category: Engine Components; Source item group: Auto Parts; Source unit: Set,1,1,1,0
,ASM-NISSAN-VEHICLES-KA24-ENGINE-BUSHING-SET-CON-PIECE-BEARINGS,Nissan vehicles – KA24 engine - BUSHING SET-CON (Piece bearings),Engine Components,Set,Vehicle applicability: Nissan vehicles – KA24 engine; System category: Engine Components; Source item group: Auto Parts; Source unit: Set,1,1,1,0
,ASM-NISSAN-VEHICLES-KA24-ENGINE-BLOCK-SLEEVE,Nissan vehicles – KA24 engine - Block Sleeve,Engine Components,Set,Vehicle applicability: Nissan vehicles – KA24 engine; System category: Engine Components; Source item group: Auto Parts; Source unit: Set,1,1,1,0
,ASM-NISSAN-VEHICLES-KA24-ENGINE-GASKET-ENGINE-OVERHAUL-GASKET-KIT,Nissan vehicles – KA24 engine - GASKET-ENGINE (Overhaul gasket kit),Engine Components,PCS,Vehicle applicability: Nissan vehicles – KA24 engine; System category: Engine Components; Source item group: Auto Parts; Source unit: PC,1,1,1,0
,ASM-NISSAN-VEHICLES-KA24-ENGINE-ROD-COMP-CON-CONNECTING-RODS,Nissan vehicles – KA24 engine - ROD COMP-CON (Connecting rods),Engine Components,Set,Vehicle applicability: Nissan vehicles – KA24 engine; System category: Engine Components; Source item group: Auto Parts; Source unit: Set,1,1,1,0
,ASM-NISSAN-VEHICLES-KA24-ENGINE-PUMP-INJECTION-INJECTOR-PUMP,Nissan vehicles – KA24 engine - PUMP INJECTION (Injector pump),Engine Components,PCS,Vehicle applicability: Nissan vehicles – KA24 engine; System category: Engine Components; Source item group: Auto Parts; Source unit: PC,1,1,1,0
,ASM-NISSAN-VEHICLES-KA24-ENGINE-INJECTOR-PUMP-SERVICE,Nissan vehicles – KA24 engine - injector pump service,Engine Components,PCS,Vehicle applicability: Nissan vehicles – KA24 engine; System category: Engine Components; Source item group: Auto Parts; Source unit: PC,1,1,1,0
,ASM-NISSAN-VEHICLES-KA24-ENGINE-FLUID-GASKET-SEALANT-TUBE,Nissan vehicles – KA24 engine - Fluid Gasket (Sealant tube),Engine Components,PCS,Vehicle applicability: Nissan vehicles – KA24 engine; System category: Engine Components; Source item group: Auto Parts; Source unit: PC,1,1,1,0
,ASM-NISSAN-VEHICLES-KA24-ENGINE-FAN-COOLING,Nissan vehicles – KA24 engine - FAN COOLING,Engine Components,PCS,Vehicle applicability: Nissan vehicles – KA24 engine; System category: Engine Components; Source item group: Auto Parts; Source unit: PC,1,1,1,0
,ASM-NISSAN-VEHICLES-KA24-ENGINE-CANSHAFT-PULLEY,Nissan vehicles – KA24 engine - Canshaft pulley,Engine Components,PCS,Vehicle applicability: Nissan vehicles – KA24 engine; System category: Engine Components; Source item group: Auto Parts; Source unit: PC,1,1,1,0
,ASM-NISSAN-VEHICLES-KA24-ENGINE-CRANKSHAFT-PULLEY,Nissan vehicles – KA24 engine - Crankshaft pulley,Engine Components,PCS,Vehicle applicability: Nissan vehicles – KA24 engine; System category: Engine Components; Source item group: Auto Parts; Source unit: PC,1,1,1,0
,ASM-NISSAN-VEHICLES-KA24-ENGINE-FAN-ASSY-COND-AC-FAN-SHROUD,Nissan vehicles – KA24 engine - FAN ASSY-COND (AC fan shroud),Engine Cooling System,PCS,Vehicle applicability: Nissan vehicles – KA24 engine; System category: Engine Cooling System; Source item group: Auto Parts; Source unit: PC,1,1,1,0
,ASM-NISSAN-VEHICLES-KA24-ENGINE-SHROUD-RAD-LOWE-COOLING-FAN-SHROUD,Nissan vehicles – KA24 engine - Shroud-rad.lowe (Cooling fan shroud),Engine Cooling System,PCS,Vehicle applicability: Nissan vehicles – KA24 engine; System category: Engine Cooling System; Source item group: Auto Parts; Source unit: PC,1,1,1,0
,ASM-NISSAN-VEHICLES-KA24-ENGINE-RADIATOR-ASSY,Nissan vehicles – KA24 engine - Radiator assy,Engine Cooling System,PCS,Vehicle applicability: Nissan vehicles – KA24 engine; System category: Engine Cooling System; Source item group: Auto Parts; Source unit: PC,1,1,1,0
,ASM-NISSAN-VEHICLES-KA24-ENGINE-CAP-ASSY-PRESSU-RADIATOR-CAP,Nissan vehicles – KA24 engine - CAP ASSY-PRESSU (Radiator cap),Engine Cooling System,PCS,Vehicle applicability: Nissan vehicles – KA24 engine; System category: Engine Cooling System; Source item group: Auto Parts; Source unit: PC,1,1,1,0
,ASM-NISSAN-VEHICLES-KA24-ENGINE-MOUNTING-RUBBER-UPPER-RADIATOR-MOUNTI,Nissan vehicles – KA24 engine - MOUNTING RUBBER (Upper radiator mounti,Engine Cooling System,Set,Vehicle applicability: Nissan vehicles – KA24 engine; System category: Engine Cooling System; Source item group: Auto Parts; Source unit: Set,1,1,1,0
,ASM-NISSAN-VEHICLES-KA24-ENGINE-RUBBER-MOUNTING-LOWER-RADIATOR-MOUNTI,Nissan vehicles – KA24 engine - RUBBER-MOUNTING (Lower radiator mounti,Engine Cooling System,Set,Vehicle applicability: Nissan vehicles – KA24 engine; System category: Engine Cooling System; Source item group: Auto Parts; Source unit: Set,1,1,1,0
,ASM-NISSAN-VEHICLES-KA24-ENGINE-HOSE-RESERVE-TA-RESERVE-TANK-PIPE,Nissan vehicles – KA24 engine - HOSE-RESERVE TA (Reserve tank pipe),Engine Cooling System,PCS,Vehicle applicability: Nissan vehicles – KA24 engine; System category: Engine Cooling System; Source item group: Auto Parts; Source unit: PC,1,1,1,0
,ASM-NISSAN-VEHICLES-KA24-ENGINE-NOZZLE-WASHER-WIPER-NOZZLES,Nissan vehicles – KA24 engine - Nozzle Washer (Wiper nozzles),Engine Cooling System,Set,Vehicle applicability: Nissan vehicles – KA24 engine; System category: Engine Cooling System; Source item group: Auto Parts; Source unit: Set,1,1,1,0
,ASM-NISSAN-VEHICLES-KA24-ENGINE-TANK-ASSY-RESER-RESERVOIR-TANK,Nissan vehicles – KA24 engine - TANK ASSY-RESER (Reservoir tank),Engine Cooling System,PCS,Vehicle applicability: Nissan vehicles – KA24 engine; System category: Engine Cooling System; Source item group: Auto Parts; Source unit: PC,1,1,1,0
,ASM-NISSAN-VEHICLES-KA24-ENGINE-BODY-CLEANER-AIR-CLEANER-HOUSING,Nissan vehicles – KA24 engine - BODY-CLEANER (Air cleaner housing),Engine Cooling System,PCS,Vehicle applicability: Nissan vehicles – KA24 engine; System category: Engine Cooling System; Source item group: Auto Parts; Source unit: PC,1,1,1,0
,ASM-NISSAN-VEHICLES-KA24-ENGINE-PUMP-ASSY-WATER-WATER-PUMP,Nissan vehicles – KA24 engine - PUMP ASSY-WATER (Water pump),Engine Cooling System,PCS,Vehicle applicability: Nissan vehicles – KA24 engine; System category: Engine Cooling System; Source item group: Auto Parts; Source unit: PC,1,1,1,0
,ASM-NISSAN-VEHICLES-KA24-ENGINE-WATER-TEMPERATURE-SENSOR,Nissan vehicles – KA24 engine - Water temperature sensor,Engine Cooling System,PCS,Vehicle applicability: Nissan vehicles – KA24 engine; System category: Engine Cooling System; Source item group: Auto Parts; Source unit: PC,1,1,1,0
,ASM-NISSAN-VEHICLES-KA24-ENGINE-ENGINE-COOLANT,Nissan vehicles – KA24 engine - ENGINE COOLANT,Engine Cooling System,PCS,Vehicle applicability: Nissan vehicles – KA24 engine; System category: Engine Cooling System; Source item group: Auto Parts; Source unit: PC,1,1,1,0
,ASM-NISSAN-VEHICLES-KA24-ENGINE-GASKET-WATER-PU-WATER-PUMP-GASKET,Nissan vehicles – KA24 engine - GASKET-WATER PU (Water pump gasket),Engine Cooling System,PCS,Vehicle applicability: Nissan vehicles – KA24 engine; System category: Engine Cooling System; Source item group: Auto Parts; Source unit: PC,1,1,1,0
,ASM-NISSAN-VEHICLES-KA24-ENGINE-TANK-ASSY-WS-WASH-WIPER-TANK-TANK,Nissan vehicles – KA24 engine - TANK ASSY -WS WASH (Wiper tank tank),Engine Cooling System,PCS,Vehicle applicability: Nissan vehicles – KA24 engine; System category: Engine Cooling System; Source item group: Auto Parts; Source unit: PC,1,1,1,0
,ASM-NISSAN-VEHICLES-KA24-ENGINE-CAP-ASSY-OIL-FI-OIL-FILLER-CAP,Nissan vehicles – KA24 engine - CAP ASSY-OIL FI (Oil filler cap),Engine Oil System,PCS,Vehicle applicability: Nissan vehicles – KA24 engine; System category: Engine Oil System; Source item group: Auto Parts; Source unit: PC,1,1,1,0
,ASM-NISSAN-VEHICLES-KA24-ENGINE-HOSE-WATER-OIL-COOLER-PIPE,Nissan vehicles – KA24 engine - HOSE-WATER (Oil cooler pipe),Engine Oil System,PCS,Vehicle applicability: Nissan vehicles – KA24 engine; System category: Engine Oil System; Source item group: Auto Parts; Source unit: PC,1,1,1,0
,ASM-NISSAN-VEHICLES-KA24-ENGINE-COOLER-OIL-OIL-COOLER,Nissan vehicles – KA24 engine - COOLER OIL (Oil cooler),Engine Oil System,PCS,Vehicle applicability: Nissan vehicles – KA24 engine; System category: Engine Oil System; Source item group: Auto Parts; Source unit: PC,1,1,1,0
,ASM-NISSAN-VEHICLES-KA24-ENGINE-STRAINER-OIL-OIL-STRAINER,Nissan vehicles – KA24 engine - STRAINER OIL (Oil strainer),Engine Oil System,PCS,Vehicle applicability: Nissan vehicles – KA24 engine; System category: Engine Oil System; Source item group: Auto Parts; Source unit: PC,1,1,1,0
,ASM-NISSAN-VEHICLES-KA24-ENGINE-GAUGE-OIL-LEVEL-DIPSTICK,Nissan vehicles – KA24 engine - GAUGE OIL LEVEL (Dipstick),Engine Oil System,PCS,Vehicle applicability: Nissan vehicles – KA24 engine; System category: Engine Oil System; Source item group: Auto Parts; Source unit: PC,1,1,1,0
,ASM-NISSAN-VEHICLES-KA24-ENGINE-PAN-ASSY-OIL-OIL-PAN,Nissan vehicles – KA24 engine - PAN ASSY-OIL (Oil pan),Engine Oil System,PCS,Vehicle applicability: Nissan vehicles – KA24 engine; System category: Engine Oil System; Source item group: Auto Parts; Source unit: PC,1,1,1,0
,ASM-NISSAN-VEHICLES-KA24-ENGINE-BRACKET-OIL-FIL-OIL-FILTER-BRACKET,Nissan vehicles – KA24 engine - BRACKET-OIL FIL (Oil filter bracket),Engine Oil System,PCS,Vehicle applicability: Nissan vehicles – KA24 engine; System category: Engine Oil System; Source item group: Auto Parts; Source unit: PC,1,1,1,0
,ASM-NISSAN-VEHICLES-KA24-ENGINE-WASHER-DRAIN-DRAIN-PLUG-WASHER,Nissan vehicles – KA24 engine - WASHER DRAIN (Drain plug washer),Engine Oil System,PCS,Vehicle applicability: Nissan vehicles – KA24 engine; System category: Engine Oil System; Source item group: Auto Parts; Source unit: PC,1,1,1,0
,ASM-NISSAN-VEHICLES-KA24-ENGINE-SPARK-PLUGS,Nissan vehicles – KA24 engine - SPARK PLUGS,Engine Oil System,PCS,Vehicle applicability: Nissan vehicles – KA24 engine; System category: Engine Oil System; Source item group: Auto Parts; Source unit: PC,1,1,1,0
,ASM-NISSAN-VEHICLES-KA24-ENGINE-MFLR-ASSY-EXHAUST-PIPE-COMPLETE-SILENCERS-PIPES-ETC,"Nissan vehicles – KA24 engine - MFLR ASSY (Exhaust pipe complete( Silencers,pipes etc))",Exhaust System,PCS,Vehicle applicability: Nissan vehicles – KA24 engine; System category: Exhaust System; Source item group: Auto Parts; Source unit: PC,1,1,1,0
,ASM-NISSAN-VEHICLES-KA24-ENGINE-CONVERTER-ASSY-CATALYTIC-CONVERTER,Nissan vehicles – KA24 engine - CONVERTER ASSY (Catalytic converter),Exhaust System,PCS,Vehicle applicability: Nissan vehicles – KA24 engine; System category: Exhaust System; Source item group: Auto Parts; Source unit: PC,1,1,1,0
,ASM-NISSAN-VEHICLES-KA24-ENGINE-EXHAUST-TUBE-TUBE-EXHAUST-FR,Nissan vehicles – KA24 engine - Exhaust tube(Tube Exhaust Fr),Exhaust System,PCS,Vehicle applicability: Nissan vehicles – KA24 engine; System category: Exhaust System; Source item group: Auto Parts; Source unit: PC,1,1,1,0
,ASM-NISSAN-VEHICLES-KA24-ENGINE-BOLT-HEX-HD-EXHAUST-BOLT,Nissan vehicles – KA24 engine - BOLT HEX HD (Exhaust bolt),Exhaust System,PCS,Vehicle applicability: Nissan vehicles – KA24 engine; System category: Exhaust System; Source item group: Auto Parts; Source unit: PC,1,1,1,0
,ASM-NISSAN-VEHICLES-KA24-ENGINE-SCR-HEX-HD-PP-W-EXHAUST-BOLT,Nissan vehicles – KA24 engine - SCR-HEX HD PP W (Exhaust bolt),Exhaust System,Set,Vehicle applicability: Nissan vehicles – KA24 engine; System category: Exhaust System; Source item group: Auto Parts; Source unit: Set,1,1,1,0
,ASM-NISSAN-VEHICLES-KA24-ENGINE-CLAMP-EXH-MTG-EXHAUST-CLAMP,Nissan vehicles – KA24 engine - CLAMP-EXH MTG (exhaust clamp),Exhaust System,PCS,Vehicle applicability: Nissan vehicles – KA24 engine; System category: Exhaust System; Source item group: Auto Parts; Source unit: PC,1,1,1,0
,ASM-NISSAN-VEHICLES-KA24-ENGINE-GASKET-EXHAUST-BIG-EXHAUST-MANIFOLD-GASKET,"Nissan vehicles – KA24 engine - Gasket, exhaust Big (Exhaust manifold gasket)",Exhaust System,PCS,Vehicle applicability: Nissan vehicles – KA24 engine; System category: Exhaust System; Source item group: Auto Parts; Source unit: PC,1,1,1,0
,ASM-NISSAN-VEHICLES-KA24-ENGINE-GASKET-EXHAUST-PIPE-CONNECTOR-GASKET,"Nissan vehicles – KA24 engine - Gasket, exhaust (Pipe connector gasket)",Exhaust System,PCS,Vehicle applicability: Nissan vehicles – KA24 engine; System category: Exhaust System; Source item group: Auto Parts; Source unit: PC,1,1,1,0
,ASM-NISSAN-VEHICLES-KA24-ENGINE-BRACKET-EXH-M-EXHAUST-MOUNTING-BRACKET,Nissan vehicles – KA24 engine - Bracket - Exh M (Exhaust mounting bracket),Exhaust System,PCS,Vehicle applicability: Nissan vehicles – KA24 engine; System category: Exhaust System; Source item group: Auto Parts; Source unit: PC,1,1,1,0
,ASM-NISSAN-VEHICLES-KA24-ENGINE-INSUL-EXH-MTG-EXHAUST-MOUNTING,Nissan vehicles – KA24 engine - INSUL EXH MTG (Exhaust mounting),Exhaust System,PCS,Vehicle applicability: Nissan vehicles – KA24 engine; System category: Exhaust System; Source item group: Auto Parts; Source unit: PC,1,1,1,0
,ASM-NISSAN-VEHICLES-KA24-ENGINE-MNTG-BRACKET-EXHAUST-MOUNTING-FRONT,"Nissan vehicles – KA24 engine - MNTG Bracket (Exhaust mounting, front)",Exhaust System,PCS,Vehicle applicability: Nissan vehicles – KA24 engine; System category: Exhaust System; Source item group: Auto Parts; Source unit: PC,1,1,1,0
,ASM-NISSAN-VEHICLES-KA24-ENGINE-BRKT-EXH-MTG-EXHAUST-PIPE-BRACKET,Nissan vehicles – KA24 engine - BRKT EXH MTG (Exhaust pipe bracket),Exhaust System,PCS,Vehicle applicability: Nissan vehicles – KA24 engine; System category: Exhaust System; Source item group: Auto Parts; Source unit: PC,1,1,1,0
,ASM-NISSAN-VEHICLES-KA24-ENGINE-INSUL-HEAT-EXH-EXHAUST-INSULATOR,Nissan vehicles – KA24 engine - Insul-heat Exh (Exhaust insulator),Exhaust System,PCS,Vehicle applicability: Nissan vehicles – KA24 engine; System category: Exhaust System; Source item group: Auto Parts; Source unit: PC,1,1,1,0
,ASM-NISSAN-VEHICLES-KA24-ENGINE-INJECTOR-FUEL-INJECTOR-NOZZLE-COMPLETE,"Nissan vehicles – KA24 engine - INJECTOR-FUEL (Injector Nozzle, complete)",Fuel Supply System,Set,Vehicle applicability: Nissan vehicles – KA24 engine; System category: Fuel Supply System; Source item group: Auto Parts; Source unit: Set,1,1,1,0
,ASM-NISSAN-VEHICLES-KA24-ENGINE-16401-VC10C-COVER-UPPER-FUEL-LIFT-PUMP,Nissan vehicles – KA24 engine - 16401-VC10C COVER-UPPER (Fuel Lift pump),Fuel Supply System,PCS,Vehicle applicability: Nissan vehicles – KA24 engine; System category: Fuel Supply System; Source item group: Auto Parts; Source unit: PC,1,1,1,0
,ASM-NISSAN-VEHICLES-KA24-ENGINE-GASKET-NOZZLE-INJECTOR-NOZZLE-SEAL,Nissan vehicles – KA24 engine - Gasket-nozzle (Injector Nozzle seal),Fuel Supply System,Set,Vehicle applicability: Nissan vehicles – KA24 engine; System category: Fuel Supply System; Source item group: Auto Parts; Source unit: Set,1,1,1,0
,ASM-NISSAN-VEHICLES-KA24-ENGINE-TUBE-ASSY-FUEL-FUEL-RETURN-PIPE,Nissan vehicles – KA24 engine - TUBE ASSY-FUEL (Fuel return pipe),Fuel Supply System,PCS,Vehicle applicability: Nissan vehicles – KA24 engine; System category: Fuel Supply System; Source item group: Auto Parts; Source unit: PC,1,1,1,0
,ASM-NISSAN-VEHICLES-KA24-ENGINE-TUBE-ASSY-INJEC-FUEL-RAIL,Nissan vehicles – KA24 engine - TUBE ASSY-INJEC (Fuel rail),Fuel Supply System,PCS,Vehicle applicability: Nissan vehicles – KA24 engine; System category: Fuel Supply System; Source item group: Auto Parts; Source unit: PC,1,1,1,0
,ASM-NISSAN-VEHICLES-KA24-ENGINE-TUBE-INJECTION-FUEL-RAIL-PIPE1,Nissan vehicles – KA24 engine - TUBE-INJECTION (Fuel rail pipe1),Fuel Supply System,PCS,Vehicle applicability: Nissan vehicles – KA24 engine; System category: Fuel Supply System; Source item group: Auto Parts; Source unit: PC,1,1,1,0
,ASM-NISSAN-VEHICLES-KA24-ENGINE-TUBE-ASSY-INJEC-FUEL-RAIL-PIPE2,Nissan vehicles – KA24 engine - TUBE ASSY-INJEC (Fuel rail pipe2),Fuel Supply System,PCS,Vehicle applicability: Nissan vehicles – KA24 engine; System category: Fuel Supply System; Source item group: Auto Parts; Source unit: PC,1,1,1,0
,ASM-NISSAN-VEHICLES-KA24-ENGINE-TUBE-ASSY-INJEC-FUEL-RAIL-PIPE3,Nissan vehicles – KA24 engine - TUBE ASSY-INJEC (Fuel rail pipe3),Fuel Supply System,PCS,Vehicle applicability: Nissan vehicles – KA24 engine; System category: Fuel Supply System; Source item group: Auto Parts; Source unit: PC,1,1,1,0
,ASM-NISSAN-VEHICLES-KA24-ENGINE-TUBE-ASSY-INJEC-FUEL-RAIL-PIPE4,Nissan vehicles – KA24 engine - TUBE ASSY-INJEC (Fuel rail pipe4),Fuel Supply System,PCS,Vehicle applicability: Nissan vehicles – KA24 engine; System category: Fuel Supply System; Source item group: Auto Parts; Source unit: PC,1,1,1,0
,ASM-NISSAN-VEHICLES-KA24-ENGINE-O-RING-TANK-BELT-CLAMP,Nissan vehicles – KA24 engine - O RING (Tank belt clamp),Fuel Supply System,PCS,Vehicle applicability: Nissan vehicles – KA24 engine; System category: Fuel Supply System; Source item group: Auto Parts; Source unit: PC,1,1,1,0
,ASM-NISSAN-VEHICLES-KA24-ENGINE-CAP-FILLER-SCRE-FUEL-TANK-CAP-RUBBER,Nissan vehicles – KA24 engine - Cap-filler-scre (Fuel tank cap - rubber),Fuel Supply System,PCS,Vehicle applicability: Nissan vehicles – KA24 engine; System category: Fuel Supply System; Source item group: Auto Parts; Source unit: PC,1,1,1,0
,ASM-NISSAN-VEHICLES-KA24-ENGINE-MANIFOLD-ASSY-I-INTAKE-MANIFOLD-ASS,Nissan vehicles – KA24 engine - Manifold Assy-I (Intake manifold ass),Fuel Supply System,PCS,Vehicle applicability: Nissan vehicles – KA24 engine; System category: Fuel Supply System; Source item group: Auto Parts; Source unit: PC,1,1,1,0
,ASM-NISSAN-VEHICLES-KA24-ENGINE-SUCTION-CONTROL-VALVE,Nissan vehicles – KA24 engine - Suction control valve,Fuel Supply System,PCS,Vehicle applicability: Nissan vehicles – KA24 engine; System category: Fuel Supply System; Source item group: Auto Parts; Source unit: PC,1,1,1,0
,ASM-NISSAN-VEHICLES-KA24-ENGINE-FUEL-FILTER-SENOSR,Nissan vehicles – KA24 engine - Fuel filter senosr,Fuel Supply System,PCS,Vehicle applicability: Nissan vehicles – KA24 engine; System category: Fuel Supply System; Source item group: Auto Parts; Source unit: PC,1,1,1,0
,ASM-NISSAN-VEHICLES-KA24-ENGINE-GASKET-MANIFOLD,Nissan vehicles – KA24 engine - Gasket-manifold,Fuel Supply System,PCS,Vehicle applicability: Nissan vehicles – KA24 engine; System category: Fuel Supply System; Source item group: Auto Parts; Source unit: PC,1,1,1,0
,ASM-NISSAN-VEHICLES-KA24-ENGINE-LINK-COMPL-FR-S-BALL-JOINT-UPPER-LH,Nissan vehicles – KA24 engine - Link Compl-fr S (Ball joint - upper LH),Suspension & Steering System,PCS,Vehicle applicability: Nissan vehicles – KA24 engine; System category: Suspension & Steering System; Source item group: Auto Parts; Source unit: PC,1,1,1,0
,ASM-NISSAN-VEHICLES-KA24-ENGINE-LINK-COMPL-RH-BALL-JOINT-UPPER-RH,Nissan vehicles – KA24 engine - LINK COMPL RH (Ball joint - upper RH),Suspension & Steering System,PCS,Vehicle applicability: Nissan vehicles – KA24 engine; System category: Suspension & Steering System; Source item group: Auto Parts; Source unit: PC,1,1,1,0
,ASM-NISSAN-VEHICLES-KA24-ENGINE-LINK-COMPL-FR-S-BALL-JOINT-LOWER-RH,Nissan vehicles – KA24 engine - Link Compl-fr S (Ball joint - lower RH),Suspension & Steering System,PCS,Vehicle applicability: Nissan vehicles – KA24 engine; System category: Suspension & Steering System; Source item group: Auto Parts; Source unit: PC,1,1,1,0
,ASM-NISSAN-VEHICLES-KA24-ENGINE-LINK-COMPL-FR-S-BALL-JOINT-LOWER-LH,Nissan vehicles – KA24 engine - Link Compl-fr S (Ball joint - lower LH),Suspension & Steering System,PCS,Vehicle applicability: Nissan vehicles – KA24 engine; System category: Suspension & Steering System; Source item group: Auto Parts; Source unit: PC,1,1,1,0
,ASM-NISSAN-VEHICLES-KA24-ENGINE-ROD-KIT-RELAY-TRACK-ROD,Nissan vehicles – KA24 engine - Rod Kit-relay * (Track rod),Suspension & Steering System,PCS,Vehicle applicability: Nissan vehicles – KA24 engine; System category: Suspension & Steering System; Source item group: Auto Parts; Source unit: PC,1,1,1,0
,ASM-NISSAN-VEHICLES-KA24-ENGINE-ROD-KIT-TIE-TIE-ROD-ENDS,Nissan vehicles – KA24 engine - Rod Kit - Tie; (Tie rod ends),Suspension & Steering System,Set,Vehicle applicability: Nissan vehicles – KA24 engine; System category: Suspension & Steering System; Source item group: Auto Parts; Source unit: Set,1,1,1,0
,ASM-NISSAN-VEHICLES-KA24-ENGINE-ABSORBER-SHOCK-FRONT-SHOCK-ABSORBERS,Nissan vehicles – KA24 engine - ABSORBER-SHOCK (Front shock absorbers),Suspension & Steering System,Set,Vehicle applicability: Nissan vehicles – KA24 engine; System category: Suspension & Steering System; Source item group: Auto Parts; Source unit: Set,1,1,1,0
,ASM-NISSAN-VEHICLES-KA24-ENGINE-BUSH-TELEX-SHOCK-ABSORBER-BUSHES,Nissan vehicles – KA24 engine - Bush *telex* (Shock absorber bushes),Suspension & Steering System,Set,Vehicle applicability: Nissan vehicles – KA24 engine; System category: Suspension & Steering System; Source item group: Auto Parts; Source unit: Set,1,1,1,0
,ASM-NISSAN-VEHICLES-KA24-ENGINE-SHOCK-RR-2WD-KA-REAR-SHOCK-ABSORBERS,Nissan vehicles – KA24 engine - Shock RR 2WD KA (rear shock absorbers),Suspension & Steering System,Set,Vehicle applicability: Nissan vehicles – KA24 engine; System category: Suspension & Steering System; Source item group: Auto Parts; Source unit: Set,1,1,1,0
,ASM-NISSAN-VEHICLES-KA24-ENGINE-BUSH-STAB-STABILISER-BAR-BUSHES-BIG,"Nissan vehicles – KA24 engine - BUSH STAB (Stabiliser bar bushes, big)",Suspension & Steering System,Set,Vehicle applicability: Nissan vehicles – KA24 engine; System category: Suspension & Steering System; Source item group: Auto Parts; Source unit: Set,1,1,1,0
,ASM-NISSAN-VEHICLES-KA24-ENGINE-STABILISER-BAR-BUSHES-SMALL,"Nissan vehicles – KA24 engine - Stabiliser bar bushes, small",Suspension & Steering System,Set,Vehicle applicability: Nissan vehicles – KA24 engine; System category: Suspension & Steering System; Source item group: Auto Parts; Source unit: Set,1,1,1,0
,ASM-NISSAN-VEHICLES-KA24-ENGINE-BUSH-RR-SPR-RR-SPRING-BUSHES-SMALL,"Nissan vehicles – KA24 engine - BUSH RR SPR RR (Spring bushes, small)",Suspension & Steering System,Set,Vehicle applicability: Nissan vehicles – KA24 engine; System category: Suspension & Steering System; Source item group: Auto Parts; Source unit: Set,1,1,1,0
,ASM-NISSAN-VEHICLES-KA24-ENGINE-BUSH-SPRING-SPRING-BUSHES-BIG,"Nissan vehicles – KA24 engine - Bush-spring (Spring bushes, big)",Suspension & Steering System,Set,Vehicle applicability: Nissan vehicles – KA24 engine; System category: Suspension & Steering System; Source item group: Auto Parts; Source unit: Set,1,1,1,0
,ASM-NISSAN-VEHICLES-KA24-ENGINE-SPRING-ASSY-RR-LEAF-SPRING-COMPLETE,"Nissan vehicles – KA24 engine - SPRING ASSY RR (Leaf spring, complete)",Suspension & Steering System,Set,Vehicle applicability: Nissan vehicles – KA24 engine; System category: Suspension & Steering System; Source item group: Auto Parts; Source unit: Set,1,1,1,0
,ASM-NISSAN-VEHICLES-KA24-ENGINE-CLIP-RR-SPRING-LEAF-SPRING-CLAMPS,Nissan vehicles – KA24 engine - Clip RR Spring (leaf spring clamps),Suspension & Steering System,PCS,Vehicle applicability: Nissan vehicles – KA24 engine; System category: Suspension & Steering System; Source item group: Auto Parts; Source unit: PC,1,1,1,0
,ASM-NISSAN-VEHICLES-KA24-ENGINE-SEAT-ASSY-RR-SP-U-BOLTS-MOUNTING-PLATES-SET,Nissan vehicles – KA24 engine - SEAT ASSY-RR SP U - bolts mounting plates - set,Suspension & Steering System,PCS,Vehicle applicability: Nissan vehicles – KA24 engine; System category: Suspension & Steering System; Source item group: Auto Parts; Source unit: PC,1,1,1,0
,ASM-NISSAN-VEHICLES-KA24-ENGINE-PAD-ASSY-RR-SPR-LEAF-SPRING-SEAT,Nissan vehicles – KA24 engine - PAD ASSY-RR SPR (Leaf spring seat),Suspension & Steering System,PCS,Vehicle applicability: Nissan vehicles – KA24 engine; System category: Suspension & Steering System; Source item group: Auto Parts; Source unit: PC,1,1,1,0
,ASM-NISSAN-VEHICLES-KA24-ENGINE-ARM-ASSY-FR-SPR-ANCHOR-ARM,Nissan vehicles – KA24 engine - ARM ASSY FR SPR (Anchor arm),Suspension & Steering System,PCS,Vehicle applicability: Nissan vehicles – KA24 engine; System category: Suspension & Steering System; Source item group: Auto Parts; Source unit: PC,1,1,1,0
,ASM-NISSAN-VEHICLES-KA24-ENGINE-ARM-ASSY-ANCHOR-ANCHOR-ARM,Nissan vehicles – KA24 engine - ARM ASSY ANCHOR (Anchor arm),Suspension & Steering System,PCS,Vehicle applicability: Nissan vehicles – KA24 engine; System category: Suspension & Steering System; Source item group: Auto Parts; Source unit: PC,1,1,1,0
,ASM-NISSAN-VEHICLES-KA24-ENGINE-PULLEY-PUMP-POWER-STEERING-PUMP-PULLEY,Nissan vehicles – KA24 engine - PULLEY-PUMP (Power steering pump pulley),Suspension & Steering System,PCS,Vehicle applicability: Nissan vehicles – KA24 engine; System category: Suspension & Steering System; Source item group: Auto Parts; Source unit: PC,1,1,1,0
,ASM-NISSAN-VEHICLES-KA24-ENGINE-POWER-PUMP-ASSY-STEERING-PUMP,Nissan vehicles – KA24 engine - Power Pump assy (Steering pump),Suspension & Steering System,PCS,Vehicle applicability: Nissan vehicles – KA24 engine; System category: Suspension & Steering System; Source item group: Auto Parts; Source unit: PC,1,1,1,0
,ASM-NISSAN-VEHICLES-KA24-ENGINE-ARMKIT-PITMAN-PITMAN-ARM,Nissan vehicles – KA24 engine - ArmKit-Pitman+- (Pitman arm),Suspension & Steering System,PCS,Vehicle applicability: Nissan vehicles – KA24 engine; System category: Suspension & Steering System; Source item group: Auto Parts; Source unit: PC,1,1,1,0
,ASM-NISSAN-VEHICLES-KA24-ENGINE-IDLER-KIT-TEL-IDLER-ARM,Nissan vehicles – KA24 engine - Idler Kit **tel (Idler arm),Suspension & Steering System,PCS,Vehicle applicability: Nissan vehicles – KA24 engine; System category: Suspension & Steering System; Source item group: Auto Parts; Source unit: PC,1,1,1,0
,ASM-NISSAN-VEHICLES-KA24-ENGINE-COLUMN-ASSY-STE-STEERING-COLUMN,Nissan vehicles – KA24 engine - COLUMN ASSY-STE (steering column),Suspension & Steering System,PCS,Vehicle applicability: Nissan vehicles – KA24 engine; System category: Suspension & Steering System; Source item group: Auto Parts; Source unit: PC,1,1,1,0
,ASM-NISSAN-VEHICLES-KA24-ENGINE-WHEEL-ASSY-STEE-STEERING-WHEEL,Nissan vehicles – KA24 engine - WHEEL ASSY-STEE (Steering wheel),Suspension & Steering System,PCS,Vehicle applicability: Nissan vehicles – KA24 engine; System category: Suspension & Steering System; Source item group: Auto Parts; Source unit: PC,1,1,1,0
,ASM-NISSAN-VEHICLES-KA24-ENGINE-TRANSFER-CASE-SEAL,Nissan vehicles – KA24 engine - Transfer case seal,Suspension & Steering System,PCS,Vehicle applicability: Nissan vehicles – KA24 engine; System category: Suspension & Steering System; Source item group: Auto Parts; Source unit: PC,1,1,1,0
,ASM-NISSAN-VEHICLES-KA24-ENGINE-BRNG-KIT-CENTR-CENTER-BEARING,Nissan vehicles – KA24 engine - BRNG. Kit Centr (Center bearing),Transmission System,PCS,Vehicle applicability: Nissan vehicles – KA24 engine; System category: Transmission System; Source item group: Auto Parts; Source unit: PC,1,1,1,0
,ASM-NISSAN-VEHICLES-KA24-ENGINE-CLUTCH-DISC-CLUTCH-PLATE,Nissan vehicles – KA24 engine - Clutch Disc (Clutch plate),Transmission System,PCS,Vehicle applicability: Nissan vehicles – KA24 engine; System category: Transmission System; Source item group: Auto Parts; Source unit: PC,1,1,1,0
,ASM-NISSAN-VEHICLES-KA24-ENGINE-COVER-CLUTCH-PRESSURE-PLATE,Nissan vehicles – KA24 engine - Cover-Clutch (Pressure plate),Transmission System,PCS,Vehicle applicability: Nissan vehicles – KA24 engine; System category: Transmission System; Source item group: Auto Parts; Source unit: PC,1,1,1,0
,ASM-NISSAN-VEHICLES-KA24-ENGINE-BEARING-CLUTCH-RELEASE-BEARING,Nissan vehicles – KA24 engine - Bearing Clutch (Release bearing),Transmission System,PCS,Vehicle applicability: Nissan vehicles – KA24 engine; System category: Transmission System; Source item group: Auto Parts; Source unit: PC,1,1,1,0
,ASM-NISSAN-VEHICLES-KA24-ENGINE-SPRING-RETURN-RETURN-SPRING,Nissan vehicles – KA24 engine - Spring-return (Return spring),Transmission System,PCS,Vehicle applicability: Nissan vehicles – KA24 engine; System category: Transmission System; Source item group: Auto Parts; Source unit: PC,1,1,1,0
,ASM-NISSAN-VEHICLES-KA24-ENGINE-PEDAL-ASSY-CLUT-CLUTCH-PEDAL-ASSEMBLY,Nissan vehicles – KA24 engine - Pedal Assy Clut (Clutch pedal assembly),Transmission System,PCS,Vehicle applicability: Nissan vehicles – KA24 engine; System category: Transmission System; Source item group: Auto Parts; Source unit: PC,1,1,1,0
,ASM-NISSAN-VEHICLES-KA24-ENGINE-TRANSMISSION-GEARBOX-ASSEMBLY,Nissan vehicles – KA24 engine - TRANSMISSION (Gearbox assembly),Transmission System,PCS,Vehicle applicability: Nissan vehicles – KA24 engine; System category: Transmission System; Source item group: Auto Parts; Source unit: PC,1,1,1,0
,ASM-NISSAN-VEHICLES-KA24-ENGINE-RR-EXC-BRAKES-A,Nissan vehicles – KA24 engine - RR EXC BRAKES A (,Transmission System,PCS,Vehicle applicability: Nissan vehicles – KA24 engine; System category: Transmission System; Source item group: Auto Parts; Source unit: PC,1,1,1,0
,ASM-NISSAN-VEHICLES-KA24-ENGINE-SFT-RR-AXLE-RH-DIFFERENTIAL-SHAFT-RH,Nissan vehicles – KA24 engine - SFT-RR AXLE RH (Differential shaft RH),Transmission System,PCS,Vehicle applicability: Nissan vehicles – KA24 engine; System category: Transmission System; Source item group: Auto Parts; Source unit: PC,1,1,1,0
,ASM-NISSAN-VEHICLES-KA24-ENGINE-SFT-RR-AXLE-DIFFERENTIAL-SHAFT-LH,Nissan vehicles – KA24 engine - SFT-RR Axle (Differential shaft LH),Transmission System,PCS,Vehicle applicability: Nissan vehicles – KA24 engine; System category: Transmission System; Source item group: Auto Parts; Source unit: PC,1,1,1,0
,ASM-NISSAN-VEHICLES-KA24-ENGINE-SEAL-GREASE-R-GREASE-SEAL,Nissan vehicles – KA24 engine - Seal - Grease R (Grease seal),Transmission System,PCS,Vehicle applicability: Nissan vehicles – KA24 engine; System category: Transmission System; Source item group: Auto Parts; Source unit: PC,1,1,1,0
,ASM-NISSAN-VEHICLES-KA24-ENGINE-BRG-ASSY-TAPE,Nissan vehicles – KA24 engine - BRG Assy - Tape,Transmission System,Set,Vehicle applicability: Nissan vehicles – KA24 engine; System category: Transmission System; Source item group: Auto Parts; Source unit: Set,1,1,1,0
,ASM-NISSAN-VEHICLES-KA24-ENGINE-FLYWHELL-ASSY,Nissan vehicles – KA24 engine - FLYWHELL ASSY,Transmission System,PCS,Vehicle applicability: Nissan vehicles – KA24 engine; System category: Transmission System; Source item group: Auto Parts; Source unit: PC,1,1,1,0
,ASM-NISSAN-VEHICLES-KA24-ENGINE-SEAL-TRANSFER-CASE-SEAL,Nissan vehicles – KA24 engine - Seal (Transfer case seal),Transmission System,PCS,Vehicle applicability: Nissan vehicles – KA24 engine; System category: Transmission System; Source item group: Auto Parts; Source unit: PC,1,1,1,0
,ASM-NISSAN-VEHICLES-KA24-ENGINE-INSULATOR-ENGIN-GEARBOX-MOUNTINGS,Nissan vehicles – KA24 engine - INSULATOR-ENGIN (Gearbox mountings),Transmission System,Set,Vehicle applicability: Nissan vehicles – KA24 engine; System category: Transmission System; Source item group: Auto Parts; Source unit: Set,1,1,1,0
,ASM-NISSAN-VEHICLES-KA24-ENGINE-CASE-TRANSFER-F-TRANSFER-CASE-FRONT,"Nissan vehicles – KA24 engine - Case Transfer F (Transfer case, front)",Transmission System,PCS,Vehicle applicability: Nissan vehicles – KA24 engine; System category: Transmission System; Source item group: Auto Parts; Source unit: PC,1,1,1,0
,ASM-NISSAN-VEHICLES-KA24-ENGINE-CASE-TRANSFER-CASE-CENTER,"Nissan vehicles – KA24 engine - Case (Transfer case, center)",Transmission System,PCS,Vehicle applicability: Nissan vehicles – KA24 engine; System category: Transmission System; Source item group: Auto Parts; Source unit: PC,1,1,1,0
,ASM-NISSAN-VEHICLES-KA24-ENGINE-CASE-TRANSFER-DIFFERENTIAL-CASE,Nissan vehicles – KA24 engine - CASE-TRANSFER (Differential case),Transmission System,PCS,Vehicle applicability: Nissan vehicles – KA24 engine; System category: Transmission System; Source item group: Auto Parts; Source unit: PC,1,1,1,0
,ASM-NISSAN-VEHICLES-KA24-ENGINE-HIGH-GEAR-COVER,Nissan vehicles – KA24 engine - High gear cover,Transmission System,PCS,Vehicle applicability: Nissan vehicles – KA24 engine; System category: Transmission System; Source item group: Auto Parts; Source unit: PC,1,1,1,0
,ASM-NISSAN-VEHICLES-KA24-ENGINE-CROSS-BEARING,Nissan vehicles – KA24 engine - Cross bearing,Transmission System,PCS,Vehicle applicability: Nissan vehicles – KA24 engine; System category: Transmission System; Source item group: Auto Parts; Source unit: PC,1,1,1,0
,ASM-NISSAN-VEHICLES-KA24-ENGINE-ALLOY-WHEEL-RIM,Nissan vehicles – KA24 engine - Alloy Wheel (Rim),Transmission System,PCS,Vehicle applicability: Nissan vehicles – KA24 engine; System category: Transmission System; Source item group: Auto Parts; Source unit: PC,1,1,1,0
,ASM-NISSAN-VEHICLES-KA24-ENGINE-TYRE-REPAIR-PER-TYRE,Nissan vehicles – KA24 engine - Tyre repair (per tyre),Transmission System,PCS,Vehicle applicability: Nissan vehicles – KA24 engine; System category: Transmission System; Source item group: Auto Parts; Source unit: PC,1,1,1,0
,ASM-NISSAN-VEHICLES-KA24-ENGINE-WRENCH-WHL-NUT-WHEEL-SPANNER,Nissan vehicles – KA24 engine - WRENCH WHL NUT (Wheel spanner),Transmission System,PCS,Vehicle applicability: Nissan vehicles – KA24 engine; System category: Transmission System; Source item group: Auto Parts; Source unit: PC,1,1,1,0
,ASM-NISSAN-VEHICLES-KA24-ENGINE-WHEEL-BOLT-WHEEL-STUD-FRONT,"Nissan vehicles – KA24 engine - WHEEL BOLT (Wheel stud, front)",Transmission System,PCS,Vehicle applicability: Nissan vehicles – KA24 engine; System category: Transmission System; Source item group: Auto Parts; Source unit: PC,1,1,1,0
,ASM-NISSAN-VEHICLES-KA24-ENGINE-BOLT-HUB-WHEEL-STUD-REAR,"Nissan vehicles – KA24 engine - BOLT-HUB (Wheel stud,rear)",Transmission System,PCS,Vehicle applicability: Nissan vehicles – KA24 engine; System category: Transmission System; Source item group: Auto Parts; Source unit: PC,1,1,1,0
,ASM-NISSAN-VEHICLES-KA24-ENGINE-COMPRESSOR-AC-PUMP,Nissan vehicles – KA24 engine - Compressor (AC pump),Air Conditioning System,PCS,Vehicle applicability: Nissan vehicles – KA24 engine; System category: Air Conditioning System; Source item group: Auto Parts; Source unit: PC,1,1,1,0
,ASM-NISSAN-VEHICLES-KA24-ENGINE-PIPE-ASSY-FR-COOLER-HIGH-CONDENSER,Nissan vehicles – KA24 engine - Pipe Assy-Fr cooler High (Condenser),Air Conditioning System,PCS,Vehicle applicability: Nissan vehicles – KA24 engine; System category: Air Conditioning System; Source item group: Auto Parts; Source unit: PC,1,1,1,0
,ASM-NISSAN-VEHICLES-KA24-ENGINE-VALVE-EXPANSION-EXPANSION-VALVE,Nissan vehicles – KA24 engine - VALVE-EXPANSION (Expansion valve),Air Conditioning System,PCS,Vehicle applicability: Nissan vehicles – KA24 engine; System category: Air Conditioning System; Source item group: Auto Parts; Source unit: PC,1,1,1,0
,ASM-NISSAN-VEHICLES-KA24-ENGINE-EVAPORATOR-ASSY-AC-EVAPORATOR,Nissan vehicles – KA24 engine - Evaporator Assy (Ac evaporator),Air Conditioning System,PCS,Vehicle applicability: Nissan vehicles – KA24 engine; System category: Air Conditioning System; Source item group: Auto Parts; Source unit: PC,1,1,1,0
,ASM-NISSAN-VEHICLES-KA24-ENGINE-RELAY-LIGHT-AC-RELAY,Nissan vehicles – KA24 engine - RELAY-LIGHT (AC relay),Air Conditioning System,PCS,Vehicle applicability: Nissan vehicles – KA24 engine; System category: Air Conditioning System; Source item group: Auto Parts; Source unit: PC,1,1,1,0
,ASM-NISSAN-VEHICLES-KA24-ENGINE-CONT-ASSY-AIR-C-AC-SELECTOR-KNOB-ASSY,Nissan vehicles – KA24 engine - CONT ASSY-AIR C (AC selector knob assy),Air Conditioning System,PCS,Vehicle applicability: Nissan vehicles – KA24 engine; System category: Air Conditioning System; Source item group: Auto Parts; Source unit: PC,1,1,1,0
,ASM-NISSAN-VEHICLES-KA24-ENGINE-AC-GAS,Nissan vehicles – KA24 engine - Ac gas,Air Conditioning System,Gram,Vehicle applicability: Nissan vehicles – KA24 engine; System category: Air Conditioning System; Source item group: Auto Parts; Source unit: Gram,1,1,1,0
,ASM-NISSAN-VEHICLES-KA24-ENGINE-SINGLE-WIPER-BLADE-19-WIPER-BALDE,Nissan vehicles – KA24 engine - single wiper blade 19 (Wiper balde),Wiper System,PCS,Vehicle applicability: Nissan vehicles – KA24 engine; System category: Wiper System; Source item group: Auto Parts; Source unit: PC,1,1,1,0
,ASM-NISSAN-VEHICLES-KA24-ENGINE-MOTOR-A-WIPER-WIPER-MOTOR,Nissan vehicles – KA24 engine - MOTOR A-WIPER (Wiper motor),Wiper System,PCS,Vehicle applicability: Nissan vehicles – KA24 engine; System category: Wiper System; Source item group: Auto Parts; Source unit: PC,1,1,1,0
,ASM-NISSAN-VEHICLES-KA24-ENGINE-WIPER-ARM,Nissan vehicles – KA24 engine - Wiper Arm,Wiper System,PCS,Vehicle applicability: Nissan vehicles – KA24 engine; System category: Wiper System; Source item group: Auto Parts; Source unit: PC,1,1,1,0
,ASM-NISSAN-VEHICLES-KA24-ENGINE-WIPER-HOSE,Nissan vehicles – KA24 engine - Wiper hose,Wiper System,PCS,Vehicle applicability: Nissan vehicles – KA24 engine; System category: Wiper System; Source item group: Auto Parts; Source unit: PC,1,1,1,0
,ASM-NISSAN-VEHICLES-KA24-ENGINE-BULB-HEAD-LAMP,Nissan vehicles – KA24 engine - Bulb Head Lamp,Electrical System,PCS,Vehicle applicability: Nissan vehicles – KA24 engine; System category: Electrical System; Source item group: Auto Parts; Source unit: PC,1,1,1,0
,ASM-NISSAN-VEHICLES-KA24-ENGINE-LAMP-ASSY-LH-HEADLAMP-LHS,Nissan vehicles – KA24 engine - LAMP ASSY-LH (Headlamp LHS),Electrical System,PCS,Vehicle applicability: Nissan vehicles – KA24 engine; System category: Electrical System; Source item group: Auto Parts; Source unit: PC,1,1,1,0
,ASM-NISSAN-VEHICLES-KA24-ENGINE-LAMP-ASSY-HEAD-HEADLAMP-RHS,Nissan vehicles – KA24 engine - LAMP ASSY-HEAD (Headlamp RHS),Electrical System,PCS,Vehicle applicability: Nissan vehicles – KA24 engine; System category: Electrical System; Source item group: Auto Parts; Source unit: PC,1,1,1,0
,ASM-NISSAN-VEHICLES-KA24-ENGINE-PLUG-GLOW-GLOW-PLUGS,Nissan vehicles – KA24 engine - Plug-glow (Glow plugs),Electrical System,Set,Vehicle applicability: Nissan vehicles – KA24 engine; System category: Electrical System; Source item group: Auto Parts; Source unit: Set,1,1,1,0
,ASM-NISSAN-VEHICLES-KA24-ENGINE-BULB-12V5W-PARKING-BULB,Nissan vehicles – KA24 engine - Bulb 12V5W (Parking bulb),Electrical System,PCS,Vehicle applicability: Nissan vehicles – KA24 engine; System category: Electrical System; Source item group: Auto Parts; Source unit: PC,1,1,1,0
,ASM-NISSAN-VEHICLES-KA24-ENGINE-DOUBLE-FILAMENT-ROUND-BASED-BRAKE-BULB,Nissan vehicles – KA24 engine - Double filament round based (Brake bulb),Electrical System,PCS,Vehicle applicability: Nissan vehicles – KA24 engine; System category: Electrical System; Source item group: Auto Parts; Source unit: PC,1,1,1,0
,ASM-NISSAN-VEHICLES-KA24-ENGINE-BULB-BRAKE-BULB-SINGLE-FILAMENT,"Nissan vehicles – KA24 engine - BULB (Brake bulb, single filament)",Electrical System,PCS,Vehicle applicability: Nissan vehicles – KA24 engine; System category: Electrical System; Source item group: Auto Parts; Source unit: PC,1,1,1,0
,ASM-NISSAN-VEHICLES-KA24-ENGINE-BODY-COMB-SW-SPIRAL-CABLE,Nissan vehicles – KA24 engine - BODY-COMB SW (Spiral cable),Electrical System,PCS,Vehicle applicability: Nissan vehicles – KA24 engine; System category: Electrical System; Source item group: Auto Parts; Source unit: PC,1,1,1,0
,ASM-NISSAN-VEHICLES-KA24-ENGINE-FUSE-MINI-10A,Nissan vehicles – KA24 engine - Fuse-mini 10A,Electrical System,PCS,Vehicle applicability: Nissan vehicles – KA24 engine; System category: Electrical System; Source item group: Auto Parts; Source unit: PC,1,1,1,0
,ASM-NISSAN-VEHICLES-KA24-ENGINE-FUSE-MINI-15AM,Nissan vehicles – KA24 engine - Fuse-mini 15AM,Electrical System,PCS,Vehicle applicability: Nissan vehicles – KA24 engine; System category: Electrical System; Source item group: Auto Parts; Source unit: PC,1,1,1,0
,ASM-NISSAN-VEHICLES-KA24-ENGINE-FUSE-MINI,Nissan vehicles – KA24 engine - Fuse-mini,Electrical System,PCS,Vehicle applicability: Nissan vehicles – KA24 engine; System category: Electrical System; Source item group: Auto Parts; Source unit: PC,1,1,1,0
,ASM-NISSAN-VEHICLES-KA24-ENGINE-TGM-BULB-INDICATOR,Nissan vehicles – KA24 engine - TGM BULB INDICATOR,Electrical System,PCS,Vehicle applicability: Nissan vehicles – KA24 engine; System category: Electrical System; Source item group: Auto Parts; Source unit: PC,1,1,1,0
,ASM-NISSAN-VEHICLES-KA24-ENGINE-ALTERNATOR-ASSY,Nissan vehicles – KA24 engine - ALTERNATOR ASSY,Electrical System,PCS,Vehicle applicability: Nissan vehicles – KA24 engine; System category: Electrical System; Source item group: Auto Parts; Source unit: PC,1,1,1,0
,ASM-NISSAN-VEHICLES-KA24-ENGINE-LAMP-ASSY-FOG-L,Nissan vehicles – KA24 engine - LAMP ASSY-FOG L,Electrical System,PCS,Vehicle applicability: Nissan vehicles – KA24 engine; System category: Electrical System; Source item group: Auto Parts; Source unit: PC,1,1,1,0
,ASM-NISSAN-VEHICLES-KA24-ENGINE-LAMP-ASSY-FOG-R,"Nissan vehicles – KA24 engine - LAMP ASSY-FOG,R",Electrical System,PCS,Vehicle applicability: Nissan vehicles – KA24 engine; System category: Electrical System; Source item group: Auto Parts; Source unit: PC,1,1,1,0
,ASM-NISSAN-VEHICLES-KA24-ENGINE-BULB-FOG-LAMP,Nissan vehicles – KA24 engine - Bulb-fog Lamp,Electrical System,Set,Vehicle applicability: Nissan vehicles – KA24 engine; System category: Electrical System; Source item group: Auto Parts; Source unit: Set,1,1,1,0
,ASM-NISSAN-VEHICLES-KA24-ENGINE-SW-AUTO-POWER-W-POWER-WINDOW-SWITCH-MAIN,"Nissan vehicles – KA24 engine - SW-AUTO-POWER-W (Power window switch, main)",Electrical System,PCS,Vehicle applicability: Nissan vehicles – KA24 engine; System category: Electrical System; Source item group: Auto Parts; Source unit: PC,1,1,1,0
,ASM-NISSAN-VEHICLES-KA24-ENGINE-SITCH-ASSY-POWER-WINDOW-SWITCH-REAR,"Nissan vehicles – KA24 engine - SITCH ASSY (Power window switch, rear)",Electrical System,Set,Vehicle applicability: Nissan vehicles – KA24 engine; System category: Electrical System; Source item group: Auto Parts; Source unit: Set,1,1,1,0
,ASM-NISSAN-VEHICLES-KA24-ENGINE-SW-ASSY-P-WINDW-POWER-WINDOW-SWITCH-CO-DRIVER-S-DOOR,"Nissan vehicles – KA24 engine - SW ASSY-P/WINDW (Power window switch, co-driver's door)",Electrical System,PCS,Vehicle applicability: Nissan vehicles – KA24 engine; System category: Electrical System; Source item group: Auto Parts; Source unit: PC,1,1,1,0
,ASM-NISSAN-VEHICLES-KA24-ENGINE-REGULATOR-ASSY-DRIVER-S-DOOR-REGULATOR,Nissan vehicles – KA24 engine - Regulator Assy- (Driver's door regulator),Electrical System,PCS,Vehicle applicability: Nissan vehicles – KA24 engine; System category: Electrical System; Source item group: Auto Parts; Source unit: PC,1,1,1,0
,ASM-NISSAN-VEHICLES-KA24-ENGINE-REGULATOR-DOOR-CO-DRIVER-S-DOOR-REGULATOR,Nissan vehicles – KA24 engine - REGULATOR-DOOR (Co-driver's door regulator),Electrical System,PCS,Vehicle applicability: Nissan vehicles – KA24 engine; System category: Electrical System; Source item group: Auto Parts; Source unit: PC,1,1,1,0
,ASM-NISSAN-VEHICLES-KA24-ENGINE-DOOR-REGULATOR-WINDOW-REGULATOR-REAR-DOOR,"Nissan vehicles – KA24 engine - Door regulator (Window regulator, rear door)",Electrical System,PCS,Vehicle applicability: Nissan vehicles – KA24 engine; System category: Electrical System; Source item group: Auto Parts; Source unit: PC,1,1,1,0
,ASM-NISSAN-VEHICLES-KA24-ENGINE-STARTER-MOTOR,Nissan vehicles – KA24 engine - Starter Motor,Electrical System,PCS,Vehicle applicability: Nissan vehicles – KA24 engine; System category: Electrical System; Source item group: Auto Parts; Source unit: PC,1,1,1,0
,ASM-NISSAN-VEHICLES-KA24-ENGINE-LAMP-ASSY-RR-TAIL-LAMP-RHS,Nissan vehicles – KA24 engine - Lamp Assy Rr.** (Tail lamp RHS),Electrical System,PCS,Vehicle applicability: Nissan vehicles – KA24 engine; System category: Electrical System; Source item group: Auto Parts; Source unit: PC,1,1,1,0
,ASM-NISSAN-VEHICLES-KA24-ENGINE-LAMP-ASSY-RR-TAIL-LAMP-LHS,Nissan vehicles – KA24 engine - Lamp Assy Rr.** (Tail lamp LHS),Electrical System,PCS,Vehicle applicability: Nissan vehicles – KA24 engine; System category: Electrical System; Source item group: Auto Parts; Source unit: PC,1,1,1,0
,ASM-NISSAN-VEHICLES-KA24-ENGINE-70-AMP-MAINTENANCE-FREE-BATTERY,Nissan vehicles – KA24 engine - 70 Amp Maintenance free battery,Electrical System,PCS,Vehicle applicability: Nissan vehicles – KA24 engine; System category: Electrical System; Source item group: Auto Parts; Source unit: PC,1,1,1,0
,ASM-NISSAN-VEHICLES-KA24-ENGINE-RADIO,Nissan vehicles – KA24 engine - Radio,Electrical System,PCS,Vehicle applicability: Nissan vehicles – KA24 engine; System category: Electrical System; Source item group: Auto Parts; Source unit: PC,1,1,1,0
,ASM-NISSAN-VEHICLES-KA24-ENGINE-MIRROR-ASSY-DR-SIDE-MIRROR-COMPLETE,"Nissan vehicles – KA24 engine - Mirror Assy DR (Side mirror, complete)",Electrical System,PCS,Vehicle applicability: Nissan vehicles – KA24 engine; System category: Electrical System; Source item group: Auto Parts; Source unit: PC,1,1,1,0
,ASM-NISSAN-VEHICLES-KA24-ENGINE-GLASS-FR-WIND-WINDSCREEN,Nissan vehicles – KA24 engine - GLASS-FR WIND (Windscreen),Electrical System,PCS,Vehicle applicability: Nissan vehicles – KA24 engine; System category: Electrical System; Source item group: Auto Parts; Source unit: PC,1,1,1,0
,ASM-NISSAN-VEHICLES-KA24-ENGINE-RUBBER-SEALANT,Nissan vehicles – KA24 engine - Rubber Sealant,Electrical System,PCS,Vehicle applicability: Nissan vehicles – KA24 engine; System category: Electrical System; Source item group: Auto Parts; Source unit: PC,1,1,1,0
,ASM-NISSAN-VEHICLES-KA24-ENGINE-MLDG-WS-UPPER-UPPER-WINDSCREEN-MOLDING,Nissan vehicles – KA24 engine - MLDG WS UPPER (Upper windscreen molding,Electrical System,PCS,Vehicle applicability: Nissan vehicles – KA24 engine; System category: Electrical System; Source item group: Auto Parts; Source unit: PC,1,1,1,0
,ASM-NISSAN-VEHICLES-KA24-ENGINE-RUBBER-DUMDUM-RUBBER,Nissan vehicles – KA24 engine - RUBBER-DUMDum rubber,Electrical System,PCS,Vehicle applicability: Nissan vehicles – KA24 engine; System category: Electrical System; Source item group: Auto Parts; Source unit: PC,1,1,1,0
,ASM-NISSAN-VEHICLES-KA24-ENGINE-MUD-FLAP-FRONT,Nissan vehicles – KA24 engine - MUD FLAP-FRONT,Electrical System,PCS,Vehicle applicability: Nissan vehicles – KA24 engine; System category: Electrical System; Source item group: Auto Parts; Source unit: PC,1,1,1,0
,ASM-NISSAN-VEHICLES-KA24-ENGINE-MUD-GUARD-RR-RH,Nissan vehicles – KA24 engine - MUD GUARD-RR RH,Electrical System,PCS,Vehicle applicability: Nissan vehicles – KA24 engine; System category: Electrical System; Source item group: Auto Parts; Source unit: PC,1,1,1,0
,ASM-NISSAN-VEHICLES-KA24-ENGINE-MUD-GUARD-RR-LH,Nissan vehicles – KA24 engine - MUD GUARD-RR LH,Electrical System,PCS,Vehicle applicability: Nissan vehicles – KA24 engine; System category: Electrical System; Source item group: Auto Parts; Source unit: PC,1,1,1,0
,ASM-NISSAN-VEHICLES-KA24-ENGINE-GLASS-FR-DR-LH,Nissan vehicles – KA24 engine - GLASS FR DR LH,Electrical System,PCS,Vehicle applicability: Nissan vehicles – KA24 engine; System category: Electrical System; Source item group: Auto Parts; Source unit: PC,1,1,1,0
,ASM-NISSAN-VEHICLES-KA24-ENGINE-GLASS-FR-DR-RH,Nissan vehicles – KA24 engine - GLASS FR DR RH,Electrical System,PCS,Vehicle applicability: Nissan vehicles – KA24 engine; System category: Electrical System; Source item group: Auto Parts; Source unit: PC,1,1,1,0
,ASM-NISSAN-VEHICLES-KA24-ENGINE-GLASS-RR-DR-LH,Nissan vehicles – KA24 engine - glaSS RR DR LH,Electrical System,PCS,Vehicle applicability: Nissan vehicles – KA24 engine; System category: Electrical System; Source item group: Auto Parts; Source unit: PC,1,1,1,0
,ASM-NISSAN-VEHICLES-KA24-ENGINE-GLASS-RR-DR-RH,Nissan vehicles – KA24 engine - GLASS RR DR RH,Electrical System,PCS,Vehicle applicability: Nissan vehicles – KA24 engine; System category: Electrical System; Source item group: Auto Parts; Source unit: PC,1,1,1,0
,ASM-NISSAN-VEHICLES-KA24-ENGINE-GRILLE-RADIATOR,Nissan vehicles – KA24 engine - GRILLE-RADIATOR,Electrical System,PCS,Vehicle applicability: Nissan vehicles – KA24 engine; System category: Electrical System; Source item group: Auto Parts; Source unit: PC,1,1,1,0
,ASM-NISSAN-VEHICLES-KA24-ENGINE-ASSY-FR-DOOR-OUTS-OUTER-DOOR-HANDLE-DRIVER-S-DOOR,"Nissan vehicles – KA24 engine - Assy- Fr Door outs (Outer door handle, driver's door)",Electrical System,PCS,Vehicle applicability: Nissan vehicles – KA24 engine; System category: Electrical System; Source item group: Auto Parts; Source unit: PC,1,1,1,0
,ASM-NISSAN-VEHICLES-KA24-ENGINE-HANDLE-ASSY-FR-OUTER-DOOR-HANDLE-CO-DRIVER-S-DOOR,"Nissan vehicles – KA24 engine - HANDLE ASSY-FR (Outer door handle, co- driver's door)",Electrical System,PCS,Vehicle applicability: Nissan vehicles – KA24 engine; System category: Electrical System; Source item group: Auto Parts; Source unit: PC,1,1,1,0
,ASM-NISSAN-VEHICLES-KA24-ENGINE-ASY-FR-DR-INS-L-INNER-DOOR-HANDLE-LH,"Nissan vehicles – KA24 engine - ASY FR DR INS L (Inner door handle, LH)",Electrical System,PCS,Vehicle applicability: Nissan vehicles – KA24 engine; System category: Electrical System; Source item group: Auto Parts; Source unit: PC,1,1,1,0
,ASM-NISSAN-VEHICLES-KA24-ENGINE-ASY-FR-DR-INS-R-INNER-DOOR-HANDE-RH,"Nissan vehicles – KA24 engine - ASY FR DR INS R (Inner door hande, RH)",Electrical System,PCS,Vehicle applicability: Nissan vehicles – KA24 engine; System category: Electrical System; Source item group: Auto Parts; Source unit: PC,1,1,1,0
,ASM-NISSAN-VEHICLES-KA24-ENGINE-ANTENNA,Nissan vehicles – KA24 engine - Antenna,Electrical System,PCS,Vehicle applicability: Nissan vehicles – KA24 engine; System category: Electrical System; Source item group: Auto Parts; Source unit: PC,1,1,1,0
,ASM-NISSAN-VEHICLES-KA24-ENGINE-LOCK-ASSY-FR-DO-DOOR-LOCK,Nissan vehicles – KA24 engine - LOCK ASSY-FR DO (door lock),Electrical System,PCS,Vehicle applicability: Nissan vehicles – KA24 engine; System category: Electrical System; Source item group: Auto Parts; Source unit: PC,1,1,1,0
,ASM-NISSAN-VEHICLES-KA24-ENGINE-VAD-D22-FRT-MOULDED-BMPR-FRONT-BUMPER,Nissan vehicles – KA24 engine - VAD D22 FRT MOULDED BMPR (Front bumper),Electrical System,PCS,Vehicle applicability: Nissan vehicles – KA24 engine; System category: Electrical System; Source item group: Auto Parts; Source unit: PC,1,1,1,0
,ASM-NISSAN-VEHICLES-KA24-ENGINE-REINF-ASSY-FRNT-FRONT-REINFORCEMENT-BUMPER,Nissan vehicles – KA24 engine - Reinf assy frnt (Front reinforcement bumper),Electrical System,PCS,Vehicle applicability: Nissan vehicles – KA24 engine; System category: Electrical System; Source item group: Auto Parts; Source unit: PC,1,1,1,0
,ASM-NISSAN-VEHICLES-KA24-ENGINE-BUMPER-REAR-REAR-BUMPER,Nissan vehicles – KA24 engine - BUMPER-REAR (Rear bumper),Electrical System,PCS,Vehicle applicability: Nissan vehicles – KA24 engine; System category: Electrical System; Source item group: Auto Parts; Source unit: PC,1,1,1,0
,ASM-NISSAN-VEHICLES-KA24-ENGINE-CABLE-COMPL-HOO-BONNET-CABLE,Nissan vehicles – KA24 engine - CABLE COMPL HOO (Bonnet cable),Electrical System,PCS,Vehicle applicability: Nissan vehicles – KA24 engine; System category: Electrical System; Source item group: Auto Parts; Source unit: PC,1,1,1,0
,ASM-NISSAN-VEHICLES-KA24-ENGINE-REFLECTOR-PAIR,"Nissan vehicles – KA24 engine - Reflector, pair",Electrical System,Set,Vehicle applicability: Nissan vehicles – KA24 engine; System category: Electrical System; Source item group: Auto Parts; Source unit: Set,1,1,1,0
,ASM-NISSAN-VEHICLES-KA24-ENGINE-MIR-ASSY-INSIDE-DRIVING-MIRROR,Nissan vehicles – KA24 engine - MIR ASSY INSIDE (Driving mirror),Electrical System,PCS,Vehicle applicability: Nissan vehicles – KA24 engine; System category: Electrical System; Source item group: Auto Parts; Source unit: PC,1,1,1,0
,ASM-NISSAN-VEHICLES-KA24-ENGINE-SUNVISOR-LH,Nissan vehicles – KA24 engine - SUNVISOR LH,Electrical System,PCS,Vehicle applicability: Nissan vehicles – KA24 engine; System category: Electrical System; Source item group: Auto Parts; Source unit: PC,1,1,1,0
,ASM-NISSAN-VEHICLES-KA24-ENGINE-SUNVISOR-RH,Nissan vehicles – KA24 engine - SUNVISOR RH,Electrical System,PCS,Vehicle applicability: Nissan vehicles – KA24 engine; System category: Electrical System; Source item group: Auto Parts; Source unit: PC,1,1,1,0
,ASM-NISSAN-VEHICLES-KA24-ENGINE-JACK-COMPL-JACK,Nissan vehicles – KA24 engine - JACK COMPL (Jack),Electrical System,PCS,Vehicle applicability: Nissan vehicles – KA24 engine; System category: Electrical System; Source item group: Auto Parts; Source unit: PC,1,1,1,0
,ASM-NISSAN-VEHICLES-KA24-ENGINE-ROD-ASSY-JACK-JACK-HANDLE,Nissan vehicles – KA24 engine - ROD ASSY JACK (Jack handle),Electrical System,PCS,Vehicle applicability: Nissan vehicles – KA24 engine; System category: Electrical System; Source item group: Auto Parts; Source unit: PC,1,1,1,0
,ASM-NISSAN-VEHICLES-KA24-ENGINE-WARNING-TRIANGLE,Nissan vehicles – KA24 engine - Warning triangle,Electrical System,Set,Vehicle applicability: Nissan vehicles – KA24 engine; System category: Electrical System; Source item group: Auto Parts; Source unit: Set,1,1,1,0
,ASM-NISSAN-VEHICLES-KA24-ENGINE-EY-SET-AND-LOCK,Nissan vehicles – KA24 engine - EY SET & LOCK,Electrical System,Set,Vehicle applicability: Nissan vehicles – KA24 engine; System category: Electrical System; Source item group: Auto Parts; Source unit: Set,1,1,1,0
,ASM-NISSAN-VEHICLES-KA24-ENGINE-SEAT-BELT-FR-LH,Nissan vehicles – KA24 engine - SEAT BELT FR LH,Electrical System,PCS,Vehicle applicability: Nissan vehicles – KA24 engine; System category: Electrical System; Source item group: Auto Parts; Source unit: PC,1,1,1,0
,ASM-NISSAN-VEHICLES-KA24-ENGINE-SEAT-BELT-FR-RHS,Nissan vehicles – KA24 engine - SEAT BELT FR RHS,Electrical System,PCS,Vehicle applicability: Nissan vehicles – KA24 engine; System category: Electrical System; Source item group: Auto Parts; Source unit: PC,1,1,1,0
,ASM-NISSAN-VEHICLES-KA24-ENGINE-SEAT-BELT-REAR-LH,Nissan vehicles – KA24 engine - SEAT BELT REAR LH,Electrical System,PCS,Vehicle applicability: Nissan vehicles – KA24 engine; System category: Electrical System; Source item group: Auto Parts; Source unit: PC,1,1,1,0
,ASM-NISSAN-VEHICLES-KA24-ENGINE-SEAT-BELT-REAR-RHS,Nissan vehicles – KA24 engine - SEAT BELT REAR RHS,Electrical System,PCS,Vehicle applicability: Nissan vehicles – KA24 engine; System category: Electrical System; Source item group: Auto Parts; Source unit: PC,1,1,1,0
,ASM-NISSAN-VEHICLES-KA24-ENGINE-DOOR-HINGE-FR-L,Nissan vehicles – KA24 engine - DOOR HINGE FR L,Electrical System,PCS,Vehicle applicability: Nissan vehicles – KA24 engine; System category: Electrical System; Source item group: Auto Parts; Source unit: PC,1,1,1,0
,ASM-NISSAN-VEHICLES-KA24-ENGINE-DOOR-HINGE-F-UPR,Nissan vehicles – KA24 engine - DOOR HINGE F UPR,Electrical System,PCS,Vehicle applicability: Nissan vehicles – KA24 engine; System category: Electrical System; Source item group: Auto Parts; Source unit: PC,1,1,1,0
,ASM-NISSAN-VEHICLES-KA24-ENGINE-HINGE-RR-LWR-L,Nissan vehicles – KA24 engine - HINGE RR LWR L,Electrical System,PCS,Vehicle applicability: Nissan vehicles – KA24 engine; System category: Electrical System; Source item group: Auto Parts; Source unit: PC,1,1,1,0
,ASM-NISSAN-VEHICLES-KA24-ENGINE-HINGE-RR-LWR-R,Nissan vehicles – KA24 engine - HINGE RR LWR R,Electrical System,PCS,Vehicle applicability: Nissan vehicles – KA24 engine; System category: Electrical System; Source item group: Auto Parts; Source unit: PC,1,1,1,0
,ASM-NISSAN-VEHICLES-KA24-ENGINE-HINGE-RR-DR-UPR-L,Nissan vehicles – KA24 engine - HINGE RR DR UPR L,Electrical System,PCS,Vehicle applicability: Nissan vehicles – KA24 engine; System category: Electrical System; Source item group: Auto Parts; Source unit: PC,1,1,1,0
,ASM-NISSAN-VEHICLES-KA24-ENGINE-HINGE-RR-DR-UPR-R,Nissan vehicles – KA24 engine - HINGE RR DR UPR R,Electrical System,PCS,Vehicle applicability: Nissan vehicles – KA24 engine; System category: Electrical System; Source item group: Auto Parts; Source unit: PC,1,1,1,0
,ASM-NISSAN-VEHICLES-KA24-ENGINE-HINGE-RR-DR-LWR,Nissan vehicles – KA24 engine - HINGE RR DR LWR,Electrical System,PCS,Vehicle applicability: Nissan vehicles – KA24 engine; System category: Electrical System; Source item group: Auto Parts; Source unit: PC,1,1,1,0
,ASM-NISSAN-VEHICLES-KA24-ENGINE-INSUL-BODY-MTG-MIDDLE-CABIN-MOUNTINGS,Nissan vehicles – KA24 engine - INSUL BODY MTG (middle cabin mountings),Other Miscellaneous Parts,Set,Vehicle applicability: Nissan vehicles – KA24 engine; System category: Other Miscellaneous Parts; Source item group: Auto Parts; Source unit: Set,1,1,1,0
,ASM-NISSAN-VEHICLES-KA24-ENGINE-INSULATOR-3RD-FRONT-BODY-MOUNTINGS,Nissan vehicles – KA24 engine - INSULATOR-3RD (Front body mountings),Other Miscellaneous Parts,Set,Vehicle applicability: Nissan vehicles – KA24 engine; System category: Other Miscellaneous Parts; Source item group: Auto Parts; Source unit: Set,1,1,1,0
,ASM-NISSAN-VEHICLES-KA24-ENGINE-RUB-BODY-MTG-4T-REAR-BODY-MOUNTINGS,Nissan vehicles – KA24 engine - RUB-BODY MTG 4T (Rear body mountings),Other Miscellaneous Parts,Set,Vehicle applicability: Nissan vehicles – KA24 engine; System category: Other Miscellaneous Parts; Source item group: Auto Parts; Source unit: Set,1,1,1,0
,ASM-NISSAN-VEHICLES-KA24-ENGINE-MALE-ASSY-HOOD-BONNET-LOCK,Nissan vehicles – KA24 engine - MALE ASSY-HOOD (Bonnet lock),Other Miscellaneous Parts,PCS,Vehicle applicability: Nissan vehicles – KA24 engine; System category: Other Miscellaneous Parts; Source item group: Auto Parts; Source unit: PC,1,1,1,0
,ASM-NISSAN-VEHICLES-KA24-ENGINE-RUB-BMPR-HOOD-FRONT-BONNET-RUBBERS,Nissan vehicles – KA24 engine - RUB BMPR HOOD (Front bonnet rubbers),Other Miscellaneous Parts,PCS,Vehicle applicability: Nissan vehicles – KA24 engine; System category: Other Miscellaneous Parts; Source item group: Auto Parts; Source unit: PC,1,1,1,0
,ASM-NISSAN-VEHICLES-KA24-ENGINE-BMPR-HOODLEDGE-BONNET-SIDE-RUBBERS,Nissan vehicles – KA24 engine - BMPR HOODLEDGE (Bonnet side rubbers),Other Miscellaneous Parts,PCS,Vehicle applicability: Nissan vehicles – KA24 engine; System category: Other Miscellaneous Parts; Source item group: Auto Parts; Source unit: PC,1,1,1,0
,ASM-NISSAN-VEHICLES-KA24-ENGINE-PANEL-ASSY-INST-BONNET,Nissan vehicles – KA24 engine - Panel assy-inst (Bonnet),Other Miscellaneous Parts,PCS,Vehicle applicability: Nissan vehicles – KA24 engine; System category: Other Miscellaneous Parts; Source item group: Auto Parts; Source unit: PC,1,1,1,0
,ASM-NISSAN-VEHICLES-KA24-ENGINE-FLOOR-MATS-RUBBER,"Nissan vehicles – KA24 engine - Floor mats, rubber",Other Miscellaneous Parts,Set,Vehicle applicability: Nissan vehicles – KA24 engine; System category: Other Miscellaneous Parts; Source item group: Auto Parts; Source unit: Set,1,1,1,0
,ASM-NISSAN-VEHICLES-KA24-ENGINE-CHECK-LINK-FR-D-SEAL,Nissan vehicles – KA24 engine - CHECK LINK FR D (Seal),Other Miscellaneous Parts,PCS,Vehicle applicability: Nissan vehicles – KA24 engine; System category: Other Miscellaneous Parts; Source item group: Auto Parts; Source unit: PC,1,1,1,0
,ASM-NISSAN-VEHICLES-KA24-ENGINE-HORN-ASSY-LOW-TONE-HORN,Nissan vehicles – KA24 engine - HORN ASSY (Low tone horn),Other Miscellaneous Parts,PCS,Vehicle applicability: Nissan vehicles – KA24 engine; System category: Other Miscellaneous Parts; Source item group: Auto Parts; Source unit: PC,1,1,1,0
,ASM-NISSAN-VEHICLES-KA24-ENGINE-HORN-ASSY-HIGH-HIGH-TONE-HORN,Nissan vehicles – KA24 engine - HORN ASSY-HIGH (High tone horn),Other Miscellaneous Parts,PCS,Vehicle applicability: Nissan vehicles – KA24 engine; System category: Other Miscellaneous Parts; Source item group: Auto Parts; Source unit: PC,1,1,1,0
,ASM-NISSAN-VEHICLES-KA24-ENGINE-BASE-FLAT-GASKET,Nissan vehicles – KA24 engine - Base (Flat gasket),Other Miscellaneous Parts,PCS,Vehicle applicability: Nissan vehicles – KA24 engine; System category: Other Miscellaneous Parts; Source item group: Auto Parts; Source unit: PC,1,1,1,0
,ASM-NISSAN-VEHICLES-KA24-ENGINE-VAD-ROLL-BAR-D-CENTRAL-LOCK-SWITCH,Nissan vehicles – KA24 engine - VAD Roll Bar D/ (Central lock switch),Other Miscellaneous Parts,PCS,Vehicle applicability: Nissan vehicles – KA24 engine; System category: Other Miscellaneous Parts; Source item group: Auto Parts; Source unit: PC,1,1,1,0
,ASM-NISSAN-VEHICLES-KA24-ENGINE-FIRST-AID-KIT,Nissan vehicles – KA24 engine - First aid kit,Other Miscellaneous Parts,PCS,Vehicle applicability: Nissan vehicles – KA24 engine; System category: Other Miscellaneous Parts; Source item group: Auto Parts; Source unit: PC,1,1,1,0
,ASM-NISSAN-VEHICLES-KA24-ENGINE-VAD-CMPL-SLIDE-SIDE-STEP-RH,Nissan vehicles – KA24 engine - VAD CMPL-SLIDE (Side step RH),Other Miscellaneous Parts,PCS,Vehicle applicability: Nissan vehicles – KA24 engine; System category: Other Miscellaneous Parts; Source item group: Auto Parts; Source unit: PC,1,1,1,0
,ASM-NISSAN-VEHICLES-KA24-ENGINE-VAD-CMPL-SLIDE-SIDE-STEP-LH,Nissan vehicles – KA24 engine - VAD CMPL-SLIDE (Side step LH),Other Miscellaneous Parts,PCS,Vehicle applicability: Nissan vehicles – KA24 engine; System category: Other Miscellaneous Parts; Source item group: Auto Parts; Source unit: PC,1,1,1,0
,ASM-NISSAN-VEHICLES-KA24-ENGINE-BOLT-STOP-STOPPER-BOLT,Nissan vehicles – KA24 engine - BOLT STOP (Stopper bolt),Other Miscellaneous Parts,PCS,Vehicle applicability: Nissan vehicles – KA24 engine; System category: Other Miscellaneous Parts; Source item group: Auto Parts; Source unit: PC,1,1,1,0
,ASM-NISSAN-VEHICLES-KA24-ENGINE-CAP-BOLT-STRG-S,Nissan vehicles – KA24 engine - Cap-bolt STRG S,Other Miscellaneous Parts,PCS,Vehicle applicability: Nissan vehicles – KA24 engine; System category: Other Miscellaneous Parts; Source item group: Auto Parts; Source unit: PC,1,1,1,0
,ASM-NISSAN-VEHICLES-KA24-ENGINE-ENGINE-OIL-PETROL-ENGINE-OIL,Nissan vehicles – KA24 engine - Engine oil (Petrol engine oil),Services,Litre,Vehicle applicability: Nissan vehicles – KA24 engine; System category: Service; Source item group: Auto Parts; Source unit: Litre,1,1,1,0
,ASM-NISSAN-VEHICLES-KA24-ENGINE-BRAKE-FLUID,Nissan vehicles – KA24 engine - Brake fluid,Services,0.25L,Vehicle applicability: Nissan vehicles – KA24 engine; System category: Service; Source item group: Auto Parts; Source unit: 0.25L,1,1,1,0
,ASM-NISSAN-VEHICLES-KA24-ENGINE-TRANSMISSION-OIL-GL4-75-W85,Nissan vehicles – KA24 engine - Transmission oil GL4 75-W85,Services,Litre,Vehicle applicability: Nissan vehicles – KA24 engine; System category: Service; Source item group: Auto Parts; Source unit: Litre,1,1,1,0
,ASM-NISSAN-VEHICLES-KA24-ENGINE-COOLANT-TOTAL,Nissan vehicles – KA24 engine - Coolant Total,Services,Litre,Vehicle applicability: Nissan vehicles – KA24 engine; System category: Service; Source item group: Auto Parts; Source unit: Litre,1,1,1,0
,ASM-NISSAN-VEHICLES-KA24-ENGINE-ATF-FLUIDMATIC-D2-1L-TRANSFER-CASE-OIL,Nissan vehicles – KA24 engine - ATF FLUIDMATIC D2 1L (Transfer case oil),Services,Litre,Vehicle applicability: Nissan vehicles – KA24 engine; System category: Service; Source item group: Auto Parts; Source unit: Litre,1,1,1,0
,ASM-NISSAN-VEHICLES-KA24-ENGINE-SUNDRY,Nissan vehicles – KA24 engine - SUNDRY,Services,Unit,Vehicle applicability: Nissan vehicles – KA24 engine; System category: Service; Source item group: Auto Parts; Source unit: blank,1,1,1,0
,ASM-NISSAN-VEHICLES-KA24-ENGINE-FUEL-STRAINER,Nissan vehicles – KA24 engine - FUEL STRAINER,Services,PCS,Vehicle applicability: Nissan vehicles – KA24 engine; System category: Service; Source item group: Auto Parts; Source unit: PC,1,1,1,0
,ASM-NISSAN-VEHICLES-KA24-ENGINE-FILTER-ASSY-FUE-FUEL-FILTER,Nissan vehicles – KA24 engine - FILTER ASSY-FUE (Fuel filter),Services,PCS,Vehicle applicability: Nissan vehicles – KA24 engine; System category: Service; Source item group: Auto Parts; Source unit: PC,1,1,1,0
,ASM-NISSAN-VEHICLES-KA24-ENGINE-ELEMENT-ASSY-AIR-CLEANER,Nissan vehicles – KA24 engine - ELEMENT ASSY (Air cleaner),Services,PCS,Vehicle applicability: Nissan vehicles – KA24 engine; System category: Service; Source item group: Auto Parts; Source unit: PC,1,1,1,0
,ASM-NISSAN-VEHICLES-KA24-ENGINE-GEAR-OIL-HYPOID-1L-DIFFERENTIAL-OIL-85W90,Nissan vehicles – KA24 engine - GEAR OIL-HYPOID 1L (Differential oil 85W90,Services,Litre,Vehicle applicability: Nissan vehicles – KA24 engine; System category: Service; Source item group: Auto Parts; Source unit: Litre,1,1,1,0
,ASM-NISSAN-VEHICLES-KA24-ENGINE-WASHER-DRAIN,Nissan vehicles – KA24 engine - WASHER DRAIN,Services,PCS,Vehicle applicability: Nissan vehicles – KA24 engine; System category: Service; Source item group: Auto Parts; Source unit: PC,1,1,1,0
,ASM-NISSAN-PATROL-Y61-ZD30-ENGINE-BRAKE-PADS-FRONT,Nissan Patrol Y61 – ZD30 engine - Brake pads - Front,Unclassified,Set,Vehicle applicability: Nissan Patrol Y61 – ZD30 engine; System category: Unclassified; Source item group: Auto Parts; Source unit: 1Set,1,1,1,0
,ASM-NISSAN-PATROL-Y61-ZD30-ENGINE-BRAKE-PADS-REAR,Nissan Patrol Y61 – ZD30 engine - Brake Pads - Rear,Unclassified,Set,Vehicle applicability: Nissan Patrol Y61 – ZD30 engine; System category: Unclassified; Source item group: Auto Parts; Source unit: 1Set,1,1,1,0
,ASM-NISSAN-PATROL-Y61-ZD30-ENGINE-BRAKE-SHOES,Nissan Patrol Y61 – ZD30 engine - Brake Shoes,Unclassified,Set,Vehicle applicability: Nissan Patrol Y61 – ZD30 engine; System category: Unclassified; Source item group: Auto Parts; Source unit: 1Set,1,1,1,0
,ASM-NISSAN-PATROL-Y61-ZD30-ENGINE-BRAKE-BOOSTER,Nissan Patrol Y61 – ZD30 engine - Brake booster,Unclassified,PCS,Vehicle applicability: Nissan Patrol Y61 – ZD30 engine; System category: Unclassified; Source item group: Auto Parts; Source unit: Pc,1,1,1,0
,ASM-NISSAN-PATROL-Y61-ZD30-ENGINE-BRAKE-DISC,Nissan Patrol Y61 – ZD30 engine - Brake disc,Unclassified,PCS,Vehicle applicability: Nissan Patrol Y61 – ZD30 engine; System category: Unclassified; Source item group: Auto Parts; Source unit: Pc,1,1,1,0
,ASM-NISSAN-PATROL-Y61-ZD30-ENGINE-BRAKE-DRUM,Nissan Patrol Y61 – ZD30 engine - Brake drum,Unclassified,PCS,Vehicle applicability: Nissan Patrol Y61 – ZD30 engine; System category: Unclassified; Source item group: Auto Parts; Source unit: Pc,1,1,1,0
,ASM-NISSAN-PATROL-Y61-ZD30-ENGINE-FRONT-CALIPER-BRACKET-RUBBERS,Nissan Patrol Y61 – ZD30 engine - Front caliper Bracket rubbers,Unclassified,Set,Vehicle applicability: Nissan Patrol Y61 – ZD30 engine; System category: Unclassified; Source item group: Auto Parts; Source unit: Set,1,1,1,0
,ASM-NISSAN-PATROL-Y61-ZD30-ENGINE-FRONT-CALIPER-BOLTS-UPPER,Nissan Patrol Y61 – ZD30 engine - Front Caliper bolts Upper,Unclassified,PCS,Vehicle applicability: Nissan Patrol Y61 – ZD30 engine; System category: Unclassified; Source item group: Auto Parts; Source unit: Pc,1,1,1,0
,ASM-NISSAN-PATROL-Y61-ZD30-ENGINE-FRONT-CALIPER-BOLTS-LOWER,Nissan Patrol Y61 – ZD30 engine - Front Caliper bolts lower,Unclassified,PCS,Vehicle applicability: Nissan Patrol Y61 – ZD30 engine; System category: Unclassified; Source item group: Auto Parts; Source unit: Pc,1,1,1,0
,ASM-NISSAN-PATROL-Y61-ZD30-ENGINE-REAR-CALIPER-BOLTS-UPPER,Nissan Patrol Y61 – ZD30 engine - Rear caliper bolts Upper,Unclassified,PCS,Vehicle applicability: Nissan Patrol Y61 – ZD30 engine; System category: Unclassified; Source item group: Auto Parts; Source unit: Pc,1,1,1,0
,ASM-NISSAN-PATROL-Y61-ZD30-ENGINE-REAR-CALIPER-BOLTS-LOWER,Nissan Patrol Y61 – ZD30 engine - Rear caliper bolts Lower,Unclassified,PCS,Vehicle applicability: Nissan Patrol Y61 – ZD30 engine; System category: Unclassified; Source item group: Auto Parts; Source unit: Pc,1,1,1,0
,ASM-NISSAN-PATROL-Y61-ZD30-ENGINE-BRAKE-CALIPER,Nissan Patrol Y61 – ZD30 engine - Brake Caliper,Unclassified,PCS,Vehicle applicability: Nissan Patrol Y61 – ZD30 engine; System category: Unclassified; Source item group: Auto Parts; Source unit: Pc,1,1,1,0
,ASM-NISSAN-PATROL-Y61-ZD30-ENGINE-MASTER-CYLINDER-KIT,Nissan Patrol Y61 – ZD30 engine - Master cylinder /kit,Unclassified,PCS,Vehicle applicability: Nissan Patrol Y61 – ZD30 engine; System category: Unclassified; Source item group: Auto Parts; Source unit: Pc,1,1,1,0
,ASM-NISSAN-PATROL-Y61-ZD30-ENGINE-SLEEVE-CYLINDER-ASSEMBLEY,Nissan Patrol Y61 – ZD30 engine - Sleeve Cylinder assembley,Unclassified,PCS,Vehicle applicability: Nissan Patrol Y61 – ZD30 engine; System category: Unclassified; Source item group: Auto Parts; Source unit: Pc,1,1,1,0
,ASM-NISSAN-PATROL-Y61-ZD30-ENGINE-HAND-BRAKE-CABLES-LONG,Nissan Patrol Y61 – ZD30 engine - Hand brake cables LONG,Unclassified,Unit,Vehicle applicability: Nissan Patrol Y61 – ZD30 engine; System category: Unclassified; Source item group: Auto Parts; Source unit: blank,1,1,1,0
,ASM-NISSAN-PATROL-Y61-ZD30-ENGINE-HAND-BRAKE-CABLES-SHORT,Nissan Patrol Y61 – ZD30 engine - Hand brake cables SHORT,Unclassified,PCS,Vehicle applicability: Nissan Patrol Y61 – ZD30 engine; System category: Unclassified; Source item group: Auto Parts; Source unit: Pc,1,1,1,0
,ASM-NISSAN-PATROL-Y61-ZD30-ENGINE-PARK-BRAKE-LEVER-HANDLE,Nissan Patrol Y61 – ZD30 engine - Park Brake Lever Handle,Unclassified,PCS,Vehicle applicability: Nissan Patrol Y61 – ZD30 engine; System category: Unclassified; Source item group: Auto Parts; Source unit: Pc,1,1,1,0
,ASM-NISSAN-PATROL-Y61-ZD30-ENGINE-BRAKE-MASTER-CYCLINDER,Nissan Patrol Y61 – ZD30 engine - Brake master cyclinder,Unclassified,PCS,Vehicle applicability: Nissan Patrol Y61 – ZD30 engine; System category: Unclassified; Source item group: Auto Parts; Source unit: Pc,1,1,1,0
,ASM-NISSAN-PATROL-Y61-ZD30-ENGINE-BRAKE-SERVO,Nissan Patrol Y61 – ZD30 engine - Brake Servo,Unclassified,PCS,Vehicle applicability: Nissan Patrol Y61 – ZD30 engine; System category: Unclassified; Source item group: Auto Parts; Source unit: Pc,1,1,1,0
,ASM-NISSAN-PATROL-Y61-ZD30-ENGINE-BRAKE-SHIMS,Nissan Patrol Y61 – ZD30 engine - Brake shims,Unclassified,Set,Vehicle applicability: Nissan Patrol Y61 – ZD30 engine; System category: Unclassified; Source item group: Auto Parts; Source unit: Set,1,1,1,0
,ASM-NISSAN-PATROL-Y61-ZD30-ENGINE-BRAKE-BOLTS,Nissan Patrol Y61 – ZD30 engine - Brake Bolts,Unclassified,PCS,Vehicle applicability: Nissan Patrol Y61 – ZD30 engine; System category: Unclassified; Source item group: Auto Parts; Source unit: Pc,1,1,1,0
,ASM-NISSAN-PATROL-Y61-ZD30-ENGINE-WHEEL-HUB-BEARINGS-FRONT-INNER,Nissan Patrol Y61 – ZD30 engine - Wheel hub bearings front inner,Axle,PCS,Vehicle applicability: Nissan Patrol Y61 – ZD30 engine; System category: Axle; Source item group: Auto Parts; Source unit: Pc,1,1,1,0
,ASM-NISSAN-PATROL-Y61-ZD30-ENGINE-WHEEL-HUB-BEARINGS-REAR-OUTER,Nissan Patrol Y61 – ZD30 engine - wheel hub bearings rear outer,Axle,PCS,Vehicle applicability: Nissan Patrol Y61 – ZD30 engine; System category: Axle; Source item group: Auto Parts; Source unit: Pc,1,1,1,0
,ASM-NISSAN-PATROL-Y61-ZD30-ENGINE-FRONT-GREASE-SEALS,Nissan Patrol Y61 – ZD30 engine - Front grease seals,Axle,PCS,Vehicle applicability: Nissan Patrol Y61 – ZD30 engine; System category: Axle; Source item group: Auto Parts; Source unit: Pc,1,1,1,0
,ASM-NISSAN-PATROL-Y61-ZD30-ENGINE-HUB-CAP,Nissan Patrol Y61 – ZD30 engine - Hub cap,Axle,PCS,Vehicle applicability: Nissan Patrol Y61 – ZD30 engine; System category: Axle; Source item group: Auto Parts; Source unit: Pc,1,1,1,0
,ASM-NISSAN-PATROL-Y61-ZD30-ENGINE-ACCELERATOR-CABLE,Nissan Patrol Y61 – ZD30 engine - Accelerator cable,Axle,PCS,Vehicle applicability: Nissan Patrol Y61 – ZD30 engine; System category: Axle; Source item group: Auto Parts; Source unit: Pc,1,1,1,0
,ASM-NISSAN-PATROL-Y61-ZD30-ENGINE-REAR-WHEEL-CYLINDERS,Nissan Patrol Y61 – ZD30 engine - Rear wheel cylinders,Axle,PCS,Vehicle applicability: Nissan Patrol Y61 – ZD30 engine; System category: Axle; Source item group: Auto Parts; Source unit: Pc,1,1,1,0
,ASM-NISSAN-PATROL-Y61-ZD30-ENGINE-THRUST-BEARINGS,Nissan Patrol Y61 – ZD30 engine - Thrust bearings,Axle,PCS,Vehicle applicability: Nissan Patrol Y61 – ZD30 engine; System category: Axle; Source item group: Auto Parts; Source unit: Pc,1,1,1,0
,ASM-NISSAN-PATROL-Y61-ZD30-ENGINE-WHEEL-BEARING-SEALS,Nissan Patrol Y61 – ZD30 engine - wheel bearing seals,Axle,PCS,Vehicle applicability: Nissan Patrol Y61 – ZD30 engine; System category: Axle; Source item group: Auto Parts; Source unit: Pc,1,1,1,0
,ASM-NISSAN-PATROL-Y61-ZD30-ENGINE-WHEEL-LOCKING-NUTS-WASHERS-AND-PIN,"Nissan Patrol Y61 – ZD30 engine - Wheel locking nuts,Washers & Pin",Axle,PCS,Vehicle applicability: Nissan Patrol Y61 – ZD30 engine; System category: Axle; Source item group: Auto Parts; Source unit: Pc,1,1,1,0
,ASM-NISSAN-PATROL-Y61-ZD30-ENGINE-WHEEL-CYLINDER,Nissan Patrol Y61 – ZD30 engine - wheel cylinder,Axle,PCS,Vehicle applicability: Nissan Patrol Y61 – ZD30 engine; System category: Axle; Source item group: Auto Parts; Source unit: Pc,1,1,1,0
,ASM-NISSAN-PATROL-Y61-ZD30-ENGINE-WHEEL-HUB-BEARINGS-FRONT-OUTER,Nissan Patrol Y61 – ZD30 engine - Wheel hub bearings front outer,Axle,PCS,Vehicle applicability: Nissan Patrol Y61 – ZD30 engine; System category: Axle; Source item group: Auto Parts; Source unit: Pc,1,1,1,0
,ASM-NISSAN-PATROL-Y61-ZD30-ENGINE-WHEEL-HUB-BEARINGS-REAR-INNER,Nissan Patrol Y61 – ZD30 engine - wheel hub bearings rear inner,Axle,PCS,Vehicle applicability: Nissan Patrol Y61 – ZD30 engine; System category: Axle; Source item group: Auto Parts; Source unit: Pc,1,1,1,0
,ASM-NISSAN-PATROL-Y61-ZD30-ENGINE-ALTERNATOR-BELTS-SET,Nissan Patrol Y61 – ZD30 engine - Alternator Belts -set,Engine Components,Set,Vehicle applicability: Nissan Patrol Y61 – ZD30 engine; System category: Engine Components; Source item group: Auto Parts; Source unit: Set,1,1,1,0
,ASM-NISSAN-PATROL-Y61-ZD30-ENGINE-TIMING-TENSIONER,Nissan Patrol Y61 – ZD30 engine - Timing Tensioner,Engine Components,PCS,Vehicle applicability: Nissan Patrol Y61 – ZD30 engine; System category: Engine Components; Source item group: Auto Parts; Source unit: Pc,1,1,1,0
,ASM-NISSAN-PATROL-Y61-ZD30-ENGINE-GUIDE-TIMING-CHAIN-LOOSE-SIDE,"Nissan Patrol Y61 – ZD30 engine - Guide,Timing chain loose side",Engine Components,PCS,Vehicle applicability: Nissan Patrol Y61 – ZD30 engine; System category: Engine Components; Source item group: Auto Parts; Source unit: Pc,1,1,1,0
,ASM-NISSAN-PATROL-Y61-ZD30-ENGINE-GUIDE-TIMING-CHAIN-TENSION-SIDE,"Nissan Patrol Y61 – ZD30 engine - Guide,Timing chain Tension side",Engine Components,PCS,Vehicle applicability: Nissan Patrol Y61 – ZD30 engine; System category: Engine Components; Source item group: Auto Parts; Source unit: Pc,1,1,1,0
,ASM-NISSAN-PATROL-Y61-ZD30-ENGINE-TIMING-CHAIN,Nissan Patrol Y61 – ZD30 engine - Timing chain,Engine Components,PCS,Vehicle applicability: Nissan Patrol Y61 – ZD30 engine; System category: Engine Components; Source item group: Auto Parts; Source unit: Pc,1,1,1,0
,ASM-NISSAN-PATROL-Y61-ZD30-ENGINE-CRANKSHAFT-OIL-SEAL,Nissan Patrol Y61 – ZD30 engine - Crankshaft oil seal,Engine Components,PCS,Vehicle applicability: Nissan Patrol Y61 – ZD30 engine; System category: Engine Components; Source item group: Auto Parts; Source unit: Pc,1,1,1,0
,ASM-NISSAN-PATROL-Y61-ZD30-ENGINE-CYLINDER-HEAD-GASKET,Nissan Patrol Y61 – ZD30 engine - Cylinder head gasket,Engine Components,PCS,Vehicle applicability: Nissan Patrol Y61 – ZD30 engine; System category: Engine Components; Source item group: Auto Parts; Source unit: Pc,1,1,1,0
,ASM-NISSAN-PATROL-Y61-ZD30-ENGINE-ENGINE-MOUNTINGS,Nissan Patrol Y61 – ZD30 engine - Engine mountings,Engine Components,PCS,Vehicle applicability: Nissan Patrol Y61 – ZD30 engine; System category: Engine Components; Source item group: Auto Parts; Source unit: Pc,1,1,1,0
,ASM-NISSAN-PATROL-Y61-ZD30-ENGINE-ROCKER-COVER-GASKET,Nissan Patrol Y61 – ZD30 engine - Rocker cover gasket,Engine Components,PCS,Vehicle applicability: Nissan Patrol Y61 – ZD30 engine; System category: Engine Components; Source item group: Auto Parts; Source unit: Pc,1,1,1,0
,ASM-NISSAN-PATROL-Y61-ZD30-ENGINE-DRAIN-NUT,Nissan Patrol Y61 – ZD30 engine - Drain Nut,Engine Components,PCS,Vehicle applicability: Nissan Patrol Y61 – ZD30 engine; System category: Engine Components; Source item group: Auto Parts; Source unit: Pc,1,1,1,0
,ASM-NISSAN-PATROL-Y61-ZD30-ENGINE-TENSIONER-GASKET,Nissan Patrol Y61 – ZD30 engine - Tensioner Gasket,Engine Components,PCS,Vehicle applicability: Nissan Patrol Y61 – ZD30 engine; System category: Engine Components; Source item group: Auto Parts; Source unit: Pc,1,1,1,0
,ASM-NISSAN-PATROL-Y61-ZD30-ENGINE-GAUGE-UNIT-WATER-TEMPERATURE,"Nissan Patrol Y61 – ZD30 engine - Gauge Unit,water temperature",Engine Components,PCS,Vehicle applicability: Nissan Patrol Y61 – ZD30 engine; System category: Engine Components; Source item group: Auto Parts; Source unit: Pc,1,1,1,0
,ASM-NISSAN-PATROL-Y61-ZD30-ENGINE-ENGINE-BLOCK,Nissan Patrol Y61 – ZD30 engine - Engine block,Engine Components,PCS,Vehicle applicability: Nissan Patrol Y61 – ZD30 engine; System category: Engine Components; Source item group: Auto Parts; Source unit: Pc,1,1,1,0
,ASM-NISSAN-PATROL-Y61-ZD30-ENGINE-PISTON-RING-SET,Nissan Patrol Y61 – ZD30 engine - Piston Ring - set,Engine Components,Set,Vehicle applicability: Nissan Patrol Y61 – ZD30 engine; System category: Engine Components; Source item group: Auto Parts; Source unit: Set,1,1,1,0
,ASM-NISSAN-PATROL-Y61-ZD30-ENGINE-PISTONS,Nissan Patrol Y61 – ZD30 engine - Pistons,Engine Components,PCS,Vehicle applicability: Nissan Patrol Y61 – ZD30 engine; System category: Engine Components; Source item group: Auto Parts; Source unit: Pc,1,1,1,0
,ASM-NISSAN-PATROL-Y61-ZD30-ENGINE-MAIN-BEARINGS-SET,Nissan Patrol Y61 – ZD30 engine - Main bearings set,Engine Components,Set,Vehicle applicability: Nissan Patrol Y61 – ZD30 engine; System category: Engine Components; Source item group: Auto Parts; Source unit: Set,1,1,1,0
,ASM-NISSAN-PATROL-Y61-ZD30-ENGINE-PIECE-BEARING-SET,Nissan Patrol Y61 – ZD30 engine - Piece Bearing - Set,Engine Components,Set,Vehicle applicability: Nissan Patrol Y61 – ZD30 engine; System category: Engine Components; Source item group: Auto Parts; Source unit: Set,1,1,1,0
,ASM-NISSAN-PATROL-Y61-ZD30-ENGINE-BLOCK-SLEEVING,Nissan Patrol Y61 – ZD30 engine - Block Sleeving,Engine Components,PCS,Vehicle applicability: Nissan Patrol Y61 – ZD30 engine; System category: Engine Components; Source item group: Auto Parts; Source unit: Pc,1,1,1,0
,ASM-NISSAN-PATROL-Y61-ZD30-ENGINE-OVERHAUL-GASKET,Nissan Patrol Y61 – ZD30 engine - Overhaul gasket,Engine Components,PCS,Vehicle applicability: Nissan Patrol Y61 – ZD30 engine; System category: Engine Components; Source item group: Auto Parts; Source unit: Pc,1,1,1,0
,ASM-NISSAN-PATROL-Y61-ZD30-ENGINE-OIL-PUMP-ASSY,Nissan Patrol Y61 – ZD30 engine - Oil pump Assy,Engine Components,PCS,Vehicle applicability: Nissan Patrol Y61 – ZD30 engine; System category: Engine Components; Source item group: Auto Parts; Source unit: Pc,1,1,1,0
,ASM-NISSAN-PATROL-Y61-ZD30-ENGINE-CONNECTING-RODS,Nissan Patrol Y61 – ZD30 engine - Connecting rods,Engine Components,PCS,Vehicle applicability: Nissan Patrol Y61 – ZD30 engine; System category: Engine Components; Source item group: Auto Parts; Source unit: Pc,1,1,1,0
,ASM-NISSAN-PATROL-Y61-ZD30-ENGINE-CYLINDER-HEAD,Nissan Patrol Y61 – ZD30 engine - Cylinder head,Engine Components,PCS,Vehicle applicability: Nissan Patrol Y61 – ZD30 engine; System category: Engine Components; Source item group: Auto Parts; Source unit: Pc,1,1,1,0
,ASM-NISSAN-PATROL-Y61-ZD30-ENGINE-CYLINDER-HEAD-REFACING,Nissan Patrol Y61 – ZD30 engine - Cylinder head Refacing,Engine Components,PCS,Vehicle applicability: Nissan Patrol Y61 – ZD30 engine; System category: Engine Components; Source item group: Auto Parts; Source unit: Pc,1,1,1,0
,ASM-NISSAN-PATROL-Y61-ZD30-ENGINE-LINE-BORE,Nissan Patrol Y61 – ZD30 engine - Line bore,Engine Components,PCS,Vehicle applicability: Nissan Patrol Y61 – ZD30 engine; System category: Engine Components; Source item group: Auto Parts; Source unit: Pc,1,1,1,0
,ASM-NISSAN-PATROL-Y61-ZD30-ENGINE-SEALANT-TUBE-ENGINE,Nissan Patrol Y61 – ZD30 engine - Sealant tube - Engine,Engine Components,PCS,Vehicle applicability: Nissan Patrol Y61 – ZD30 engine; System category: Engine Components; Source item group: Auto Parts; Source unit: Pc,1,1,1,0
,ASM-NISSAN-PATROL-Y61-ZD30-ENGINE-GASKET-CYLINDER-HEAD,Nissan Patrol Y61 – ZD30 engine - Gasket cylinder head,Engine Components,PCS,Vehicle applicability: Nissan Patrol Y61 – ZD30 engine; System category: Engine Components; Source item group: Auto Parts; Source unit: Pc,1,1,1,0
,ASM-NISSAN-PATROL-Y61-ZD30-ENGINE-COOLANT-HOSE-PIPE,Nissan Patrol Y61 – ZD30 engine - Coolant hose Pipe,Engine Cooling System,PCS,Vehicle applicability: Nissan Patrol Y61 – ZD30 engine; System category: Engine Cooling System; Source item group: Auto Parts; Source unit: Pc,1,1,1,0
,ASM-NISSAN-PATROL-Y61-ZD30-ENGINE-COOLING-FAN,Nissan Patrol Y61 – ZD30 engine - Cooling fan,Engine Cooling System,PCS,Vehicle applicability: Nissan Patrol Y61 – ZD30 engine; System category: Engine Cooling System; Source item group: Auto Parts; Source unit: Pc,1,1,1,0
,ASM-NISSAN-PATROL-Y61-ZD30-ENGINE-FAN-BLADE,Nissan Patrol Y61 – ZD30 engine - Fan blade,Engine Cooling System,PCS,Vehicle applicability: Nissan Patrol Y61 – ZD30 engine; System category: Engine Cooling System; Source item group: Auto Parts; Source unit: Pc,1,1,1,0
,ASM-NISSAN-PATROL-Y61-ZD30-ENGINE-RADIATOR-COMPLETE,Nissan Patrol Y61 – ZD30 engine - Radiator complete,Engine Cooling System,PCS,Vehicle applicability: Nissan Patrol Y61 – ZD30 engine; System category: Engine Cooling System; Source item group: Auto Parts; Source unit: Pc,1,1,1,0
,ASM-NISSAN-PATROL-Y61-ZD30-ENGINE-RADIATOR-PRESSURE-CAP,Nissan Patrol Y61 – ZD30 engine - Radiator pressure cap,Engine Cooling System,PCS,Vehicle applicability: Nissan Patrol Y61 – ZD30 engine; System category: Engine Cooling System; Source item group: Auto Parts; Source unit: Pc,1,1,1,0
,ASM-NISSAN-PATROL-Y61-ZD30-ENGINE-RADIATOR-MOUNTINGS,Nissan Patrol Y61 – ZD30 engine - Radiator mountings,Engine Cooling System,PCS,Vehicle applicability: Nissan Patrol Y61 – ZD30 engine; System category: Engine Cooling System; Source item group: Auto Parts; Source unit: Pc,1,1,1,0
,ASM-NISSAN-PATROL-Y61-ZD30-ENGINE-BLEEDER-BOLT,Nissan Patrol Y61 – ZD30 engine - Bleeder bolt,Engine Cooling System,PCS,Vehicle applicability: Nissan Patrol Y61 – ZD30 engine; System category: Engine Cooling System; Source item group: Auto Parts; Source unit: Pc,1,1,1,0
,ASM-NISSAN-PATROL-Y61-ZD30-ENGINE-RESERVOIR-TANK-PIPE,Nissan Patrol Y61 – ZD30 engine - Reservoir tank pipe,Engine Cooling System,PCS,Vehicle applicability: Nissan Patrol Y61 – ZD30 engine; System category: Engine Cooling System; Source item group: Auto Parts; Source unit: Pc,1,1,1,0
,ASM-NISSAN-PATROL-Y61-ZD30-ENGINE-NOZZLE-NIPPLES,Nissan Patrol Y61 – ZD30 engine - Nozzle nipples,Engine Cooling System,PCS,Vehicle applicability: Nissan Patrol Y61 – ZD30 engine; System category: Engine Cooling System; Source item group: Auto Parts; Source unit: Pc,1,1,1,0
,ASM-NISSAN-PATROL-Y61-ZD30-ENGINE-NOZZLE-WASHERS,Nissan Patrol Y61 – ZD30 engine - Nozzle washers,Engine Cooling System,PCS,Vehicle applicability: Nissan Patrol Y61 – ZD30 engine; System category: Engine Cooling System; Source item group: Auto Parts; Source unit: Pc,1,1,1,0
,ASM-NISSAN-PATROL-Y61-ZD30-ENGINE-RESERVOIR-TANK,Nissan Patrol Y61 – ZD30 engine - Reservoir tank,Engine Cooling System,PCS,Vehicle applicability: Nissan Patrol Y61 – ZD30 engine; System category: Engine Cooling System; Source item group: Auto Parts; Source unit: Pc,1,1,1,0
,ASM-NISSAN-PATROL-Y61-ZD30-ENGINE-AIR-CLEANER-HOUSING,Nissan Patrol Y61 – ZD30 engine - Air cleaner housing,Engine Cooling System,PCS,Vehicle applicability: Nissan Patrol Y61 – ZD30 engine; System category: Engine Cooling System; Source item group: Auto Parts; Source unit: Pc,1,1,1,0
,ASM-NISSAN-PATROL-Y61-ZD30-ENGINE-WATER-PIPES,Nissan Patrol Y61 – ZD30 engine - Water pipes,Engine Cooling System,PCS,Vehicle applicability: Nissan Patrol Y61 – ZD30 engine; System category: Engine Cooling System; Source item group: Auto Parts; Source unit: Pc,1,1,1,0
,ASM-NISSAN-PATROL-Y61-ZD30-ENGINE-WATER-PUMP,Nissan Patrol Y61 – ZD30 engine - Water pump,Engine Cooling System,PCS,Vehicle applicability: Nissan Patrol Y61 – ZD30 engine; System category: Engine Cooling System; Source item group: Auto Parts; Source unit: Pc,1,1,1,0
,ASM-NISSAN-PATROL-Y61-ZD30-ENGINE-WATER-TEMPERATURE-SWITCH,Nissan Patrol Y61 – ZD30 engine - Water temperature switch,Engine Cooling System,PCS,Vehicle applicability: Nissan Patrol Y61 – ZD30 engine; System category: Engine Cooling System; Source item group: Auto Parts; Source unit: Pc,1,1,1,0
,ASM-NISSAN-PATROL-Y61-ZD30-ENGINE-WATER-PUMP-GASKET,Nissan Patrol Y61 – ZD30 engine - Water pump gasket,Engine Cooling System,PCS,Vehicle applicability: Nissan Patrol Y61 – ZD30 engine; System category: Engine Cooling System; Source item group: Auto Parts; Source unit: Pc,1,1,1,0
,ASM-NISSAN-PATROL-Y61-ZD30-ENGINE-CLAMPS,Nissan Patrol Y61 – ZD30 engine - Clamps,Engine Cooling System,PCS,Vehicle applicability: Nissan Patrol Y61 – ZD30 engine; System category: Engine Cooling System; Source item group: Auto Parts; Source unit: Pc,1,1,1,0
,ASM-NISSAN-PATROL-Y61-ZD30-ENGINE-WATER-TANK,Nissan Patrol Y61 – ZD30 engine - Water tank,Engine Cooling System,PCS,Vehicle applicability: Nissan Patrol Y61 – ZD30 engine; System category: Engine Cooling System; Source item group: Auto Parts; Source unit: Pc,1,1,1,0
,ASM-NISSAN-PATROL-Y61-ZD30-ENGINE-OIL-FILTER,Nissan Patrol Y61 – ZD30 engine - Oil filter,Engine Oil System,PCS,Vehicle applicability: Nissan Patrol Y61 – ZD30 engine; System category: Engine Oil System; Source item group: Auto Parts; Source unit: Pc,1,1,1,0
,ASM-NISSAN-PATROL-Y61-ZD30-ENGINE-OIL-FILLER-CAP,Nissan Patrol Y61 – ZD30 engine - Oil filler cap,Engine Oil System,PCS,Vehicle applicability: Nissan Patrol Y61 – ZD30 engine; System category: Engine Oil System; Source item group: Auto Parts; Source unit: Pc,1,1,1,0
,ASM-NISSAN-PATROL-Y61-ZD30-ENGINE-OIL-SWITCH,Nissan Patrol Y61 – ZD30 engine - Oil switch,Engine Oil System,PCS,Vehicle applicability: Nissan Patrol Y61 – ZD30 engine; System category: Engine Oil System; Source item group: Auto Parts; Source unit: Pc,1,1,1,0
,ASM-NISSAN-PATROL-Y61-ZD30-ENGINE-OIL-PUMP,Nissan Patrol Y61 – ZD30 engine - Oil pump,Engine Oil System,PCS,Vehicle applicability: Nissan Patrol Y61 – ZD30 engine; System category: Engine Oil System; Source item group: Auto Parts; Source unit: Pc,1,1,1,0
,ASM-NISSAN-PATROL-Y61-ZD30-ENGINE-OIL-COOLER,Nissan Patrol Y61 – ZD30 engine - Oil cooler,Engine Oil System,PCS,Vehicle applicability: Nissan Patrol Y61 – ZD30 engine; System category: Engine Oil System; Source item group: Auto Parts; Source unit: Pc,1,1,1,0
,ASM-NISSAN-PATROL-Y61-ZD30-ENGINE-OIL-SUMP-GASKET,Nissan Patrol Y61 – ZD30 engine - Oil sump gasket,Engine Oil System,PCS,Vehicle applicability: Nissan Patrol Y61 – ZD30 engine; System category: Engine Oil System; Source item group: Auto Parts; Source unit: Pc,1,1,1,0
,ASM-NISSAN-PATROL-Y61-ZD30-ENGINE-OIL-COOLER-PIPE,Nissan Patrol Y61 – ZD30 engine - Oil cooler pipe,Engine Oil System,PCS,Vehicle applicability: Nissan Patrol Y61 – ZD30 engine; System category: Engine Oil System; Source item group: Auto Parts; Source unit: Pc,1,1,1,0
,ASM-NISSAN-PATROL-Y61-ZD30-ENGINE-OIL-STRAINER,Nissan Patrol Y61 – ZD30 engine - Oil strainer,Engine Oil System,PCS,Vehicle applicability: Nissan Patrol Y61 – ZD30 engine; System category: Engine Oil System; Source item group: Auto Parts; Source unit: Pc,1,1,1,0
,ASM-NISSAN-PATROL-Y61-ZD30-ENGINE-OIL-DIPSTICK,Nissan Patrol Y61 – ZD30 engine - Oil dipstick,Engine Oil System,PCS,Vehicle applicability: Nissan Patrol Y61 – ZD30 engine; System category: Engine Oil System; Source item group: Auto Parts; Source unit: Pc,1,1,1,0
,ASM-NISSAN-PATROL-Y61-ZD30-ENGINE-OIL-FILLER-CAPS,Nissan Patrol Y61 – ZD30 engine - Oil filler caps,Engine Oil System,PCS,Vehicle applicability: Nissan Patrol Y61 – ZD30 engine; System category: Engine Oil System; Source item group: Auto Parts; Source unit: Pc,1,1,1,0
,ASM-NISSAN-PATROL-Y61-ZD30-ENGINE-OIL-SUMP,Nissan Patrol Y61 – ZD30 engine - Oil sump,Engine Oil System,PCS,Vehicle applicability: Nissan Patrol Y61 – ZD30 engine; System category: Engine Oil System; Source item group: Auto Parts; Source unit: Pc,1,1,1,0
,ASM-NISSAN-PATROL-Y61-ZD30-ENGINE-OIL-FILTER-BRACKET,Nissan Patrol Y61 – ZD30 engine - Oil filter bracket,Engine Oil System,PCS,Vehicle applicability: Nissan Patrol Y61 – ZD30 engine; System category: Engine Oil System; Source item group: Auto Parts; Source unit: Pc,1,1,1,0
,ASM-NISSAN-PATROL-Y61-ZD30-ENGINE-EXHAUST-PIPE-COMPLETE-SILENCERS,"Nissan Patrol Y61 – ZD30 engine - Exhaust pipe complete( Silencers,",Exhaust System,PCS,Vehicle applicability: Nissan Patrol Y61 – ZD30 engine; System category: Exhaust System; Source item group: Auto Parts; Source unit: Pc,1,1,1,0
,ASM-NISSAN-PATROL-Y61-ZD30-ENGINE-CATALYTIC-CONVERTER,Nissan Patrol Y61 – ZD30 engine - Catalytic converter,Exhaust System,PCS,Vehicle applicability: Nissan Patrol Y61 – ZD30 engine; System category: Exhaust System; Source item group: Auto Parts; Source unit: Pc,1,1,1,0
,ASM-NISSAN-PATROL-Y61-ZD30-ENGINE-COMPRESSOR-REPAIR-KIT,Nissan Patrol Y61 – ZD30 engine - Compressor repair kit,Exhaust System,PCS,Vehicle applicability: Nissan Patrol Y61 – ZD30 engine; System category: Exhaust System; Source item group: Auto Parts; Source unit: Pc,1,1,1,0
,ASM-NISSAN-PATROL-Y61-ZD30-ENGINE-EXHAUST-BOLTS,Nissan Patrol Y61 – ZD30 engine - Exhaust bolts,Exhaust System,PCS,Vehicle applicability: Nissan Patrol Y61 – ZD30 engine; System category: Exhaust System; Source item group: Auto Parts; Source unit: Pc,1,1,1,0
,ASM-NISSAN-PATROL-Y61-ZD30-ENGINE-EXHAUST-CLAMP,Nissan Patrol Y61 – ZD30 engine - Exhaust clamp,Exhaust System,PCS,Vehicle applicability: Nissan Patrol Y61 – ZD30 engine; System category: Exhaust System; Source item group: Auto Parts; Source unit: Pc,1,1,1,0
,ASM-NISSAN-PATROL-Y61-ZD30-ENGINE-EXHAUST-GASKET,Nissan Patrol Y61 – ZD30 engine - Exhaust gasket,Exhaust System,PCS,Vehicle applicability: Nissan Patrol Y61 – ZD30 engine; System category: Exhaust System; Source item group: Auto Parts; Source unit: Pc,1,1,1,0
,ASM-NISSAN-PATROL-Y61-ZD30-ENGINE-EXHAUST-MANIFOLD-GASKET,Nissan Patrol Y61 – ZD30 engine - Exhaust manifold gasket,Exhaust System,PCS,Vehicle applicability: Nissan Patrol Y61 – ZD30 engine; System category: Exhaust System; Source item group: Auto Parts; Source unit: Pc,1,1,1,0
,ASM-NISSAN-PATROL-Y61-ZD30-ENGINE-EXHAUST-MOUNTING,Nissan Patrol Y61 – ZD30 engine - Exhaust mounting,Exhaust System,PCS,Vehicle applicability: Nissan Patrol Y61 – ZD30 engine; System category: Exhaust System; Source item group: Auto Parts; Source unit: Pc,1,1,1,0
,ASM-NISSAN-PATROL-Y61-ZD30-ENGINE-EXHAUST-PIPE,Nissan Patrol Y61 – ZD30 engine - Exhaust pipe,Exhaust System,PCS,Vehicle applicability: Nissan Patrol Y61 – ZD30 engine; System category: Exhaust System; Source item group: Auto Parts; Source unit: Pc,1,1,1,0
,ASM-NISSAN-PATROL-Y61-ZD30-ENGINE-EXHAUST-SILENCER,Nissan Patrol Y61 – ZD30 engine - Exhaust silencer,Exhaust System,PCS,Vehicle applicability: Nissan Patrol Y61 – ZD30 engine; System category: Exhaust System; Source item group: Auto Parts; Source unit: Pc,1,1,1,0
,ASM-NISSAN-PATROL-Y61-ZD30-ENGINE-PARKIN-GASKET,Nissan Patrol Y61 – ZD30 engine - Parkin gasket,Exhaust System,PCS,Vehicle applicability: Nissan Patrol Y61 – ZD30 engine; System category: Exhaust System; Source item group: Auto Parts; Source unit: Pc,1,1,1,0
,ASM-NISSAN-PATROL-Y61-ZD30-ENGINE-EXHAUST-FLEXIBLE-PIPE,Nissan Patrol Y61 – ZD30 engine - Exhaust flexible pipe,Exhaust System,PCS,Vehicle applicability: Nissan Patrol Y61 – ZD30 engine; System category: Exhaust System; Source item group: Auto Parts; Source unit: Pc,1,1,1,0
,ASM-NISSAN-PATROL-Y61-ZD30-ENGINE-HEAT-SHIELD,Nissan Patrol Y61 – ZD30 engine - Heat shield,Exhaust System,PCS,Vehicle applicability: Nissan Patrol Y61 – ZD30 engine; System category: Exhaust System; Source item group: Auto Parts; Source unit: Pc,1,1,1,0
,ASM-NISSAN-PATROL-Y61-ZD30-ENGINE-FUEL-INJECTOR-NOZZLES,Nissan Patrol Y61 – ZD30 engine - Fuel injector nozzles,Fuel Supply System,PCS,Vehicle applicability: Nissan Patrol Y61 – ZD30 engine; System category: Fuel Supply System; Source item group: Auto Parts; Source unit: Pc,1,1,1,0
,ASM-NISSAN-PATROL-Y61-ZD30-ENGINE-FUEL-INJECTORS,Nissan Patrol Y61 – ZD30 engine - Fuel injectors,Fuel Supply System,PCS,Vehicle applicability: Nissan Patrol Y61 – ZD30 engine; System category: Fuel Supply System; Source item group: Auto Parts; Source unit: Pc,1,1,1,0
,ASM-NISSAN-PATROL-Y61-ZD30-ENGINE-FUEL-LIFT-PUMP,Nissan Patrol Y61 – ZD30 engine - Fuel lift pump,Fuel Supply System,PCS,Vehicle applicability: Nissan Patrol Y61 – ZD30 engine; System category: Fuel Supply System; Source item group: Auto Parts; Source unit: Pc,1,1,1,0
,ASM-NISSAN-PATROL-Y61-ZD30-ENGINE-FUEL-NOZZLE-WASHERS,Nissan Patrol Y61 – ZD30 engine - Fuel nozzle washers,Fuel Supply System,PCS,Vehicle applicability: Nissan Patrol Y61 – ZD30 engine; System category: Fuel Supply System; Source item group: Auto Parts; Source unit: Pc,1,1,1,0
,ASM-NISSAN-PATROL-Y61-ZD30-ENGINE-FUEL-PRESSURE-REGULATOR,Nissan Patrol Y61 – ZD30 engine - Fuel pressure regulator,Fuel Supply System,PCS,Vehicle applicability: Nissan Patrol Y61 – ZD30 engine; System category: Fuel Supply System; Source item group: Auto Parts; Source unit: Pc,1,1,1,0
,ASM-NISSAN-PATROL-Y61-ZD30-ENGINE-FUEL-PUMP-GASKET,Nissan Patrol Y61 – ZD30 engine - Fuel pump gasket,Fuel Supply System,PCS,Vehicle applicability: Nissan Patrol Y61 – ZD30 engine; System category: Fuel Supply System; Source item group: Auto Parts; Source unit: Pc,1,1,1,0
,ASM-NISSAN-PATROL-Y61-ZD30-ENGINE-FUEL-TANK,Nissan Patrol Y61 – ZD30 engine - Fuel tank,Fuel Supply System,PCS,Vehicle applicability: Nissan Patrol Y61 – ZD30 engine; System category: Fuel Supply System; Source item group: Auto Parts; Source unit: Pc,1,1,1,0
,ASM-NISSAN-PATROL-Y61-ZD30-ENGINE-FUEL-WATER-SEPARATOR,Nissan Patrol Y61 – ZD30 engine - Fuel water separator,Fuel Supply System,PCS,Vehicle applicability: Nissan Patrol Y61 – ZD30 engine; System category: Fuel Supply System; Source item group: Auto Parts; Source unit: Pc,1,1,1,0
,ASM-NISSAN-PATROL-Y61-ZD30-ENGINE-INTAKE-MANIFOLD,Nissan Patrol Y61 – ZD30 engine - Intake manifold,Fuel Supply System,PCS,Vehicle applicability: Nissan Patrol Y61 – ZD30 engine; System category: Fuel Supply System; Source item group: Auto Parts; Source unit: Pc,1,1,1,0
,ASM-NISSAN-PATROL-Y61-ZD30-ENGINE-FUEL-HORSE-PIPE-CLAMPS,Nissan Patrol Y61 – ZD30 engine - Fuel horse pipe clamps,Fuel Supply System,PCS,Vehicle applicability: Nissan Patrol Y61 – ZD30 engine; System category: Fuel Supply System; Source item group: Auto Parts; Source unit: Pc,1,1,1,0
,ASM-NISSAN-PATROL-Y61-ZD30-ENGINE-FUEL-HORSE-PIPE,Nissan Patrol Y61 – ZD30 engine - Fuel horse pipe,Fuel Supply System,PCS,Vehicle applicability: Nissan Patrol Y61 – ZD30 engine; System category: Fuel Supply System; Source item group: Auto Parts; Source unit: Pc,1,1,1,0
,ASM-NISSAN-PATROL-Y61-ZD30-ENGINE-FUEL-BREATHER-PIPE,Nissan Patrol Y61 – ZD30 engine - Fuel breather pipe,Fuel Supply System,PCS,Vehicle applicability: Nissan Patrol Y61 – ZD30 engine; System category: Fuel Supply System; Source item group: Auto Parts; Source unit: Pc,1,1,1,0
,ASM-NISSAN-PATROL-Y61-ZD30-ENGINE-TANK-BELT-CLAMP,Nissan Patrol Y61 – ZD30 engine - Tank belt clamp,Fuel Supply System,PCS,Vehicle applicability: Nissan Patrol Y61 – ZD30 engine; System category: Fuel Supply System; Source item group: Auto Parts; Source unit: Pc,1,1,1,0
,ASM-NISSAN-PATROL-Y61-ZD30-ENGINE-INTAKE-MANIFOLD-GASKET,Nissan Patrol Y61 – ZD30 engine - Intake manifold gasket,Fuel Supply System,PCS,Vehicle applicability: Nissan Patrol Y61 – ZD30 engine; System category: Fuel Supply System; Source item group: Auto Parts; Source unit: Pc,1,1,1,0
,ASM-NISSAN-PATROL-Y61-ZD30-ENGINE-END-ASSY-TIEROD-LH,"Nissan Patrol Y61 – ZD30 engine - End ASSY,tierod LH",Suspension & Steering System,PCS,Vehicle applicability: Nissan Patrol Y61 – ZD30 engine; System category: Suspension & Steering System; Source item group: Auto Parts; Source unit: Pc,1,1,1,0
,ASM-NISSAN-PATROL-Y61-ZD30-ENGINE-END-ASSY-TIEROD-RH,"Nissan Patrol Y61 – ZD30 engine - End ASSY,tierod RH",Suspension & Steering System,PCS,Vehicle applicability: Nissan Patrol Y61 – ZD30 engine; System category: Suspension & Steering System; Source item group: Auto Parts; Source unit: Pc,1,1,1,0
,ASM-NISSAN-PATROL-Y61-ZD30-ENGINE-FRONT-SHOCK-DAMPERS,Nissan Patrol Y61 – ZD30 engine - Front shock dampers,Suspension & Steering System,PCS,Vehicle applicability: Nissan Patrol Y61 – ZD30 engine; System category: Suspension & Steering System; Source item group: Auto Parts; Source unit: Pc,1,1,1,0
,ASM-NISSAN-PATROL-Y61-ZD30-ENGINE-BUSHING-REAR-SHOCK-ABSORBERS,"Nissan Patrol Y61 – ZD30 engine - Bushing, rear shock absorbers",Suspension & Steering System,PCS,Vehicle applicability: Nissan Patrol Y61 – ZD30 engine; System category: Suspension & Steering System; Source item group: Auto Parts; Source unit: Pc,1,1,1,0
,ASM-NISSAN-PATROL-Y61-ZD30-ENGINE-SHOCK-ABSORBERS-FRONT,Nissan Patrol Y61 – ZD30 engine - Shock absorbers - front,Suspension & Steering System,PCS,Vehicle applicability: Nissan Patrol Y61 – ZD30 engine; System category: Suspension & Steering System; Source item group: Auto Parts; Source unit: Pc,1,1,1,0
,ASM-NISSAN-PATROL-Y61-ZD30-ENGINE-SHOCK-ABSORBERS-REAR,Nissan Patrol Y61 – ZD30 engine - Shock Absorbers - Rear,Suspension & Steering System,PCS,Vehicle applicability: Nissan Patrol Y61 – ZD30 engine; System category: Suspension & Steering System; Source item group: Auto Parts; Source unit: Pc,1,1,1,0
,ASM-NISSAN-PATROL-Y61-ZD30-ENGINE-STABILIZER-BAR-U-BUSHES,"Nissan Patrol Y61 – ZD30 engine - Stabilizer Bar ""U"" bushes",Suspension & Steering System,PCS,Vehicle applicability: Nissan Patrol Y61 – ZD30 engine; System category: Suspension & Steering System; Source item group: Auto Parts; Source unit: Pc,1,1,1,0
,ASM-NISSAN-PATROL-Y61-ZD30-ENGINE-STABILIZER-BAR-LINK-RHS,Nissan Patrol Y61 – ZD30 engine - Stabilizer bar Link RHS,Suspension & Steering System,PCS,Vehicle applicability: Nissan Patrol Y61 – ZD30 engine; System category: Suspension & Steering System; Source item group: Auto Parts; Source unit: Pc,1,1,1,0
,ASM-NISSAN-PATROL-Y61-ZD30-ENGINE-STABILIZER-BAR-LINK-LHS,Nissan Patrol Y61 – ZD30 engine - Stabilizer bar link LHS,Suspension & Steering System,PCS,Vehicle applicability: Nissan Patrol Y61 – ZD30 engine; System category: Suspension & Steering System; Source item group: Auto Parts; Source unit: Pc,1,1,1,0
,ASM-NISSAN-PATROL-Y61-ZD30-ENGINE-KING-PIN-SET,Nissan Patrol Y61 – ZD30 engine - king pin - set,Suspension & Steering System,PCS,Vehicle applicability: Nissan Patrol Y61 – ZD30 engine; System category: Suspension & Steering System; Source item group: Auto Parts; Source unit: Pc,1,1,1,0
,ASM-NISSAN-PATROL-Y61-ZD30-ENGINE-DRAG-LINK-ARM,Nissan Patrol Y61 – ZD30 engine - Drag link arm,Suspension & Steering System,PCS,Vehicle applicability: Nissan Patrol Y61 – ZD30 engine; System category: Suspension & Steering System; Source item group: Auto Parts; Source unit: Pc,1,1,1,0
,ASM-NISSAN-PATROL-Y61-ZD30-ENGINE-PINION,Nissan Patrol Y61 – ZD30 engine - Pinion,Suspension & Steering System,PCS,Vehicle applicability: Nissan Patrol Y61 – ZD30 engine; System category: Suspension & Steering System; Source item group: Auto Parts; Source unit: Pc,1,1,1,0
,ASM-NISSAN-PATROL-Y61-ZD30-ENGINE-PITMAN-ARM,Nissan Patrol Y61 – ZD30 engine - Pitman arm,Suspension & Steering System,PCS,Vehicle applicability: Nissan Patrol Y61 – ZD30 engine; System category: Suspension & Steering System; Source item group: Auto Parts; Source unit: Pc,1,1,1,0
,ASM-NISSAN-PATROL-Y61-ZD30-ENGINE-POWER-STEERING-ASSEMBLY,Nissan Patrol Y61 – ZD30 engine - Power steering assembly,Suspension & Steering System,PCS,Vehicle applicability: Nissan Patrol Y61 – ZD30 engine; System category: Suspension & Steering System; Source item group: Auto Parts; Source unit: Pc,1,1,1,0
,ASM-NISSAN-PATROL-Y61-ZD30-ENGINE-SPINDLE,Nissan Patrol Y61 – ZD30 engine - Spindle,Suspension & Steering System,PCS,Vehicle applicability: Nissan Patrol Y61 – ZD30 engine; System category: Suspension & Steering System; Source item group: Auto Parts; Source unit: Pc,1,1,1,0
,ASM-NISSAN-PATROL-Y61-ZD30-ENGINE-BUMPING-STOPPER,Nissan Patrol Y61 – ZD30 engine - Bumping stopper,Suspension & Steering System,PCS,Vehicle applicability: Nissan Patrol Y61 – ZD30 engine; System category: Suspension & Steering System; Source item group: Auto Parts; Source unit: Pc,1,1,1,0
,ASM-NISSAN-PATROL-Y61-ZD30-ENGINE-STEERING-ARM,Nissan Patrol Y61 – ZD30 engine - Steering arm,Suspension & Steering System,PCS,Vehicle applicability: Nissan Patrol Y61 – ZD30 engine; System category: Suspension & Steering System; Source item group: Auto Parts; Source unit: Pc,1,1,1,0
,ASM-NISSAN-PATROL-Y61-ZD30-ENGINE-STEERING-BOX,Nissan Patrol Y61 – ZD30 engine - Steering box,Suspension & Steering System,PCS,Vehicle applicability: Nissan Patrol Y61 – ZD30 engine; System category: Suspension & Steering System; Source item group: Auto Parts; Source unit: Pc,1,1,1,0
,ASM-NISSAN-PATROL-Y61-ZD30-ENGINE-STEERING-COLUMN-ASSEMBLY,Nissan Patrol Y61 – ZD30 engine - Steering column assembly,Suspension & Steering System,PCS,Vehicle applicability: Nissan Patrol Y61 – ZD30 engine; System category: Suspension & Steering System; Source item group: Auto Parts; Source unit: Pc,1,1,1,0
,ASM-NISSAN-PATROL-Y61-ZD30-ENGINE-STEERING-DAMPER,Nissan Patrol Y61 – ZD30 engine - Steering damper,Suspension & Steering System,PCS,Vehicle applicability: Nissan Patrol Y61 – ZD30 engine; System category: Suspension & Steering System; Source item group: Auto Parts; Source unit: Pc,1,1,1,0
,ASM-NISSAN-PATROL-Y61-ZD30-ENGINE-STEERING-SHAFT,Nissan Patrol Y61 – ZD30 engine - Steering shaft,Suspension & Steering System,PCS,Vehicle applicability: Nissan Patrol Y61 – ZD30 engine; System category: Suspension & Steering System; Source item group: Auto Parts; Source unit: Pc,1,1,1,0
,ASM-NISSAN-PATROL-Y61-ZD30-ENGINE-STEERING-WHEEL,Nissan Patrol Y61 – ZD30 engine - Steering wheel,Suspension & Steering System,PCS,Vehicle applicability: Nissan Patrol Y61 – ZD30 engine; System category: Suspension & Steering System; Source item group: Auto Parts; Source unit: Pc,1,1,1,0
,ASM-NISSAN-PATROL-Y61-ZD30-ENGINE-STEERING-PUMP-BELT,Nissan Patrol Y61 – ZD30 engine - Steering Pump belt,Suspension & Steering System,PCS,Vehicle applicability: Nissan Patrol Y61 – ZD30 engine; System category: Suspension & Steering System; Source item group: Auto Parts; Source unit: Pc,1,1,1,0
,ASM-NISSAN-PATROL-Y61-ZD30-ENGINE-STUB-AXLE,Nissan Patrol Y61 – ZD30 engine - Stub axle,Suspension & Steering System,PCS,Vehicle applicability: Nissan Patrol Y61 – ZD30 engine; System category: Suspension & Steering System; Source item group: Auto Parts; Source unit: Pc,1,1,1,0
,ASM-NISSAN-PATROL-Y61-ZD30-ENGINE-TRACK-ROD,Nissan Patrol Y61 – ZD30 engine - Track rod,Suspension & Steering System,PCS,Vehicle applicability: Nissan Patrol Y61 – ZD30 engine; System category: Suspension & Steering System; Source item group: Auto Parts; Source unit: Pc,1,1,1,0
,ASM-NISSAN-PATROL-Y61-ZD30-ENGINE-UNIVERSAL-JOINT,Nissan Patrol Y61 – ZD30 engine - Universal joint,Suspension & Steering System,PCS,Vehicle applicability: Nissan Patrol Y61 – ZD30 engine; System category: Suspension & Steering System; Source item group: Auto Parts; Source unit: Pc,1,1,1,0
,ASM-NISSAN-PATROL-Y61-ZD30-ENGINE-BODY-SHIMS,Nissan Patrol Y61 – ZD30 engine - Body Shims,Suspension & Steering System,PCS,Vehicle applicability: Nissan Patrol Y61 – ZD30 engine; System category: Suspension & Steering System; Source item group: Auto Parts; Source unit: Pc,1,1,1,0
,ASM-NISSAN-PATROL-Y61-ZD30-ENGINE-CLUTCH-PLATE,Nissan Patrol Y61 – ZD30 engine - Clutch plate,Transmission System,PCS,Vehicle applicability: Nissan Patrol Y61 – ZD30 engine; System category: Transmission System; Source item group: Auto Parts; Source unit: Pc,1,1,1,0
,ASM-NISSAN-PATROL-Y61-ZD30-ENGINE-CLUTCH-PRESSURE-PLATE,Nissan Patrol Y61 – ZD30 engine - Clutch pressure plate,Transmission System,PCS,Vehicle applicability: Nissan Patrol Y61 – ZD30 engine; System category: Transmission System; Source item group: Auto Parts; Source unit: Pc,1,1,1,0
,ASM-NISSAN-PATROL-Y61-ZD30-ENGINE-RELEASE-BEARING,Nissan Patrol Y61 – ZD30 engine - Release bearing,Transmission System,PCS,Vehicle applicability: Nissan Patrol Y61 – ZD30 engine; System category: Transmission System; Source item group: Auto Parts; Source unit: Pc,1,1,1,0
,ASM-NISSAN-PATROL-Y61-ZD30-ENGINE-DUST-SEALS,Nissan Patrol Y61 – ZD30 engine - Dust seals,Transmission System,PCS,Vehicle applicability: Nissan Patrol Y61 – ZD30 engine; System category: Transmission System; Source item group: Auto Parts; Source unit: Pc,1,1,1,0
,ASM-NISSAN-PATROL-Y61-ZD30-ENGINE-CLUTCH-PEDAL,Nissan Patrol Y61 – ZD30 engine - Clutch Pedal,Transmission System,PCS,Vehicle applicability: Nissan Patrol Y61 – ZD30 engine; System category: Transmission System; Source item group: Auto Parts; Source unit: Pc,1,1,1,0
,ASM-NISSAN-PATROL-Y61-ZD30-ENGINE-CLUTCH-CYLINDER-ASSEMBLY,Nissan Patrol Y61 – ZD30 engine - Clutch cylinder assembly,Transmission System,PCS,Vehicle applicability: Nissan Patrol Y61 – ZD30 engine; System category: Transmission System; Source item group: Auto Parts; Source unit: Pc,1,1,1,0
,ASM-NISSAN-PATROL-Y61-ZD30-ENGINE-CLUTCH-PEDAL-2,Nissan Patrol Y61 – ZD30 engine - Clutch pedal,Transmission System,PCS,Vehicle applicability: Nissan Patrol Y61 – ZD30 engine; System category: Transmission System; Source item group: Auto Parts; Source unit: Pc,1,1,1,0
,ASM-NISSAN-PATROL-Y61-ZD30-ENGINE-DIFFERENTIAL-BOLTS,Nissan Patrol Y61 – ZD30 engine - Differential bolts,Transmission System,PCS,Vehicle applicability: Nissan Patrol Y61 – ZD30 engine; System category: Transmission System; Source item group: Auto Parts; Source unit: Pc,1,1,1,0
,ASM-NISSAN-PATROL-Y61-ZD30-ENGINE-DIFFERENTIAL-CASE-HOUSING,Nissan Patrol Y61 – ZD30 engine - Differential case/housing,Transmission System,PCS,Vehicle applicability: Nissan Patrol Y61 – ZD30 engine; System category: Transmission System; Source item group: Auto Parts; Source unit: Pc,1,1,1,0
,ASM-NISSAN-PATROL-Y61-ZD30-ENGINE-DIFFERENTIAL-SEAL,Nissan Patrol Y61 – ZD30 engine - Differential seal,Transmission System,PCS,Vehicle applicability: Nissan Patrol Y61 – ZD30 engine; System category: Transmission System; Source item group: Auto Parts; Source unit: Pc,1,1,1,0
,ASM-NISSAN-PATROL-Y61-ZD30-ENGINE-DIFFERENTIAL-UNIT-COMPLETE,Nissan Patrol Y61 – ZD30 engine - Differential unit complete,Transmission System,PCS,Vehicle applicability: Nissan Patrol Y61 – ZD30 engine; System category: Transmission System; Source item group: Auto Parts; Source unit: Pc,1,1,1,0
,ASM-NISSAN-PATROL-Y61-ZD30-ENGINE-FLYWHEEL,Nissan Patrol Y61 – ZD30 engine - Flywheel,Transmission System,PCS,Vehicle applicability: Nissan Patrol Y61 – ZD30 engine; System category: Transmission System; Source item group: Auto Parts; Source unit: Pc,1,1,1,0
,ASM-NISSAN-PATROL-Y61-ZD30-ENGINE-GEARBOX-OIL-SEAL,Nissan Patrol Y61 – ZD30 engine - Gearbox oil seal,Transmission System,PCS,Vehicle applicability: Nissan Patrol Y61 – ZD30 engine; System category: Transmission System; Source item group: Auto Parts; Source unit: Pc,1,1,1,0
,ASM-NISSAN-PATROL-Y61-ZD30-ENGINE-GEAR-RING,Nissan Patrol Y61 – ZD30 engine - Gear ring,Transmission System,PCS,Vehicle applicability: Nissan Patrol Y61 – ZD30 engine; System category: Transmission System; Source item group: Auto Parts; Source unit: Pc,1,1,1,0
,ASM-NISSAN-PATROL-Y61-ZD30-ENGINE-GEAR-BOX-ASSEMBLY-COMPLETE,Nissan Patrol Y61 – ZD30 engine - Gear box Assembly /Complete,Transmission System,PCS,Vehicle applicability: Nissan Patrol Y61 – ZD30 engine; System category: Transmission System; Source item group: Auto Parts; Source unit: Pc,1,1,1,0
,ASM-NISSAN-PATROL-Y61-ZD30-ENGINE-GEARBOX-MOUNTING,Nissan Patrol Y61 – ZD30 engine - Gearbox mounting,Transmission System,PCS,Vehicle applicability: Nissan Patrol Y61 – ZD30 engine; System category: Transmission System; Source item group: Auto Parts; Source unit: Pc,1,1,1,0
,ASM-NISSAN-PATROL-Y61-ZD30-ENGINE-MASTER-CYLINDER,Nissan Patrol Y61 – ZD30 engine - Master cylinder,Transmission System,PCS,Vehicle applicability: Nissan Patrol Y61 – ZD30 engine; System category: Transmission System; Source item group: Auto Parts; Source unit: Pc,1,1,1,0
,ASM-NISSAN-PATROL-Y61-ZD30-ENGINE-PROPELLER-SHAFT-COMPLETE,Nissan Patrol Y61 – ZD30 engine - Propeller shaft complete,Transmission System,PCS,Vehicle applicability: Nissan Patrol Y61 – ZD30 engine; System category: Transmission System; Source item group: Auto Parts; Source unit: Pc,1,1,1,0
,ASM-NISSAN-PATROL-Y61-ZD30-ENGINE-STOPPER-RUBBERS,Nissan Patrol Y61 – ZD30 engine - Stopper rubbers,Transmission System,PCS,Vehicle applicability: Nissan Patrol Y61 – ZD30 engine; System category: Transmission System; Source item group: Auto Parts; Source unit: Pc,1,1,1,0
,ASM-NISSAN-PATROL-Y61-ZD30-ENGINE-TRANSFER-CASE,Nissan Patrol Y61 – ZD30 engine - Transfer case,Transmission System,PCS,Vehicle applicability: Nissan Patrol Y61 – ZD30 engine; System category: Transmission System; Source item group: Auto Parts; Source unit: Pc,1,1,1,0
,ASM-NISSAN-PATROL-Y61-ZD30-ENGINE-TRANSFER-GEARBOX-MOUNTING,Nissan Patrol Y61 – ZD30 engine - Transfer gearbox mounting,Transmission System,PCS,Vehicle applicability: Nissan Patrol Y61 – ZD30 engine; System category: Transmission System; Source item group: Auto Parts; Source unit: Pc,1,1,1,0
,ASM-NISSAN-PATROL-Y61-ZD30-ENGINE-RETURN-SPRING,Nissan Patrol Y61 – ZD30 engine - Return Spring,Transmission System,PCS,Vehicle applicability: Nissan Patrol Y61 – ZD30 engine; System category: Transmission System; Source item group: Auto Parts; Source unit: Pc,1,1,1,0
,ASM-NISSAN-PATROL-Y61-ZD30-ENGINE-FLYWHEEL-ASSEMBLY,Nissan Patrol Y61 – ZD30 engine - Flywheel assembly,Transmission System,PCS,Vehicle applicability: Nissan Patrol Y61 – ZD30 engine; System category: Transmission System; Source item group: Auto Parts; Source unit: Pc,1,1,1,0
,ASM-NISSAN-PATROL-Y61-ZD30-ENGINE-STUD,Nissan Patrol Y61 – ZD30 engine - Stud,Transmission System,PCS,Vehicle applicability: Nissan Patrol Y61 – ZD30 engine; System category: Transmission System; Source item group: Auto Parts; Source unit: Pc,1,1,1,0
,ASM-NISSAN-PATROL-Y61-ZD30-ENGINE-SPOT-NUTS,Nissan Patrol Y61 – ZD30 engine - Spot nuts,Transmission System,PCS,Vehicle applicability: Nissan Patrol Y61 – ZD30 engine; System category: Transmission System; Source item group: Auto Parts; Source unit: Pc,1,1,1,0
,ASM-NISSAN-PATROL-Y61-ZD30-ENGINE-SPARE-TYRE-WINCH,Nissan Patrol Y61 – ZD30 engine - Spare Tyre Winch,Transmission System,PCS,Vehicle applicability: Nissan Patrol Y61 – ZD30 engine; System category: Transmission System; Source item group: Auto Parts; Source unit: Pc,1,1,1,0
,ASM-NISSAN-PATROL-Y61-ZD30-ENGINE-RIM,Nissan Patrol Y61 – ZD30 engine - Rim,Transmission System,PCS,Vehicle applicability: Nissan Patrol Y61 – ZD30 engine; System category: Transmission System; Source item group: Auto Parts; Source unit: Pc,1,1,1,0
,ASM-NISSAN-PATROL-Y61-ZD30-ENGINE-WHEEL-HUB-BEARING-INNER,Nissan Patrol Y61 – ZD30 engine - Wheel hub bearing Inner,Transmission System,PCS,Vehicle applicability: Nissan Patrol Y61 – ZD30 engine; System category: Transmission System; Source item group: Auto Parts; Source unit: Pc,1,1,1,0
,ASM-NISSAN-PATROL-Y61-ZD30-ENGINE-WHEEL-HUB-BEARING-OUTER,Nissan Patrol Y61 – ZD30 engine - Wheel hub bearing outer,Transmission System,PCS,Vehicle applicability: Nissan Patrol Y61 – ZD30 engine; System category: Transmission System; Source item group: Auto Parts; Source unit: Pc,1,1,1,0
,ASM-NISSAN-PATROL-Y61-ZD30-ENGINE-TYRE-PUNCTURE-REPAIR,Nissan Patrol Y61 – ZD30 engine - Tyre Puncture Repair,Transmission System,PCS,Vehicle applicability: Nissan Patrol Y61 – ZD30 engine; System category: Transmission System; Source item group: Auto Parts; Source unit: Pc,1,1,1,0
,ASM-NISSAN-PATROL-Y61-ZD30-ENGINE-A-C-COMPRESSOR-PUMP,Nissan Patrol Y61 – ZD30 engine - A/C Compressor pump,Air Conditioning System,PCS,Vehicle applicability: Nissan Patrol Y61 – ZD30 engine; System category: Air Conditioning System; Source item group: Auto Parts; Source unit: Pc,1,1,1,0
,ASM-NISSAN-PATROL-Y61-ZD30-ENGINE-A-C-CONDENSER,Nissan Patrol Y61 – ZD30 engine - A/C Condenser,Air Conditioning System,PCS,Vehicle applicability: Nissan Patrol Y61 – ZD30 engine; System category: Air Conditioning System; Source item group: Auto Parts; Source unit: Pc,1,1,1,0
,ASM-NISSAN-PATROL-Y61-ZD30-ENGINE-A-C-EXPANSION-VALVE,Nissan Patrol Y61 – ZD30 engine - A/C Expansion valve,Air Conditioning System,PCS,Vehicle applicability: Nissan Patrol Y61 – ZD30 engine; System category: Air Conditioning System; Source item group: Auto Parts; Source unit: Pc,1,1,1,0
,ASM-NISSAN-PATROL-Y61-ZD30-ENGINE-A-C-HOSE,Nissan Patrol Y61 – ZD30 engine - A/C Hose,Air Conditioning System,PCS,Vehicle applicability: Nissan Patrol Y61 – ZD30 engine; System category: Air Conditioning System; Source item group: Auto Parts; Source unit: Pc,1,1,1,0
,ASM-NISSAN-PATROL-Y61-ZD30-ENGINE-A-C-BELT,Nissan Patrol Y61 – ZD30 engine - A/C belt,Air Conditioning System,PCS,Vehicle applicability: Nissan Patrol Y61 – ZD30 engine; System category: Air Conditioning System; Source item group: Auto Parts; Source unit: Pc,1,1,1,0
,ASM-NISSAN-PATROL-Y61-ZD30-ENGINE-A-C-EVAPORATORS,Nissan Patrol Y61 – ZD30 engine - A/C evaporators,Air Conditioning System,PCS,Vehicle applicability: Nissan Patrol Y61 – ZD30 engine; System category: Air Conditioning System; Source item group: Auto Parts; Source unit: Pc,1,1,1,0
,ASM-NISSAN-PATROL-Y61-ZD30-ENGINE-A-C-RELAYS,Nissan Patrol Y61 – ZD30 engine - A/C relays,Air Conditioning System,PCS,Vehicle applicability: Nissan Patrol Y61 – ZD30 engine; System category: Air Conditioning System; Source item group: Auto Parts; Source unit: Pc,1,1,1,0
,ASM-NISSAN-PATROL-Y61-ZD30-ENGINE-A-C-REFILLING,Nissan Patrol Y61 – ZD30 engine - A/C Refilling,Air Conditioning System,Gram,Vehicle applicability: Nissan Patrol Y61 – ZD30 engine; System category: Air Conditioning System; Source item group: Auto Parts; Source unit: Gramm,1,1,1,0
,ASM-NISSAN-PATROL-Y61-ZD30-ENGINE-A-C-REGULATOR-SWITCH,Nissan Patrol Y61 – ZD30 engine - A/C Regulator switch,Air Conditioning System,PCS,Vehicle applicability: Nissan Patrol Y61 – ZD30 engine; System category: Air Conditioning System; Source item group: Auto Parts; Source unit: Pc,1,1,1,0
,ASM-NISSAN-PATROL-Y61-ZD30-ENGINE-A-C-RELAY,Nissan Patrol Y61 – ZD30 engine - A/C Relay,Air Conditioning System,PCS,Vehicle applicability: Nissan Patrol Y61 – ZD30 engine; System category: Air Conditioning System; Source item group: Auto Parts; Source unit: Pc,1,1,1,0
,ASM-NISSAN-PATROL-Y61-ZD30-ENGINE-A-C-SCHRADER-VALVE,Nissan Patrol Y61 – ZD30 engine - A/C Schrader valve,Air Conditioning System,PCS,Vehicle applicability: Nissan Patrol Y61 – ZD30 engine; System category: Air Conditioning System; Source item group: Auto Parts; Source unit: Pc,1,1,1,0
,ASM-NISSAN-PATROL-Y61-ZD30-ENGINE-A-C-VALVE,Nissan Patrol Y61 – ZD30 engine - A/C Valve,Air Conditioning System,PCS,Vehicle applicability: Nissan Patrol Y61 – ZD30 engine; System category: Air Conditioning System; Source item group: Auto Parts; Source unit: Pc,1,1,1,0
,ASM-NISSAN-PATROL-Y61-ZD30-ENGINE-WASHER-HOSE,Nissan Patrol Y61 – ZD30 engine - Washer hose,Wiper System,PCS,Vehicle applicability: Nissan Patrol Y61 – ZD30 engine; System category: Wiper System; Source item group: Auto Parts; Source unit: Pc,1,1,1,0
,ASM-NISSAN-PATROL-Y61-ZD30-ENGINE-WIPER-BLADE-LHS,Nissan Patrol Y61 – ZD30 engine - Wiper blade LHS,Wiper System,PCS,Vehicle applicability: Nissan Patrol Y61 – ZD30 engine; System category: Wiper System; Source item group: Auto Parts; Source unit: Pc,1,1,1,0
,ASM-NISSAN-PATROL-Y61-ZD30-ENGINE-WIPER-BLADE-RHS,Nissan Patrol Y61 – ZD30 engine - Wiper blade RHS,Wiper System,PCS,Vehicle applicability: Nissan Patrol Y61 – ZD30 engine; System category: Wiper System; Source item group: Auto Parts; Source unit: Pc,1,1,1,0
,ASM-NISSAN-PATROL-Y61-ZD30-ENGINE-WIPER-MOTOR,Nissan Patrol Y61 – ZD30 engine - Wiper motor,Wiper System,PCS,Vehicle applicability: Nissan Patrol Y61 – ZD30 engine; System category: Wiper System; Source item group: Auto Parts; Source unit: Pc,1,1,1,0
,ASM-NISSAN-PATROL-Y61-ZD30-ENGINE-WIPER-ARM-LHS-AND-RHS,Nissan Patrol Y61 – ZD30 engine - Wiper arm ( LHS& RHS),Wiper System,PCS,Vehicle applicability: Nissan Patrol Y61 – ZD30 engine; System category: Wiper System; Source item group: Auto Parts; Source unit: Pc,1,1,1,0
,ASM-NISSAN-PATROL-Y61-ZD30-ENGINE-WIPER-NOZZLE,Nissan Patrol Y61 – ZD30 engine - Wiper nozzle,Wiper System,PCS,Vehicle applicability: Nissan Patrol Y61 – ZD30 engine; System category: Wiper System; Source item group: Auto Parts; Source unit: Pc,1,1,1,0
,ASM-NISSAN-PATROL-Y61-ZD30-ENGINE-HEAD-LAMP-BULBS,Nissan Patrol Y61 – ZD30 engine - Head lamp Bulbs,Electrical System,PCS,Vehicle applicability: Nissan Patrol Y61 – ZD30 engine; System category: Electrical System; Source item group: Auto Parts; Source unit: Pc,1,1,1,0
,ASM-NISSAN-PATROL-Y61-ZD30-ENGINE-HEAD-LAMP-ASSY-RIGHT-AND-LEFT,Nissan Patrol Y61 – ZD30 engine - Head lamp Assy ( Right and Left),Electrical System,PCS,Vehicle applicability: Nissan Patrol Y61 – ZD30 engine; System category: Electrical System; Source item group: Auto Parts; Source unit: Pc,1,1,1,0
,ASM-NISSAN-PATROL-Y61-ZD30-ENGINE-GLOW-PLUGS,Nissan Patrol Y61 – ZD30 engine - Glow plugs,Electrical System,PCS,Vehicle applicability: Nissan Patrol Y61 – ZD30 engine; System category: Electrical System; Source item group: Auto Parts; Source unit: Pc,1,1,1,0
,ASM-NISSAN-PATROL-Y61-ZD30-ENGINE-PARKING-BULB,Nissan Patrol Y61 – ZD30 engine - Parking bulb,Electrical System,PCS,Vehicle applicability: Nissan Patrol Y61 – ZD30 engine; System category: Electrical System; Source item group: Auto Parts; Source unit: Pc,1,1,1,0
,ASM-NISSAN-PATROL-Y61-ZD30-ENGINE-BRAKE-BULBS-DOUBLE-AND-SINGLE,Nissan Patrol Y61 – ZD30 engine - Brake bulbs ( Double and single),Electrical System,PCS,Vehicle applicability: Nissan Patrol Y61 – ZD30 engine; System category: Electrical System; Source item group: Auto Parts; Source unit: Pc,1,1,1,0
,ASM-NISSAN-PATROL-Y61-ZD30-ENGINE-AMPS-FUSES-IN-RANGE-FROM-10-50,Nissan Patrol Y61 – ZD30 engine - Amps fuses in Range from 10 - 50,Electrical System,PCS,Vehicle applicability: Nissan Patrol Y61 – ZD30 engine; System category: Electrical System; Source item group: Auto Parts; Source unit: Pc,1,1,1,0
,ASM-NISSAN-PATROL-Y61-ZD30-ENGINE-ALTERNATOR-COMPLETE,Nissan Patrol Y61 – ZD30 engine - Alternator complete,Electrical System,PCS,Vehicle applicability: Nissan Patrol Y61 – ZD30 engine; System category: Electrical System; Source item group: Auto Parts; Source unit: Pc,1,1,1,0
,ASM-NISSAN-PATROL-Y61-ZD30-ENGINE-SPORT-LIGHT,Nissan Patrol Y61 – ZD30 engine - Sport light,Electrical System,PCS,Vehicle applicability: Nissan Patrol Y61 – ZD30 engine; System category: Electrical System; Source item group: Auto Parts; Source unit: Pc,1,1,1,0
,ASM-NISSAN-PATROL-Y61-ZD30-ENGINE-SPORT-BULB,Nissan Patrol Y61 – ZD30 engine - Sport bulb,Electrical System,PCS,Vehicle applicability: Nissan Patrol Y61 – ZD30 engine; System category: Electrical System; Source item group: Auto Parts; Source unit: Pc,1,1,1,0
,ASM-NISSAN-PATROL-Y61-ZD30-ENGINE-DOOR-GLASS-SWITCH,Nissan Patrol Y61 – ZD30 engine - Door glass switch,Electrical System,PCS,Vehicle applicability: Nissan Patrol Y61 – ZD30 engine; System category: Electrical System; Source item group: Auto Parts; Source unit: Pc,1,1,1,0
,ASM-NISSAN-PATROL-Y61-ZD30-ENGINE-WINDOW-REGULATORS,Nissan Patrol Y61 – ZD30 engine - Window regulators,Electrical System,PCS,Vehicle applicability: Nissan Patrol Y61 – ZD30 engine; System category: Electrical System; Source item group: Auto Parts; Source unit: Pc,1,1,1,0
,ASM-NISSAN-PATROL-Y61-ZD30-ENGINE-WINDOW-MOTORS,Nissan Patrol Y61 – ZD30 engine - Window motors,Electrical System,PCS,Vehicle applicability: Nissan Patrol Y61 – ZD30 engine; System category: Electrical System; Source item group: Auto Parts; Source unit: Pc,1,1,1,0
,ASM-NISSAN-PATROL-Y61-ZD30-ENGINE-INDICATOR-BULBS,Nissan Patrol Y61 – ZD30 engine - Indicator bulbs,Electrical System,PCS,Vehicle applicability: Nissan Patrol Y61 – ZD30 engine; System category: Electrical System; Source item group: Auto Parts; Source unit: Pc,1,1,1,0
,ASM-NISSAN-PATROL-Y61-ZD30-ENGINE-STARTER-MOTOR-COMPLETE,Nissan Patrol Y61 – ZD30 engine - Starter motor complete,Electrical System,PCS,Vehicle applicability: Nissan Patrol Y61 – ZD30 engine; System category: Electrical System; Source item group: Auto Parts; Source unit: Pc,1,1,1,0
,ASM-NISSAN-PATROL-Y61-ZD30-ENGINE-TAIL-LIGHTS,Nissan Patrol Y61 – ZD30 engine - Tail lights,Electrical System,PCS,Vehicle applicability: Nissan Patrol Y61 – ZD30 engine; System category: Electrical System; Source item group: Auto Parts; Source unit: Pc,1,1,1,0
,ASM-NISSAN-PATROL-Y61-ZD30-ENGINE-FLASHER-UNIT,Nissan Patrol Y61 – ZD30 engine - Flasher Unit,Electrical System,PCS,Vehicle applicability: Nissan Patrol Y61 – ZD30 engine; System category: Electrical System; Source item group: Auto Parts; Source unit: Pc,1,1,1,0
,ASM-NISSAN-PATROL-Y61-ZD30-ENGINE-MAINTENANCE-FREE-BATTERY-N70-1,Nissan Patrol Y61 – ZD30 engine - Maintenance free battery N70 ( 1,Electrical System,PCS,Vehicle applicability: Nissan Patrol Y61 – ZD30 engine; System category: Electrical System; Source item group: Auto Parts; Source unit: Pc,1,1,1,0
,ASM-NISSAN-PATROL-Y61-ZD30-ENGINE-DOOR-MIRROR-SWITCHES,Nissan Patrol Y61 – ZD30 engine - Door mirror switches,Electrical System,PCS,Vehicle applicability: Nissan Patrol Y61 – ZD30 engine; System category: Electrical System; Source item group: Auto Parts; Source unit: Pc,1,1,1,0
,ASM-NISSAN-PATROL-Y61-ZD30-ENGINE-AUTO-BULBS,Nissan Patrol Y61 – ZD30 engine - Auto bulbs,Electrical System,PCS,Vehicle applicability: Nissan Patrol Y61 – ZD30 engine; System category: Electrical System; Source item group: Auto Parts; Source unit: Pc,1,1,1,0
,ASM-NISSAN-PATROL-Y61-ZD30-ENGINE-RADIO-AS-SPECIFIED-IN-THE-VEHICLE,Nissan Patrol Y61 – ZD30 engine - Radio as specified in the vehicle,Electrical System,PCS,Vehicle applicability: Nissan Patrol Y61 – ZD30 engine; System category: Electrical System; Source item group: Auto Parts; Source unit: Pc,1,1,1,0
,ASM-NISSAN-PATROL-Y61-ZD30-ENGINE-SIDE-MIRROR-ASSEMBLY-SET,Nissan Patrol Y61 – ZD30 engine - Side Mirror Assembly - set,Electrical System,PCS,Vehicle applicability: Nissan Patrol Y61 – ZD30 engine; System category: Electrical System; Source item group: Auto Parts; Source unit: Pc,1,1,1,0
,ASM-NISSAN-PATROL-Y61-ZD30-ENGINE-WIND-SCREEN,Nissan Patrol Y61 – ZD30 engine - Wind Screen,Electrical System,PCS,Vehicle applicability: Nissan Patrol Y61 – ZD30 engine; System category: Electrical System; Source item group: Auto Parts; Source unit: Pc,1,1,1,0
,ASM-NISSAN-PATROL-Y61-ZD30-ENGINE-MAD-FLAP,Nissan Patrol Y61 – ZD30 engine - Mad flap,Electrical System,PCS,Vehicle applicability: Nissan Patrol Y61 – ZD30 engine; System category: Electrical System; Source item group: Auto Parts; Source unit: Pc,1,1,1,0
,ASM-NISSAN-PATROL-Y61-ZD30-ENGINE-DOOR-GLASS-DRIVER-CO-DRIVER-REA,"Nissan Patrol Y61 – ZD30 engine - Door Glass (Driver, co-driver, rea",Electrical System,PCS,Vehicle applicability: Nissan Patrol Y61 – ZD30 engine; System category: Electrical System; Source item group: Auto Parts; Source unit: Pc,1,1,1,0
,ASM-NISSAN-PATROL-Y61-ZD30-ENGINE-FRONT-GRILL,Nissan Patrol Y61 – ZD30 engine - Front grill,Electrical System,PCS,Vehicle applicability: Nissan Patrol Y61 – ZD30 engine; System category: Electrical System; Source item group: Auto Parts; Source unit: Pc,1,1,1,0
,ASM-NISSAN-PATROL-Y61-ZD30-ENGINE-DOOR-HANDLE,Nissan Patrol Y61 – ZD30 engine - Door handle,Electrical System,PCS,Vehicle applicability: Nissan Patrol Y61 – ZD30 engine; System category: Electrical System; Source item group: Auto Parts; Source unit: Pc,1,1,1,0
,ASM-NISSAN-PATROL-Y61-ZD30-ENGINE-RADIO-AERIAL,Nissan Patrol Y61 – ZD30 engine - Radio Aerial,Electrical System,PCS,Vehicle applicability: Nissan Patrol Y61 – ZD30 engine; System category: Electrical System; Source item group: Auto Parts; Source unit: Pc,1,1,1,0
,ASM-NISSAN-PATROL-Y61-ZD30-ENGINE-DOOR-LOCKS,Nissan Patrol Y61 – ZD30 engine - Door locks,Electrical System,PCS,Vehicle applicability: Nissan Patrol Y61 – ZD30 engine; System category: Electrical System; Source item group: Auto Parts; Source unit: Pc,1,1,1,0
,ASM-NISSAN-PATROL-Y61-ZD30-ENGINE-FRONT-BUMPER,Nissan Patrol Y61 – ZD30 engine - Front bumper,Electrical System,PCS,Vehicle applicability: Nissan Patrol Y61 – ZD30 engine; System category: Electrical System; Source item group: Auto Parts; Source unit: Pc,1,1,1,0
,ASM-NISSAN-PATROL-Y61-ZD30-ENGINE-REAR-BUMPER,Nissan Patrol Y61 – ZD30 engine - Rear bumper,Electrical System,PCS,Vehicle applicability: Nissan Patrol Y61 – ZD30 engine; System category: Electrical System; Source item group: Auto Parts; Source unit: Pc,1,1,1,0
,ASM-NISSAN-PATROL-Y61-ZD30-ENGINE-BONNET-CABLE,Nissan Patrol Y61 – ZD30 engine - Bonnet Cable,Electrical System,PCS,Vehicle applicability: Nissan Patrol Y61 – ZD30 engine; System category: Electrical System; Source item group: Auto Parts; Source unit: Pc,1,1,1,0
,ASM-NISSAN-PATROL-Y61-ZD30-ENGINE-REFLECTORS,Nissan Patrol Y61 – ZD30 engine - Reflectors,Electrical System,Set,Vehicle applicability: Nissan Patrol Y61 – ZD30 engine; System category: Electrical System; Source item group: Auto Parts; Source unit: Set,1,1,1,0
,ASM-NISSAN-PATROL-Y61-ZD30-ENGINE-DRIVING-MIRROR,Nissan Patrol Y61 – ZD30 engine - Driving Mirror,Electrical System,PCS,Vehicle applicability: Nissan Patrol Y61 – ZD30 engine; System category: Electrical System; Source item group: Auto Parts; Source unit: Pc,1,1,1,0
,ASM-NISSAN-PATROL-Y61-ZD30-ENGINE-SUN-VISOR,Nissan Patrol Y61 – ZD30 engine - Sun Visor,Electrical System,PCS,Vehicle applicability: Nissan Patrol Y61 – ZD30 engine; System category: Electrical System; Source item group: Auto Parts; Source unit: Pc,1,1,1,0
,ASM-NISSAN-PATROL-Y61-ZD30-ENGINE-WATER-WASHERS,Nissan Patrol Y61 – ZD30 engine - Water washers,Electrical System,PCS,Vehicle applicability: Nissan Patrol Y61 – ZD30 engine; System category: Electrical System; Source item group: Auto Parts; Source unit: Pc,1,1,1,0
,ASM-NISSAN-PATROL-Y61-ZD30-ENGINE-JACK,Nissan Patrol Y61 – ZD30 engine - Jack -,Electrical System,PCS,Vehicle applicability: Nissan Patrol Y61 – ZD30 engine; System category: Electrical System; Source item group: Auto Parts; Source unit: Pc,1,1,1,0
,ASM-NISSAN-PATROL-Y61-ZD30-ENGINE-WHEEL-SPANNER,Nissan Patrol Y61 – ZD30 engine - Wheel Spanner,Electrical System,PCS,Vehicle applicability: Nissan Patrol Y61 – ZD30 engine; System category: Electrical System; Source item group: Auto Parts; Source unit: Pc,1,1,1,0
,ASM-NISSAN-PATROL-Y61-ZD30-ENGINE-JACK-HANDLE,Nissan Patrol Y61 – ZD30 engine - Jack - Handle,Electrical System,PCS,Vehicle applicability: Nissan Patrol Y61 – ZD30 engine; System category: Electrical System; Source item group: Auto Parts; Source unit: Pc,1,1,1,0
,ASM-NISSAN-PATROL-Y61-ZD30-ENGINE-WARNING-TRIANGLE,Nissan Patrol Y61 – ZD30 engine - Warning Triangle,Electrical System,PCS,Vehicle applicability: Nissan Patrol Y61 – ZD30 engine; System category: Electrical System; Source item group: Auto Parts; Source unit: Pc,1,1,1,0
,ASM-NISSAN-PATROL-Y61-ZD30-ENGINE-BODY-MOUNTINGS,Nissan Patrol Y61 – ZD30 engine - Body Mountings,Other Miscellaneous Parts,PCS,Vehicle applicability: Nissan Patrol Y61 – ZD30 engine; System category: Other Miscellaneous Parts; Source item group: Auto Parts; Source unit: Pc,1,1,1,0
,ASM-NISSAN-PATROL-Y61-ZD30-ENGINE-FLASHER-CIRCUIT,Nissan Patrol Y61 – ZD30 engine - Flasher Circuit,Other Miscellaneous Parts,PCS,Vehicle applicability: Nissan Patrol Y61 – ZD30 engine; System category: Other Miscellaneous Parts; Source item group: Auto Parts; Source unit: Pc,1,1,1,0
,ASM-NISSAN-PATROL-Y61-ZD30-ENGINE-DOOR-WINDING-MACHINE,Nissan Patrol Y61 – ZD30 engine - Door winding machine,Other Miscellaneous Parts,PCS,Vehicle applicability: Nissan Patrol Y61 – ZD30 engine; System category: Other Miscellaneous Parts; Source item group: Auto Parts; Source unit: Pc,1,1,1,0
,ASM-NISSAN-PATROL-Y61-ZD30-ENGINE-BONNET-MOUNTING,Nissan Patrol Y61 – ZD30 engine - Bonnet mounting,Other Miscellaneous Parts,PCS,Vehicle applicability: Nissan Patrol Y61 – ZD30 engine; System category: Other Miscellaneous Parts; Source item group: Auto Parts; Source unit: Pc,1,1,1,0
,ASM-NISSAN-PATROL-Y61-ZD30-ENGINE-BONNET-LOCK,Nissan Patrol Y61 – ZD30 engine - Bonnet lock,Other Miscellaneous Parts,PCS,Vehicle applicability: Nissan Patrol Y61 – ZD30 engine; System category: Other Miscellaneous Parts; Source item group: Auto Parts; Source unit: Pc,1,1,1,0
,ASM-NISSAN-PATROL-Y61-ZD30-ENGINE-BULBS-12V-DOUBLE-FILAMENT,Nissan Patrol Y61 – ZD30 engine - Bulbs (12v double filament),Other Miscellaneous Parts,PCS,Vehicle applicability: Nissan Patrol Y61 – ZD30 engine; System category: Other Miscellaneous Parts; Source item group: Auto Parts; Source unit: Pc,1,1,1,0
,ASM-NISSAN-PATROL-Y61-ZD30-ENGINE-BULBS-12V-SINGLE-FILAMENT,Nissan Patrol Y61 – ZD30 engine - Bulbs (12v single filament),Other Miscellaneous Parts,PCS,Vehicle applicability: Nissan Patrol Y61 – ZD30 engine; System category: Other Miscellaneous Parts; Source item group: Auto Parts; Source unit: Pc,1,1,1,0
,ASM-NISSAN-PATROL-Y61-ZD30-ENGINE-BULBS-24V-DOUBLE-FILAMENT,Nissan Patrol Y61 – ZD30 engine - Bulbs (24v double filament),Other Miscellaneous Parts,PCS,Vehicle applicability: Nissan Patrol Y61 – ZD30 engine; System category: Other Miscellaneous Parts; Source item group: Auto Parts; Source unit: Pc,1,1,1,0
,ASM-NISSAN-PATROL-Y61-ZD30-ENGINE-BULBS-24V-SINGLE-FILAMENT,Nissan Patrol Y61 – ZD30 engine - Bulbs (24v single filament),Other Miscellaneous Parts,PCS,Vehicle applicability: Nissan Patrol Y61 – ZD30 engine; System category: Other Miscellaneous Parts; Source item group: Auto Parts; Source unit: Pc,1,1,1,0
,ASM-NISSAN-PATROL-Y61-ZD30-ENGINE-BULBS-HALOGEN-FOR-HEADLAMPS,Nissan Patrol Y61 – ZD30 engine - Bulbs (halogen for headlamps),Other Miscellaneous Parts,PCS,Vehicle applicability: Nissan Patrol Y61 – ZD30 engine; System category: Other Miscellaneous Parts; Source item group: Auto Parts; Source unit: Pc,1,1,1,0
,ASM-NISSAN-PATROL-Y61-ZD30-ENGINE-COTTER-PIN,Nissan Patrol Y61 – ZD30 engine - Cotter Pin,Other Miscellaneous Parts,PCS,Vehicle applicability: Nissan Patrol Y61 – ZD30 engine; System category: Other Miscellaneous Parts; Source item group: Auto Parts; Source unit: Pc,1,1,1,0
,ASM-NISSAN-PATROL-Y61-ZD30-ENGINE-DASHBOARD,Nissan Patrol Y61 – ZD30 engine - Dashboard,Other Miscellaneous Parts,PCS,Vehicle applicability: Nissan Patrol Y61 – ZD30 engine; System category: Other Miscellaneous Parts; Source item group: Auto Parts; Source unit: Pc,1,1,1,0
,ASM-NISSAN-PATROL-Y61-ZD30-ENGINE-DOOR-FRONT,Nissan Patrol Y61 – ZD30 engine - Door - front,Other Miscellaneous Parts,PCS,Vehicle applicability: Nissan Patrol Y61 – ZD30 engine; System category: Other Miscellaneous Parts; Source item group: Auto Parts; Source unit: Pc,1,1,1,0
,ASM-NISSAN-PATROL-Y61-ZD30-ENGINE-DOOR-HIND-GATE,Nissan Patrol Y61 – ZD30 engine - Door - hind gate,Other Miscellaneous Parts,PCS,Vehicle applicability: Nissan Patrol Y61 – ZD30 engine; System category: Other Miscellaneous Parts; Source item group: Auto Parts; Source unit: Pc,1,1,1,0
,ASM-NISSAN-PATROL-Y61-ZD30-ENGINE-DOOR-REAR,Nissan Patrol Y61 – ZD30 engine - Door - rear,Other Miscellaneous Parts,PCS,Vehicle applicability: Nissan Patrol Y61 – ZD30 engine; System category: Other Miscellaneous Parts; Source item group: Auto Parts; Source unit: Pc,1,1,1,0
,ASM-NISSAN-PATROL-Y61-ZD30-ENGINE-DRAG-LINK,Nissan Patrol Y61 – ZD30 engine - Drag link,Other Miscellaneous Parts,PCS,Vehicle applicability: Nissan Patrol Y61 – ZD30 engine; System category: Other Miscellaneous Parts; Source item group: Auto Parts; Source unit: Pc,1,1,1,0
,ASM-NISSAN-PATROL-Y61-ZD30-ENGINE-FLOOR-CARPETS,Nissan Patrol Y61 – ZD30 engine - Floor carpets,Other Miscellaneous Parts,Set,Vehicle applicability: Nissan Patrol Y61 – ZD30 engine; System category: Other Miscellaneous Parts; Source item group: Auto Parts; Source unit: Set,1,1,1,0
,ASM-NISSAN-PATROL-Y61-ZD30-ENGINE-HORN,Nissan Patrol Y61 – ZD30 engine - Horn,Other Miscellaneous Parts,PCS,Vehicle applicability: Nissan Patrol Y61 – ZD30 engine; System category: Other Miscellaneous Parts; Source item group: Auto Parts; Source unit: Pc,1,1,1,0
,ASM-NISSAN-PATROL-Y61-ZD30-ENGINE-RIVETS,Nissan Patrol Y61 – ZD30 engine - Rivets,Other Miscellaneous Parts,PCS,Vehicle applicability: Nissan Patrol Y61 – ZD30 engine; System category: Other Miscellaneous Parts; Source item group: Auto Parts; Source unit: Pc,1,1,1,0
,ASM-NISSAN-PATROL-Y61-ZD30-ENGINE-SEAT-COVERS,Nissan Patrol Y61 – ZD30 engine - Seat covers,Other Miscellaneous Parts,Set,Vehicle applicability: Nissan Patrol Y61 – ZD30 engine; System category: Other Miscellaneous Parts; Source item group: Auto Parts; Source unit: Set,1,1,1,0
,ASM-NISSAN-PATROL-Y61-ZD30-ENGINE-SHIMS,Nissan Patrol Y61 – ZD30 engine - Shims,Other Miscellaneous Parts,PCS,Vehicle applicability: Nissan Patrol Y61 – ZD30 engine; System category: Other Miscellaneous Parts; Source item group: Auto Parts; Source unit: Pc,1,1,1,0
,ASM-NISSAN-PATROL-Y61-ZD30-ENGINE-STUDS,Nissan Patrol Y61 – ZD30 engine - Studs,Other Miscellaneous Parts,PCS,Vehicle applicability: Nissan Patrol Y61 – ZD30 engine; System category: Other Miscellaneous Parts; Source item group: Auto Parts; Source unit: Pc,1,1,1,0
,ASM-NISSAN-PATROL-Y61-ZD30-ENGINE-BULL-BARS,Nissan Patrol Y61 – ZD30 engine - Bull bars,Other Miscellaneous Parts,PCS,Vehicle applicability: Nissan Patrol Y61 – ZD30 engine; System category: Other Miscellaneous Parts; Source item group: Auto Parts; Source unit: Pc,1,1,1,0
,ASM-NISSAN-PATROL-Y61-ZD30-ENGINE-TOW-BARS,Nissan Patrol Y61 – ZD30 engine - Tow bars,Other Miscellaneous Parts,PCS,Vehicle applicability: Nissan Patrol Y61 – ZD30 engine; System category: Other Miscellaneous Parts; Source item group: Auto Parts; Source unit: Pc,1,1,1,0
,ASM-NISSAN-PATROL-Y61-ZD30-ENGINE-BOOT-LOCK-AND-KEYS,Nissan Patrol Y61 – ZD30 engine - Boot lock & keys,Other Miscellaneous Parts,PCS,Vehicle applicability: Nissan Patrol Y61 – ZD30 engine; System category: Other Miscellaneous Parts; Source item group: Auto Parts; Source unit: Pc,1,1,1,0
,ASM-NISSAN-PATROL-Y61-ZD30-ENGINE-CENTRAL-LOCKING-SWITCH,Nissan Patrol Y61 – ZD30 engine - central locking switch,Other Miscellaneous Parts,PCS,Vehicle applicability: Nissan Patrol Y61 – ZD30 engine; System category: Other Miscellaneous Parts; Source item group: Auto Parts; Source unit: Pc,1,1,1,0
,ASM-NISSAN-PATROL-Y61-ZD30-ENGINE-DRIVERS-SEAT-BELTS,Nissan Patrol Y61 – ZD30 engine - Drivers seat belts,Other Miscellaneous Parts,PCS,Vehicle applicability: Nissan Patrol Y61 – ZD30 engine; System category: Other Miscellaneous Parts; Source item group: Auto Parts; Source unit: Pc,1,1,1,0
,ASM-NISSAN-PATROL-Y61-ZD30-ENGINE-FIRST-AID-KIT,Nissan Patrol Y61 – ZD30 engine - First Aid kit,Other Miscellaneous Parts,PCS,Vehicle applicability: Nissan Patrol Y61 – ZD30 engine; System category: Other Miscellaneous Parts; Source item group: Auto Parts; Source unit: Pc,1,1,1,0
,ASM-NISSAN-PATROL-Y61-ZD30-ENGINE-DOOR-MIRROR-GLASSES,Nissan Patrol Y61 – ZD30 engine - Door mirror glasses,Other Miscellaneous Parts,PCS,Vehicle applicability: Nissan Patrol Y61 – ZD30 engine; System category: Other Miscellaneous Parts; Source item group: Auto Parts; Source unit: Pc,1,1,1,0
,ASM-NISSAN-PATROL-Y61-ZD30-ENGINE-DOOR-GLASSES,Nissan Patrol Y61 – ZD30 engine - Door glasses,Other Miscellaneous Parts,PCS,Vehicle applicability: Nissan Patrol Y61 – ZD30 engine; System category: Other Miscellaneous Parts; Source item group: Auto Parts; Source unit: Pc,1,1,1,0
,ASM-NISSAN-PATROL-Y61-ZD30-ENGINE-REAR-VIEW-MIRRORS,Nissan Patrol Y61 – ZD30 engine - Rear view mirrors,Other Miscellaneous Parts,PCS,Vehicle applicability: Nissan Patrol Y61 – ZD30 engine; System category: Other Miscellaneous Parts; Source item group: Auto Parts; Source unit: Pc,1,1,1,0
,ASM-NISSAN-PATROL-Y61-ZD30-ENGINE-SUN-ROOF-GLASSES,Nissan Patrol Y61 – ZD30 engine - Sun roof glasses,Other Miscellaneous Parts,PCS,Vehicle applicability: Nissan Patrol Y61 – ZD30 engine; System category: Other Miscellaneous Parts; Source item group: Auto Parts; Source unit: Pc,1,1,1,0
,ASM-NISSAN-PATROL-Y61-ZD30-ENGINE-BUMPERS,Nissan Patrol Y61 – ZD30 engine - Bumpers,Other Miscellaneous Parts,PCS,Vehicle applicability: Nissan Patrol Y61 – ZD30 engine; System category: Other Miscellaneous Parts; Source item group: Auto Parts; Source unit: Pc,1,1,1,0
,ASM-NISSAN-PATROL-Y61-ZD30-ENGINE-BUMPER-CROSS-MEMBER,Nissan Patrol Y61 – ZD30 engine - Bumper cross member,Other Miscellaneous Parts,PCS,Vehicle applicability: Nissan Patrol Y61 – ZD30 engine; System category: Other Miscellaneous Parts; Source item group: Auto Parts; Source unit: Pc,1,1,1,0
,ASM-NISSAN-PATROL-Y61-ZD30-ENGINE-SIDE-STEPS,Nissan Patrol Y61 – ZD30 engine - Side steps,Other Miscellaneous Parts,PCS,Vehicle applicability: Nissan Patrol Y61 – ZD30 engine; System category: Other Miscellaneous Parts; Source item group: Auto Parts; Source unit: Pc,1,1,1,0
,ASM-NISSAN-PATROL-Y61-ZD30-ENGINE-FOUR-WHEEL-DRIVE-LOCKS,Nissan Patrol Y61 – ZD30 engine - Four wheel drive locks,Other Miscellaneous Parts,PCS,Vehicle applicability: Nissan Patrol Y61 – ZD30 engine; System category: Other Miscellaneous Parts; Source item group: Auto Parts; Source unit: Pc,1,1,1,0
,ASM-NISSAN-PATROL-Y61-ZD30-ENGINE-ENGINE-OIL-DIESEL-ENGINE-OIL,Nissan Patrol Y61 – ZD30 engine - Engine oil (Diesel engine oil),Services,Litre,Vehicle applicability: Nissan Patrol Y61 – ZD30 engine; System category: Service; Source item group: Auto Parts; Source unit: Litre,1,1,1,0
,ASM-NISSAN-PATROL-Y61-ZD30-ENGINE-BRAKE-FLUID,Nissan Patrol Y61 – ZD30 engine - Brake fluid,Services,0.25L,Vehicle applicability: Nissan Patrol Y61 – ZD30 engine; System category: Service; Source item group: Auto Parts; Source unit: 0.25L,1,1,1,0
,ASM-NISSAN-PATROL-Y61-ZD30-ENGINE-TRANSMISSION-OIL-GL4-75-W85,Nissan Patrol Y61 – ZD30 engine - Transmission oil GL4 75-W85,Services,Litre,Vehicle applicability: Nissan Patrol Y61 – ZD30 engine; System category: Service; Source item group: Auto Parts; Source unit: Litre,1,1,1,0
,ASM-NISSAN-PATROL-Y61-ZD30-ENGINE-COOLANT-TOTAL,Nissan Patrol Y61 – ZD30 engine - Coolant Total,Services,Litre,Vehicle applicability: Nissan Patrol Y61 – ZD30 engine; System category: Service; Source item group: Auto Parts; Source unit: Litre,1,1,1,0
,ASM-NISSAN-PATROL-Y61-ZD30-ENGINE-ATF-FLUIDMATIC-D2-1L,Nissan Patrol Y61 – ZD30 engine - ATF FLUIDMATIC D2 1L,Services,Litre,Vehicle applicability: Nissan Patrol Y61 – ZD30 engine; System category: Service; Source item group: Auto Parts; Source unit: Litre,1,1,1,0
,ASM-NISSAN-PATROL-Y61-ZD30-ENGINE-FILTER-ASSY-OIL,Nissan Patrol Y61 – ZD30 engine - FILTER ASSY-OIL,Sundry,PCS,Vehicle applicability: Nissan Patrol Y61 – ZD30 engine; System category: Sundry; Source item group: Auto Parts; Source unit: PC,1,1,1,0
,ASM-NISSAN-PATROL-Y61-ZD30-ENGINE-FILTER-ASSY-FUE,Nissan Patrol Y61 – ZD30 engine - FILTER ASSY-FUE,Sundry,PCS,Vehicle applicability: Nissan Patrol Y61 – ZD30 engine; System category: Sundry; Source item group: Auto Parts; Source unit: PC,1,1,1,0
,ASM-NISSAN-PATROL-Y61-ZD30-ENGINE-ELEMENT-ASSY,Nissan Patrol Y61 – ZD30 engine - ELEMENT ASSY,Sundry,PCS,Vehicle applicability: Nissan Patrol Y61 – ZD30 engine; System category: Sundry; Source item group: Auto Parts; Source unit: PC,1,1,1,0
,ASM-NISSAN-PATROL-Y61-ZD30-ENGINE-GEAR-OIL-HYPOID-1L-FR-DIFF,Nissan Patrol Y61 – ZD30 engine - GEAR OIL-HYPOID 1L(Fr Diff),Sundry,Litre,Vehicle applicability: Nissan Patrol Y61 – ZD30 engine; System category: Sundry; Source item group: Auto Parts; Source unit: Litre,1,1,1,0
,ASM-NISSAN-PATROL-Y61-ZD30-ENGINE-WASHER-DRAIN,Nissan Patrol Y61 – ZD30 engine - WASHER DRAIN,Sundry,PCS,Vehicle applicability: Nissan Patrol Y61 – ZD30 engine; System category: Sundry; Source item group: Auto Parts; Source unit: PC,1,1,1,0
,ASM-FORD-VEHICLES-T6-ABS-STEEL-PIN,Ford vehicles – T6 - ABS steel pin,Brake System,PCS,Vehicle applicability: Ford vehicles – T6; System category: Brake System; Source item group: Auto Parts; Source unit: PCS,1,1,1,0
,ASM-FORD-VEHICLES-T6-ABS-SENSOR-FRONT,Ford vehicles – T6 - ABS sensor front,Brake System,PCS,Vehicle applicability: Ford vehicles – T6; System category: Brake System; Source item group: Auto Parts; Source unit: PCS,1,1,1,0
,ASM-FORD-VEHICLES-T6-ABS-SENSOR-REAR,Ford vehicles – T6 - ABS Sensor rear,Brake System,PCS,Vehicle applicability: Ford vehicles – T6; System category: Brake System; Source item group: Auto Parts; Source unit: PCS,1,1,1,0
,ASM-FORD-VEHICLES-T6-BRAKE-BOOSTER,Ford vehicles – T6 - Brake booster,Brake System,PCS,Vehicle applicability: Ford vehicles – T6; System category: Brake System; Source item group: Auto Parts; Source unit: PCS,1,1,1,0
,ASM-FORD-VEHICLES-T6-CARRIER-CALIPER-BKT,Ford vehicles – T6 - Carrier caliper BKT,Brake System,PCS,Vehicle applicability: Ford vehicles – T6; System category: Brake System; Source item group: Auto Parts; Source unit: PCS,1,1,1,0
,ASM-FORD-VEHICLES-T6-CALIPER-KIT-REPAIR,Ford vehicles – T6 - Caliper kit Repair,Brake System,PCS,Vehicle applicability: Ford vehicles – T6; System category: Brake System; Source item group: Auto Parts; Source unit: PCS,1,1,1,0
,ASM-FORD-VEHICLES-T6-BRAKE-CALIPER,Ford vehicles – T6 - Brake caliper,Brake System,PCS,Vehicle applicability: Ford vehicles – T6; System category: Brake System; Source item group: Auto Parts; Source unit: PCS,1,1,1,0
,ASM-FORD-VEHICLES-T6-BRAKE-DISC,Ford vehicles – T6 - Brake disc,Brake System,PCS,Vehicle applicability: Ford vehicles – T6; System category: Brake System; Source item group: Auto Parts; Source unit: PCS,1,1,1,0
,ASM-FORD-VEHICLES-T6-BRAKE-DRUM,Ford vehicles – T6 - Brake Drum,Brake System,PCS,Vehicle applicability: Ford vehicles – T6; System category: Brake System; Source item group: Auto Parts; Source unit: PCS,1,1,1,0
,ASM-FORD-VEHICLES-T6-BRAKE-LIGHT-SWITCHE,Ford vehicles – T6 - Brake light switche,Brake System,PCS,Vehicle applicability: Ford vehicles – T6; System category: Brake System; Source item group: Auto Parts; Source unit: PCS,1,1,1,0
,ASM-FORD-VEHICLES-T6-BRAKE-SHOES,Ford vehicles – T6 - Brake shoes,Brake System,PCS,Vehicle applicability: Ford vehicles – T6; System category: Brake System; Source item group: Auto Parts; Source unit: PCS,1,1,1,0
,ASM-FORD-VEHICLES-T6-BRAKE-PADS,Ford vehicles – T6 - Brake pads,Brake System,PCS,Vehicle applicability: Ford vehicles – T6; System category: Brake System; Source item group: Auto Parts; Source unit: PCS,1,1,1,0
,ASM-FORD-VEHICLES-T6-BRAKE-SERVO,Ford vehicles – T6 - Brake servo,Brake System,PCS,Vehicle applicability: Ford vehicles – T6; System category: Brake System; Source item group: Auto Parts; Source unit: PCS,1,1,1,0
,ASM-FORD-VEHICLES-T6-BRAKE-PUMP,Ford vehicles – T6 - Brake Pump,Brake System,PCS,Vehicle applicability: Ford vehicles – T6; System category: Brake System; Source item group: Auto Parts; Source unit: PCS,1,1,1,0
,ASM-FORD-VEHICLES-T6-TUBE-SLAVE-CYLINDER,Ford vehicles – T6 - Tube slave cylinder,Brake System,PCS,Vehicle applicability: Ford vehicles – T6; System category: Brake System; Source item group: Auto Parts; Source unit: PCS,1,1,1,0
,ASM-FORD-VEHICLES-T6-PARK-BRAKE-LEVER-HANDLE,Ford vehicles – T6 - Park Brake Lever Handle,Brake System,PCS,Vehicle applicability: Ford vehicles – T6; System category: Brake System; Source item group: Auto Parts; Source unit: PCS,1,1,1,0
,ASM-FORD-VEHICLES-T6-HAND-BRAKE-CABLES,Ford vehicles – T6 - Hand brake cables,Brake System,PCS,Vehicle applicability: Ford vehicles – T6; System category: Brake System; Source item group: Auto Parts; Source unit: PCS,1,1,1,0
,ASM-FORD-VEHICLES-T6-MASTER-CYLINDER-KIT,Ford vehicles – T6 - Master cylinder kit,Brake System,PCS,Vehicle applicability: Ford vehicles – T6; System category: Brake System; Source item group: Auto Parts; Source unit: PCS,1,1,1,0
,ASM-FORD-VEHICLES-T6-WHEEL-CYLINDER-REPAIR-KIT,Ford vehicles – T6 - Wheel Cylinder repair kit,Brake System,PCS,Vehicle applicability: Ford vehicles – T6; System category: Brake System; Source item group: Auto Parts; Source unit: PCS,1,1,1,0
,ASM-FORD-VEHICLES-T6-RETURN-SPRING-BRAKES,Ford vehicles – T6 - Return spring brakes,Brake System,PCS,Vehicle applicability: Ford vehicles – T6; System category: Brake System; Source item group: Auto Parts; Source unit: PCS,1,1,1,0
,ASM-FORD-VEHICLES-T6-ARCHOR-PIN,Ford vehicles – T6 - Archor pin,Brake System,PCS,Vehicle applicability: Ford vehicles – T6; System category: Brake System; Source item group: Auto Parts; Source unit: PCS,1,1,1,0
,ASM-FORD-VEHICLES-T6-BRAKE-SHIMS,Ford vehicles – T6 - Brake shims,Brake System,PCS,Vehicle applicability: Ford vehicles – T6; System category: Brake System; Source item group: Auto Parts; Source unit: PCS,1,1,1,0
,ASM-FORD-VEHICLES-T6-BRAKE-BOLTS,Ford vehicles – T6 - Brake bolts,Brake System,PCS,Vehicle applicability: Ford vehicles – T6; System category: Brake System; Source item group: Auto Parts; Source unit: PCS,1,1,1,0
,ASM-FORD-VEHICLES-T6-BRAKE-FLEXIBLE-PIPES,Ford vehicles – T6 - Brake flexible pipes,Brake System,PCS,Vehicle applicability: Ford vehicles – T6; System category: Brake System; Source item group: Auto Parts; Source unit: PCS,1,1,1,0
,ASM-FORD-VEHICLES-T6-WHEEL-BEARING-SEALS,Ford vehicles – T6 - Wheel bearing seals,Brake System,PCS,Vehicle applicability: Ford vehicles – T6; System category: Brake System; Source item group: Auto Parts; Source unit: PCS,1,1,1,0
,ASM-FORD-VEHICLES-T6-WHEEL-LOCKING-NUTS-WASHERS-AND-PIN,"Ford vehicles – T6 - Wheel locking nuts,Washers & Pin",Brake System,PCS,Vehicle applicability: Ford vehicles – T6; System category: Brake System; Source item group: Auto Parts; Source unit: PCS,1,1,1,0
,ASM-FORD-VEHICLES-T6-WHEEL-BEARINGS,Ford vehicles – T6 - Wheel bearings,Brake System,PCS,Vehicle applicability: Ford vehicles – T6; System category: Brake System; Source item group: Auto Parts; Source unit: PCS,1,1,1,0
,ASM-FORD-VEHICLES-T6-WHEEL-CAP,Ford vehicles – T6 - Wheel cap,Brake System,PCS,Vehicle applicability: Ford vehicles – T6; System category: Brake System; Source item group: Auto Parts; Source unit: PCS,1,1,1,0
,ASM-FORD-VEHICLES-T6-WHEEL-CYLINDER,Ford vehicles – T6 - Wheel Cylinder,Brake System,PCS,Vehicle applicability: Ford vehicles – T6; System category: Brake System; Source item group: Auto Parts; Source unit: PCS,1,1,1,0
,ASM-FORD-VEHICLES-T6-ENGINE-SERVICE-NEW-ENGINE-STATE-THE-COM,Ford vehicles – T6 - Engine service ( New engine- state the com,Engine Parts,PCS,Vehicle applicability: Ford vehicles – T6; System category: Engine Parts; Source item group: Auto Parts; Source unit: PCS,1,1,1,0
,ASM-FORD-VEHICLES-T6-HOSE-OIL-COOLER,Ford vehicles – T6 - Hose oil cooler,Engine Parts,PCS,Vehicle applicability: Ford vehicles – T6; System category: Engine Parts; Source item group: Auto Parts; Source unit: PCS,1,1,1,0
,ASM-FORD-VEHICLES-T6-OIL-SWITCH-T6,Ford vehicles – T6 - Oil switch T6,Engine Parts,PCS,Vehicle applicability: Ford vehicles – T6; System category: Engine Parts; Source item group: Auto Parts; Source unit: PCS,1,1,1,0
,ASM-FORD-VEHICLES-T6-PULLEY-ASY-TENSION,Ford vehicles – T6 - Pulley Asy-Tension,Engine Parts,PCS,Vehicle applicability: Ford vehicles – T6; System category: Engine Parts; Source item group: Auto Parts; Source unit: PCS,1,1,1,0
,ASM-FORD-VEHICLES-T6-TENSIONER-DRIVE-BELT,Ford vehicles – T6 - Tensioner - Drive Belt,Engine Parts,PCS,Vehicle applicability: Ford vehicles – T6; System category: Engine Parts; Source item group: Auto Parts; Source unit: PCS,1,1,1,0
,ASM-FORD-VEHICLES-T6-TENSIONER-1,Ford vehicles – T6 - Tensioner 1,Engine Parts,PCS,Vehicle applicability: Ford vehicles – T6; System category: Engine Parts; Source item group: Auto Parts; Source unit: PCS,1,1,1,0
,ASM-FORD-VEHICLES-T6-TENSIONER-2,Ford vehicles – T6 - Tensioner 2,Engine Parts,PCS,Vehicle applicability: Ford vehicles – T6; System category: Engine Parts; Source item group: Auto Parts; Source unit: PCS,1,1,1,0
,ASM-FORD-VEHICLES-T6-GUIDE-1,Ford vehicles – T6 - Guide 1,Engine Parts,PCS,Vehicle applicability: Ford vehicles – T6; System category: Engine Parts; Source item group: Auto Parts; Source unit: PCS,1,1,1,0
,ASM-FORD-VEHICLES-T6-GUIDE-2,Ford vehicles – T6 - Guide 2,Engine Parts,PCS,Vehicle applicability: Ford vehicles – T6; System category: Engine Parts; Source item group: Auto Parts; Source unit: PCS,1,1,1,0
,ASM-FORD-VEHICLES-T6-RAIL-GUIDE,Ford vehicles – T6 - Rail guide,Engine Parts,PCS,Vehicle applicability: Ford vehicles – T6; System category: Engine Parts; Source item group: Auto Parts; Source unit: PCS,1,1,1,0
,ASM-FORD-VEHICLES-T6-HOS-ASY-HTR-INLET,Ford vehicles – T6 - HOS Asy HTR INLET,Engine Parts,PCS,Vehicle applicability: Ford vehicles – T6; System category: Engine Parts; Source item group: Auto Parts; Source unit: PCS,1,1,1,0
,ASM-FORD-VEHICLES-T6-HOS-TUB-ASY-HTR-OL,Ford vehicles – T6 - HOS Tub Asy HTR OL,Engine Parts,PCS,Vehicle applicability: Ford vehicles – T6; System category: Engine Parts; Source item group: Auto Parts; Source unit: PCS,1,1,1,0
,ASM-FORD-VEHICLES-T6-COMMON-RAIL-ASSY,Ford vehicles – T6 - Common rail assy,Engine Parts,PCS,Vehicle applicability: Ford vehicles – T6; System category: Engine Parts; Source item group: Auto Parts; Source unit: PCS,1,1,1,0
,ASM-FORD-VEHICLES-T6-SENSOR-CAMSHAFT,Ford vehicles – T6 - Sensor camshaft,Engine Parts,PCS,Vehicle applicability: Ford vehicles – T6; System category: Engine Parts; Source item group: Auto Parts; Source unit: PCS,1,1,1,0
,ASM-FORD-VEHICLES-T6-SENSOR-CANKSHAFT-POSIT,Ford vehicles – T6 - Sensor cankshaft POSIT,Engine Parts,PCS,Vehicle applicability: Ford vehicles – T6; System category: Engine Parts; Source item group: Auto Parts; Source unit: PCS,1,1,1,0
,ASM-FORD-VEHICLES-T6-SEAL-OIL-CRANKSHAFT-FRONT,Ford vehicles – T6 - Seal oil crankshaft front,Engine Parts,PCS,Vehicle applicability: Ford vehicles – T6; System category: Engine Parts; Source item group: Auto Parts; Source unit: PCS,1,1,1,0
,ASM-FORD-VEHICLES-T6-BELT-FAN-AC-PUMP-WATER-PUMP-ALTERNATO,"Ford vehicles – T6 - Belt ( fan. Ac pump, Water pump, Alternato",Engine Parts,PCS,Vehicle applicability: Ford vehicles – T6; System category: Engine Parts; Source item group: Auto Parts; Source unit: PCS,1,1,1,0
,ASM-FORD-VEHICLES-T6-TIMING-CHAIN,Ford vehicles – T6 - Timing chain,Engine Parts,PCS,Vehicle applicability: Ford vehicles – T6; System category: Engine Parts; Source item group: Auto Parts; Source unit: PCS,1,1,1,0
,ASM-FORD-VEHICLES-T6-AIR-CONDITIONER-BELTS,Ford vehicles – T6 - Air conditioner belts,Engine Parts,PCS,Vehicle applicability: Ford vehicles – T6; System category: Engine Parts; Source item group: Auto Parts; Source unit: PCS,1,1,1,0
,ASM-FORD-VEHICLES-T6-OIL-BALANCER-SEALS,Ford vehicles – T6 - Oil balancer seals,Engine Parts,PCS,Vehicle applicability: Ford vehicles – T6; System category: Engine Parts; Source item group: Auto Parts; Source unit: PCS,1,1,1,0
,ASM-FORD-VEHICLES-T6-CAMSHAFT,Ford vehicles – T6 - Camshaft,Engine Parts,PCS,Vehicle applicability: Ford vehicles – T6; System category: Engine Parts; Source item group: Auto Parts; Source unit: PCS,1,1,1,0
,ASM-FORD-VEHICLES-T6-OIL-PUMP,Ford vehicles – T6 - Oil pump,Engine Parts,PCS,Vehicle applicability: Ford vehicles – T6; System category: Engine Parts; Source item group: Auto Parts; Source unit: PCS,1,1,1,0
,ASM-FORD-VEHICLES-T6-OIL-FILTER-GASKET,Ford vehicles – T6 - Oil filter gasket,Engine Parts,PCS,Vehicle applicability: Ford vehicles – T6; System category: Engine Parts; Source item group: Auto Parts; Source unit: PCS,1,1,1,0
,ASM-FORD-VEHICLES-T6-CAMSHAFT-FOLLOWER,Ford vehicles – T6 - Camshaft follower,Engine Parts,PCS,Vehicle applicability: Ford vehicles – T6; System category: Engine Parts; Source item group: Auto Parts; Source unit: PCS,1,1,1,0
,ASM-FORD-VEHICLES-T6-CAMSHAFT-LIFTER-KIT,Ford vehicles – T6 - Camshaft lifter kit,Engine Parts,PCS,Vehicle applicability: Ford vehicles – T6; System category: Engine Parts; Source item group: Auto Parts; Source unit: PCS,1,1,1,0
,ASM-FORD-VEHICLES-T6-OIL-SEAL,Ford vehicles – T6 - Oil seal,Engine Parts,PCS,Vehicle applicability: Ford vehicles – T6; System category: Engine Parts; Source item group: Auto Parts; Source unit: PCS,1,1,1,0
,ASM-FORD-VEHICLES-T6-SEAL-OIL,Ford vehicles – T6 - Seal oil,Engine Parts,PCS,Vehicle applicability: Ford vehicles – T6; System category: Engine Parts; Source item group: Auto Parts; Source unit: PCS,1,1,1,0
,ASM-FORD-VEHICLES-T6-NEEDLE-BEARING,Ford vehicles – T6 - Needle bearing,Engine Parts,PCS,Vehicle applicability: Ford vehicles – T6; System category: Engine Parts; Source item group: Auto Parts; Source unit: PCS,1,1,1,0
,ASM-FORD-VEHICLES-T6-BEARING-ASSY-NEEDLE,Ford vehicles – T6 - Bearing Assy Needle,Engine Parts,PCS,Vehicle applicability: Ford vehicles – T6; System category: Engine Parts; Source item group: Auto Parts; Source unit: PCS,1,1,1,0
,ASM-FORD-VEHICLES-T6-SLAVE-TUBE,Ford vehicles – T6 - Slave tube,Engine Parts,PCS,Vehicle applicability: Ford vehicles – T6; System category: Engine Parts; Source item group: Auto Parts; Source unit: PCS,1,1,1,0
,ASM-FORD-VEHICLES-T6-OIL-COOLER,Ford vehicles – T6 - Oil cooler,Engine Parts,PCS,Vehicle applicability: Ford vehicles – T6; System category: Engine Parts; Source item group: Auto Parts; Source unit: PCS,1,1,1,0
,ASM-FORD-VEHICLES-T6-CRANKSHAFT-OIL-SEAL,Ford vehicles – T6 - Crankshaft oil seal,Engine Parts,PCS,Vehicle applicability: Ford vehicles – T6; System category: Engine Parts; Source item group: Auto Parts; Source unit: PCS,1,1,1,0
,ASM-FORD-VEHICLES-T6-CYLINDER-HEAD-COMPLETE,Ford vehicles – T6 - Cylinder head complete,Engine Parts,PCS,Vehicle applicability: Ford vehicles – T6; System category: Engine Parts; Source item group: Auto Parts; Source unit: PCS,1,1,1,0
,ASM-FORD-VEHICLES-T6-CYLINDER-HEAD-COVER,Ford vehicles – T6 - Cylinder head cover,Engine Parts,PCS,Vehicle applicability: Ford vehicles – T6; System category: Engine Parts; Source item group: Auto Parts; Source unit: PCS,1,1,1,0
,ASM-FORD-VEHICLES-T6-CYLINDER-HEAD-GASKET,Ford vehicles – T6 - Cylinder head gasket,Engine Parts,PCS,Vehicle applicability: Ford vehicles – T6; System category: Engine Parts; Source item group: Auto Parts; Source unit: PCS,1,1,1,0
,ASM-FORD-VEHICLES-T6-INLET-MANIFOLD,Ford vehicles – T6 - Inlet manifold,Engine Parts,PCS,Vehicle applicability: Ford vehicles – T6; System category: Engine Parts; Source item group: Auto Parts; Source unit: PCS,1,1,1,0
,ASM-FORD-VEHICLES-T6-OIL-SUMP,Ford vehicles – T6 - Oil sump,Engine Parts,PCS,Vehicle applicability: Ford vehicles – T6; System category: Engine Parts; Source item group: Auto Parts; Source unit: PCS,1,1,1,0
,ASM-FORD-VEHICLES-T6-ENGINE-KNOCK-SENSORS,Ford vehicles – T6 - Engine knock sensors,Engine Parts,PCS,Vehicle applicability: Ford vehicles – T6; System category: Engine Parts; Source item group: Auto Parts; Source unit: PCS,1,1,1,0
,ASM-FORD-VEHICLES-T6-OIL-STRAINER,Ford vehicles – T6 - Oil strainer,Engine Parts,PCS,Vehicle applicability: Ford vehicles – T6; System category: Engine Parts; Source item group: Auto Parts; Source unit: PCS,1,1,1,0
,ASM-FORD-VEHICLES-T6-ENGINE-MOUNTINGS,Ford vehicles – T6 - Engine mountings,Engine Parts,PCS,Vehicle applicability: Ford vehicles – T6; System category: Engine Parts; Source item group: Auto Parts; Source unit: PCS,1,1,1,0
,ASM-FORD-VEHICLES-T6-OIL-FILLER-CAPS,Ford vehicles – T6 - Oil filler caps,Engine Parts,PCS,Vehicle applicability: Ford vehicles – T6; System category: Engine Parts; Source item group: Auto Parts; Source unit: PCS,1,1,1,0
,ASM-FORD-VEHICLES-T6-OIL-CAP,Ford vehicles – T6 - Oil cap,Engine Parts,PCS,Vehicle applicability: Ford vehicles – T6; System category: Engine Parts; Source item group: Auto Parts; Source unit: PCS,1,1,1,0
,ASM-FORD-VEHICLES-T6-CYLINDER-HEAD-VALVES,Ford vehicles – T6 - Cylinder head valves,Engine Parts,PCS,Vehicle applicability: Ford vehicles – T6; System category: Engine Parts; Source item group: Auto Parts; Source unit: PCS,1,1,1,0
,ASM-FORD-VEHICLES-T6-VALVE-SPRINGS,Ford vehicles – T6 - Valve springs,Engine Parts,PCS,Vehicle applicability: Ford vehicles – T6; System category: Engine Parts; Source item group: Auto Parts; Source unit: PCS,1,1,1,0
,ASM-FORD-VEHICLES-T6-HEATER-CONTROL-UNIT,Ford vehicles – T6 - Heater Control Unit,Engine Parts,PCS,Vehicle applicability: Ford vehicles – T6; System category: Engine Parts; Source item group: Auto Parts; Source unit: PCS,1,1,1,0
,ASM-FORD-VEHICLES-T6-MOUNTING-BOLT,Ford vehicles – T6 - Mounting bolt,Engine Parts,PCS,Vehicle applicability: Ford vehicles – T6; System category: Engine Parts; Source item group: Auto Parts; Source unit: PCS,1,1,1,0
,ASM-FORD-VEHICLES-T6-STARTER-MOTOR,Ford vehicles – T6 - Starter motor,Engine Parts,PCS,Vehicle applicability: Ford vehicles – T6; System category: Engine Parts; Source item group: Auto Parts; Source unit: PCS,1,1,1,0
,ASM-FORD-VEHICLES-T6-STARTER-PINION,Ford vehicles – T6 - Starter pinion,Engine Parts,PCS,Vehicle applicability: Ford vehicles – T6; System category: Engine Parts; Source item group: Auto Parts; Source unit: PCS,1,1,1,0
,ASM-FORD-VEHICLES-T6-TURBO-SENSOR,Ford vehicles – T6 - Turbo sensor,Engine Parts,PCS,Vehicle applicability: Ford vehicles – T6; System category: Engine Parts; Source item group: Auto Parts; Source unit: PCS,1,1,1,0
,ASM-FORD-VEHICLES-T6-TURBOCHARGER-ASY,Ford vehicles – T6 - Turbocharger asy,Engine Parts,PCS,Vehicle applicability: Ford vehicles – T6; System category: Engine Parts; Source item group: Auto Parts; Source unit: PCS,1,1,1,0
,ASM-FORD-VEHICLES-T6-TENSIONER-BEARINGS,Ford vehicles – T6 - Tensioner bearings,Engine Parts,PCS,Vehicle applicability: Ford vehicles – T6; System category: Engine Parts; Source item group: Auto Parts; Source unit: PCS,1,1,1,0
,ASM-FORD-VEHICLES-T6-PILOT-BEARING,Ford vehicles – T6 - Pilot bearing,Engine Parts,PCS,Vehicle applicability: Ford vehicles – T6; System category: Engine Parts; Source item group: Auto Parts; Source unit: PCS,1,1,1,0
,ASM-FORD-VEHICLES-T6-DRAIN-NUT,Ford vehicles – T6 - Drain Nut,Engine Parts,PCS,Vehicle applicability: Ford vehicles – T6; System category: Engine Parts; Source item group: Auto Parts; Source unit: PCS,1,1,1,0
,ASM-FORD-VEHICLES-T6-THERMOSTAT-SWITCH,Ford vehicles – T6 - Thermostat switch,Engine Parts,PCS,Vehicle applicability: Ford vehicles – T6; System category: Engine Parts; Source item group: Auto Parts; Source unit: PCS,1,1,1,0
,ASM-FORD-VEHICLES-T6-COOLANT-HOSE-PIPE,Ford vehicles – T6 - Coolant hose Pipe,Cooling System,PCS,Vehicle applicability: Ford vehicles – T6; System category: Cooling System; Source item group: Auto Parts; Source unit: PCS,1,1,1,0
,ASM-FORD-VEHICLES-T6-COOLING-FAN,Ford vehicles – T6 - Cooling fan,Cooling System,PCS,Vehicle applicability: Ford vehicles – T6; System category: Cooling System; Source item group: Auto Parts; Source unit: PCS,1,1,1,0
,ASM-FORD-VEHICLES-T6-COWEL-ASSY-FAN,Ford vehicles – T6 - Cowel assy fan,Cooling System,PCS,Vehicle applicability: Ford vehicles – T6; System category: Cooling System; Source item group: Auto Parts; Source unit: PCS,1,1,1,0
,ASM-FORD-VEHICLES-T6-FAN-BLADE,Ford vehicles – T6 - Fan blade,Cooling System,PCS,Vehicle applicability: Ford vehicles – T6; System category: Cooling System; Source item group: Auto Parts; Source unit: PCS,1,1,1,0
,ASM-FORD-VEHICLES-T6-FAN-CLUTCH,Ford vehicles – T6 - Fan clutch,Cooling System,PCS,Vehicle applicability: Ford vehicles – T6; System category: Cooling System; Source item group: Auto Parts; Source unit: PCS,1,1,1,0
,ASM-FORD-VEHICLES-T6-RADIATOR-COMPLETE,Ford vehicles – T6 - Radiator complete,Cooling System,PCS,Vehicle applicability: Ford vehicles – T6; System category: Cooling System; Source item group: Auto Parts; Source unit: PCS,1,1,1,0
,ASM-FORD-VEHICLES-T6-RADIATOR-PRESSURE-CAP,Ford vehicles – T6 - Radiator pressure cap,Cooling System,PCS,Vehicle applicability: Ford vehicles – T6; System category: Cooling System; Source item group: Auto Parts; Source unit: PCS,1,1,1,0
,ASM-FORD-VEHICLES-T6-NOZZLE-WASHER,Ford vehicles – T6 - Nozzle washer,Cooling System,PCS,Vehicle applicability: Ford vehicles – T6; System category: Cooling System; Source item group: Auto Parts; Source unit: PCS,1,1,1,0
,ASM-FORD-VEHICLES-T6-RADIATOR-MOUNTINGS,Ford vehicles – T6 - Radiator mountings,Cooling System,PCS,Vehicle applicability: Ford vehicles – T6; System category: Cooling System; Source item group: Auto Parts; Source unit: PCS,1,1,1,0
,ASM-FORD-VEHICLES-T6-WATER-TANK,Ford vehicles – T6 - Water tank,Cooling System,PCS,Vehicle applicability: Ford vehicles – T6; System category: Cooling System; Source item group: Auto Parts; Source unit: PCS,1,1,1,0
,ASM-FORD-VEHICLES-T6-RESERVOIR-TANK-PIPE,Ford vehicles – T6 - Reservoir tank pipe,Cooling System,PCS,Vehicle applicability: Ford vehicles – T6; System category: Cooling System; Source item group: Auto Parts; Source unit: PCS,1,1,1,0
,ASM-FORD-VEHICLES-T6-RESERVOIR-TANK,Ford vehicles – T6 - Reservoir tank,Cooling System,PCS,Vehicle applicability: Ford vehicles – T6; System category: Cooling System; Source item group: Auto Parts; Source unit: PCS,1,1,1,0
,ASM-FORD-VEHICLES-T6-AIR-CLEANER-HOUSING,Ford vehicles – T6 - Air cleaner housing,Cooling System,PCS,Vehicle applicability: Ford vehicles – T6; System category: Cooling System; Source item group: Auto Parts; Source unit: PCS,1,1,1,0
,ASM-FORD-VEHICLES-T6-WATER-PIPES,Ford vehicles – T6 - Water pipes,Cooling System,PCS,Vehicle applicability: Ford vehicles – T6; System category: Cooling System; Source item group: Auto Parts; Source unit: PCS,1,1,1,0
,ASM-FORD-VEHICLES-T6-WATER-PUMP,Ford vehicles – T6 - Water pump,Cooling System,PCS,Vehicle applicability: Ford vehicles – T6; System category: Cooling System; Source item group: Auto Parts; Source unit: PCS,1,1,1,0
,ASM-FORD-VEHICLES-T6-WATER-TEMPERATURE-SWITCH,Ford vehicles – T6 - Water temperature switch,Cooling System,PCS,Vehicle applicability: Ford vehicles – T6; System category: Cooling System; Source item group: Auto Parts; Source unit: PCS,1,1,1,0
,ASM-FORD-VEHICLES-T6-CASTED-EXHAUST-MANIFOLD,Ford vehicles – T6 - Casted exhaust manifold,Exhaust System,PCS,Vehicle applicability: Ford vehicles – T6; System category: Exhaust System; Source item group: Auto Parts; Source unit: PCS,1,1,1,0
,ASM-FORD-VEHICLES-T6-EXHUAST-PIPE-COMPLETE-SILENCERS-PIPES-ETC,"Ford vehicles – T6 - Exhuast pipe complete( Silencers,pipes etc",Exhaust System,PCS,Vehicle applicability: Ford vehicles – T6; System category: Exhaust System; Source item group: Auto Parts; Source unit: PCS,1,1,1,0
,ASM-FORD-VEHICLES-T6-COMPRESSOR-REPAIR-KIT,Ford vehicles – T6 - Compressor repair kit,Exhaust System,PCS,Vehicle applicability: Ford vehicles – T6; System category: Exhaust System; Source item group: Auto Parts; Source unit: PCS,1,1,1,0
,ASM-FORD-VEHICLES-T6-EXHAUST-MOUNTING,Ford vehicles – T6 - Exhaust mounting,Exhaust System,PCS,Vehicle applicability: Ford vehicles – T6; System category: Exhaust System; Source item group: Auto Parts; Source unit: PCS,1,1,1,0
,ASM-FORD-VEHICLES-T6-EXHAUST-PIPE,Ford vehicles – T6 - Exhaust pipe,Exhaust System,PCS,Vehicle applicability: Ford vehicles – T6; System category: Exhaust System; Source item group: Auto Parts; Source unit: PCS,1,1,1,0
,ASM-FORD-VEHICLES-T6-EXHAUST-SILENCER,Ford vehicles – T6 - Exhaust silencer,Exhaust System,PCS,Vehicle applicability: Ford vehicles – T6; System category: Exhaust System; Source item group: Auto Parts; Source unit: PCS,1,1,1,0
,ASM-FORD-VEHICLES-T6-PARKIN-GASKET,Ford vehicles – T6 - Parkin gasket,Exhaust System,PCS,Vehicle applicability: Ford vehicles – T6; System category: Exhaust System; Source item group: Auto Parts; Source unit: PCS,1,1,1,0
,ASM-FORD-VEHICLES-T6-EXHAUST-FLEXIBLE-PIPE,Ford vehicles – T6 - Exhaust flexible pipe,Exhaust System,PCS,Vehicle applicability: Ford vehicles – T6; System category: Exhaust System; Source item group: Auto Parts; Source unit: PCS,1,1,1,0
,ASM-FORD-VEHICLES-T6-FUEL-FILTER,Ford vehicles – T6 - fuel filter,Fuel Supply System,PCS,Vehicle applicability: Ford vehicles – T6; System category: Fuel Supply System; Source item group: Auto Parts; Source unit: PCS,1,1,1,0
,ASM-FORD-VEHICLES-T6-FUEL-INJECTOR-NOZZLE,Ford vehicles – T6 - Fuel injector nozzle,Fuel Supply System,PCS,Vehicle applicability: Ford vehicles – T6; System category: Fuel Supply System; Source item group: Auto Parts; Source unit: PCS,1,1,1,0
,ASM-FORD-VEHICLES-T6-TUBE-FUEL-LEAK-OFF-PIPE,Ford vehicles – T6 - Tube/Fuel leak off pipe,Fuel Supply System,PCS,Vehicle applicability: Ford vehicles – T6; System category: Fuel Supply System; Source item group: Auto Parts; Source unit: PCS,1,1,1,0
,ASM-FORD-VEHICLES-T6-FUEL-LIFT-PUMP,Ford vehicles – T6 - Fuel lift pump,Fuel Supply System,PCS,Vehicle applicability: Ford vehicles – T6; System category: Fuel Supply System; Source item group: Auto Parts; Source unit: PCS,1,1,1,0
,ASM-FORD-VEHICLES-T6-FUEL-PRESSURE-REGULATOR,Ford vehicles – T6 - Fuel pressure regulator,Fuel Supply System,PCS,Vehicle applicability: Ford vehicles – T6; System category: Fuel Supply System; Source item group: Auto Parts; Source unit: PCS,1,1,1,0
,ASM-FORD-VEHICLES-T6-FUEL-PUMP-GASKET,Ford vehicles – T6 - Fuel pump gasket,Fuel Supply System,PCS,Vehicle applicability: Ford vehicles – T6; System category: Fuel Supply System; Source item group: Auto Parts; Source unit: PCS,1,1,1,0
,ASM-FORD-VEHICLES-T6-FUEL-RAIL-UNION-PIPES,Ford vehicles – T6 - Fuel rail union pipes,Fuel Supply System,PCS,Vehicle applicability: Ford vehicles – T6; System category: Fuel Supply System; Source item group: Auto Parts; Source unit: PCS,1,1,1,0
,ASM-FORD-VEHICLES-T6-FUEL-TANK-COMPLETE,Ford vehicles – T6 - Fuel tank complete,Fuel Supply System,PCS,Vehicle applicability: Ford vehicles – T6; System category: Fuel Supply System; Source item group: Auto Parts; Source unit: PCS,1,1,1,0
,ASM-FORD-VEHICLES-T6-FUEL-TANK-COVER,Ford vehicles – T6 - Fuel tank cover,Fuel Supply System,PCS,Vehicle applicability: Ford vehicles – T6; System category: Fuel Supply System; Source item group: Auto Parts; Source unit: PCS,1,1,1,0
,ASM-FORD-VEHICLES-T6-INJECTOR-PUMP,Ford vehicles – T6 - Injector pump,Fuel Supply System,PCS,Vehicle applicability: Ford vehicles – T6; System category: Fuel Supply System; Source item group: Auto Parts; Source unit: PCS,1,1,1,0
,ASM-FORD-VEHICLES-T6-INTAKE-MANIFOLD,Ford vehicles – T6 - Intake manifold,Fuel Supply System,PCS,Vehicle applicability: Ford vehicles – T6; System category: Fuel Supply System; Source item group: Auto Parts; Source unit: PCS,1,1,1,0
,ASM-FORD-VEHICLES-T6-BALL-JOINTS-LOWER,Ford vehicles – T6 - Ball joints - lower,Suspension & Steering System,PCS,Vehicle applicability: Ford vehicles – T6; System category: Suspension & Steering System; Source item group: Auto Parts; Source unit: PCS,1,1,1,0
,ASM-FORD-VEHICLES-T6-BALL-JOINTS-UPPER-ARMS,Ford vehicles – T6 - Ball joints - upper / arms,Suspension & Steering System,PCS,Vehicle applicability: Ford vehicles – T6; System category: Suspension & Steering System; Source item group: Auto Parts; Source unit: PCS,1,1,1,0
,ASM-FORD-VEHICLES-T6-CHASSIS-MOUNTINGS,Ford vehicles – T6 - Chassis mountings,Suspension & Steering System,PCS,Vehicle applicability: Ford vehicles – T6; System category: Suspension & Steering System; Source item group: Auto Parts; Source unit: PCS,1,1,1,0
,ASM-FORD-VEHICLES-T6-COIL-SPRING,Ford vehicles – T6 - Coil spring,Suspension & Steering System,PCS,Vehicle applicability: Ford vehicles – T6; System category: Suspension & Steering System; Source item group: Auto Parts; Source unit: PCS,1,1,1,0
,ASM-FORD-VEHICLES-T6-CONTROL-ARM,Ford vehicles – T6 - Control arm,Suspension & Steering System,PCS,Vehicle applicability: Ford vehicles – T6; System category: Suspension & Steering System; Source item group: Auto Parts; Source unit: PCS,1,1,1,0
,ASM-FORD-VEHICLES-T6-LEAF-SPRING,Ford vehicles – T6 - Leaf spring,Suspension & Steering System,PCS,Vehicle applicability: Ford vehicles – T6; System category: Suspension & Steering System; Source item group: Auto Parts; Source unit: PCS,1,1,1,0
,ASM-FORD-VEHICLES-T6-LEAF-SPRING-BUSHES,Ford vehicles – T6 - Leaf spring bushes,Suspension & Steering System,PCS,Vehicle applicability: Ford vehicles – T6; System category: Suspension & Steering System; Source item group: Auto Parts; Source unit: PCS,1,1,1,0
,ASM-FORD-VEHICLES-T6-REAR-SPRING-METTALIC-BUSHES,Ford vehicles – T6 - Rear Spring Mettalic bushes,Suspension & Steering System,PCS,Vehicle applicability: Ford vehicles – T6; System category: Suspension & Steering System; Source item group: Auto Parts; Source unit: PCS,1,1,1,0
,ASM-FORD-VEHICLES-T6-POWER-STEERING-ASSEMBLY,Ford vehicles – T6 - Power steering assembly,Suspension & Steering System,PCS,Vehicle applicability: Ford vehicles – T6; System category: Suspension & Steering System; Source item group: Auto Parts; Source unit: PCS,1,1,1,0
,ASM-FORD-VEHICLES-T6-RACK-ENDS,Ford vehicles – T6 - Rack ends,Suspension & Steering System,PCS,Vehicle applicability: Ford vehicles – T6; System category: Suspension & Steering System; Source item group: Auto Parts; Source unit: PCS,1,1,1,0
,ASM-FORD-VEHICLES-T6-SHOCK-ABSORBERS-FRONT,Ford vehicles – T6 - Shock absorbers - front,Suspension & Steering System,PCS,Vehicle applicability: Ford vehicles – T6; System category: Suspension & Steering System; Source item group: Auto Parts; Source unit: PCS,1,1,1,0
,ASM-FORD-VEHICLES-T6-SHOCK-ABSORBERS-REAR,Ford vehicles – T6 - Shock absorbers - rear,Suspension & Steering System,PCS,Vehicle applicability: Ford vehicles – T6; System category: Suspension & Steering System; Source item group: Auto Parts; Source unit: PCS,1,1,1,0
,ASM-FORD-VEHICLES-T6-SPINDLE,Ford vehicles – T6 - Spindle,Suspension & Steering System,PCS,Vehicle applicability: Ford vehicles – T6; System category: Suspension & Steering System; Source item group: Auto Parts; Source unit: PCS,1,1,1,0
,ASM-FORD-VEHICLES-T6-DAMPER-ASSY,Ford vehicles – T6 - Damper assy,Suspension & Steering System,PCS,Vehicle applicability: Ford vehicles – T6; System category: Suspension & Steering System; Source item group: Auto Parts; Source unit: PCS,1,1,1,0
,ASM-FORD-VEHICLES-T6-BUMPING-STOPPER,Ford vehicles – T6 - Bumping stopper,Suspension & Steering System,PCS,Vehicle applicability: Ford vehicles – T6; System category: Suspension & Steering System; Source item group: Auto Parts; Source unit: PCS,1,1,1,0
,ASM-FORD-VEHICLES-T6-STABILIZER-BAR-O-BUSHES,Ford vehicles – T6 - Stabilizer bar 'O' bushes,Suspension & Steering System,PCS,Vehicle applicability: Ford vehicles – T6; System category: Suspension & Steering System; Source item group: Auto Parts; Source unit: PCS,1,1,1,0
,ASM-FORD-VEHICLES-T6-STABILIZER-BAR-U-BUSHES,Ford vehicles – T6 - Stabilizer bar 'U' bushes,Suspension & Steering System,PCS,Vehicle applicability: Ford vehicles – T6; System category: Suspension & Steering System; Source item group: Auto Parts; Source unit: PCS,1,1,1,0
,ASM-FORD-VEHICLES-T6-STEERING-ARM,Ford vehicles – T6 - Steering arm,Suspension & Steering System,PCS,Vehicle applicability: Ford vehicles – T6; System category: Suspension & Steering System; Source item group: Auto Parts; Source unit: PCS,1,1,1,0
,ASM-FORD-VEHICLES-T6-STEERING-BOX,Ford vehicles – T6 - Steering box,Suspension & Steering System,PCS,Vehicle applicability: Ford vehicles – T6; System category: Suspension & Steering System; Source item group: Auto Parts; Source unit: PCS,1,1,1,0
,ASM-FORD-VEHICLES-T6-STEERING-COLUMN-ASSEMBLY,Ford vehicles – T6 - Steering column assembly,Suspension & Steering System,PCS,Vehicle applicability: Ford vehicles – T6; System category: Suspension & Steering System; Source item group: Auto Parts; Source unit: PCS,1,1,1,0
,ASM-FORD-VEHICLES-T6-STEERING-COLUMN-KIT,Ford vehicles – T6 - Steering column kit,Suspension & Steering System,PCS,Vehicle applicability: Ford vehicles – T6; System category: Suspension & Steering System; Source item group: Auto Parts; Source unit: PCS,1,1,1,0
,ASM-FORD-VEHICLES-T6-STEERING-RACK-AND-PINION,Ford vehicles – T6 - Steering rack and pinion,Suspension & Steering System,PCS,Vehicle applicability: Ford vehicles – T6; System category: Suspension & Steering System; Source item group: Auto Parts; Source unit: PCS,1,1,1,0
,ASM-FORD-VEHICLES-T6-STEERING-SHAFT,Ford vehicles – T6 - Steering shaft,Suspension & Steering System,PCS,Vehicle applicability: Ford vehicles – T6; System category: Suspension & Steering System; Source item group: Auto Parts; Source unit: PCS,1,1,1,0
,ASM-FORD-VEHICLES-T6-STEERING-WHEEL,Ford vehicles – T6 - Steering wheel,Suspension & Steering System,PCS,Vehicle applicability: Ford vehicles – T6; System category: Suspension & Steering System; Source item group: Auto Parts; Source unit: PCS,1,1,1,0
,ASM-FORD-VEHICLES-T6-STEERING-PUMP-T6,Ford vehicles – T6 - Steering Pump T6,Suspension & Steering System,PCS,Vehicle applicability: Ford vehicles – T6; System category: Suspension & Steering System; Source item group: Auto Parts; Source unit: PCS,1,1,1,0
,ASM-FORD-VEHICLES-T6-Z-LINK,Ford vehicles – T6 - Z-link,Suspension & Steering System,PCS,Vehicle applicability: Ford vehicles – T6; System category: Suspension & Steering System; Source item group: Auto Parts; Source unit: PCS,1,1,1,0
,ASM-FORD-VEHICLES-T6-STUB-AXLE,Ford vehicles – T6 - Stub axle,Suspension & Steering System,PCS,Vehicle applicability: Ford vehicles – T6; System category: Suspension & Steering System; Source item group: Auto Parts; Source unit: PCS,1,1,1,0
,ASM-FORD-VEHICLES-T6-SUSPENSION-LINKS-AND-BOLTS,Ford vehicles – T6 - Suspension links and bolts,Suspension & Steering System,PCS,Vehicle applicability: Ford vehicles – T6; System category: Suspension & Steering System; Source item group: Auto Parts; Source unit: PCS,1,1,1,0
,ASM-FORD-VEHICLES-T6-SUSPENSION-PLATE-LOWER,Ford vehicles – T6 - Suspension plate - lower,Suspension & Steering System,PCS,Vehicle applicability: Ford vehicles – T6; System category: Suspension & Steering System; Source item group: Auto Parts; Source unit: PCS,1,1,1,0
,ASM-FORD-VEHICLES-T6-SUSPENSION-PLATE-UPPER,Ford vehicles – T6 - Suspension plate - upper,Suspension & Steering System,PCS,Vehicle applicability: Ford vehicles – T6; System category: Suspension & Steering System; Source item group: Auto Parts; Source unit: PCS,1,1,1,0
,ASM-FORD-VEHICLES-T6-SUSPENSION-PLATE-BUSHES,Ford vehicles – T6 - Suspension plate bushes,Suspension & Steering System,PCS,Vehicle applicability: Ford vehicles – T6; System category: Suspension & Steering System; Source item group: Auto Parts; Source unit: PCS,1,1,1,0
,ASM-FORD-VEHICLES-T6-TIE-ROD-ENDS,Ford vehicles – T6 - Tie rod ends,Suspension & Steering System,PCS,Vehicle applicability: Ford vehicles – T6; System category: Suspension & Steering System; Source item group: Auto Parts; Source unit: PCS,1,1,1,0
,ASM-FORD-VEHICLES-T6-TRACK-ROD,Ford vehicles – T6 - Track rod,Suspension & Steering System,PCS,Vehicle applicability: Ford vehicles – T6; System category: Suspension & Steering System; Source item group: Auto Parts; Source unit: PCS,1,1,1,0
,ASM-FORD-VEHICLES-T6-CENTRE-BEARING,Ford vehicles – T6 - Centre bearing,Suspension & Steering System,PCS,Vehicle applicability: Ford vehicles – T6; System category: Suspension & Steering System; Source item group: Auto Parts; Source unit: PCS,1,1,1,0
,ASM-FORD-VEHICLES-T6-BELL-HOUSING,Ford vehicles – T6 - Bell housing,Transmission System,PCS,Vehicle applicability: Ford vehicles – T6; System category: Transmission System; Source item group: Auto Parts; Source unit: PCS,1,1,1,0
,ASM-FORD-VEHICLES-T6-MOTOR-ASSY-TRANSFER-CASE,Ford vehicles – T6 - Motor assy transfer case,Transmission System,PCS,Vehicle applicability: Ford vehicles – T6; System category: Transmission System; Source item group: Auto Parts; Source unit: PCS,1,1,1,0
,ASM-FORD-VEHICLES-T6-KIT-PTO,Ford vehicles – T6 - Kit PTO,Transmission System,PCS,Vehicle applicability: Ford vehicles – T6; System category: Transmission System; Source item group: Auto Parts; Source unit: PCS,1,1,1,0
,ASM-FORD-VEHICLES-T6-GEAR-1,Ford vehicles – T6 - Gear 1,Transmission System,PCS,Vehicle applicability: Ford vehicles – T6; System category: Transmission System; Source item group: Auto Parts; Source unit: PCS,1,1,1,0
,ASM-FORD-VEHICLES-T6-GEAR-2,Ford vehicles – T6 - Gear 2,Transmission System,PCS,Vehicle applicability: Ford vehicles – T6; System category: Transmission System; Source item group: Auto Parts; Source unit: PCS,1,1,1,0
,ASM-FORD-VEHICLES-T6-GEAR-3,Ford vehicles – T6 - Gear 3,Transmission System,PCS,Vehicle applicability: Ford vehicles – T6; System category: Transmission System; Source item group: Auto Parts; Source unit: PCS,1,1,1,0
,ASM-FORD-VEHICLES-T6-CONE-AND-GEAR,Ford vehicles – T6 - Cone & Gear,Transmission System,PCS,Vehicle applicability: Ford vehicles – T6; System category: Transmission System; Source item group: Auto Parts; Source unit: PCS,1,1,1,0
,ASM-FORD-VEHICLES-T6-GEAR-PLUG,Ford vehicles – T6 - Gear plug,Transmission System,PCS,Vehicle applicability: Ford vehicles – T6; System category: Transmission System; Source item group: Auto Parts; Source unit: PCS,1,1,1,0
,ASM-FORD-VEHICLES-T6-CLUTCH-CYLINDER-ASSEMBLY,Ford vehicles – T6 - Clutch cylinder assembly,Transmission System,PCS,Vehicle applicability: Ford vehicles – T6; System category: Transmission System; Source item group: Auto Parts; Source unit: PCS,1,1,1,0
,ASM-FORD-VEHICLES-T6-CLUTCH-CABLE,Ford vehicles – T6 - Clutch cable,Transmission System,PCS,Vehicle applicability: Ford vehicles – T6; System category: Transmission System; Source item group: Auto Parts; Source unit: PCS,1,1,1,0
,ASM-FORD-VEHICLES-T6-CLUTCH-HORSE,Ford vehicles – T6 - Clutch horse,Transmission System,PCS,Vehicle applicability: Ford vehicles – T6; System category: Transmission System; Source item group: Auto Parts; Source unit: PCS,1,1,1,0
,ASM-FORD-VEHICLES-T6-CLUTCH-KIT-CLUTCH-PLATE-AND-PRESSURE-PLATE,Ford vehicles – T6 - Clutch Kit ( clutch plate & Pressure plate),Transmission System,PCS,Vehicle applicability: Ford vehicles – T6; System category: Transmission System; Source item group: Auto Parts; Source unit: PCS,1,1,1,0
,ASM-FORD-VEHICLES-T6-CLUTCH-LEVER,Ford vehicles – T6 - Clutch lever,Transmission System,PCS,Vehicle applicability: Ford vehicles – T6; System category: Transmission System; Source item group: Auto Parts; Source unit: PCS,1,1,1,0
,ASM-FORD-VEHICLES-T6-PILOT-BEARING-FLY-WHEEL-BUSH,Ford vehicles – T6 - Pilot bearing/Fly wheel bush,Transmission System,PCS,Vehicle applicability: Ford vehicles – T6; System category: Transmission System; Source item group: Auto Parts; Source unit: PCS,1,1,1,0
,ASM-FORD-VEHICLES-T6-DIFFERENTIAL-BOLTS,Ford vehicles – T6 - Differential bolts,Transmission System,PCS,Vehicle applicability: Ford vehicles – T6; System category: Transmission System; Source item group: Auto Parts; Source unit: PCS,1,1,1,0
,ASM-FORD-VEHICLES-T6-DIFFERENTIAL-CASE-HOUSING,Ford vehicles – T6 - Differential case/housing,Transmission System,PCS,Vehicle applicability: Ford vehicles – T6; System category: Transmission System; Source item group: Auto Parts; Source unit: PCS,1,1,1,0
,ASM-FORD-VEHICLES-T6-DIFFERENTIAL-GEAR-SET,Ford vehicles – T6 - Differential gear (set),Transmission System,PCS,Vehicle applicability: Ford vehicles – T6; System category: Transmission System; Source item group: Auto Parts; Source unit: PCS,1,1,1,0
,ASM-FORD-VEHICLES-T6-DIFFERENTIAL-SEAL,Ford vehicles – T6 - Differential seal,Transmission System,PCS,Vehicle applicability: Ford vehicles – T6; System category: Transmission System; Source item group: Auto Parts; Source unit: PCS,1,1,1,0
,ASM-FORD-VEHICLES-T6-DIFFERENTIAL-UNIT-COMPLETE,Ford vehicles – T6 - Differential unit complete,Transmission System,PCS,Vehicle applicability: Ford vehicles – T6; System category: Transmission System; Source item group: Auto Parts; Source unit: PCS,1,1,1,0
,ASM-FORD-VEHICLES-T6-DRIVESHAFT-BOOTH,Ford vehicles – T6 - Driveshaft booth,Transmission System,PCS,Vehicle applicability: Ford vehicles – T6; System category: Transmission System; Source item group: Auto Parts; Source unit: PCS,1,1,1,0
,ASM-FORD-VEHICLES-T6-DRIVESHAFT-AXLE-SHAFT,Ford vehicles – T6 - Driveshaft/Axle shaft,Transmission System,PCS,Vehicle applicability: Ford vehicles – T6; System category: Transmission System; Source item group: Auto Parts; Source unit: PCS,1,1,1,0
,ASM-FORD-VEHICLES-T6-FLYWHEEL,Ford vehicles – T6 - Flywheel,Transmission System,PCS,Vehicle applicability: Ford vehicles – T6; System category: Transmission System; Source item group: Auto Parts; Source unit: PCS,1,1,1,0
,ASM-FORD-VEHICLES-T6-FLYWHEEL-RING-GEARS,Ford vehicles – T6 - Flywheel ring gears,Transmission System,PCS,Vehicle applicability: Ford vehicles – T6; System category: Transmission System; Source item group: Auto Parts; Source unit: PCS,1,1,1,0
,ASM-FORD-VEHICLES-T6-FOUR-WHEEL-DRIVE-GEAR-COUPLING,Ford vehicles – T6 - Four wheel drive gear coupling,Transmission System,PCS,Vehicle applicability: Ford vehicles – T6; System category: Transmission System; Source item group: Auto Parts; Source unit: PCS,1,1,1,0
,ASM-FORD-VEHICLES-T6-GEARBOX-OIL-SEAL,Ford vehicles – T6 - Gearbox oil seal,Transmission System,PCS,Vehicle applicability: Ford vehicles – T6; System category: Transmission System; Source item group: Auto Parts; Source unit: PCS,1,1,1,0
,ASM-FORD-VEHICLES-T6-RELEASE-BEARING,Ford vehicles – T6 - Release bearing,Transmission System,PCS,Vehicle applicability: Ford vehicles – T6; System category: Transmission System; Source item group: Auto Parts; Source unit: PCS,1,1,1,0
,ASM-FORD-VEHICLES-T6-SEALANT-STATE-BRAND-AND-QUANTITY,Ford vehicles – T6 - Sealant ( State brand and Quantity),Transmission System,PCS,Vehicle applicability: Ford vehicles – T6; System category: Transmission System; Source item group: Auto Parts; Source unit: PCS,1,1,1,0
,ASM-FORD-VEHICLES-T6-GEAR-BOX-ASSEMBLY-COMPLETE,Ford vehicles – T6 - Gear box Assembly /Complete,Transmission System,PCS,Vehicle applicability: Ford vehicles – T6; System category: Transmission System; Source item group: Auto Parts; Source unit: PCS,1,1,1,0
,ASM-FORD-VEHICLES-T6-GEARBOX-MOUNTING,Ford vehicles – T6 - Gearbox mounting,Transmission System,PCS,Vehicle applicability: Ford vehicles – T6; System category: Transmission System; Source item group: Auto Parts; Source unit: PCS,1,1,1,0
,ASM-FORD-VEHICLES-T6-KNUCKLE,Ford vehicles – T6 - Knuckle,Transmission System,PCS,Vehicle applicability: Ford vehicles – T6; System category: Transmission System; Source item group: Auto Parts; Source unit: PCS,1,1,1,0
,ASM-FORD-VEHICLES-T6-OUTPUT-SHAFT,Ford vehicles – T6 - Output shaft,Transmission System,PCS,Vehicle applicability: Ford vehicles – T6; System category: Transmission System; Source item group: Auto Parts; Source unit: PCS,1,1,1,0
,ASM-FORD-VEHICLES-T6-PROPELLER-SHAFT-COMPLETE,Ford vehicles – T6 - Propeller shaft complete,Transmission System,PCS,Vehicle applicability: Ford vehicles – T6; System category: Transmission System; Source item group: Auto Parts; Source unit: PCS,1,1,1,0
,ASM-FORD-VEHICLES-T6-SHIFT-CABLE,Ford vehicles – T6 - Shift cable,Transmission System,PCS,Vehicle applicability: Ford vehicles – T6; System category: Transmission System; Source item group: Auto Parts; Source unit: PCS,1,1,1,0
,ASM-FORD-VEHICLES-T6-SHIFT-KNOB,Ford vehicles – T6 - Shift knob,Transmission System,PCS,Vehicle applicability: Ford vehicles – T6; System category: Transmission System; Source item group: Auto Parts; Source unit: PCS,1,1,1,0
,ASM-FORD-VEHICLES-T6-SPEED-REDUCER,Ford vehicles – T6 - Speed reducer,Transmission System,PCS,Vehicle applicability: Ford vehicles – T6; System category: Transmission System; Source item group: Auto Parts; Source unit: PCS,1,1,1,0
,ASM-FORD-VEHICLES-T6-SPEEDOMETER-GEARS,Ford vehicles – T6 - Speedometer gears,Transmission System,PCS,Vehicle applicability: Ford vehicles – T6; System category: Transmission System; Source item group: Auto Parts; Source unit: PCS,1,1,1,0
,ASM-FORD-VEHICLES-T6-TRANSFER-CASE,Ford vehicles – T6 - Transfer case,Transmission System,PCS,Vehicle applicability: Ford vehicles – T6; System category: Transmission System; Source item group: Auto Parts; Source unit: PCS,1,1,1,0
,ASM-FORD-VEHICLES-T6-TRANSFER-GEARBOX-MOUNTING,Ford vehicles – T6 - Transfer gearbox mounting,Transmission System,PCS,Vehicle applicability: Ford vehicles – T6; System category: Transmission System; Source item group: Auto Parts; Source unit: PCS,1,1,1,0
,ASM-FORD-VEHICLES-T6-SYNCHRONIZER-3RD-AND-4TH,Ford vehicles – T6 - Synchronizer 3rd and 4th,Transmission System,PCS,Vehicle applicability: Ford vehicles – T6; System category: Transmission System; Source item group: Auto Parts; Source unit: PCS,1,1,1,0
,ASM-FORD-VEHICLES-T6-SYNCHRONIZER-1ST-AND-2ND,Ford vehicles – T6 - Synchronizer 1st and 2nd,Transmission System,PCS,Vehicle applicability: Ford vehicles – T6; System category: Transmission System; Source item group: Auto Parts; Source unit: PCS,1,1,1,0
,ASM-FORD-VEHICLES-T6-SYNCHRONISER,Ford vehicles – T6 - Synchroniser,Transmission System,PCS,Vehicle applicability: Ford vehicles – T6; System category: Transmission System; Source item group: Auto Parts; Source unit: PCS,1,1,1,0
,ASM-FORD-VEHICLES-T6-GEAR-COUNTERSHAFT-CLUSTER,Ford vehicles – T6 - GEAR - COUNTERSHAFT CLUSTER,Transmission System,PCS,Vehicle applicability: Ford vehicles – T6; System category: Transmission System; Source item group: Auto Parts; Source unit: PCS,1,1,1,0
,ASM-FORD-VEHICLES-T6-GEAR-ASY-1ST-AND-REVERSE,Ford vehicles – T6 - GEAR ASY - 1ST AND REVERSE,Transmission System,PCS,Vehicle applicability: Ford vehicles – T6; System category: Transmission System; Source item group: Auto Parts; Source unit: PCS,1,1,1,0
,ASM-FORD-VEHICLES-T6-GEAR-MAINSHAFT-2ND-SPEED,Ford vehicles – T6 - GEAR - MAINSHAFT 2ND SPEED,Transmission System,PCS,Vehicle applicability: Ford vehicles – T6; System category: Transmission System; Source item group: Auto Parts; Source unit: PCS,1,1,1,0
,ASM-FORD-VEHICLES-T6-NUT,Ford vehicles – T6 - NUT,Transmission System,PCS,Vehicle applicability: Ford vehicles – T6; System category: Transmission System; Source item group: Auto Parts; Source unit: PCS,1,1,1,0
,ASM-FORD-VEHICLES-T6-STIFFNER-ASSY,Ford vehicles – T6 - STIFFNER ASSY,Transmission System,PCS,Vehicle applicability: Ford vehicles – T6; System category: Transmission System; Source item group: Auto Parts; Source unit: PCS,1,1,1,0
,ASM-FORD-VEHICLES-T6-GASKET-OIL-PAN,Ford vehicles – T6 - GASKET - OIL PAN,Transmission System,PCS,Vehicle applicability: Ford vehicles – T6; System category: Transmission System; Source item group: Auto Parts; Source unit: PCS,1,1,1,0
,ASM-FORD-VEHICLES-T6-HOSE-ASY,Ford vehicles – T6 - HOSE ASY,Transmission System,PCS,Vehicle applicability: Ford vehicles – T6; System category: Transmission System; Source item group: Auto Parts; Source unit: PCS,1,1,1,0
,ASM-FORD-VEHICLES-T6-SHIELD-NOZZLE-WASHER,Ford vehicles – T6 - SHIELD nozzle washer,Transmission System,PCS,Vehicle applicability: Ford vehicles – T6; System category: Transmission System; Source item group: Auto Parts; Source unit: PCS,1,1,1,0
,ASM-FORD-VEHICLES-T6-BOLT,Ford vehicles – T6 - BOLT,Transmission System,PCS,Vehicle applicability: Ford vehicles – T6; System category: Transmission System; Source item group: Auto Parts; Source unit: PCS,1,1,1,0
,ASM-FORD-VEHICLES-T6-MANIFOLD-ASY-EXHAUST,Ford vehicles – T6 - MANIFOLD ASY - EXHAUST,Transmission System,PCS,Vehicle applicability: Ford vehicles – T6; System category: Transmission System; Source item group: Auto Parts; Source unit: PCS,1,1,1,0
,ASM-FORD-VEHICLES-T6-COVER-CYLINDER-FRONT,Ford vehicles – T6 - COVER - CYLINDER FRONT,Transmission System,PCS,Vehicle applicability: Ford vehicles – T6; System category: Transmission System; Source item group: Auto Parts; Source unit: PCS,1,1,1,0
,ASM-FORD-VEHICLES-T6-ALUMINIUM-ALLOY-WHEEL-RIM,Ford vehicles – T6 - Aluminium alloy wheel rim,Transmission System,PCS,Vehicle applicability: Ford vehicles – T6; System category: Transmission System; Source item group: Auto Parts; Source unit: PCS,1,1,1,0
,ASM-FORD-VEHICLES-T6-HUB-CAP-AND-WHEEL-COVERS,Ford vehicles – T6 - Hub cap and wheel covers,Transmission System,PCS,Vehicle applicability: Ford vehicles – T6; System category: Transmission System; Source item group: Auto Parts; Source unit: PCS,1,1,1,0
,ASM-FORD-VEHICLES-T6-INNER-AND-OUTER-RINGS,Ford vehicles – T6 - Inner and outer rings,Transmission System,PCS,Vehicle applicability: Ford vehicles – T6; System category: Transmission System; Source item group: Auto Parts; Source unit: PCS,1,1,1,0
,ASM-FORD-VEHICLES-T6-LOCKING-NUT-SETS,Ford vehicles – T6 - Locking nut sets,Transmission System,PCS,Vehicle applicability: Ford vehicles – T6; System category: Transmission System; Source item group: Auto Parts; Source unit: PCS,1,1,1,0
,ASM-FORD-VEHICLES-T6-WHEEL-SENSOR-FRONT,Ford vehicles – T6 - wheel sensor Front,Transmission System,PCS,Vehicle applicability: Ford vehicles – T6; System category: Transmission System; Source item group: Auto Parts; Source unit: PCS,1,1,1,0
,ASM-FORD-VEHICLES-T6-TYRES-265-65R17,Ford vehicles – T6 - Tyres: 265/65R17,Transmission System,PCS,Vehicle applicability: Ford vehicles – T6; System category: Transmission System; Source item group: Auto Parts; Source unit: PCS,1,1,1,0
,ASM-FORD-VEHICLES-T6-WHEEL-SPANNER-FOR-FORD-T6,Ford vehicles – T6 - Wheel spanner for Ford T6,Transmission System,PCS,Vehicle applicability: Ford vehicles – T6; System category: Transmission System; Source item group: Auto Parts; Source unit: PCS,1,1,1,0
,ASM-FORD-VEHICLES-T6-LOCKOUT-HUB,Ford vehicles – T6 - Lockout hub,Transmission System,PCS,Vehicle applicability: Ford vehicles – T6; System category: Transmission System; Source item group: Auto Parts; Source unit: PCS,1,1,1,0
,ASM-FORD-VEHICLES-T6-JACK,Ford vehicles – T6 - Jack,Transmission System,PCS,Vehicle applicability: Ford vehicles – T6; System category: Transmission System; Source item group: Auto Parts; Source unit: PCS,1,1,1,0
,ASM-FORD-VEHICLES-T6-STEEL-WHEEL-RIM,Ford vehicles – T6 - Steel wheel rim,Transmission System,PCS,Vehicle applicability: Ford vehicles – T6; System category: Transmission System; Source item group: Auto Parts; Source unit: PCS,1,1,1,0
,ASM-FORD-VEHICLES-T6-SPARE-TYRE-CARRIER,Ford vehicles – T6 - Spare tyre carrier,Transmission System,PCS,Vehicle applicability: Ford vehicles – T6; System category: Transmission System; Source item group: Auto Parts; Source unit: PCS,1,1,1,0
,ASM-FORD-VEHICLES-T6-ALLOY-CENTRE-CAPS,Ford vehicles – T6 - Alloy centre caps,Transmission System,PCS,Vehicle applicability: Ford vehicles – T6; System category: Transmission System; Source item group: Auto Parts; Source unit: PCS,1,1,1,0
,ASM-FORD-VEHICLES-T6-WHEEL-NUTS,Ford vehicles – T6 - wheel nuts,Transmission System,PCS,Vehicle applicability: Ford vehicles – T6; System category: Transmission System; Source item group: Auto Parts; Source unit: PCS,1,1,1,0
,ASM-FORD-VEHICLES-T6-WHEEL-STUD,Ford vehicles – T6 - Wheel stud,Transmission System,PCS,Vehicle applicability: Ford vehicles – T6; System category: Transmission System; Source item group: Auto Parts; Source unit: PCS,1,1,1,0
,ASM-FORD-VEHICLES-T6-WHEEL-HUB-BEARING-INNER,Ford vehicles – T6 - Wheel hub bearing - inner,Transmission System,PCS,Vehicle applicability: Ford vehicles – T6; System category: Transmission System; Source item group: Auto Parts; Source unit: PCS,1,1,1,0
,ASM-FORD-VEHICLES-T6-WHEEL-HUB-BEARING-OUTER,Ford vehicles – T6 - Wheel hub bearing - outer,Transmission System,PCS,Vehicle applicability: Ford vehicles – T6; System category: Transmission System; Source item group: Auto Parts; Source unit: PCS,1,1,1,0
,ASM-FORD-VEHICLES-T6-HOSE-PIPE-GROMET-WATER,Ford vehicles – T6 - Hose pipe gromet water,Air Conditioning System,PCS,Vehicle applicability: Ford vehicles – T6; System category: Air Conditioning System; Source item group: Auto Parts; Source unit: PCS,1,1,1,0
,ASM-FORD-VEHICLES-T6-A-C-COMPRESSOR,Ford vehicles – T6 - A/C Compressor,Air Conditioning System,PCS,Vehicle applicability: Ford vehicles – T6; System category: Air Conditioning System; Source item group: Auto Parts; Source unit: PCS,1,1,1,0
,ASM-FORD-VEHICLES-T6-VACUUMP-PUMP,Ford vehicles – T6 - Vacuump pump,Air Conditioning System,PCS,Vehicle applicability: Ford vehicles – T6; System category: Air Conditioning System; Source item group: Auto Parts; Source unit: PCS,1,1,1,0
,ASM-FORD-VEHICLES-T6-A-C-CONDENSER,Ford vehicles – T6 - A/C Condenser,Air Conditioning System,PCS,Vehicle applicability: Ford vehicles – T6; System category: Air Conditioning System; Source item group: Auto Parts; Source unit: PCS,1,1,1,0
,ASM-FORD-VEHICLES-T6-A-C-EXPANSION-VALVE,Ford vehicles – T6 - A/C Expansion valve,Air Conditioning System,PCS,Vehicle applicability: Ford vehicles – T6; System category: Air Conditioning System; Source item group: Auto Parts; Source unit: PCS,1,1,1,0
,ASM-FORD-VEHICLES-T6-A-C-HOSE,Ford vehicles – T6 - A/C Hose,Air Conditioning System,PCS,Vehicle applicability: Ford vehicles – T6; System category: Air Conditioning System; Source item group: Auto Parts; Source unit: PCS,1,1,1,0
,ASM-FORD-VEHICLES-T6-POLLEN-AC-FRESH-AIR,"Ford vehicles – T6 - Pollen, AC Fresh air",Air Conditioning System,PCS,Vehicle applicability: Ford vehicles – T6; System category: Air Conditioning System; Source item group: Auto Parts; Source unit: PCS,1,1,1,0
,ASM-FORD-VEHICLES-T6-A-C-EVAPORATORS,Ford vehicles – T6 - A/C evaporators,Air Conditioning System,PCS,Vehicle applicability: Ford vehicles – T6; System category: Air Conditioning System; Source item group: Auto Parts; Source unit: PCS,1,1,1,0
,ASM-FORD-VEHICLES-T6-A-C-CONTROL-SWITCH,Ford vehicles – T6 - A/C Control switch,Air Conditioning System,PCS,Vehicle applicability: Ford vehicles – T6; System category: Air Conditioning System; Source item group: Auto Parts; Source unit: PCS,1,1,1,0
,ASM-FORD-VEHICLES-T6-A-C-LOW-PRESSURE-VALVE,Ford vehicles – T6 - A/C Low pressure valve,Air Conditioning System,PCS,Vehicle applicability: Ford vehicles – T6; System category: Air Conditioning System; Source item group: Auto Parts; Source unit: PCS,1,1,1,0
,ASM-FORD-VEHICLES-T6-A-C-REFILLING-GAS,Ford vehicles – T6 - A/C Refilling/Gas,Air Conditioning System,Kg,Vehicle applicability: Ford vehicles – T6; System category: Air Conditioning System; Source item group: Auto Parts; Source unit: KG,1,1,1,0
,ASM-FORD-VEHICLES-T6-A-C-REGULATOR-SWITCH,Ford vehicles – T6 - A/C Regulator switch,Air Conditioning System,PCS,Vehicle applicability: Ford vehicles – T6; System category: Air Conditioning System; Source item group: Auto Parts; Source unit: PCS,1,1,1,0
,ASM-FORD-VEHICLES-T6-ASSY-STNG-COOLING-INTERM-A-C-PIPE,Ford vehicles – T6 - Assy STNG Cooling INTERM- A/C Pipe,Air Conditioning System,PCS,Vehicle applicability: Ford vehicles – T6; System category: Air Conditioning System; Source item group: Auto Parts; Source unit: PCS,1,1,1,0
,ASM-FORD-VEHICLES-T6-A-C-PIPE,Ford vehicles – T6 - A/C Pipe,Air Conditioning System,PCS,Vehicle applicability: Ford vehicles – T6; System category: Air Conditioning System; Source item group: Auto Parts; Source unit: PCS,1,1,1,0
,ASM-FORD-VEHICLES-T6-WASHER-HOSE,Ford vehicles – T6 - Washer hose,Wiper System,PCS,Vehicle applicability: Ford vehicles – T6; System category: Wiper System; Source item group: Auto Parts; Source unit: PCS,1,1,1,0
,ASM-FORD-VEHICLES-T6-WIPER-ARM,Ford vehicles – T6 - Wiper Arm,Wiper System,PCS,Vehicle applicability: Ford vehicles – T6; System category: Wiper System; Source item group: Auto Parts; Source unit: PCS,1,1,1,0
,ASM-FORD-VEHICLES-T6-WIPER-BLADE-LEFT,Ford vehicles – T6 - Wiper Blade Left,Wiper System,PCS,Vehicle applicability: Ford vehicles – T6; System category: Wiper System; Source item group: Auto Parts; Source unit: PCS,1,1,1,0
,ASM-FORD-VEHICLES-T6-WIPER-LEVERS,Ford vehicles – T6 - Wiper levers,Wiper System,PCS,Vehicle applicability: Ford vehicles – T6; System category: Wiper System; Source item group: Auto Parts; Source unit: PCS,1,1,1,0
,ASM-FORD-VEHICLES-T6-WIPER-LINKAGE,Ford vehicles – T6 - Wiper Linkage,Wiper System,PCS,Vehicle applicability: Ford vehicles – T6; System category: Wiper System; Source item group: Auto Parts; Source unit: PCS,1,1,1,0
,ASM-FORD-VEHICLES-T6-WIPER-MOTOR,Ford vehicles – T6 - Wiper motor,Wiper System,PCS,Vehicle applicability: Ford vehicles – T6; System category: Wiper System; Source item group: Auto Parts; Source unit: PCS,1,1,1,0
,ASM-FORD-VEHICLES-T6-ALTERNATOR-BRUSHES,Ford vehicles – T6 - Alternator brushes,Electrical System,PCS,Vehicle applicability: Ford vehicles – T6; System category: Electrical System; Source item group: Auto Parts; Source unit: PCS,1,1,1,0
,ASM-FORD-VEHICLES-T6-ALTERNATOR-COMPLETE,Ford vehicles – T6 - Alternator complete,Electrical System,PCS,Vehicle applicability: Ford vehicles – T6; System category: Electrical System; Source item group: Auto Parts; Source unit: PCS,1,1,1,0
,ASM-FORD-VEHICLES-T6-FOG-LAMPS,Ford vehicles – T6 - Fog lamps,Electrical System,PCS,Vehicle applicability: Ford vehicles – T6; System category: Electrical System; Source item group: Auto Parts; Source unit: PCS,1,1,1,0
,ASM-FORD-VEHICLES-T6-ELECTRICAL-FUEL-PUMP,Ford vehicles – T6 - Electrical fuel pump,Electrical System,PCS,Vehicle applicability: Ford vehicles – T6; System category: Electrical System; Source item group: Auto Parts; Source unit: PCS,1,1,1,0
,ASM-FORD-VEHICLES-T6-FUSE-BOX-COMPLETE,Ford vehicles – T6 - Fuse box complete,Electrical System,PCS,Vehicle applicability: Ford vehicles – T6; System category: Electrical System; Source item group: Auto Parts; Source unit: PCS,1,1,1,0
,ASM-FORD-VEHICLES-T6-FUEL-GAUGES,Ford vehicles – T6 - Fuel gauges,Electrical System,PCS,Vehicle applicability: Ford vehicles – T6; System category: Electrical System; Source item group: Auto Parts; Source unit: PCS,1,1,1,0
,ASM-FORD-VEHICLES-T6-DOOR-MIRROR-SWITCH,Ford vehicles – T6 - Door mirror switch,Electrical System,PCS,Vehicle applicability: Ford vehicles – T6; System category: Electrical System; Source item group: Auto Parts; Source unit: PCS,1,1,1,0
,ASM-FORD-VEHICLES-T6-DOOR-GLASS-SWITCH,Ford vehicles – T6 - Door glass switch,Electrical System,PCS,Vehicle applicability: Ford vehicles – T6; System category: Electrical System; Source item group: Auto Parts; Source unit: PCS,1,1,1,0
,ASM-FORD-VEHICLES-T6-WINDOW-MOTORS,Ford vehicles – T6 - Window motors,Electrical System,PCS,Vehicle applicability: Ford vehicles – T6; System category: Electrical System; Source item group: Auto Parts; Source unit: PCS,1,1,1,0
,ASM-FORD-VEHICLES-T6-WINDOW-REGULATORS,Ford vehicles – T6 - Window regulators,Electrical System,PCS,Vehicle applicability: Ford vehicles – T6; System category: Electrical System; Source item group: Auto Parts; Source unit: PCS,1,1,1,0
,ASM-FORD-VEHICLES-T6-LAMP,Ford vehicles – T6 - LAMP,Electrical System,PCS,Vehicle applicability: Ford vehicles – T6; System category: Electrical System; Source item group: Auto Parts; Source unit: PCS,1,1,1,0
,ASM-FORD-VEHICLES-T6-WIPER-MOTOR-RELAYS,Ford vehicles – T6 - Wiper motor relays,Electrical System,PCS,Vehicle applicability: Ford vehicles – T6; System category: Electrical System; Source item group: Auto Parts; Source unit: PCS,1,1,1,0
,ASM-FORD-VEHICLES-T6-HEADLAMP-RELAYS,Ford vehicles – T6 - Headlamp relays,Electrical System,PCS,Vehicle applicability: Ford vehicles – T6; System category: Electrical System; Source item group: Auto Parts; Source unit: PCS,1,1,1,0
,ASM-FORD-VEHICLES-T6-HEATER-RELAY,Ford vehicles – T6 - Heater relay,Electrical System,PCS,Vehicle applicability: Ford vehicles – T6; System category: Electrical System; Source item group: Auto Parts; Source unit: PCS,1,1,1,0
,ASM-FORD-VEHICLES-T6-ELECTRICAL-WINDOW-MASTER-SWITCHES,Ford vehicles – T6 - Electrical window master switches,Electrical System,PCS,Vehicle applicability: Ford vehicles – T6; System category: Electrical System; Source item group: Auto Parts; Source unit: PCS,1,1,1,0
,ASM-FORD-VEHICLES-T6-SINGLE-SWITCH,Ford vehicles – T6 - Single Switch,Electrical System,PCS,Vehicle applicability: Ford vehicles – T6; System category: Electrical System; Source item group: Auto Parts; Source unit: PCS,1,1,1,0
,ASM-FORD-VEHICLES-T6-HEAD-LAMP-SWITCHES,Ford vehicles – T6 - Head lamp switches,Electrical System,PCS,Vehicle applicability: Ford vehicles – T6; System category: Electrical System; Source item group: Auto Parts; Source unit: PCS,1,1,1,0
,ASM-FORD-VEHICLES-T6-NUMBER-PLATE-LAMPS,Ford vehicles – T6 - Number plate lamps,Electrical System,PCS,Vehicle applicability: Ford vehicles – T6; System category: Electrical System; Source item group: Auto Parts; Source unit: PCS,1,1,1,0
,ASM-FORD-VEHICLES-T6-HEATER-BLOWER-MOTORS,Ford vehicles – T6 - Heater blower motors,Electrical System,PCS,Vehicle applicability: Ford vehicles – T6; System category: Electrical System; Source item group: Auto Parts; Source unit: PCS,1,1,1,0
,ASM-FORD-VEHICLES-T6-HEATER-CONTROL-VALVES,Ford vehicles – T6 - Heater control valves,Electrical System,PCS,Vehicle applicability: Ford vehicles – T6; System category: Electrical System; Source item group: Auto Parts; Source unit: PCS,1,1,1,0
,ASM-FORD-VEHICLES-T6-BATTERY-DIN-80,Ford vehicles – T6 - Battery Din 80,Electrical System,PCS,Vehicle applicability: Ford vehicles – T6; System category: Electrical System; Source item group: Auto Parts; Source unit: PCS,1,1,1,0
,ASM-FORD-VEHICLES-T6-BATTERY-N45,Ford vehicles – T6 - Battery N45,Electrical System,PCS,Vehicle applicability: Ford vehicles – T6; System category: Electrical System; Source item group: Auto Parts; Source unit: PCS,1,1,1,0
,ASM-FORD-VEHICLES-T6-ELECTRONIC-CONTROL-UNIT-ECU,Ford vehicles – T6 - Electronic Control Unit (ECU),Electrical System,PCS,Vehicle applicability: Ford vehicles – T6; System category: Electrical System; Source item group: Auto Parts; Source unit: PCS,1,1,1,0
,ASM-FORD-VEHICLES-T6-BODY-CONTROL-MODULE-BCM,Ford vehicles – T6 - Body Control Module (BCM),Electrical System,PCS,Vehicle applicability: Ford vehicles – T6; System category: Electrical System; Source item group: Auto Parts; Source unit: PCS,1,1,1,0
,ASM-FORD-VEHICLES-T6-BULB-HEAD-LAMP,Ford vehicles – T6 - Bulb head lamp,Electrical System,PCS,Vehicle applicability: Ford vehicles – T6; System category: Electrical System; Source item group: Auto Parts; Source unit: PCS,1,1,1,0
,ASM-FORD-VEHICLES-T6-BRAKE-BULB-DOUBLE-FILAMENT,Ford vehicles – T6 - Brake bulb double filament,Electrical System,PCS,Vehicle applicability: Ford vehicles – T6; System category: Electrical System; Source item group: Auto Parts; Source unit: PCS,1,1,1,0
,ASM-FORD-VEHICLES-T6-BULB-SINGLE-FILAMENT,"Ford vehicles – T6 - Bulb, single filament",Electrical System,PCS,Vehicle applicability: Ford vehicles – T6; System category: Electrical System; Source item group: Auto Parts; Source unit: PCS,1,1,1,0
,ASM-FORD-VEHICLES-T6-BULB-NUMBER-PLATE,Ford vehicles – T6 - Bulb Number plate,Electrical System,PCS,Vehicle applicability: Ford vehicles – T6; System category: Electrical System; Source item group: Auto Parts; Source unit: PCS,1,1,1,0
,ASM-FORD-VEHICLES-T6-BULB-INDICATOR-FRONT,Ford vehicles – T6 - Bulb Indicator front,Electrical System,PCS,Vehicle applicability: Ford vehicles – T6; System category: Electrical System; Source item group: Auto Parts; Source unit: PCS,1,1,1,0
,ASM-FORD-VEHICLES-T6-BULB-INDICATOR-REAR,Ford vehicles – T6 - Bulb indicator rear,Electrical System,PCS,Vehicle applicability: Ford vehicles – T6; System category: Electrical System; Source item group: Auto Parts; Source unit: PCS,1,1,1,0
,ASM-FORD-VEHICLES-T6-BULB-PARKING-FRONT,"Ford vehicles – T6 - Bulb, parking front",Electrical System,PCS,Vehicle applicability: Ford vehicles – T6; System category: Electrical System; Source item group: Auto Parts; Source unit: PCS,1,1,1,0
,ASM-FORD-VEHICLES-T6-HEAD-LAMP,Ford vehicles – T6 - Head lamp,Electrical System,PCS,Vehicle applicability: Ford vehicles – T6; System category: Electrical System; Source item group: Auto Parts; Source unit: PCS,1,1,1,0
,ASM-FORD-VEHICLES-T6-HIGH-TENSION-LEADS,Ford vehicles – T6 - High tension leads,Electrical System,PCS,Vehicle applicability: Ford vehicles – T6; System category: Electrical System; Source item group: Auto Parts; Source unit: PCS,1,1,1,0
,ASM-FORD-VEHICLES-T6-IGNITION-CONTROL-UNITS,Ford vehicles – T6 - Ignition control units,Electrical System,PCS,Vehicle applicability: Ford vehicles – T6; System category: Electrical System; Source item group: Auto Parts; Source unit: PCS,1,1,1,0
,ASM-FORD-VEHICLES-T6-IGNITION-SWITCH,Ford vehicles – T6 - Ignition switch,Electrical System,PCS,Vehicle applicability: Ford vehicles – T6; System category: Electrical System; Source item group: Auto Parts; Source unit: PCS,1,1,1,0
,ASM-FORD-VEHICLES-T6-INDICATOR-LIGHTS,Ford vehicles – T6 - Indicator lights,Electrical System,PCS,Vehicle applicability: Ford vehicles – T6; System category: Electrical System; Source item group: Auto Parts; Source unit: PCS,1,1,1,0
,ASM-FORD-VEHICLES-T6-PARKING-LIGHT,Ford vehicles – T6 - Parking light,Electrical System,PCS,Vehicle applicability: Ford vehicles – T6; System category: Electrical System; Source item group: Auto Parts; Source unit: PCS,1,1,1,0
,ASM-FORD-VEHICLES-T6-50-AMPS,Ford vehicles – T6 - 50 amps,Electrical System,PCS,Vehicle applicability: Ford vehicles – T6; System category: Electrical System; Source item group: Auto Parts; Source unit: PCS,1,1,1,0
,ASM-FORD-VEHICLES-T6-10-AMPS,Ford vehicles – T6 - 10 amps,Electrical System,PCS,Vehicle applicability: Ford vehicles – T6; System category: Electrical System; Source item group: Auto Parts; Source unit: PCS,1,1,1,0
,ASM-FORD-VEHICLES-T6-15-AMPS,Ford vehicles – T6 - 15 amps,Electrical System,PCS,Vehicle applicability: Ford vehicles – T6; System category: Electrical System; Source item group: Auto Parts; Source unit: PCS,1,1,1,0
,ASM-FORD-VEHICLES-T6-TAILS-LIGHTS-REAR-LIGHT,Ford vehicles – T6 - Tails lights/rear light,Electrical System,PCS,Vehicle applicability: Ford vehicles – T6; System category: Electrical System; Source item group: Auto Parts; Source unit: PCS,1,1,1,0
,ASM-FORD-VEHICLES-T6-THERMOSTAT-HOUSING,Ford vehicles – T6 - Thermostat housing,Electrical System,PCS,Vehicle applicability: Ford vehicles – T6; System category: Electrical System; Source item group: Auto Parts; Source unit: PCS,1,1,1,0
,ASM-FORD-VEHICLES-T6-DOOR-HANDLE-OUTER,Ford vehicles – T6 - Door handle - outer,Other Miscellaneous Parts,PCS,Vehicle applicability: Ford vehicles – T6; System category: Other Miscellaneous Parts; Source item group: Auto Parts; Source unit: PCS,1,1,1,0
,ASM-FORD-VEHICLES-T6-DOOR-HANDLES,Ford vehicles – T6 - Door handles,Other Miscellaneous Parts,PCS,Vehicle applicability: Ford vehicles – T6; System category: Other Miscellaneous Parts; Source item group: Auto Parts; Source unit: PCS,1,1,1,0
,ASM-FORD-VEHICLES-T6-DOOR-LOCKS,Ford vehicles – T6 - Door locks,Other Miscellaneous Parts,PCS,Vehicle applicability: Ford vehicles – T6; System category: Other Miscellaneous Parts; Source item group: Auto Parts; Source unit: PCS,1,1,1,0
,ASM-FORD-VEHICLES-T6-REAR-AND-FRONT-BUMPER,Ford vehicles – T6 - Rear and Front bumper,Other Miscellaneous Parts,PCS,Vehicle applicability: Ford vehicles – T6; System category: Other Miscellaneous Parts; Source item group: Auto Parts; Source unit: PCS,1,1,1,0
,ASM-FORD-VEHICLES-T6-DOOR-WINDING-MACHINE,Ford vehicles – T6 - Door winding machine,Other Miscellaneous Parts,PCS,Vehicle applicability: Ford vehicles – T6; System category: Other Miscellaneous Parts; Source item group: Auto Parts; Source unit: PCS,1,1,1,0
,ASM-FORD-VEHICLES-T6-FRONT-GRILL,Ford vehicles – T6 - Front grill,Other Miscellaneous Parts,PCS,Vehicle applicability: Ford vehicles – T6; System category: Other Miscellaneous Parts; Source item group: Auto Parts; Source unit: PCS,1,1,1,0
,ASM-FORD-VEHICLES-T6-BONNET-CABLE,Ford vehicles – T6 - Bonnet cable,Other Miscellaneous Parts,PCS,Vehicle applicability: Ford vehicles – T6; System category: Other Miscellaneous Parts; Source item group: Auto Parts; Source unit: PCS,1,1,1,0
,ASM-FORD-VEHICLES-T6-BONNET-MOUNTING,Ford vehicles – T6 - Bonnet mounting,Other Miscellaneous Parts,PCS,Vehicle applicability: Ford vehicles – T6; System category: Other Miscellaneous Parts; Source item group: Auto Parts; Source unit: PCS,1,1,1,0
,ASM-FORD-VEHICLES-T6-REAR-LIGHTS-COMPLETE,Ford vehicles – T6 - Rear lights complete,Other Miscellaneous Parts,PCS,Vehicle applicability: Ford vehicles – T6; System category: Other Miscellaneous Parts; Source item group: Auto Parts; Source unit: PCS,1,1,1,0
,ASM-FORD-VEHICLES-T6-BONNET,Ford vehicles – T6 - Bonnet,Other Miscellaneous Parts,PCS,Vehicle applicability: Ford vehicles – T6; System category: Other Miscellaneous Parts; Source item group: Auto Parts; Source unit: PCS,1,1,1,0
,ASM-FORD-VEHICLES-T6-BONNET-LOCK,Ford vehicles – T6 - Bonnet lock,Other Miscellaneous Parts,PCS,Vehicle applicability: Ford vehicles – T6; System category: Other Miscellaneous Parts; Source item group: Auto Parts; Source unit: PCS,1,1,1,0
,ASM-FORD-VEHICLES-T6-REAR-CABIN-DOOR-LOCKS,Ford vehicles – T6 - Rear cabin door locks,Other Miscellaneous Parts,PCS,Vehicle applicability: Ford vehicles – T6; System category: Other Miscellaneous Parts; Source item group: Auto Parts; Source unit: PCS,1,1,1,0
,ASM-FORD-VEHICLES-T6-INDICATORS,Ford vehicles – T6 - Indicators,Other Miscellaneous Parts,PCS,Vehicle applicability: Ford vehicles – T6; System category: Other Miscellaneous Parts; Source item group: Auto Parts; Source unit: PCS,1,1,1,0
,ASM-FORD-VEHICLES-T6-PARKING-LIGHTS,Ford vehicles – T6 - Parking lights,Other Miscellaneous Parts,PCS,Vehicle applicability: Ford vehicles – T6; System category: Other Miscellaneous Parts; Source item group: Auto Parts; Source unit: PCS,1,1,1,0
,ASM-FORD-VEHICLES-T6-BULBS-12V-DOUBLE-FILAMENT,Ford vehicles – T6 - Bulbs (12v double filament),Other Miscellaneous Parts,PCS,Vehicle applicability: Ford vehicles – T6; System category: Other Miscellaneous Parts; Source item group: Auto Parts; Source unit: PCS,1,1,1,0
,ASM-FORD-VEHICLES-T6-BULBS-12V-SINGLE-FILAMENT,Ford vehicles – T6 - Bulbs (12v single filament),Other Miscellaneous Parts,PCS,Vehicle applicability: Ford vehicles – T6; System category: Other Miscellaneous Parts; Source item group: Auto Parts; Source unit: PCS,1,1,1,0
,ASM-FORD-VEHICLES-T6-BULBS-24V-DOUBLE-FILAMENT,Ford vehicles – T6 - Bulbs (24v double filament),Other Miscellaneous Parts,PCS,Vehicle applicability: Ford vehicles – T6; System category: Other Miscellaneous Parts; Source item group: Auto Parts; Source unit: PCS,1,1,1,0
,ASM-FORD-VEHICLES-T6-BULBS-24V-SINGLE-FILAMENT,Ford vehicles – T6 - Bulbs (24v single filament),Other Miscellaneous Parts,PCS,Vehicle applicability: Ford vehicles – T6; System category: Other Miscellaneous Parts; Source item group: Auto Parts; Source unit: PCS,1,1,1,0
,ASM-FORD-VEHICLES-T6-BULBS-HALOGEN-FOR-HEADLAMPS,Ford vehicles – T6 - Bulbs (halogen for headlamps),Other Miscellaneous Parts,PCS,Vehicle applicability: Ford vehicles – T6; System category: Other Miscellaneous Parts; Source item group: Auto Parts; Source unit: PCS,1,1,1,0
,ASM-FORD-VEHICLES-T6-DASHBOARD,Ford vehicles – T6 - Dashboard,Other Miscellaneous Parts,PCS,Vehicle applicability: Ford vehicles – T6; System category: Other Miscellaneous Parts; Source item group: Auto Parts; Source unit: PCS,1,1,1,0
,ASM-FORD-VEHICLES-T6-DOOR-FRONT,Ford vehicles – T6 - Door - front,Other Miscellaneous Parts,PCS,Vehicle applicability: Ford vehicles – T6; System category: Other Miscellaneous Parts; Source item group: Auto Parts; Source unit: PCS,1,1,1,0
,ASM-FORD-VEHICLES-T6-DOOR-HIND-GATE,Ford vehicles – T6 - Door - hind gate,Other Miscellaneous Parts,PCS,Vehicle applicability: Ford vehicles – T6; System category: Other Miscellaneous Parts; Source item group: Auto Parts; Source unit: PCS,1,1,1,0
,ASM-FORD-VEHICLES-T6-DOOR-REAR,Ford vehicles – T6 - Door - rear,Other Miscellaneous Parts,PCS,Vehicle applicability: Ford vehicles – T6; System category: Other Miscellaneous Parts; Source item group: Auto Parts; Source unit: PCS,1,1,1,0
,ASM-FORD-VEHICLES-T6-Z-LINK-2,Ford vehicles – T6 - Z- link,Other Miscellaneous Parts,PCS,Vehicle applicability: Ford vehicles – T6; System category: Other Miscellaneous Parts; Source item group: Auto Parts; Source unit: PCS,1,1,1,0
,ASM-FORD-VEHICLES-T6-DRIVING-MIRROR,Ford vehicles – T6 - Driving mirror,Other Miscellaneous Parts,PCS,Vehicle applicability: Ford vehicles – T6; System category: Other Miscellaneous Parts; Source item group: Auto Parts; Source unit: PCS,1,1,1,0
,ASM-FORD-VEHICLES-T6-FLOOR-CARPETS,Ford vehicles – T6 - Floor carpets,Other Miscellaneous Parts,PCS,Vehicle applicability: Ford vehicles – T6; System category: Other Miscellaneous Parts; Source item group: Auto Parts; Source unit: PCS,1,1,1,0
,ASM-FORD-VEHICLES-T6-GRILL-RADIATOR,Ford vehicles – T6 - Grill Radiator,Other Miscellaneous Parts,PCS,Vehicle applicability: Ford vehicles – T6; System category: Other Miscellaneous Parts; Source item group: Auto Parts; Source unit: PCS,1,1,1,0
,ASM-FORD-VEHICLES-T6-HOOD-AND-TRUNK-RELEASE-CABLES,Ford vehicles – T6 - Hood and trunk release cables,Other Miscellaneous Parts,PCS,Vehicle applicability: Ford vehicles – T6; System category: Other Miscellaneous Parts; Source item group: Auto Parts; Source unit: PCS,1,1,1,0
,ASM-FORD-VEHICLES-T6-HORN,Ford vehicles – T6 - Horn,Other Miscellaneous Parts,PCS,Vehicle applicability: Ford vehicles – T6; System category: Other Miscellaneous Parts; Source item group: Auto Parts; Source unit: PCS,1,1,1,0
,ASM-FORD-VEHICLES-T6-MAD-FLAPS,Ford vehicles – T6 - Mad flaps,Other Miscellaneous Parts,PCS,Vehicle applicability: Ford vehicles – T6; System category: Other Miscellaneous Parts; Source item group: Auto Parts; Source unit: PCS,1,1,1,0
,ASM-FORD-VEHICLES-T6-NUTS,Ford vehicles – T6 - Nuts,Other Miscellaneous Parts,PCS,Vehicle applicability: Ford vehicles – T6; System category: Other Miscellaneous Parts; Source item group: Auto Parts; Source unit: PCS,1,1,1,0
,ASM-FORD-VEHICLES-T6-RADIO-CD-PLAYER,Ford vehicles – T6 - Radio; CD Player,Other Miscellaneous Parts,PCS,Vehicle applicability: Ford vehicles – T6; System category: Other Miscellaneous Parts; Source item group: Auto Parts; Source unit: PCS,1,1,1,0
,ASM-FORD-VEHICLES-T6-SIDE-MIRROR-ASSY,Ford vehicles – T6 - Side mirror assy,Other Miscellaneous Parts,PCS,Vehicle applicability: Ford vehicles – T6; System category: Other Miscellaneous Parts; Source item group: Auto Parts; Source unit: PCS,1,1,1,0
,ASM-FORD-VEHICLES-T6-WASHERS,Ford vehicles – T6 - Washers,Other Miscellaneous Parts,PCS,Vehicle applicability: Ford vehicles – T6; System category: Other Miscellaneous Parts; Source item group: Auto Parts; Source unit: PCS,1,1,1,0
,ASM-FORD-VEHICLES-T6-SCREEN-WASHER-MOTOR,Ford vehicles – T6 - Screen washer motor,Other Miscellaneous Parts,PCS,Vehicle applicability: Ford vehicles – T6; System category: Other Miscellaneous Parts; Source item group: Auto Parts; Source unit: PCS,1,1,1,0
,ASM-FORD-VEHICLES-T6-TOW-BARS,Ford vehicles – T6 - Tow bars,Other Miscellaneous Parts,PCS,Vehicle applicability: Ford vehicles – T6; System category: Other Miscellaneous Parts; Source item group: Auto Parts; Source unit: PCS,1,1,1,0
,ASM-FORD-VEHICLES-T6-AERIAL-ASSEMBLY,Ford vehicles – T6 - Aerial assembly,Other Miscellaneous Parts,PCS,Vehicle applicability: Ford vehicles – T6; System category: Other Miscellaneous Parts; Source item group: Auto Parts; Source unit: PCS,1,1,1,0
,ASM-FORD-VEHICLES-T6-CENTRAL-LOCKING-SWITCH,Ford vehicles – T6 - central locking Switch,Other Miscellaneous Parts,PCS,Vehicle applicability: Ford vehicles – T6; System category: Other Miscellaneous Parts; Source item group: Auto Parts; Source unit: PCS,1,1,1,0
,ASM-FORD-VEHICLES-T6-DRIVERS-SEATS,Ford vehicles – T6 - Drivers’ seats,Other Miscellaneous Parts,PCS,Vehicle applicability: Ford vehicles – T6; System category: Other Miscellaneous Parts; Source item group: Auto Parts; Source unit: PCS,1,1,1,0
,ASM-FORD-VEHICLES-T6-REAR-STEPS,Ford vehicles – T6 - Rear Steps,Other Miscellaneous Parts,PCS,Vehicle applicability: Ford vehicles – T6; System category: Other Miscellaneous Parts; Source item group: Auto Parts; Source unit: PCS,1,1,1,0
,ASM-FORD-VEHICLES-T6-RUBBER-MATS,Ford vehicles – T6 - Rubber mats,Other Miscellaneous Parts,PCS,Vehicle applicability: Ford vehicles – T6; System category: Other Miscellaneous Parts; Source item group: Auto Parts; Source unit: PCS,1,1,1,0
,ASM-FORD-VEHICLES-T6-WARNING-TRIANGLES,Ford vehicles – T6 - Warning triangles,Other Miscellaneous Parts,PCS,Vehicle applicability: Ford vehicles – T6; System category: Other Miscellaneous Parts; Source item group: Auto Parts; Source unit: PCS,1,1,1,0
,ASM-FORD-VEHICLES-T6-WASHER-JETS,Ford vehicles – T6 - Washer jets,Other Miscellaneous Parts,PCS,Vehicle applicability: Ford vehicles – T6; System category: Other Miscellaneous Parts; Source item group: Auto Parts; Source unit: PCS,1,1,1,0
,ASM-FORD-VEHICLES-T6-DOOR-GLASSES,Ford vehicles – T6 - Door glasses,Other Miscellaneous Parts,PCS,Vehicle applicability: Ford vehicles – T6; System category: Other Miscellaneous Parts; Source item group: Auto Parts; Source unit: PCS,1,1,1,0
,ASM-FORD-VEHICLES-T6-REAR-VIEW-MIRRORS,Ford vehicles – T6 - Rear view mirrors,Other Miscellaneous Parts,PCS,Vehicle applicability: Ford vehicles – T6; System category: Other Miscellaneous Parts; Source item group: Auto Parts; Source unit: PCS,1,1,1,0
,ASM-FORD-VEHICLES-T6-BUMPERS-COVER-FRONT-BUMPER,Ford vehicles – T6 - Bumpers / cover front bumper,Other Miscellaneous Parts,PCS,Vehicle applicability: Ford vehicles – T6; System category: Other Miscellaneous Parts; Source item group: Auto Parts; Source unit: PCS,1,1,1,0
,ASM-FORD-VEHICLES-T6-SIDE-STEPS,Ford vehicles – T6 - Side steps,Other Miscellaneous Parts,PCS,Vehicle applicability: Ford vehicles – T6; System category: Other Miscellaneous Parts; Source item group: Auto Parts; Source unit: PCS,1,1,1,0
,ASM-FORD-VEHICLES-T6-FOUR-WHEEL-DRIVE-LOCKS,Ford vehicles – T6 - Four-wheel drive locks,Other Miscellaneous Parts,PCS,Vehicle applicability: Ford vehicles – T6; System category: Other Miscellaneous Parts; Source item group: Auto Parts; Source unit: PCS,1,1,1,0
,ASM-FORD-VEHICLES-T6-DUST-SEALS,Ford vehicles – T6 - Dust seals,Other Miscellaneous Parts,PCS,Vehicle applicability: Ford vehicles – T6; System category: Other Miscellaneous Parts; Source item group: Auto Parts; Source unit: PCS,1,1,1,0
,ASM-FORD-VEHICLES-T6-DRIVING-SHAFT-BOOT,Ford vehicles – T6 - Driving shaft boot,Other Miscellaneous Parts,PCS,Vehicle applicability: Ford vehicles – T6; System category: Other Miscellaneous Parts; Source item group: Auto Parts; Source unit: PCS,1,1,1,0
,ASM-FORD-VEHICLES-T6-TARPAULIN-COVER,Ford vehicles – T6 - Tarpaulin cover,Other Miscellaneous Parts,PCS,Vehicle applicability: Ford vehicles – T6; System category: Other Miscellaneous Parts; Source item group: Auto Parts; Source unit: PCS,1,1,1,0
,ASM-FORD-VEHICLES-T6-TARPAULIN-ROPE,Ford vehicles – T6 - Tarpaulin rope,Other Miscellaneous Parts,PCS,Vehicle applicability: Ford vehicles – T6; System category: Other Miscellaneous Parts; Source item group: Auto Parts; Source unit: PCS,1,1,1,0
,ASM-FORD-VEHICLES-T6-DIESEL-ENGINE-OIL,Ford vehicles – T6 - Diesel Engine oil,Services,Litre,Vehicle applicability: Ford vehicles – T6; System category: Service; Source item group: Auto Parts; Source unit: LTR,1,1,1,0
,ASM-FORD-VEHICLES-T6-PETROL-ENGINE-OIL-15W40,Ford vehicles – T6 - Petrol Engine oil 15w40,Services,Litre,Vehicle applicability: Ford vehicles – T6; System category: Service; Source item group: Auto Parts; Source unit: LTR,1,1,1,0
,ASM-FORD-VEHICLES-T6-BRAKE-FLUID,Ford vehicles – T6 - Brake fluid,Services,Litre,Vehicle applicability: Ford vehicles – T6; System category: Service; Source item group: Auto Parts; Source unit: LTR,1,1,1,0
,ASM-FORD-VEHICLES-T6-MANUAL-TRANSMISSION-OIL,Ford vehicles – T6 - Manual transmission oil,Services,Litre,Vehicle applicability: Ford vehicles – T6; System category: Service; Source item group: Auto Parts; Source unit: LTR,1,1,1,0
,ASM-FORD-VEHICLES-T6-GEAR-OIL,Ford vehicles – T6 - Gear oil,Services,Litre,Vehicle applicability: Ford vehicles – T6; System category: Service; Source item group: Auto Parts; Source unit: LTR,1,1,1,0
,ASM-FORD-VEHICLES-T6-COOLANT,Ford vehicles – T6 - Coolant,Services,Litre,Vehicle applicability: Ford vehicles – T6; System category: Service; Source item group: Auto Parts; Source unit: LTR,1,1,1,0
,ASM-FORD-VEHICLES-T6-GREASE,Ford vehicles – T6 - Grease,Services,Kg,Vehicle applicability: Ford vehicles – T6; System category: Service; Source item group: Auto Parts; Source unit: KG,1,1,1,0
,ASM-FORD-VEHICLES-T6-HYDRAULIC-OIL,Ford vehicles – T6 - Hydraulic oil,Services,Litre,Vehicle applicability: Ford vehicles – T6; System category: Service; Source item group: Auto Parts; Source unit: LTR,1,1,1,0
,ASM-FORD-VEHICLES-T6-OIL-FILTER,Ford vehicles – T6 - Oil filter,Services,PCS,Vehicle applicability: Ford vehicles – T6; System category: Service; Source item group: Auto Parts; Source unit: PCS,1,1,1,0
,ASM-FORD-VEHICLES-T6-FUEL-FILTER-2,Ford vehicles – T6 - Fuel filter,Services,PCS,Vehicle applicability: Ford vehicles – T6; System category: Service; Source item group: Auto Parts; Source unit: PCS,1,1,1,0
,ASM-FORD-VEHICLES-T6-AIR-FILTER,Ford vehicles – T6 - Air filter,Services,PCS,Vehicle applicability: Ford vehicles – T6; System category: Service; Source item group: Auto Parts; Source unit: PCS,1,1,1,0
,ASM-NISSAN-VANS-PAD-KIT-DISC-BRAKE-PADS-FRONT,Nissan vans - Pad Kit-disc (Brake pads front),Brake System,PCS,Vehicle applicability: Nissan vans; System category: Brake System; Source item group: Auto Parts; Source unit: PC,1,1,1,0
,ASM-NISSAN-VANS-SHOE-SET-REAR-BRAKE-SHOES,Nissan vans - SHOE SET-REAR (Brake shoes),Brake System,PCS,Vehicle applicability: Nissan vans; System category: Brake System; Source item group: Auto Parts; Source unit: PC,1,1,1,0
,ASM-NISSAN-VANS-BOOSTER-ASSY-MA-BRAKE-BOOSTER,Nissan vans - BOOSTER ASSY MA (brake booster),Brake System,PCS,Vehicle applicability: Nissan vans; System category: Brake System; Source item group: Auto Parts; Source unit: PC,1,1,1,0
,ASM-NISSAN-VANS-ROTOR-DISC-BRAK-FRONT-ROTOR-DISCS,Nissan vans - Rotor Disc Brak (Front Rotor Discs),Brake System,Set,Vehicle applicability: Nissan vans; System category: Brake System; Source item group: Auto Parts; Source unit: Set,1,1,1,0
,ASM-NISSAN-VANS-DRUM-4X4-AND-HI-BRAKE-DRUM,Nissan vans - DRUM 4X4 and hi (Brake drum),Brake System,PCS,Vehicle applicability: Nissan vans; System category: Brake System; Source item group: Auto Parts; Source unit: PC,1,1,1,0
,ASM-NISSAN-VANS-BOLT-PIN-CALIPPER-BOLTS,Nissan vans - BOLT-PIN (Calipper bolts),Brake System,Set,Vehicle applicability: Nissan vans; System category: Brake System; Source item group: Auto Parts; Source unit: Set,1,1,1,0
,ASM-NISSAN-VANS-CYL-ASSY-CLUTCH,Nissan vans - CYL ASSY CLUTCH,Brake System,PCS,Vehicle applicability: Nissan vans; System category: Brake System; Source item group: Auto Parts; Source unit: PC,1,1,1,0
,ASM-NISSAN-VANS-CYL-ASSY-CLUTCH-2,Nissan vans - CYL ASSY-CLUTCH,Brake System,PCS,Vehicle applicability: Nissan vans; System category: Brake System; Source item group: Auto Parts; Source unit: PC,1,1,1,0
,ASM-NISSAN-VANS-CALIPER-ASSY-BR-BRAKE-CALIPER,Nissan vans - CALIPER ASSY-BR (Brake caliper),Brake System,PCS,Vehicle applicability: Nissan vans; System category: Brake System; Source item group: Auto Parts; Source unit: PC,1,1,1,0
,ASM-NISSAN-VANS-CABLE-COMPL-P-HAND-BRAKE-CABLE-SHORT,"Nissan vans - CABLE COMPL - P (Hand brake cable, short)",Brake System,PCS,Vehicle applicability: Nissan vans; System category: Brake System; Source item group: Auto Parts; Source unit: PC,1,1,1,0
,ASM-NISSAN-VANS-DVC-ASSY-PKB-C-HANDBRAKE-CABLE-LONG,"Nissan vans - DVC ASSY-PKB C (handbrake cable, long)",Brake System,PCS,Vehicle applicability: Nissan vans; System category: Brake System; Source item group: Auto Parts; Source unit: PC,1,1,1,0
,ASM-NISSAN-VANS-PACK-BRAKE-SHIMS,Nissan vans - PACK (brake shims),Brake System,PCS,Vehicle applicability: Nissan vans; System category: Brake System; Source item group: Auto Parts; Source unit: PC,1,1,1,0
,ASM-NISSAN-VANS-SPACER-VACUUM-BOOST-BRAKE-SERVO-BOLT,Nissan vans - SPACER VACUUM BOOST (brake servo bolt),Brake System,PCS,Vehicle applicability: Nissan vans; System category: Brake System; Source item group: Auto Parts; Source unit: PC,1,1,1,0
,ASM-NISSAN-VANS-BRAKE-PAD-PLATES,Nissan vans - Brake pad plates,Brake System,Set,Vehicle applicability: Nissan vans; System category: Brake System; Source item group: Auto Parts; Source unit: Set,1,1,1,0
,ASM-NISSAN-VANS-ABS-SENSOR,Nissan vans - ABS sensor,Brake System,PCS,Vehicle applicability: Nissan vans; System category: Brake System; Source item group: Auto Parts; Source unit: PC,1,1,1,0
,ASM-NISSAN-VANS-BRAKE-MASTER-CYLINDER,Nissan vans - Brake master cylinder,Brake System,PCS,Vehicle applicability: Nissan vans; System category: Brake System; Source item group: Auto Parts; Source unit: PC,1,1,1,0
,ASM-NISSAN-VANS-DRIVE-SHAFT-BOOT,Nissan vans - Drive shaft boot,Axle,PCS,Vehicle applicability: Nissan vans; System category: Axle; Source item group: Auto Parts; Source unit: PC,1,1,1,0
,ASM-NISSAN-VANS-SEAL-HUB-FRONT-FRONT-GREASE-SEALS,Nissan vans - SEAL HUB FRONT (Front grease seals),Axle,Set,Vehicle applicability: Nissan vans; System category: Axle; Source item group: Auto Parts; Source unit: Set,1,1,1,0
,ASM-NISSAN-VANS-BEARING-ASSY-FR-WHEEL-BEARINGS-INNER,Nissan vans - BEARING ASSY-FR (Wheel bearings inner),Axle,Set,Vehicle applicability: Nissan vans; System category: Axle; Source item group: Auto Parts; Source unit: Set,1,1,1,0
,ASM-NISSAN-VANS-BEARING-KLM3008-WHEEL-BEARINGS-OUTER,Nissan vans - Bearing KLM3008 (Wheel bearings outer),Axle,Set,Vehicle applicability: Nissan vans; System category: Axle; Source item group: Auto Parts; Source unit: Set,1,1,1,0
,ASM-NISSAN-VANS-SHAFT-ASSY-FRON-DRIVE-SHAFT,Nissan vans - SHAFT ASSY FRON (Drive shaft),Axle,Set,Vehicle applicability: Nissan vans; System category: Axle; Source item group: Auto Parts; Source unit: Set,1,1,1,0
,ASM-NISSAN-VANS-ORNAMENT-ROAD-C-HUB-CAP,Nissan vans - ORNAMENT ROAD C (Hub cap),Axle,PCS,Vehicle applicability: Nissan vans; System category: Axle; Source item group: Auto Parts; Source unit: PC,1,1,1,0
,ASM-NISSAN-VANS-LEVER-COMPLETE-ACCELERATOR-PEDAL,Nissan vans - LEVER-COMPLETE (*Accelerator pedal),Axle,PCS,Vehicle applicability: Nissan vans; System category: Axle; Source item group: Auto Parts; Source unit: PC,1,1,1,0
,ASM-NISSAN-VANS-CYL-ASSY-RR-WHE-WHEEL-CYLINDER,Nissan vans - CYL ASSY-RR WHE (Wheel cylinder),Axle,Set,Vehicle applicability: Nissan vans; System category: Axle; Source item group: Auto Parts; Source unit: Set,1,1,1,0
,ASM-NISSAN-VANS-NUT-WHEEL-LOCK-NUT,Nissan vans - Nut (Wheel lock nut),Axle,PCS,Vehicle applicability: Nissan vans; System category: Axle; Source item group: Auto Parts; Source unit: PC,1,1,1,0
,ASM-NISSAN-VANS-WASH-LOCK-WHEEL-WHEEL-HUB-WASHERS,Nissan vans - Wash-lock Wheel (Wheel hub washers),Axle,PCS,Vehicle applicability: Nissan vans; System category: Axle; Source item group: Auto Parts; Source unit: PC,1,1,1,0
,ASM-NISSAN-VANS-SCR-TRUSS-HD-WHEEL-HUB-SCREW,Nissan vans - Scr-truss HD (Wheel hub screw),Axle,Set,Vehicle applicability: Nissan vans; System category: Axle; Source item group: Auto Parts; Source unit: Set,1,1,1,0
,ASM-NISSAN-VANS-COMP-BRG-NEEDLE-WHEEL-HUB-LOCK-NUT,Nissan vans - COMP BRG NEEDLE (Wheel hub lock nut),Axle,PCS,Vehicle applicability: Nissan vans; System category: Axle; Source item group: Auto Parts; Source unit: PC,1,1,1,0
,ASM-NISSAN-VANS-HUB-ASSY-AUTO-F-FREE-RUNNING-HUB,Nissan vans - HUB ASSY-AUTO F (Free running hub),Axle,Set,Vehicle applicability: Nissan vans; System category: Axle; Source item group: Auto Parts; Source unit: Set,1,1,1,0
,ASM-NISSAN-VANS-BELT-ALTNTR,Nissan vans - BELT-ALTNTR,Engine Components,PCS,Vehicle applicability: Nissan vans; System category: Engine Components; Source item group: Auto Parts; Source unit: PC,1,1,1,0
,ASM-NISSAN-VANS-BELT-COMPRESSOR,Nissan vans - BELT-COMPRESSOR,Engine Components,PCS,Vehicle applicability: Nissan vans; System category: Engine Components; Source item group: Auto Parts; Source unit: PC,1,1,1,0
,ASM-NISSAN-VANS-BELT-POWER-STEE,Nissan vans - BELT-POWER STEE,Engine Components,PCS,Vehicle applicability: Nissan vans; System category: Engine Components; Source item group: Auto Parts; Source unit: PC,1,1,1,0
,ASM-NISSAN-VANS-GUIDE-CHAIN-TEN-GUIDE-CHAIN-TENSIONER-SMAL,"Nissan vans - GUIDE-CHAIN TEN (Guide chain tensioner, smal",Engine Components,PCS,Vehicle applicability: Nissan vans; System category: Engine Components; Source item group: Auto Parts; Source unit: PC,1,1,1,0
,ASM-NISSAN-VANS-GUIDE-CHAIN-TEN-GUIDE-CHAIN-TENSIONER-BIG,"Nissan vans - GUIDE-CHAIN TEN (Guide chain tensioner, big)",Engine Components,PCS,Vehicle applicability: Nissan vans; System category: Engine Components; Source item group: Auto Parts; Source unit: PC,1,1,1,0
,ASM-NISSAN-VANS-CHAIN-TIMING-CA-TIMING-CHAIN-LOOSE-END,Nissan vans - CHAIN-TIMING CA (Timing chain loose end),Engine Components,PCS,Vehicle applicability: Nissan vans; System category: Engine Components; Source item group: Auto Parts; Source unit: PC,1,1,1,0
,ASM-NISSAN-VANS-CHAIN-TIMING-CA-TIMING-CHAIN-TENSION-END,Nissan vans - CHAIN-TIMING CA (Timing chain tension end),Engine Components,PCS,Vehicle applicability: Nissan vans; System category: Engine Components; Source item group: Auto Parts; Source unit: PC,1,1,1,0
,ASM-NISSAN-VANS-TENSION-CHAIN,Nissan vans - Tension Chain,Engine Components,PCS,Vehicle applicability: Nissan vans; System category: Engine Components; Source item group: Auto Parts; Source unit: PC,1,1,1,0
,ASM-NISSAN-VANS-SEAL-OIL-CRANKS-CRANKSHAFT-OIL-SEAL-FRONT,"Nissan vans - SEAL-OIL CRANKS (Crankshaft oil seal, front)",Engine Components,PCS,Vehicle applicability: Nissan vans; System category: Engine Components; Source item group: Auto Parts; Source unit: PC,1,1,1,0
,ASM-NISSAN-VANS-SEAL-OIL-CRANKS-CRANKSHAFT-OIL-SEAL-REAR,"Nissan vans - SEAL-OIL CRANKS (Crankshaft oil seal, rear))",Engine Components,PCS,Vehicle applicability: Nissan vans; System category: Engine Components; Source item group: Auto Parts; Source unit: PC,1,1,1,0
,ASM-NISSAN-VANS-HEAD-CYLINDER-CYLINDER-HEAD,Nissan vans - HEAD CYLINDER (Cylinder head),Engine Components,PCS,Vehicle applicability: Nissan vans; System category: Engine Components; Source item group: Auto Parts; Source unit: PC,1,1,1,0
,ASM-NISSAN-VANS-CYLINDER-HEAD-REFACING,Nissan vans - Cylinder head refacing,Engine Components,PCS,Vehicle applicability: Nissan vans; System category: Engine Components; Source item group: Auto Parts; Source unit: PC,1,1,1,0
,ASM-NISSAN-VANS-GASKET-CYLINDER-CYLINDE-HEAD-GASKET,Nissan vans - Gasket Cylinder (Cylinde head gasket),Engine Components,PCS,Vehicle applicability: Nissan vans; System category: Engine Components; Source item group: Auto Parts; Source unit: PC,1,1,1,0
,ASM-NISSAN-VANS-GASKET-ROCKER-C-ROCKER-COVER-GASKET,Nissan vans - GASKET-ROCKER C (Rocker cover gasket),Engine Components,PCS,Vehicle applicability: Nissan vans; System category: Engine Components; Source item group: Auto Parts; Source unit: PC,1,1,1,0
,ASM-NISSAN-VANS-INSULATOR-ENGIN-ENGINE-MOUNTING-REAR,"Nissan vans - INSULATOR-ENGIN (Engine mounting, rear)",Engine Components,PCS,Vehicle applicability: Nissan vans; System category: Engine Components; Source item group: Auto Parts; Source unit: PC,1,1,1,0
,ASM-NISSAN-VANS-INSULATOR-ENG-M-ENGINE-MOUNTING-FRONT,"Nissan vans - INSULATOR-ENG M (Engine mounting, front)",Engine Components,PCS,Vehicle applicability: Nissan vans; System category: Engine Components; Source item group: Auto Parts; Source unit: PC,1,1,1,0
,ASM-NISSAN-VANS-PLUG-DRAIN,Nissan vans - Plug Drain,Engine Components,PCS,Vehicle applicability: Nissan vans; System category: Engine Components; Source item group: Auto Parts; Source unit: PC,1,1,1,0
,ASM-NISSAN-VANS-ENGINE-BARE-COMPLETE-ENGINE-ASSY,"Nissan vans - ENGINE BARE, complete engine assy",Engine Components,PCS,Vehicle applicability: Nissan vans; System category: Engine Components; Source item group: Auto Parts; Source unit: PC,1,1,1,0
,ASM-NISSAN-VANS-RING-SET-PISTON-PISTON-RINGS,Nissan vans - RING SET-PISTON (Piston rings),Engine Components,Set,Vehicle applicability: Nissan vans; System category: Engine Components; Source item group: Auto Parts; Source unit: Set,1,1,1,0
,ASM-NISSAN-VANS-PISTON-WITH-PIN-PISTON,Nissan vans - PISTON WITH PIN (Piston),Engine Components,Set,Vehicle applicability: Nissan vans; System category: Engine Components; Source item group: Auto Parts; Source unit: Set,1,1,1,0
,ASM-NISSAN-VANS-BEARING-SET-MAIN-BEARINGS,Nissan vans - Bearing Set (Main bearings),Engine Components,Set,Vehicle applicability: Nissan vans; System category: Engine Components; Source item group: Auto Parts; Source unit: Set,1,1,1,0
,ASM-NISSAN-VANS-BUSHING-SET-CON-PIECE-BEARINGS,Nissan vans - BUSHING SET-CON (Piece bearings),Engine Components,Set,Vehicle applicability: Nissan vans; System category: Engine Components; Source item group: Auto Parts; Source unit: Set,1,1,1,0
,ASM-NISSAN-VANS-BLOCK-SLEEVE,Nissan vans - Block Sleeve,Engine Components,Set,Vehicle applicability: Nissan vans; System category: Engine Components; Source item group: Auto Parts; Source unit: Set,1,1,1,0
,ASM-NISSAN-VANS-GASKET-ENGINE-OVERHAUL-GASKET-KIT,Nissan vans - GASKET-ENGINE (Overhaul gasket kit),Engine Components,PCS,Vehicle applicability: Nissan vans; System category: Engine Components; Source item group: Auto Parts; Source unit: PC,1,1,1,0
,ASM-NISSAN-VANS-ROD-COMP-CON-CONNECTING-RODS,Nissan vans - ROD COMP-CON (Connecting rods),Engine Components,Set,Vehicle applicability: Nissan vans; System category: Engine Components; Source item group: Auto Parts; Source unit: Set,1,1,1,0
,ASM-NISSAN-VANS-PUMP-INJECTION-INJECTOR-PUMP,Nissan vans - PUMP INJECTION (Injector pump),Engine Components,PCS,Vehicle applicability: Nissan vans; System category: Engine Components; Source item group: Auto Parts; Source unit: PC,1,1,1,0
,ASM-NISSAN-VANS-INJECTOR-NOZZLES,Nissan vans - Injector nozzles,Engine Components,Set,Vehicle applicability: Nissan vans; System category: Engine Components; Source item group: Auto Parts; Source unit: Set,1,1,1,0
,ASM-NISSAN-VANS-INJECTOR-PUMP-SERVICE,Nissan vans - Injector pump service,Engine Components,PCS,Vehicle applicability: Nissan vans; System category: Engine Components; Source item group: Auto Parts; Source unit: PC,1,1,1,0
,ASM-NISSAN-VANS-FLUID-GASKET-SEALANT-TUBE,Nissan vans - Fluid Gasket (Sealant tube),Engine Components,PCS,Vehicle applicability: Nissan vans; System category: Engine Components; Source item group: Auto Parts; Source unit: PC,1,1,1,0
,ASM-NISSAN-VANS-FAN-COOLING,Nissan vans - FAN COOLING,Engine Components,PCS,Vehicle applicability: Nissan vans; System category: Engine Components; Source item group: Auto Parts; Source unit: PC,1,1,1,0
,ASM-NISSAN-VANS-CAMSHAFT-PULLEY,Nissan vans - Camshaft pulley,Engine Components,PCS,Vehicle applicability: Nissan vans; System category: Engine Components; Source item group: Auto Parts; Source unit: PC,1,1,1,0
,ASM-NISSAN-VANS-CRANKSHAFT-PULLEY,Nissan vans - Crankshaft pulley,Engine Components,PCS,Vehicle applicability: Nissan vans; System category: Engine Components; Source item group: Auto Parts; Source unit: PC,1,1,1,0
,ASM-NISSAN-VANS-FAN-COUPLING,Nissan vans - Fan coupling,Engine Components,PCS,Vehicle applicability: Nissan vans; System category: Engine Components; Source item group: Auto Parts; Source unit: PC,1,1,1,0
,ASM-NISSAN-VANS-HOSE-AIR-INLET,Nissan vans - Hose air inlet,Engine Components,PCS,Vehicle applicability: Nissan vans; System category: Engine Components; Source item group: Auto Parts; Source unit: PC,1,1,1,0
,ASM-NISSAN-VANS-FAN-ASSY-COND-AC-FAN-SHROUD,Nissan vans - FAN ASSY-COND (AC fan shroud),Engine Cooling System,PCS,Vehicle applicability: Nissan vans; System category: Engine Cooling System; Source item group: Auto Parts; Source unit: PC,1,1,1,0
,ASM-NISSAN-VANS-SHROUD-RAD-LOWE-COOLING-FAN-SHROUD,Nissan vans - Shroud-rad.lowe (Cooling fan shroud),Engine Cooling System,PCS,Vehicle applicability: Nissan vans; System category: Engine Cooling System; Source item group: Auto Parts; Source unit: PC,1,1,1,0
,ASM-NISSAN-VANS-RADIATOR-ASSY,Nissan vans - Radiator assy,Engine Cooling System,PCS,Vehicle applicability: Nissan vans; System category: Engine Cooling System; Source item group: Auto Parts; Source unit: PC,1,1,1,0
,ASM-NISSAN-VANS-CAP-ASSY-PRESSU-RADIATOR-CAP,Nissan vans - CAP ASSY-PRESSU (Radiator cap),Engine Cooling System,PCS,Vehicle applicability: Nissan vans; System category: Engine Cooling System; Source item group: Auto Parts; Source unit: PC,1,1,1,0
,ASM-NISSAN-VANS-MOUNTING-RUBBER-UPPER-RADIATOR-MOUNTINGS,Nissan vans - MOUNTING RUBBER (Upper radiator mountings,Engine Cooling System,Set,Vehicle applicability: Nissan vans; System category: Engine Cooling System; Source item group: Auto Parts; Source unit: Set,1,1,1,0
,ASM-NISSAN-VANS-RUBBER-MOUNTING-LOWER-RADIATOR-MOUNTING,Nissan vans - RUBBER-MOUNTING (Lower radiator mounting,Engine Cooling System,Set,Vehicle applicability: Nissan vans; System category: Engine Cooling System; Source item group: Auto Parts; Source unit: Set,1,1,1,0
,ASM-NISSAN-VANS-HOSE-RESERVE-TA-RESERVE-TANK-PIPE,Nissan vans - HOSE-RESERVE TA (Reserve tank pipe),Engine Cooling System,PCS,Vehicle applicability: Nissan vans; System category: Engine Cooling System; Source item group: Auto Parts; Source unit: PC,1,1,1,0
,ASM-NISSAN-VANS-NOZZLE-WASHER-WIPER-NOZZLES,Nissan vans - Nozzle Washer (Wiper nozzles),Engine Cooling System,Set,Vehicle applicability: Nissan vans; System category: Engine Cooling System; Source item group: Auto Parts; Source unit: Set,1,1,1,0
,ASM-NISSAN-VANS-TANK-ASSY-RESER-RESERVOIR-TANK,Nissan vans - TANK ASSY-RESER (Reservoir tank),Engine Cooling System,PCS,Vehicle applicability: Nissan vans; System category: Engine Cooling System; Source item group: Auto Parts; Source unit: PC,1,1,1,0
,ASM-NISSAN-VANS-BODY-CLEANER-AIR-CLEANER-HOUSING,Nissan vans - BODY-CLEANER (Air cleaner housing),Engine Cooling System,PCS,Vehicle applicability: Nissan vans; System category: Engine Cooling System; Source item group: Auto Parts; Source unit: PC,1,1,1,0
,ASM-NISSAN-VANS-PUMP-ASSY-WATER-WATER-PUMP,Nissan vans - PUMP ASSY-WATER (Water pump),Engine Cooling System,PCS,Vehicle applicability: Nissan vans; System category: Engine Cooling System; Source item group: Auto Parts; Source unit: PC,1,1,1,0
,ASM-NISSAN-VANS-GASKET-WATER-PU-WATER-PUMP-GASKET,Nissan vans - GASKET-WATER PU (Water pump gasket),Engine Cooling System,PCS,Vehicle applicability: Nissan vans; System category: Engine Cooling System; Source item group: Auto Parts; Source unit: PC,1,1,1,0
,ASM-NISSAN-VANS-TANK-ASSY-WS-WASH-WIPER-TANK-TANK,Nissan vans - TANK ASSY -WS WASH (Wiper tank tank),Engine Cooling System,PCS,Vehicle applicability: Nissan vans; System category: Engine Cooling System; Source item group: Auto Parts; Source unit: PC,1,1,1,0
,ASM-NISSAN-VANS-AIR-FILTER-ASSY,Nissan vans - AIR FILTER ASSY,Engine Cooling System,PCS,Vehicle applicability: Nissan vans; System category: Engine Cooling System; Source item group: Auto Parts; Source unit: PC,1,1,1,0
,ASM-NISSAN-VANS-INTRCOOLER-CHARGER-AIR-COOLER,Nissan vans - INTRCOOLER(CHARGER AIR COOLER),Engine Cooling System,PCS,Vehicle applicability: Nissan vans; System category: Engine Cooling System; Source item group: Auto Parts; Source unit: PC,1,1,1,0
,ASM-NISSAN-VANS-CHARGER-TURBO,Nissan vans - CHARGER TURBO,Engine Cooling System,PCS,Vehicle applicability: Nissan vans; System category: Engine Cooling System; Source item group: Auto Parts; Source unit: PC,1,1,1,0
,ASM-NISSAN-VANS-FILTER-ASSY-OIL-OIL-FILTER,Nissan vans - FILTER ASSY-OIL (Oil filter),Engine Oil System,PCS,Vehicle applicability: Nissan vans; System category: Engine Oil System; Source item group: Auto Parts; Source unit: PC,1,1,1,0
,ASM-NISSAN-VANS-CAP-ASSY-OIL-FI-OIL-FILLER-CAP,Nissan vans - CAP ASSY-OIL FI (Oil filler cap),Engine Oil System,PCS,Vehicle applicability: Nissan vans; System category: Engine Oil System; Source item group: Auto Parts; Source unit: PC,1,1,1,0
,ASM-NISSAN-VANS-HOSE-WATER-OIL-COOLER-PIPE,Nissan vans - HOSE-WATER (Oil cooler pipe),Engine Oil System,PCS,Vehicle applicability: Nissan vans; System category: Engine Oil System; Source item group: Auto Parts; Source unit: PC,1,1,1,0
,ASM-NISSAN-VANS-COOLER-OIL-OIL-COOLER,Nissan vans - COOLER OIL (Oil cooler),Engine Oil System,PCS,Vehicle applicability: Nissan vans; System category: Engine Oil System; Source item group: Auto Parts; Source unit: PC,1,1,1,0
,ASM-NISSAN-VANS-STRAINER-OIL-OIL-STRAINER,Nissan vans - STRAINER OIL (Oil strainer),Engine Oil System,PCS,Vehicle applicability: Nissan vans; System category: Engine Oil System; Source item group: Auto Parts; Source unit: PC,1,1,1,0
,ASM-NISSAN-VANS-GAUGE-OIL-LEVEL-DIPSTICK,Nissan vans - GAUGE OIL LEVEL (Dipstick),Engine Oil System,PCS,Vehicle applicability: Nissan vans; System category: Engine Oil System; Source item group: Auto Parts; Source unit: PC,1,1,1,0
,ASM-NISSAN-VANS-PAN-ASSY-OIL-OIL-PAN,Nissan vans - PAN ASSY-OIL (Oil pan),Engine Oil System,PCS,Vehicle applicability: Nissan vans; System category: Engine Oil System; Source item group: Auto Parts; Source unit: PC,1,1,1,0
,ASM-NISSAN-VANS-BRACKET-OIL-FIL-OIL-FILTER-BRACKET,Nissan vans - BRACKET-OIL FIL (Oil filter bracket),Engine Oil System,PCS,Vehicle applicability: Nissan vans; System category: Engine Oil System; Source item group: Auto Parts; Source unit: PC,1,1,1,0
,ASM-NISSAN-VANS-WASHER-DRAIN-DRAIN-PLUG-WASHER,Nissan vans - WASHER DRAIN (Drain plug washer),Engine Oil System,PCS,Vehicle applicability: Nissan vans; System category: Engine Oil System; Source item group: Auto Parts; Source unit: PC,1,1,1,0
,ASM-NISSAN-VANS-OIL-PRESSURE-SWITCH,Nissan vans - Oil pressure switch,Engine Oil System,PCS,Vehicle applicability: Nissan vans; System category: Engine Oil System; Source item group: Auto Parts; Source unit: PC,1,1,1,0
,ASM-NISSAN-VANS-MFLR-ASSY-EXHAUST-PIPE-COMPLETE-SILENCERS-PIPES-ETC,"Nissan vans - MFLR ASSY (Exhaust pipe complete( Silencers,pipes etc))",Exhaust System,PCS,Vehicle applicability: Nissan vans; System category: Exhaust System; Source item group: Auto Parts; Source unit: PC,1,1,1,0
,ASM-NISSAN-VANS-CONVERTER-ASSY-CATALYTIC-CONVERTER,Nissan vans - CONVERTER ASSY (Catalytic converter),Exhaust System,PCS,Vehicle applicability: Nissan vans; System category: Exhaust System; Source item group: Auto Parts; Source unit: PC,1,1,1,0
,ASM-NISSAN-VANS-BOLT-HEX-HD-EXHAUST-BOLT,Nissan vans - BOLT HEX HD (Exhaust bolt),Exhaust System,PCS,Vehicle applicability: Nissan vans; System category: Exhaust System; Source item group: Auto Parts; Source unit: PC,1,1,1,0
,ASM-NISSAN-VANS-SCR-HEX-HD-PP-W-EXHAUST-BOLT,Nissan vans - SCR-HEX HD PP W (Exhaust bolt),Exhaust System,Set,Vehicle applicability: Nissan vans; System category: Exhaust System; Source item group: Auto Parts; Source unit: Set,1,1,1,0
,ASM-NISSAN-VANS-CLAMP-EXH-MTG-EXHAUST-CLAMP,Nissan vans - CLAMP-EXH MTG (exhaust clamp),Exhaust System,PCS,Vehicle applicability: Nissan vans; System category: Exhaust System; Source item group: Auto Parts; Source unit: PC,1,1,1,0
,ASM-NISSAN-VANS-GASKET-EXHAUST-BIG-EXHAUST-MANIFOLD-GASKET,"Nissan vans - Gasket, exhaust Big (Exhaust manifold gasket)",Exhaust System,PCS,Vehicle applicability: Nissan vans; System category: Exhaust System; Source item group: Auto Parts; Source unit: PC,1,1,1,0
,ASM-NISSAN-VANS-BRACKET-EXH-M-EXHAUST-MOUNTING-BRACKET,Nissan vans - Bracket - Exh M (Exhaust mounting bracket),Exhaust System,PCS,Vehicle applicability: Nissan vans; System category: Exhaust System; Source item group: Auto Parts; Source unit: PC,1,1,1,0
,ASM-NISSAN-VANS-INSUL-EXH-MTG-EXHAUST-MOUNTING,Nissan vans - INSUL EXH MTG (Exhaust mounting),Exhaust System,PCS,Vehicle applicability: Nissan vans; System category: Exhaust System; Source item group: Auto Parts; Source unit: PC,1,1,1,0
,ASM-NISSAN-VANS-MNTG-BRACKET-EXHAUST-MOUNTING-FRONT,"Nissan vans - MNTG Bracket (Exhaust mounting, front)",Exhaust System,PCS,Vehicle applicability: Nissan vans; System category: Exhaust System; Source item group: Auto Parts; Source unit: PC,1,1,1,0
,ASM-NISSAN-VANS-BRKT-EXH-MTG-EXHAUST-PIPE-BRACKET,Nissan vans - BRKT EXH MTG (Exhaust pipe bracket),Exhaust System,PCS,Vehicle applicability: Nissan vans; System category: Exhaust System; Source item group: Auto Parts; Source unit: PC,1,1,1,0
,ASM-NISSAN-VANS-INSUL-HEAT-EXH-EXHAUST-INSULATOR,Nissan vans - Insul-heat Exh (Exhaust insulator),Exhaust System,PCS,Vehicle applicability: Nissan vans; System category: Exhaust System; Source item group: Auto Parts; Source unit: PC,1,1,1,0
,ASM-NISSAN-VANS-INJECTOR-FUEL-INJECTOR-NOZZLE-COMPLETE,"Nissan vans - INJECTOR-FUEL (Injector Nozzle, complete)",Fuel Supply System,Set,Vehicle applicability: Nissan vans; System category: Fuel Supply System; Source item group: Auto Parts; Source unit: Set,1,1,1,0
,ASM-NISSAN-VANS-16401-VC10C-COVER-UPPER-FUEL-LIFT-PUMP,Nissan vans - 16401-VC10C COVER-UPPER (Fuel Lift pump),Fuel Supply System,PCS,Vehicle applicability: Nissan vans; System category: Fuel Supply System; Source item group: Auto Parts; Source unit: PC,1,1,1,0
,ASM-NISSAN-VANS-GASKET-NOZZLE-INJECTOR-NOZZLE-SEAL,Nissan vans - Gasket-nozzle (Injector Nozzle seal),Fuel Supply System,Set,Vehicle applicability: Nissan vans; System category: Fuel Supply System; Source item group: Auto Parts; Source unit: Set,1,1,1,0
,ASM-NISSAN-VANS-TUBE-ASSY-FUEL-FUEL-RETURN-PIPE,Nissan vans - TUBE ASSY-FUEL (Fuel return pipe),Fuel Supply System,PCS,Vehicle applicability: Nissan vans; System category: Fuel Supply System; Source item group: Auto Parts; Source unit: PC,1,1,1,0
,ASM-NISSAN-VANS-TUBE-ASSY-INJEC-FUEL-RAIL,Nissan vans - TUBE ASSY-INJEC (Fuel rail),Fuel Supply System,PCS,Vehicle applicability: Nissan vans; System category: Fuel Supply System; Source item group: Auto Parts; Source unit: PC,1,1,1,0
,ASM-NISSAN-VANS-TUBE-INJECTION-FUEL-RAIL-PIPE1,Nissan vans - TUBE-INJECTION (Fuel rail pipe1),Fuel Supply System,PCS,Vehicle applicability: Nissan vans; System category: Fuel Supply System; Source item group: Auto Parts; Source unit: PC,1,1,1,0
,ASM-NISSAN-VANS-TUBE-ASSY-INJEC-FUEL-RAIL-PIPE2,Nissan vans - TUBE ASSY-INJEC (Fuel rail pipe2),Fuel Supply System,PCS,Vehicle applicability: Nissan vans; System category: Fuel Supply System; Source item group: Auto Parts; Source unit: PC,1,1,1,0
,ASM-NISSAN-VANS-TUBE-ASSY-INJEC-FUEL-RAIL-PIPE3,Nissan vans - TUBE ASSY-INJEC (Fuel rail pipe3),Fuel Supply System,PCS,Vehicle applicability: Nissan vans; System category: Fuel Supply System; Source item group: Auto Parts; Source unit: PC,1,1,1,0
,ASM-NISSAN-VANS-TUBE-ASSY-INJEC-FUEL-RAIL-PIPE4,Nissan vans - TUBE ASSY-INJEC (Fuel rail pipe4),Fuel Supply System,PCS,Vehicle applicability: Nissan vans; System category: Fuel Supply System; Source item group: Auto Parts; Source unit: PC,1,1,1,0
,ASM-NISSAN-VANS-O-RING-TANK-BELT-CLAMP,Nissan vans - O RING (Tank belt clamp),Fuel Supply System,PCS,Vehicle applicability: Nissan vans; System category: Fuel Supply System; Source item group: Auto Parts; Source unit: PC,1,1,1,0
,ASM-NISSAN-VANS-CAP-FILLER-SCRE-FUEL-TANK-CAP-RUBBER,Nissan vans - Cap-filler-scre (Fuel tank cap - rubber),Fuel Supply System,PCS,Vehicle applicability: Nissan vans; System category: Fuel Supply System; Source item group: Auto Parts; Source unit: PC,1,1,1,0
,ASM-NISSAN-VANS-MANIFOLD-ASSY-I-INTAKE-MANIFOLD-ASS,Nissan vans - Manifold Assy-I (Intake manifold ass),Fuel Supply System,PCS,Vehicle applicability: Nissan vans; System category: Fuel Supply System; Source item group: Auto Parts; Source unit: PC,1,1,1,0
,ASM-NISSAN-VANS-SUCTION-CONTROL-VALVE,Nissan vans - Suction control valve,Fuel Supply System,PCS,Vehicle applicability: Nissan vans; System category: Fuel Supply System; Source item group: Auto Parts; Source unit: PC,1,1,1,0
,ASM-NISSAN-VANS-FUEL-FILTER-SENSOR,Nissan vans - Fuel filter sensor,Fuel Supply System,PCS,Vehicle applicability: Nissan vans; System category: Fuel Supply System; Source item group: Auto Parts; Source unit: PC,1,1,1,0
,ASM-NISSAN-VANS-GASKET-MANIFOLD,Nissan vans - Gasket-manifold,Fuel Supply System,PCS,Vehicle applicability: Nissan vans; System category: Fuel Supply System; Source item group: Auto Parts; Source unit: PC,1,1,1,0
,ASM-NISSAN-VANS-INJECTOR-NOZZLE-SERVICE,Nissan vans - Injector nozzle service,Fuel Supply System,PCS,Vehicle applicability: Nissan vans; System category: Fuel Supply System; Source item group: Auto Parts; Source unit: PC,1,1,1,0
,ASM-NISSAN-VANS-LINK-COMPL-FR-S-BALL-JOINT-UPPER-LH,Nissan vans - Link Compl-fr S (Ball joint - upper LH),Suspension & Steering System,PCS,Vehicle applicability: Nissan vans; System category: Suspension & Steering System; Source item group: Auto Parts; Source unit: PC,1,1,1,0
,ASM-NISSAN-VANS-LINK-COMPL-RH-BALL-JOINT-UPPER-RH,Nissan vans - LINK COMPL RH (Ball joint - upper RH),Suspension & Steering System,PCS,Vehicle applicability: Nissan vans; System category: Suspension & Steering System; Source item group: Auto Parts; Source unit: PC,1,1,1,0
,ASM-NISSAN-VANS-LINK-COMPL-FR-S-BALL-JOINT-LOWER-RH,Nissan vans - Link Compl-fr S (Ball joint - lower RH),Suspension & Steering System,PCS,Vehicle applicability: Nissan vans; System category: Suspension & Steering System; Source item group: Auto Parts; Source unit: PC,1,1,1,0
,ASM-NISSAN-VANS-LINK-COMPL-FR-S-BALL-JOINT-LOWER-LH,Nissan vans - Link Compl-fr S (Ball joint - lower LH),Suspension & Steering System,PCS,Vehicle applicability: Nissan vans; System category: Suspension & Steering System; Source item group: Auto Parts; Source unit: PC,1,1,1,0
,ASM-NISSAN-VANS-ROD-KIT-RELAY-TRACK-ROD,Nissan vans - Rod Kit-relay * (Track rod),Suspension & Steering System,PCS,Vehicle applicability: Nissan vans; System category: Suspension & Steering System; Source item group: Auto Parts; Source unit: PC,1,1,1,0
,ASM-NISSAN-VANS-ROD-KIT-TIE-TIE-ROD-ENDS,Nissan vans - Rod Kit - Tie; (Tie rod ends),Suspension & Steering System,Set,Vehicle applicability: Nissan vans; System category: Suspension & Steering System; Source item group: Auto Parts; Source unit: Set,1,1,1,0
,ASM-NISSAN-VANS-Z-LINK-ROD-CONN-RHS,Nissan vans - Z-link(ROD CONN rhs),Suspension & Steering System,PCS,Vehicle applicability: Nissan vans; System category: Suspension & Steering System; Source item group: Auto Parts; Source unit: PC,1,1,1,0
,ASM-NISSAN-VANS-Z-LINK-ROD-CONN-LHS,Nissan vans - Z-link(ROD CONN lhs),Suspension & Steering System,PCS,Vehicle applicability: Nissan vans; System category: Suspension & Steering System; Source item group: Auto Parts; Source unit: PC,1,1,1,0
,ASM-NISSAN-VANS-ABSORBER-SHOCK-FRONT-SHOCK-ABSORBERS,Nissan vans - ABSORBER-SHOCK (Front shock absorbers),Suspension & Steering System,Set,Vehicle applicability: Nissan vans; System category: Suspension & Steering System; Source item group: Auto Parts; Source unit: Set,1,1,1,0
,ASM-NISSAN-VANS-BUSH-TELEX-SHOCK-ABSORBER-BUSHES,Nissan vans - Bush *telex* (Shock absorber bushes),Suspension & Steering System,Set,Vehicle applicability: Nissan vans; System category: Suspension & Steering System; Source item group: Auto Parts; Source unit: Set,1,1,1,0
,ASM-NISSAN-VANS-SHOCK-RR-2WD-KA-REAR-SHOCK-ABSORBERS,Nissan vans - Shock RR 2WD KA (rear shock absorbers),Suspension & Steering System,Set,Vehicle applicability: Nissan vans; System category: Suspension & Steering System; Source item group: Auto Parts; Source unit: Set,1,1,1,0
,ASM-NISSAN-VANS-BUSH-STAB-STABILISER-BAR-BUSHES-BIG,"Nissan vans - BUSH STAB (Stabiliser bar bushes, big)",Suspension & Steering System,Set,Vehicle applicability: Nissan vans; System category: Suspension & Steering System; Source item group: Auto Parts; Source unit: Set,1,1,1,0
,ASM-NISSAN-VANS-STABILISER-BAR-BUSHES-SMALL,"Nissan vans - Stabiliser bar bushes, small",Suspension & Steering System,Set,Vehicle applicability: Nissan vans; System category: Suspension & Steering System; Source item group: Auto Parts; Source unit: Set,1,1,1,0
,ASM-NISSAN-VANS-BUSH-RR-SPR-RR-SPRING-BUSHES-SMALL,"Nissan vans - BUSH RR SPR RR (Spring bushes, small)",Suspension & Steering System,Set,Vehicle applicability: Nissan vans; System category: Suspension & Steering System; Source item group: Auto Parts; Source unit: Set,1,1,1,0
,ASM-NISSAN-VANS-BUSH-SPRING-SPRING-BUSHES-BIG,"Nissan vans - Bush-spring (Spring bushes, big)",Suspension & Steering System,Set,Vehicle applicability: Nissan vans; System category: Suspension & Steering System; Source item group: Auto Parts; Source unit: Set,1,1,1,0
,ASM-NISSAN-VANS-SHOCK-ABSORBER-BUSHES,Nissan vans - Shock absorber bushes,Suspension & Steering System,Set,Vehicle applicability: Nissan vans; System category: Suspension & Steering System; Source item group: Auto Parts; Source unit: Set,1,1,1,0
,ASM-NISSAN-VANS-BUSH-FITTING,Nissan vans - Bush fitting,Suspension & Steering System,Set,Vehicle applicability: Nissan vans; System category: Suspension & Steering System; Source item group: Auto Parts; Source unit: Set,1,1,1,0
,ASM-NISSAN-VANS-SPRING-ASSY-RR-LEAF-SPRING-COMPLETE,"Nissan vans - SPRING ASSY RR (Leaf spring, complete)",Suspension & Steering System,Set,Vehicle applicability: Nissan vans; System category: Suspension & Steering System; Source item group: Auto Parts; Source unit: Set,1,1,1,0
,ASM-NISSAN-VANS-CLIP-RR-SPRING-LEAF-SPRING-CLAMPS,Nissan vans - Clip RR Spring (leaf spring clamps),Suspension & Steering System,PCS,Vehicle applicability: Nissan vans; System category: Suspension & Steering System; Source item group: Auto Parts; Source unit: PC,1,1,1,0
,ASM-NISSAN-VANS-SEAT-ASSY-RR-SP-U-BOLTS-MOUNTING-PLATES-SET,Nissan vans - SEAT ASSY-RR SP U - bolts mounting plates - set,Suspension & Steering System,PCS,Vehicle applicability: Nissan vans; System category: Suspension & Steering System; Source item group: Auto Parts; Source unit: PC,1,1,1,0
,ASM-NISSAN-VANS-PAD-ASSY-RR-SPR-LEAF-SPRING-SEAT,Nissan vans - PAD ASSY-RR SPR (Leaf spring seat),Suspension & Steering System,PCS,Vehicle applicability: Nissan vans; System category: Suspension & Steering System; Source item group: Auto Parts; Source unit: PC,1,1,1,0
,ASM-NISSAN-VANS-ARM-ASSY-FR-SPR-ANCHOR-ARM,Nissan vans - ARM ASSY FR SPR (Anchor arm),Suspension & Steering System,PCS,Vehicle applicability: Nissan vans; System category: Suspension & Steering System; Source item group: Auto Parts; Source unit: PC,1,1,1,0
,ASM-NISSAN-VANS-ARM-ASSY-ANCHOR-ANCHOR-ARM,Nissan vans - ARM ASSY ANCHOR (Anchor arm),Suspension & Steering System,PCS,Vehicle applicability: Nissan vans; System category: Suspension & Steering System; Source item group: Auto Parts; Source unit: PC,1,1,1,0
,ASM-NISSAN-VANS-PULLEY-PUMP-POWER-STEERING-PUMP-PULLEY,Nissan vans - PULLEY-PUMP (Power steering pump pulley),Suspension & Steering System,PCS,Vehicle applicability: Nissan vans; System category: Suspension & Steering System; Source item group: Auto Parts; Source unit: PC,1,1,1,0
,ASM-NISSAN-VANS-POWER-PUMP-ASSY-STEERING-PUMP,Nissan vans - Power Pump assy (Steering pump),Suspension & Steering System,PCS,Vehicle applicability: Nissan vans; System category: Suspension & Steering System; Source item group: Auto Parts; Source unit: PC,1,1,1,0
,ASM-NISSAN-VANS-ARMKIT-PITMAN-PITMAN-ARM,Nissan vans - ArmKit-Pitman+- (Pitman arm),Suspension & Steering System,PCS,Vehicle applicability: Nissan vans; System category: Suspension & Steering System; Source item group: Auto Parts; Source unit: PC,1,1,1,0
,ASM-NISSAN-VANS-IDLER-KIT-TEL-IDLER-ARM,Nissan vans - Idler Kit **tel (Idler arm),Suspension & Steering System,PCS,Vehicle applicability: Nissan vans; System category: Suspension & Steering System; Source item group: Auto Parts; Source unit: PC,1,1,1,0
,ASM-NISSAN-VANS-COLUMN-ASSY-STE-STEERING-COLUMN,Nissan vans - COLUMN ASSY-STE (steering column),Suspension & Steering System,PCS,Vehicle applicability: Nissan vans; System category: Suspension & Steering System; Source item group: Auto Parts; Source unit: PC,1,1,1,0
,ASM-NISSAN-VANS-WHEEL-ASSY-STEE-STEERING-WHEEL,Nissan vans - WHEEL ASSY-STEE (Steering wheel),Suspension & Steering System,PCS,Vehicle applicability: Nissan vans; System category: Suspension & Steering System; Source item group: Auto Parts; Source unit: PC,1,1,1,0
,ASM-NISSAN-VANS-TRANSFER-CASE-SEAL,Nissan vans - Transfer case seal,Suspension & Steering System,PCS,Vehicle applicability: Nissan vans; System category: Suspension & Steering System; Source item group: Auto Parts; Source unit: PC,1,1,1,0
,ASM-NISSAN-VANS-BRNG-KIT-CENTR-CENTER-BEARING,Nissan vans - BRNG. Kit Centr (Center bearing),Transmission System,PCS,Vehicle applicability: Nissan vans; System category: Transmission System; Source item group: Auto Parts; Source unit: PC,1,1,1,0
,ASM-NISSAN-VANS-CLUTCH-DISC-CLUTCH-PLATE,Nissan vans - Clutch Disc (Clutch plate),Transmission System,PCS,Vehicle applicability: Nissan vans; System category: Transmission System; Source item group: Auto Parts; Source unit: PC,1,1,1,0
,ASM-NISSAN-VANS-COVER-CLUTCH-PRESSURE-PLATE,Nissan vans - Cover-Clutch (Pressure plate),Transmission System,PCS,Vehicle applicability: Nissan vans; System category: Transmission System; Source item group: Auto Parts; Source unit: PC,1,1,1,0
,ASM-NISSAN-VANS-BEARING-CLUTCH-RELEASE-BEARING,Nissan vans - Bearing Clutch (Release bearing),Transmission System,PCS,Vehicle applicability: Nissan vans; System category: Transmission System; Source item group: Auto Parts; Source unit: PC,1,1,1,0
,ASM-NISSAN-VANS-SPRING-RETURN-RETURN-SPRING,Nissan vans - Spring-return (Return spring),Transmission System,PCS,Vehicle applicability: Nissan vans; System category: Transmission System; Source item group: Auto Parts; Source unit: PC,1,1,1,0
,ASM-NISSAN-VANS-PEDAL-ASSY-CLUT-CLUTCH-PEDAL-ASSEMBLY,Nissan vans - Pedal Assy Clut (Clutch pedal assembly),Transmission System,PCS,Vehicle applicability: Nissan vans; System category: Transmission System; Source item group: Auto Parts; Source unit: PC,1,1,1,0
,ASM-NISSAN-VANS-TRANSMISSION-GEARBOX-ASSEMBLY,Nissan vans - TRANSMISSION (Gearbox assembly),Transmission System,PCS,Vehicle applicability: Nissan vans; System category: Transmission System; Source item group: Auto Parts; Source unit: PC,1,1,1,0
,ASM-NISSAN-VANS-RR-EXC-BRAKES-A,Nissan vans - RR EXC BRAKES A (,Transmission System,PCS,Vehicle applicability: Nissan vans; System category: Transmission System; Source item group: Auto Parts; Source unit: PC,1,1,1,0
,ASM-NISSAN-VANS-SFT-RR-AXLE-RH-DIFFERENTIAL-SHAFT-RH,Nissan vans - SFT-RR AXLE RH (Differential shaft RH),Transmission System,PCS,Vehicle applicability: Nissan vans; System category: Transmission System; Source item group: Auto Parts; Source unit: PC,1,1,1,0
,ASM-NISSAN-VANS-SFT-RR-AXLE-DIFFERENTIAL-SHAFT-LH,Nissan vans - SFT-RR Axle (Differential shaft LH),Transmission System,PCS,Vehicle applicability: Nissan vans; System category: Transmission System; Source item group: Auto Parts; Source unit: PC,1,1,1,0
,ASM-NISSAN-VANS-SEAL-GREASE-R-GREASE-SEAL,Nissan vans - Seal - Grease R (Grease seal),Transmission System,PCS,Vehicle applicability: Nissan vans; System category: Transmission System; Source item group: Auto Parts; Source unit: PC,1,1,1,0
,ASM-NISSAN-VANS-BRG-ASSY-TAPE,Nissan vans - BRG Assy - Tape,Transmission System,Set,Vehicle applicability: Nissan vans; System category: Transmission System; Source item group: Auto Parts; Source unit: Set,1,1,1,0
,ASM-NISSAN-VANS-FLYWHELL-ASSY,Nissan vans - FLYWHELL ASSY,Transmission System,PCS,Vehicle applicability: Nissan vans; System category: Transmission System; Source item group: Auto Parts; Source unit: PC,1,1,1,0
,ASM-NISSAN-VANS-SEAL-TRANSFER-CASE-SEAL,Nissan vans - Seal (Transfer case seal),Transmission System,PCS,Vehicle applicability: Nissan vans; System category: Transmission System; Source item group: Auto Parts; Source unit: PC,1,1,1,0
,ASM-NISSAN-VANS-INSULATOR-ENGIN-GEARBOX-MOUNTINGS,Nissan vans - INSULATOR-ENGIN (Gearbox mountings),Transmission System,Set,Vehicle applicability: Nissan vans; System category: Transmission System; Source item group: Auto Parts; Source unit: Set,1,1,1,0
,ASM-NISSAN-VANS-CASE-TRANSFER-F-TRANSFER-CASE-FRONT,"Nissan vans - Case Transfer F (Transfer case, front)",Transmission System,PCS,Vehicle applicability: Nissan vans; System category: Transmission System; Source item group: Auto Parts; Source unit: PC,1,1,1,0
,ASM-NISSAN-VANS-CASE-TRANSFER-CASE-CENTER,"Nissan vans - Case (Transfer case, center)",Transmission System,PCS,Vehicle applicability: Nissan vans; System category: Transmission System; Source item group: Auto Parts; Source unit: PC,1,1,1,0
,ASM-NISSAN-VANS-CASE-TRANSFER-DIFFERENTIAL-CASE,Nissan vans - CASE-TRANSFER (Differential case),Transmission System,PCS,Vehicle applicability: Nissan vans; System category: Transmission System; Source item group: Auto Parts; Source unit: PC,1,1,1,0
,ASM-NISSAN-VANS-HIGH-GEAR-COVER,Nissan vans - High gear cover,Transmission System,PCS,Vehicle applicability: Nissan vans; System category: Transmission System; Source item group: Auto Parts; Source unit: PC,1,1,1,0
,ASM-NISSAN-VANS-CROSS-BEARING,Nissan vans - Cross bearing,Transmission System,PCS,Vehicle applicability: Nissan vans; System category: Transmission System; Source item group: Auto Parts; Source unit: PC,1,1,1,0
,ASM-NISSAN-VANS-ALLOY-WHEEL-RIM,Nissan vans - Alloy Wheel (Rim),Transmission System,PCS,Vehicle applicability: Nissan vans; System category: Transmission System; Source item group: Auto Parts; Source unit: PC,1,1,1,0
,ASM-NISSAN-VANS-TYRE-REPAIR-PER-TYRE,Nissan vans - Tyre repair (per tyre),Transmission System,PCS,Vehicle applicability: Nissan vans; System category: Transmission System; Source item group: Auto Parts; Source unit: PC,1,1,1,0
,ASM-NISSAN-VANS-WRENCH-WHL-NUT-WHEEL-SPANNER,Nissan vans - WRENCH WHL NUT (Wheel spanner),Transmission System,PCS,Vehicle applicability: Nissan vans; System category: Transmission System; Source item group: Auto Parts; Source unit: PC,1,1,1,0
,ASM-NISSAN-VANS-WHEEL-BOLT-WHEEL-STUD-FRONT,"Nissan vans - WHEEL BOLT (Wheel stud, front)",Transmission System,PCS,Vehicle applicability: Nissan vans; System category: Transmission System; Source item group: Auto Parts; Source unit: PC,1,1,1,0
,ASM-NISSAN-VANS-BOLT-HUB-WHEEL-STUD-REAR,"Nissan vans - BOLT-HUB (Wheel stud,rear)",Transmission System,PCS,Vehicle applicability: Nissan vans; System category: Transmission System; Source item group: Auto Parts; Source unit: PC,1,1,1,0
,ASM-NISSAN-VANS-NUT-WHEEL-WHEEL-NUT,Nissan vans - NUT- WHEEL(wheel nut),Transmission System,PCS,Vehicle applicability: Nissan vans; System category: Transmission System; Source item group: Auto Parts; Source unit: PC,1,1,1,0
,ASM-NISSAN-VANS-COMPRESSOR-AC-PUMP,Nissan vans - Compressor (AC pump),Air Conditioning System,PCS,Vehicle applicability: Nissan vans; System category: Air Conditioning System; Source item group: Auto Parts; Source unit: PC,1,1,1,0
,ASM-NISSAN-VANS-PIPE-ASSY-FR-COOLER-HIGH-CONDENSER,Nissan vans - Pipe Assy-Fr cooler High (Condenser),Air Conditioning System,PCS,Vehicle applicability: Nissan vans; System category: Air Conditioning System; Source item group: Auto Parts; Source unit: PC,1,1,1,0
,ASM-NISSAN-VANS-VALVE-EXPANSION-EXPANSION-VALVE,Nissan vans - VALVE-EXPANSION (Expansion valve),Air Conditioning System,PCS,Vehicle applicability: Nissan vans; System category: Air Conditioning System; Source item group: Auto Parts; Source unit: PC,1,1,1,0
,ASM-NISSAN-VANS-EVAPORATOR-ASSY-AC-EVAPORATOR,Nissan vans - Evaporator Assy (Ac evaporator),Air Conditioning System,PCS,Vehicle applicability: Nissan vans; System category: Air Conditioning System; Source item group: Auto Parts; Source unit: PC,1,1,1,0
,ASM-NISSAN-VANS-RELAY-LIGHT-AC-RELAY,Nissan vans - RELAY-LIGHT (AC relay),Air Conditioning System,PCS,Vehicle applicability: Nissan vans; System category: Air Conditioning System; Source item group: Auto Parts; Source unit: PC,1,1,1,0
,ASM-NISSAN-VANS-CONT-ASSY-AIR-C-AC-SELECTOR-KNOB-ASSY,Nissan vans - CONT ASSY-AIR C (AC selector knob assy),Air Conditioning System,PCS,Vehicle applicability: Nissan vans; System category: Air Conditioning System; Source item group: Auto Parts; Source unit: PC,1,1,1,0
,ASM-NISSAN-VANS-AC-GAS,Nissan vans - Ac gas,Air Conditioning System,Gram,Vehicle applicability: Nissan vans; System category: Air Conditioning System; Source item group: Auto Parts; Source unit: Gram,1,1,1,0
,ASM-NISSAN-VANS-LIQUID-TANK,Nissan vans - Liquid tank,Air Conditioning System,PCS,Vehicle applicability: Nissan vans; System category: Air Conditioning System; Source item group: Auto Parts; Source unit: PC,1,1,1,0
,ASM-NISSAN-VANS-FRONT-EVAPORATOR,Nissan vans - Front Evaporator,Air Conditioning System,PCS,Vehicle applicability: Nissan vans; System category: Air Conditioning System; Source item group: Auto Parts; Source unit: PC,1,1,1,0
,ASM-NISSAN-VANS-REAR-EVAPORATOR,Nissan vans - Rear Evaporator,Air Conditioning System,PCS,Vehicle applicability: Nissan vans; System category: Air Conditioning System; Source item group: Auto Parts; Source unit: PC,1,1,1,0
,ASM-NISSAN-VANS-HOSE-FLEXIBLE,Nissan vans - HOSE FLEXIBLE,Air Conditioning System,PCS,Vehicle applicability: Nissan vans; System category: Air Conditioning System; Source item group: Auto Parts; Source unit: PC,1,1,1,0
,ASM-NISSAN-VANS-O-RINGS,Nissan vans - O RINGS,Air Conditioning System,PCS,Vehicle applicability: Nissan vans; System category: Air Conditioning System; Source item group: Auto Parts; Source unit: PC,1,1,1,0
,ASM-NISSAN-VANS-EXPANSION-BLOCK,Nissan vans - EXPANSION BLOCK,Air Conditioning System,PCS,Vehicle applicability: Nissan vans; System category: Air Conditioning System; Source item group: Auto Parts; Source unit: PC,1,1,1,0
,ASM-NISSAN-VANS-SINGLE-WIPER-BLADE-21-WIPER-BLADE,Nissan vans - single wiper blade 21 (Wiper blade),Wiper System,PCS,Vehicle applicability: Nissan vans; System category: Wiper System; Source item group: Auto Parts; Source unit: PC,1,1,1,0
,ASM-NISSAN-VANS-BLADE-WIPER,Nissan vans - Blade wiper,Wiper System,PCS,Vehicle applicability: Nissan vans; System category: Wiper System; Source item group: Auto Parts; Source unit: PC,1,1,1,0
,ASM-NISSAN-VANS-MOTOR-A-WIPER-WIPER-MOTOR,Nissan vans - MOTOR A-WIPER (Wiper motor),Wiper System,PCS,Vehicle applicability: Nissan vans; System category: Wiper System; Source item group: Auto Parts; Source unit: PC,1,1,1,0
,ASM-NISSAN-VANS-WIPER-ARM,Nissan vans - Wiper Arm,Wiper System,PCS,Vehicle applicability: Nissan vans; System category: Wiper System; Source item group: Auto Parts; Source unit: PC,1,1,1,0
,ASM-NISSAN-VANS-WIPER-HOSE,Nissan vans - Wiper hose,Wiper System,PCS,Vehicle applicability: Nissan vans; System category: Wiper System; Source item group: Auto Parts; Source unit: PC,1,1,1,0
,ASM-NISSAN-VANS-WIPER-WATER-SENSOR,Nissan vans - Wiper water sensor,Wiper System,PCS,Vehicle applicability: Nissan vans; System category: Wiper System; Source item group: Auto Parts; Source unit: PC,1,1,1,0
,ASM-NISSAN-VANS-WIPER-WATER-PUMP,Nissan vans - Wiper water pump,Wiper System,PCS,Vehicle applicability: Nissan vans; System category: Wiper System; Source item group: Auto Parts; Source unit: PC,1,1,1,0
,ASM-NISSAN-VANS-WIPER-WATER-TANK,Nissan vans - Wiper water tank,Wiper System,PCS,Vehicle applicability: Nissan vans; System category: Wiper System; Source item group: Auto Parts; Source unit: PC,1,1,1,0
,ASM-NISSAN-VANS-WIPER-NOZZLE,Nissan vans - Wiper nozzle,Wiper System,PCS,Vehicle applicability: Nissan vans; System category: Wiper System; Source item group: Auto Parts; Source unit: PC,1,1,1,0
,ASM-NISSAN-VANS-BULB-HEAD-LAMP,Nissan vans - Bulb Head Lamp,Electrical System,PCS,Vehicle applicability: Nissan vans; System category: Electrical System; Source item group: Auto Parts; Source unit: PC,1,1,1,0
,ASM-NISSAN-VANS-LAMP-ASSY-LH-HEADLAMP-LHS,Nissan vans - LAMP ASSY-LH (Headlamp LHS),Electrical System,PCS,Vehicle applicability: Nissan vans; System category: Electrical System; Source item group: Auto Parts; Source unit: PC,1,1,1,0
,ASM-NISSAN-VANS-LAMP-ASSY-HEAD-HEADLAMP-RHS,Nissan vans - LAMP ASSY-HEAD (Headlamp RHS),Electrical System,PCS,Vehicle applicability: Nissan vans; System category: Electrical System; Source item group: Auto Parts; Source unit: PC,1,1,1,0
,ASM-NISSAN-VANS-PLUG-GLOW-GLOW-PLUGS,Nissan vans - Plug-glow (Glow plugs),Electrical System,Set,Vehicle applicability: Nissan vans; System category: Electrical System; Source item group: Auto Parts; Source unit: Set,1,1,1,0
,ASM-NISSAN-VANS-BULB-12V5W-PARKING-BULB,Nissan vans - Bulb 12V5W (Parking bulb),Electrical System,PCS,Vehicle applicability: Nissan vans; System category: Electrical System; Source item group: Auto Parts; Source unit: PC,1,1,1,0
,ASM-NISSAN-VANS-DOUBLE-FILAMENT-ROUND-BASED-BRAKE-BULB,Nissan vans - Double filament round based (Brake bulb),Electrical System,PCS,Vehicle applicability: Nissan vans; System category: Electrical System; Source item group: Auto Parts; Source unit: PC,1,1,1,0
,ASM-NISSAN-VANS-BULB-BRAKE-BULB-SINGLE-FILAMENT,"Nissan vans - BULB (Brake bulb, single filament)",Electrical System,PCS,Vehicle applicability: Nissan vans; System category: Electrical System; Source item group: Auto Parts; Source unit: PC,1,1,1,0
,ASM-NISSAN-VANS-TURN-SIGNAL-SWITCH,Nissan vans - Turn signal switch,Electrical System,PCS,Vehicle applicability: Nissan vans; System category: Electrical System; Source item group: Auto Parts; Source unit: PC,1,1,1,0
,ASM-NISSAN-VANS-BODY-COMB-SW-SPIRAL-CABLE,Nissan vans - BODY-COMB SW (Spiral cable),Electrical System,PCS,Vehicle applicability: Nissan vans; System category: Electrical System; Source item group: Auto Parts; Source unit: PC,1,1,1,0
,ASM-NISSAN-VANS-FUSE-MINI-10A,Nissan vans - Fuse-mini 10A,Electrical System,PCS,Vehicle applicability: Nissan vans; System category: Electrical System; Source item group: Auto Parts; Source unit: PC,1,1,1,0
,ASM-NISSAN-VANS-FUSE-MINI-15AM,Nissan vans - Fuse-mini 15AM,Electrical System,PCS,Vehicle applicability: Nissan vans; System category: Electrical System; Source item group: Auto Parts; Source unit: PC,1,1,1,0
,ASM-NISSAN-VANS-FUSE-MINI,Nissan vans - Fuse-mini,Electrical System,PCS,Vehicle applicability: Nissan vans; System category: Electrical System; Source item group: Auto Parts; Source unit: PC,1,1,1,0
,ASM-NISSAN-VANS-ALTERNATOR-ASSY,Nissan vans - ALTERNATOR ASSY,Electrical System,PCS,Vehicle applicability: Nissan vans; System category: Electrical System; Source item group: Auto Parts; Source unit: PC,1,1,1,0
,ASM-NISSAN-VANS-LAMP-ASSY-FOG-L,Nissan vans - LAMP ASSY-FOG L,Electrical System,PCS,Vehicle applicability: Nissan vans; System category: Electrical System; Source item group: Auto Parts; Source unit: PC,1,1,1,0
,ASM-NISSAN-VANS-LAMP-ASSY-FOG-R,"Nissan vans - LAMP ASSY-FOG,R",Electrical System,PCS,Vehicle applicability: Nissan vans; System category: Electrical System; Source item group: Auto Parts; Source unit: PC,1,1,1,0
,ASM-NISSAN-VANS-BULB-FOG-LAMP,Nissan vans - Bulb-fog Lamp,Electrical System,Set,Vehicle applicability: Nissan vans; System category: Electrical System; Source item group: Auto Parts; Source unit: Set,1,1,1,0
,ASM-NISSAN-VANS-SW-AUTO-POWER-W-POWER-WINDOW-SWITCH-MAIN,"Nissan vans - SW-AUTO-POWER-W (Power window switch, main)",Electrical System,PCS,Vehicle applicability: Nissan vans; System category: Electrical System; Source item group: Auto Parts; Source unit: PC,1,1,1,0
,ASM-NISSAN-VANS-SW-ASSY-P-WINDW-POWER-WINDOW-SWITCH-CO-DRIVER-S-DOOR,"Nissan vans - SW ASSY-P/WINDW (Power window switch, co- driver's door)",Electrical System,PCS,Vehicle applicability: Nissan vans; System category: Electrical System; Source item group: Auto Parts; Source unit: PC,1,1,1,0
,ASM-NISSAN-VANS-REGULATOR-ASSY-DRIVER-S-DOOR-REGULATOR,Nissan vans - Regulator Assy- (Driver's door regulator),Electrical System,PCS,Vehicle applicability: Nissan vans; System category: Electrical System; Source item group: Auto Parts; Source unit: PC,1,1,1,0
,ASM-NISSAN-VANS-REGULATOR-DOOR-CO-DRIVER-S-DOOR-REGULATOR,Nissan vans - REGULATOR-DOOR (Co-driver's door regulator),Electrical System,PCS,Vehicle applicability: Nissan vans; System category: Electrical System; Source item group: Auto Parts; Source unit: PC,1,1,1,0
,ASM-NISSAN-VANS-DOOR-REGULATOR-WINDOW-REGULATOR-REAR-DOOR,"Nissan vans - Door regulator (Window regulator, rear door)",Electrical System,PCS,Vehicle applicability: Nissan vans; System category: Electrical System; Source item group: Auto Parts; Source unit: PC,1,1,1,0
,ASM-NISSAN-VANS-STARTER-MOTOR,Nissan vans - Starter Motor,Electrical System,PCS,Vehicle applicability: Nissan vans; System category: Electrical System; Source item group: Auto Parts; Source unit: PC,1,1,1,0
,ASM-NISSAN-VANS-LAMP-ASSY-RR-TAIL-LAMP-RHS,Nissan vans - Lamp Assy Rr.** (Tail lamp RHS),Electrical System,PCS,Vehicle applicability: Nissan vans; System category: Electrical System; Source item group: Auto Parts; Source unit: PC,1,1,1,0
,ASM-NISSAN-VANS-LAMP-ASSY-RR-TAIL-LAMP-LHS,Nissan vans - Lamp Assy Rr.** (Tail lamp LHS),Electrical System,PCS,Vehicle applicability: Nissan vans; System category: Electrical System; Source item group: Auto Parts; Source unit: PC,1,1,1,0
,ASM-NISSAN-VANS-70-AMP-MAINTENANCE-FREE-BATTERY,Nissan vans - 70 Amp Maintenance free battery,Electrical System,PCS,Vehicle applicability: Nissan vans; System category: Electrical System; Source item group: Auto Parts; Source unit: PC,1,1,1,0
,ASM-NISSAN-VANS-RADIO,Nissan vans - Radio,Electrical System,PCS,Vehicle applicability: Nissan vans; System category: Electrical System; Source item group: Auto Parts; Source unit: PC,1,1,1,0
,ASM-NISSAN-VANS-MIRROR-ASSY-DR-SIDE-MIRROR-COMPLETE,"Nissan vans - Mirror Assy DR (Side mirror, complete)",Electrical System,PCS,Vehicle applicability: Nissan vans; System category: Electrical System; Source item group: Auto Parts; Source unit: PC,1,1,1,0
,ASM-NISSAN-VANS-GLASS-FR-WIND-WINDSCREEN,Nissan vans - GLASS-FR WIND (Windscreen),Electrical System,PCS,Vehicle applicability: Nissan vans; System category: Electrical System; Source item group: Auto Parts; Source unit: PC,1,1,1,0
,ASM-NISSAN-VANS-RUBBER-SEALANT,Nissan vans - Rubber Sealant,Electrical System,PCS,Vehicle applicability: Nissan vans; System category: Electrical System; Source item group: Auto Parts; Source unit: PC,1,1,1,0
,ASM-NISSAN-VANS-MLDG-WS-UPPER-UPPER-WINDSCREEN-MOLDING,Nissan vans - MLDG WS UPPER (Upper windscreen molding),Electrical System,PCS,Vehicle applicability: Nissan vans; System category: Electrical System; Source item group: Auto Parts; Source unit: PC,1,1,1,0
,ASM-NISSAN-VANS-RUBBER-DUMDUM-RUBBER,Nissan vans - RUBBER-DUMDum rubber,Electrical System,PCS,Vehicle applicability: Nissan vans; System category: Electrical System; Source item group: Auto Parts; Source unit: PC,1,1,1,0
,ASM-NISSAN-VANS-MUD-FLAP-FRONT,Nissan vans - MUD FLAP-FRONT,Electrical System,PCS,Vehicle applicability: Nissan vans; System category: Electrical System; Source item group: Auto Parts; Source unit: PC,1,1,1,0
,ASM-NISSAN-VANS-MUD-GUARD-RR-RH,Nissan vans - MUD GUARD-RR RH,Electrical System,PCS,Vehicle applicability: Nissan vans; System category: Electrical System; Source item group: Auto Parts; Source unit: PC,1,1,1,0
,ASM-NISSAN-VANS-MUD-GUARD-RR-LH,Nissan vans - MUD GUARD-RR LH,Electrical System,PCS,Vehicle applicability: Nissan vans; System category: Electrical System; Source item group: Auto Parts; Source unit: PC,1,1,1,0
,ASM-NISSAN-VANS-GLASS-FR-DR-LH,Nissan vans - GLASS FR DR LH,Electrical System,PCS,Vehicle applicability: Nissan vans; System category: Electrical System; Source item group: Auto Parts; Source unit: PC,1,1,1,0
,ASM-NISSAN-VANS-GLASS-FR-DR-RH,Nissan vans - GLASS FR DR RH,Electrical System,PCS,Vehicle applicability: Nissan vans; System category: Electrical System; Source item group: Auto Parts; Source unit: PC,1,1,1,0
,ASM-NISSAN-VANS-GRILLE-RADIATOR,Nissan vans - GRILLE-RADIATOR,Electrical System,PCS,Vehicle applicability: Nissan vans; System category: Electrical System; Source item group: Auto Parts; Source unit: PC,1,1,1,0
,ASM-NISSAN-VANS-WINDOW-GLASS,Nissan vans - WINDOW GLASS,Electrical System,PCS,Vehicle applicability: Nissan vans; System category: Electrical System; Source item group: Auto Parts; Source unit: PC,1,1,1,0
,ASM-NISSAN-VANS-ASSY-FR-DOOR-OUTS-OUTER-DOOR-HANDLE-DRIVER-S-DOOR,"Nissan vans - Assy- Fr Door outs (Outer door handle, driver's door)",Electrical System,PCS,Vehicle applicability: Nissan vans; System category: Electrical System; Source item group: Auto Parts; Source unit: PC,1,1,1,0
,ASM-NISSAN-VANS-HANDLE-ASSY-FR-OUTER-DOOR-HANDLE-CO-DRIVER-S-DOOR,"Nissan vans - HANDLE ASSY-FR (Outer door handle, co- driver's door)",Electrical System,PCS,Vehicle applicability: Nissan vans; System category: Electrical System; Source item group: Auto Parts; Source unit: PC,1,1,1,0
,ASM-NISSAN-VANS-ASY-FR-DR-INS-L-INNER-DOOR-HANDLE-LH,"Nissan vans - ASY FR DR INS L (Inner door handle, LH)",Electrical System,PCS,Vehicle applicability: Nissan vans; System category: Electrical System; Source item group: Auto Parts; Source unit: PC,1,1,1,0
,ASM-NISSAN-VANS-ASY-FR-DR-INS-R-INNER-DOOR-HANDE-RH,"Nissan vans - ASY FR DR INS R (Inner door hande, RH)",Electrical System,PCS,Vehicle applicability: Nissan vans; System category: Electrical System; Source item group: Auto Parts; Source unit: PC,1,1,1,0
,ASM-NISSAN-VANS-ANTENNA,Nissan vans - Antenna,Electrical System,PCS,Vehicle applicability: Nissan vans; System category: Electrical System; Source item group: Auto Parts; Source unit: PC,1,1,1,0
,ASM-NISSAN-VANS-LOCK-ASSY-FR-DO-DOOR-LOCK,Nissan vans - LOCK ASSY-FR DO (door lock),Electrical System,PCS,Vehicle applicability: Nissan vans; System category: Electrical System; Source item group: Auto Parts; Source unit: PC,1,1,1,0
,ASM-NISSAN-VANS-VAD-D22-FRT-MOULDED-BMPR-FRONT-BUMPER,Nissan vans - VAD D22 FRT MOULDED BMPR (Front bumper),Electrical System,PCS,Vehicle applicability: Nissan vans; System category: Electrical System; Source item group: Auto Parts; Source unit: PC,1,1,1,0
,ASM-NISSAN-VANS-REINF-ASSY-FRNT-FRONT-REINFORCEMENT-BUMPER,Nissan vans - Reinf assy frnt (Front reinforcement bumper),Electrical System,PCS,Vehicle applicability: Nissan vans; System category: Electrical System; Source item group: Auto Parts; Source unit: PC,1,1,1,0
,ASM-NISSAN-VANS-BUMPER-REAR-REAR-BUMPER,Nissan vans - BUMPER-REAR (Rear bumper),Electrical System,PCS,Vehicle applicability: Nissan vans; System category: Electrical System; Source item group: Auto Parts; Source unit: PC,1,1,1,0
,ASM-NISSAN-VANS-CABLE-COMPL-HOO-BONNET-CABLE,Nissan vans - CABLE COMPL HOO (Bonnet cable),Electrical System,PCS,Vehicle applicability: Nissan vans; System category: Electrical System; Source item group: Auto Parts; Source unit: PC,1,1,1,0
,ASM-NISSAN-VANS-REFLECTOR-PAIR,"Nissan vans - Reflector, pair",Electrical System,Set,Vehicle applicability: Nissan vans; System category: Electrical System; Source item group: Auto Parts; Source unit: Set,1,1,1,0
,ASM-NISSAN-VANS-MIR-ASSY-INSIDE-DRIVING-MIRROR,Nissan vans - MIR ASSY INSIDE (Driving mirror),Electrical System,PCS,Vehicle applicability: Nissan vans; System category: Electrical System; Source item group: Auto Parts; Source unit: PC,1,1,1,0
,ASM-NISSAN-VANS-SUNVISOR-LH,Nissan vans - SUNVISOR LH,Electrical System,PCS,Vehicle applicability: Nissan vans; System category: Electrical System; Source item group: Auto Parts; Source unit: PC,1,1,1,0
,ASM-NISSAN-VANS-SUNVISOR-RH,Nissan vans - SUNVISOR RH,Electrical System,PCS,Vehicle applicability: Nissan vans; System category: Electrical System; Source item group: Auto Parts; Source unit: PC,1,1,1,0
,ASM-NISSAN-VANS-JACK-COMPL-JACK,Nissan vans - JACK COMPL (Jack),Electrical System,PCS,Vehicle applicability: Nissan vans; System category: Electrical System; Source item group: Auto Parts; Source unit: PC,1,1,1,0
,ASM-NISSAN-VANS-ROD-ASSY-JACK-JACK-HANDLE,Nissan vans - ROD ASSY JACK (Jack handle),Electrical System,PCS,Vehicle applicability: Nissan vans; System category: Electrical System; Source item group: Auto Parts; Source unit: PC,1,1,1,0
,ASM-NISSAN-VANS-WARNING-TRIANGLE,Nissan vans - Warning triangle,Electrical System,Set,Vehicle applicability: Nissan vans; System category: Electrical System; Source item group: Auto Parts; Source unit: Set,1,1,1,0
,ASM-NISSAN-VANS-LAMP-STOP,Nissan vans - LAMP STOP,Electrical System,PCS,Vehicle applicability: Nissan vans; System category: Electrical System; Source item group: Auto Parts; Source unit: PC,1,1,1,0
,ASM-NISSAN-VANS-CARPET-FLOOR-COVERING,Nissan vans - Carpet Floor Covering,Electrical System,Set,Vehicle applicability: Nissan vans; System category: Electrical System; Source item group: Auto Parts; Source unit: Set,1,1,1,0
,ASM-NISSAN-VANS-SEAT-COVERS-E26,Nissan vans - SEAT COVERS E26,Electrical System,Set,Vehicle applicability: Nissan vans; System category: Electrical System; Source item group: Auto Parts; Source unit: Set,1,1,1,0
,ASM-NISSAN-VANS-LOWER-DOOR-BEARING-ROLLER-A-S-DOOR,Nissan vans - LOWER DOOR BEARING(ROLLER A/S DOOR),Electrical System,PCS,Vehicle applicability: Nissan vans; System category: Electrical System; Source item group: Auto Parts; Source unit: PC,1,1,1,0
,ASM-NISSAN-VANS-DOOR-HINGE1,Nissan vans - DOOR HINGE1,Electrical System,PCS,Vehicle applicability: Nissan vans; System category: Electrical System; Source item group: Auto Parts; Source unit: PC,1,1,1,0
,ASM-NISSAN-VANS-TAIL-GATE,Nissan vans - TAIL GATE,Electrical System,PCS,Vehicle applicability: Nissan vans; System category: Electrical System; Source item group: Auto Parts; Source unit: PC,1,1,1,0
,ASM-NISSAN-VANS-BACK-DOOR-LOCK-AND-HANDLE,Nissan vans - BACK DOOR LOCK & HANDLE,Electrical System,PCS,Vehicle applicability: Nissan vans; System category: Electrical System; Source item group: Auto Parts; Source unit: PC,1,1,1,0
,ASM-NISSAN-VANS-DOOR-LOCK-ACTUATOR,Nissan vans - DOOR LOCK ACTUATOR,Electrical System,PCS,Vehicle applicability: Nissan vans; System category: Electrical System; Source item group: Auto Parts; Source unit: PC,1,1,1,0
,ASM-NISSAN-VANS-LOCK-AND-REMOTE-CONTROL,Nissan vans - LOCK & REMOTE CONTROL,Electrical System,PCS,Vehicle applicability: Nissan vans; System category: Electrical System; Source item group: Auto Parts; Source unit: PC,1,1,1,0
,ASM-NISSAN-VANS-ROLLER-ASSY-LH,Nissan vans - ROLLER ASSY LH,Electrical System,PCS,Vehicle applicability: Nissan vans; System category: Electrical System; Source item group: Auto Parts; Source unit: PC,1,1,1,0
,ASM-NISSAN-VANS-ROLLER,Nissan vans - ROLLER,Electrical System,PCS,Vehicle applicability: Nissan vans; System category: Electrical System; Source item group: Auto Parts; Source unit: PC,1,1,1,0
,ASM-NISSAN-VANS-ROLLER-A-S-DOOR,Nissan vans - ROLLER A S/DOOR,Electrical System,PCS,Vehicle applicability: Nissan vans; System category: Electrical System; Source item group: Auto Parts; Source unit: PC,1,1,1,0
,ASM-NISSAN-VANS-INSUL-BODY-MTG-MIDDLE-CABIN-MOUNTINGS,Nissan vans - INSUL BODY MTG (middle cabin mountings),Other Miscellaneous Parts,Set,Vehicle applicability: Nissan vans; System category: Other Miscellaneous Parts; Source item group: Auto Parts; Source unit: Set,1,1,1,0
,ASM-NISSAN-VANS-INSULATOR-3RD-FRONT-BODY-MOUNTINGS,Nissan vans - INSULATOR-3RD (Front body mountings),Other Miscellaneous Parts,Set,Vehicle applicability: Nissan vans; System category: Other Miscellaneous Parts; Source item group: Auto Parts; Source unit: Set,1,1,1,0
,ASM-NISSAN-VANS-RUB-BODY-MTG-4T-REAR-BODY-MOUNTINGS,Nissan vans - RUB-BODY MTG 4T (Rear body mountings),Other Miscellaneous Parts,Set,Vehicle applicability: Nissan vans; System category: Other Miscellaneous Parts; Source item group: Auto Parts; Source unit: Set,1,1,1,0
,ASM-NISSAN-VANS-MALE-ASSY-HOOD-BONNET-LOCK,Nissan vans - MALE ASSY-HOOD (Bonnet lock),Other Miscellaneous Parts,PCS,Vehicle applicability: Nissan vans; System category: Other Miscellaneous Parts; Source item group: Auto Parts; Source unit: PC,1,1,1,0
,ASM-NISSAN-VANS-RUB-BMPR-HOOD-FRONT-BONNET-RUBBERS,Nissan vans - RUB BMPR HOOD (Front bonnet rubbers),Other Miscellaneous Parts,PCS,Vehicle applicability: Nissan vans; System category: Other Miscellaneous Parts; Source item group: Auto Parts; Source unit: PC,1,1,1,0
,ASM-NISSAN-VANS-BMPR-HOODLEDGE-BONNET-SIDE-RUBBERS,Nissan vans - BMPR HOODLEDGE (Bonnet side rubbers),Other Miscellaneous Parts,PCS,Vehicle applicability: Nissan vans; System category: Other Miscellaneous Parts; Source item group: Auto Parts; Source unit: PC,1,1,1,0
,ASM-NISSAN-VANS-PANEL-ASSY-INST-BONNET,Nissan vans - Panel assy-inst (Bonnet),Other Miscellaneous Parts,PCS,Vehicle applicability: Nissan vans; System category: Other Miscellaneous Parts; Source item group: Auto Parts; Source unit: PC,1,1,1,0
,ASM-NISSAN-VANS-FLOOR-MATS-RUBBER,"Nissan vans - Floor mats, rubber",Other Miscellaneous Parts,Set,Vehicle applicability: Nissan vans; System category: Other Miscellaneous Parts; Source item group: Auto Parts; Source unit: Set,1,1,1,0
,ASM-NISSAN-VANS-CHECK-LINK-FR-D-SEAL,Nissan vans - CHECK LINK FR D (Seal),Other Miscellaneous Parts,PCS,Vehicle applicability: Nissan vans; System category: Other Miscellaneous Parts; Source item group: Auto Parts; Source unit: PC,1,1,1,0
,ASM-NISSAN-VANS-HORN-ASSY-LOW-TONE-HORN,Nissan vans - HORN ASSY (Low tone horn),Other Miscellaneous Parts,PCS,Vehicle applicability: Nissan vans; System category: Other Miscellaneous Parts; Source item group: Auto Parts; Source unit: PC,1,1,1,0
,ASM-NISSAN-VANS-HORN-ASSY-HIGH-HIGH-TONE-HORN,Nissan vans - HORN ASSY-HIGH (High tone horn),Other Miscellaneous Parts,PCS,Vehicle applicability: Nissan vans; System category: Other Miscellaneous Parts; Source item group: Auto Parts; Source unit: PC,1,1,1,0
,ASM-NISSAN-VANS-BASE-FLAT-GASKET,Nissan vans - Base (Flat gasket),Other Miscellaneous Parts,PCS,Vehicle applicability: Nissan vans; System category: Other Miscellaneous Parts; Source item group: Auto Parts; Source unit: PC,1,1,1,0
,ASM-NISSAN-VANS-VAD-ROLL-BAR-D-CENTRAL-LOCK-SWITCH,Nissan vans - VAD Roll Bar D/ (Central lock switch),Other Miscellaneous Parts,PCS,Vehicle applicability: Nissan vans; System category: Other Miscellaneous Parts; Source item group: Auto Parts; Source unit: PC,1,1,1,0
,ASM-NISSAN-VANS-FIRST-AID-KIT,Nissan vans - First aid kit,Other Miscellaneous Parts,PCS,Vehicle applicability: Nissan vans; System category: Other Miscellaneous Parts; Source item group: Auto Parts; Source unit: PC,1,1,1,0
,ASM-NISSAN-VANS-VAD-CMPL-SLIDE-SIDE-STEP-RH,Nissan vans - VAD CMPL-SLIDE (Side step RH),Other Miscellaneous Parts,PCS,Vehicle applicability: Nissan vans; System category: Other Miscellaneous Parts; Source item group: Auto Parts; Source unit: PC,1,1,1,0
,ASM-NISSAN-VANS-VAD-CMPL-SLIDE-SIDE-STEP-LH,Nissan vans - VAD CMPL-SLIDE (Side step LH),Other Miscellaneous Parts,PCS,Vehicle applicability: Nissan vans; System category: Other Miscellaneous Parts; Source item group: Auto Parts; Source unit: PC,1,1,1,0
,ASM-NISSAN-VANS-BOLT-STOP-STOPPER-BOLT,Nissan vans - BOLT STOP (Stopper bolt),Other Miscellaneous Parts,PCS,Vehicle applicability: Nissan vans; System category: Other Miscellaneous Parts; Source item group: Auto Parts; Source unit: PC,1,1,1,0
,ASM-NISSAN-VANS-CAP-BOLT-STRG-S,Nissan vans - Cap-bolt STRG S,Other Miscellaneous Parts,PCS,Vehicle applicability: Nissan vans; System category: Other Miscellaneous Parts; Source item group: Auto Parts; Source unit: PC,1,1,1,0
,ASM-NISSAN-VANS-FIRE-EXTINGUISHER,Nissan vans - Fire Extinguisher,Other Miscellaneous Parts,PCS,Vehicle applicability: Nissan vans; System category: Other Miscellaneous Parts; Source item group: Auto Parts; Source unit: PC,1,1,1,0
,ASM-NISSAN-VANS-ENGINE-OIL-DIESEL-ENGINE-OIL,Nissan vans - Engine oil (Diesel engine oil),Services,Litre,Vehicle applicability: Nissan vans; System category: Service; Source item group: Auto Parts; Source unit: Litre,1,1,1,0
,ASM-NISSAN-VANS-BRAKE-FLUID,Nissan vans - Brake fluid,Services,0.25L,Vehicle applicability: Nissan vans; System category: Service; Source item group: Auto Parts; Source unit: 0.25L,1,1,1,0
,ASM-NISSAN-VANS-TRANSMISSION-OIL-GL4-75-W85,Nissan vans - Transmission oil GL4 75-W85,Services,Litre,Vehicle applicability: Nissan vans; System category: Service; Source item group: Auto Parts; Source unit: Litre,1,1,1,0
,ASM-NISSAN-VANS-COOLANT-TOTAL,Nissan vans - Coolant Total,Services,Litre,Vehicle applicability: Nissan vans; System category: Service; Source item group: Auto Parts; Source unit: Litre,1,1,1,0
,ASM-NISSAN-VANS-ATF-FLUIDMATIC-D2-1L,Nissan vans - ATF FLUIDMATIC D2 1L,Services,Litre,Vehicle applicability: Nissan vans; System category: Service; Source item group: Auto Parts; Source unit: Litre,1,1,1,0
,ASM-NISSAN-VANS-SUNDRY,Nissan vans - SUNDRY,Services,Lump Sum,Vehicle applicability: Nissan vans; System category: Service; Source item group: Auto Parts; Source unit: Lump,1,1,1,0
,ASM-NISSAN-VANS-FILTER-ASSY-OIL,Nissan vans - FILTER ASSY-OIL,Services,PCS,Vehicle applicability: Nissan vans; System category: Service; Source item group: Auto Parts; Source unit: PC,1,1,1,0
,ASM-NISSAN-VANS-FILTER-ASSY-FUE,Nissan vans - FILTER ASSY-FUE,Services,PCS,Vehicle applicability: Nissan vans; System category: Service; Source item group: Auto Parts; Source unit: PC,1,1,1,0
,ASM-NISSAN-VANS-FUEL-STRAINER,Nissan vans - Fuel strainer,Services,PCS,Vehicle applicability: Nissan vans; System category: Service; Source item group: Auto Parts; Source unit: PC,1,1,1,0
,ASM-NISSAN-VANS-ELEMENT-ASSY-AIR-CLEANER,Nissan vans - ELEMENT ASSY(AIR CLEANER),Services,PCS,Vehicle applicability: Nissan vans; System category: Service; Source item group: Auto Parts; Source unit: PC,1,1,1,0
,ASM-NISSAN-VANS-GEAR-OIL-HYPOID-1L-75-W90,Nissan vans - GEAR OIL-HYPOID 1L 75-W90,Services,Litre,Vehicle applicability: Nissan vans; System category: Service; Source item group: Auto Parts; Source unit: Litre,1,1,1,0
,ASM-NISSAN-VANS-DETRON-6,Nissan vans - DETRON 6,Services,PCS,Vehicle applicability: Nissan vans; System category: Service; Source item group: Auto Parts; Source unit: PC,1,1,1,0
