name,item_code,price_list,price_list_rate,uom,currency,selling,buying,note,reference
,ASM-NISSAN-VEHICLES-YD25-ENGINE-PAD-KIT-DISC-BRAKE-PADS-FRONT,Standard Selling,739947.00,PCS,UGX,1,0,Source VAT: 133191.00; source inclusive: 873138.00; arithmetic delta: 0.00,docs/item details.csv
,ASM-NISSAN-VEHICLES-YD25-ENGINE-SHOE-SET-REAR-BRAKE-SHOES,Standard Selling,696803.00,PCS,UGX,1,0,Source VAT: 125424.00; source inclusive: 822227.00; arithmetic delta: 0.00,docs/item details.csv
,ASM-NISSAN-VEHICLES-YD25-ENGINE-BOOSTER-ASSY-MA-BRAKE-BOOSTER,Standard Selling,5998438.00,PCS,UGX,1,0,Source VAT: 1079719.00; source inclusive: 7078157.00; arithmetic delta: 0.00,docs/item details.csv
,ASM-NISSAN-VEHICLES-YD25-ENGINE-ROTOR-DISC-BRAK-FRONT-ROTOR-DISCS,Standard Selling,2096333.00,Set,UGX,1,0,Source VAT: 377340.00; source inclusive: 2473673.00; arithmetic delta: 0.00,docs/item details.csv
,ASM-NISSAN-VEHICLES-YD25-ENGINE-DISC-SKIMMING,Standard Selling,247419.00,Set,UGX,1,0,Source VAT: 44535.00; source inclusive: 291955.00; arithmetic delta: -1.00,docs/item details.csv
,ASM-NISSAN-VEHICLES-YD25-ENGINE-DRUM-4X4-AND-HI-BRAKE-DRUM,Standard Selling,2565527.00,PCS,UGX,1,0,Source VAT: 461795.00; source inclusive: 3027322.00; arithmetic delta: 0.00,docs/item details.csv
,ASM-NISSAN-VEHICLES-YD25-ENGINE-DRUM-SKIMMING,Standard Selling,247419.00,Set,UGX,1,0,Source VAT: 44535.00; source inclusive: 291955.00; arithmetic delta: -1.00,docs/item details.csv
,ASM-NISSAN-VEHICLES-YD25-ENGINE-BOLT-PIN-CALIPPER-BOLTS,Standard Selling,223337.00,Set,UGX,1,0,Source VAT: 40201.00; source inclusive: 263537.00; arithmetic delta: 1.00,docs/item details.csv
,ASM-NISSAN-VEHICLES-YD25-ENGINE-CYL-ASSY-CLUTCH,Standard Selling,421103.00,PCS,UGX,1,0,Source VAT: 75799.00; source inclusive: 496902.00; arithmetic delta: 0.00,docs/item details.csv
,ASM-NISSAN-VEHICLES-YD25-ENGINE-CYL-ASSY-CLUTCH-2,Standard Selling,818545.00,PCS,UGX,1,0,Source VAT: 147338.00; source inclusive: 965883.00; arithmetic delta: 0.00,docs/item details.csv
,ASM-NISSAN-VEHICLES-YD25-ENGINE-CALIPER-ASSY-BR-BRAKE-CALIPER,Standard Selling,2925148.00,PCS,UGX,1,0,Source VAT: 526527.00; source inclusive: 3451674.00; arithmetic delta: 1.00,docs/item details.csv
,ASM-NISSAN-VEHICLES-YD25-ENGINE-CABLE-COMPL-P-HAND-BRAKE-CABLE-SHORT,Standard Selling,1141729.00,PCS,UGX,1,0,Source VAT: 205511.00; source inclusive: 1347240.00; arithmetic delta: 0.00,docs/item details.csv
,ASM-NISSAN-VEHICLES-YD25-ENGINE-DVC-ASSY-PKB-C-HANDBRAKE-CABLE-LONG,Standard Selling,1108995.00,PCS,UGX,1,0,Source VAT: 199619.00; source inclusive: 1308614.00; arithmetic delta: 0.00,docs/item details.csv
,ASM-NISSAN-VEHICLES-YD25-ENGINE-PACK-BRAKE-SHIMS,Standard Selling,172085.00,PCS,UGX,1,0,Source VAT: 30975.00; source inclusive: 203060.00; arithmetic delta: 0.00,docs/item details.csv
,ASM-NISSAN-VEHICLES-YD25-ENGINE-SPACER-VACUUM-BOOST-BRAKE-SERVO-BOLT,Standard Selling,45341.00,PCS,UGX,1,0,Source VAT: 8161.00; source inclusive: 53502.00; arithmetic delta: 0.00,docs/item details.csv
,ASM-NISSAN-VEHICLES-YD25-ENGINE-BRAKE-PAD-PLATES,Standard Selling,828104.00,Set,UGX,1,0,Source VAT: 149059.00; source inclusive: 977163.00; arithmetic delta: 0.00,docs/item details.csv
,ASM-NISSAN-VEHICLES-YD25-ENGINE-ABS-SENSOR,Standard Selling,3416207.00,PCS,UGX,1,0,Source VAT: 614917.00; source inclusive: 4031125.00; arithmetic delta: -1.00,docs/item details.csv
,ASM-NISSAN-VEHICLES-YD25-ENGINE-DRIVE-SHAFT-BOOT,Standard Selling,679006.00,PCS,UGX,1,0,Source VAT: 122221.00; source inclusive: 801227.00; arithmetic delta: 0.00,docs/item details.csv
,ASM-NISSAN-VEHICLES-YD25-ENGINE-SEAL-HUB-FRONT-FRONT-GREASE-SEALS,Standard Selling,171748.00,Set,UGX,1,0,Source VAT: 30915.00; source inclusive: 202663.00; arithmetic delta: 0.00,docs/item details.csv
,ASM-NISSAN-VEHICLES-YD25-ENGINE-BEARING-ASSY-FR-WHEEL-BEARINGS-INNER,Standard Selling,523363.00,Set,UGX,1,0,Source VAT: 94205.00; source inclusive: 617569.00; arithmetic delta: -1.00,docs/item details.csv
,ASM-NISSAN-VEHICLES-YD25-ENGINE-BEARING-KLM3008-WHEEL-BEARINGS-OUTER,Standard Selling,1165877.00,Set,UGX,1,0,Source VAT: 209858.00; source inclusive: 1375735.00; arithmetic delta: 0.00,docs/item details.csv
,ASM-NISSAN-VEHICLES-YD25-ENGINE-SHAFT-ASSY-FRON-DRIVE-SHAFT,Standard Selling,9026163.00,Set,UGX,1,0,Source VAT: 1624709.00; source inclusive: 10650873.00; arithmetic delta: -1.00,docs/item details.csv
,ASM-NISSAN-VEHICLES-YD25-ENGINE-ORNAMENT-ROAD-C-HUB-CAP,Standard Selling,207924.00,PCS,UGX,1,0,Source VAT: 37426.00; source inclusive: 245350.00; arithmetic delta: 0.00,docs/item details.csv
,ASM-NISSAN-VEHICLES-YD25-ENGINE-LEVER-COMPLETE-ACCELERATOR-PEDAL,Standard Selling,2997723.00,PCS,UGX,1,0,Source VAT: 539590.00; source inclusive: 3537313.00; arithmetic delta: 0.00,docs/item details.csv
,ASM-NISSAN-VEHICLES-YD25-ENGINE-CYL-ASSY-RR-WHE-WHEEL-CYLINDER,Standard Selling,1142421.00,Set,UGX,1,0,Source VAT: 205636.00; source inclusive: 1348056.00; arithmetic delta: 1.00,docs/item details.csv
,ASM-NISSAN-VEHICLES-YD25-ENGINE-NUT-WHEEL-LOCK-NUT,Standard Selling,146459.00,PCS,UGX,1,0,Source VAT: 26363.00; source inclusive: 172822.00; arithmetic delta: 0.00,docs/item details.csv
,ASM-NISSAN-VEHICLES-YD25-ENGINE-WASH-LOCK-WHEEL-WHEEL-HUB-WASHERS,Standard Selling,102727.00,PCS,UGX,1,0,Source VAT: 18491.00; source inclusive: 121218.00; arithmetic delta: 0.00,docs/item details.csv
,ASM-NISSAN-VEHICLES-YD25-ENGINE-SCR-TRUSS-HD-WHEEL-HUB-SCREW,Standard Selling,27010.00,Set,UGX,1,0,Source VAT: 4862.00; source inclusive: 31872.00; arithmetic delta: 0.00,docs/item details.csv
,ASM-NISSAN-VEHICLES-YD25-ENGINE-COMP-BRG-NEEDLE-WHEEL-HUB-LOCK-NUT,Standard Selling,211066.00,PCS,UGX,1,0,Source VAT: 37992.00; source inclusive: 249058.00; arithmetic delta: 0.00,docs/item details.csv
,ASM-NISSAN-VEHICLES-YD25-ENGINE-HUB-ASSY-AUTO-F-FREE-RUNNING-HUB,Standard Selling,5760063.00,Set,UGX,1,0,Source VAT: 1036811.00; source inclusive: 6796874.00; arithmetic delta: 0.00,docs/item details.csv
,ASM-NISSAN-VEHICLES-YD25-ENGINE-BELT-ALTNTR,Standard Selling,419844.00,PCS,UGX,1,0,Source VAT: 75572.00; source inclusive: 495416.00; arithmetic delta: 0.00,docs/item details.csv
,ASM-NISSAN-VEHICLES-YD25-ENGINE-BELT-COMPRESSOR,Standard Selling,105608.00,PCS,UGX,1,0,Source VAT: 19009.00; source inclusive: 124617.00; arithmetic delta: 0.00,docs/item details.csv
,ASM-NISSAN-VEHICLES-YD25-ENGINE-BELT-POWER-STEE,Standard Selling,84565.00,PCS,UGX,1,0,Source VAT: 15222.00; source inclusive: 99787.00; arithmetic delta: 0.00,docs/item details.csv
,ASM-NISSAN-VEHICLES-YD25-ENGINE-GUIDE-CHAIN-TEN-GUIDE-CHAIN-TENSIONER-SMALL,Standard Selling,49998.00,PCS,UGX,1,0,Source VAT: 9000.00; source inclusive: 58998.00; arithmetic delta: 0.00,docs/item details.csv
,ASM-NISSAN-VEHICLES-YD25-ENGINE-GUIDE-CHAIN-TEN-GUIDE-CHAIN-TENSIONER-BIG,Standard Selling,79739.00,PCS,UGX,1,0,Source VAT: 14353.00; source inclusive: 94092.00; arithmetic delta: 0.00,docs/item details.csv
,ASM-NISSAN-VEHICLES-YD25-ENGINE-CHAIN-TIMING-CA-TIMING-CHAIN-LOOSE-END,Standard Selling,735589.00,PCS,UGX,1,0,Source VAT: 132406.00; source inclusive: 867995.00; arithmetic delta: 0.00,docs/item details.csv
,ASM-NISSAN-VEHICLES-YD25-ENGINE-CHAIN-TIMING-CA-TIMING-CHAIN-TENSION-END,Standard Selling,559277.00,PCS,UGX,1,0,Source VAT: 100670.00; source inclusive: 659946.00; arithmetic delta: 1.00,docs/item details.csv
,ASM-NISSAN-VEHICLES-YD25-ENGINE-TENSION-CHAIN,Standard Selling,428118.00,PCS,UGX,1,0,Source VAT: 77061.00; source inclusive: 505179.00; arithmetic delta: 0.00,docs/item details.csv
,ASM-NISSAN-VEHICLES-YD25-ENGINE-SEAL-OIL-CRANKS-CRANKSHAFT-OIL-SEAL-FRONT,Standard Selling,128091.00,PCS,UGX,1,0,Source VAT: 23056.00; source inclusive: 151148.00; arithmetic delta: -1.00,docs/item details.csv
,ASM-NISSAN-VEHICLES-YD25-ENGINE-SEAL-OIL-CRANKS-CRANKSHAFT-OIL-SEAL-REAR,Standard Selling,221129.00,PCS,UGX,1,0,Source VAT: 39803.00; source inclusive: 260933.00; arithmetic delta: -1.00,docs/item details.csv
,ASM-NISSAN-VEHICLES-YD25-ENGINE-HEAD-CYLINDER-CYLINDER-HEAD,Standard Selling,8376766.00,PCS,UGX,1,0,Source VAT: 1507818.00; source inclusive: 9884584.00; arithmetic delta: 0.00,docs/item details.csv
,ASM-NISSAN-VEHICLES-YD25-ENGINE-CYLINDER-HEAD-REFACING,Standard Selling,1385548.00,PCS,UGX,1,0,Source VAT: 249399.00; source inclusive: 1634947.00; arithmetic delta: 0.00,docs/item details.csv
,ASM-NISSAN-VEHICLES-YD25-ENGINE-GASKET-CYLINDER-CYLINDE-HEAD-GASKET,Standard Selling,397067.00,PCS,UGX,1,0,Source VAT: 71472.00; source inclusive: 468539.00; arithmetic delta: 0.00,docs/item details.csv
,ASM-NISSAN-VEHICLES-YD25-ENGINE-GASKET-ROCKER-C-ROCKER-COVER-GASKET,Standard Selling,178594.00,PCS,UGX,1,0,Source VAT: 32147.00; source inclusive: 210741.00; arithmetic delta: 0.00,docs/item details.csv
,ASM-NISSAN-VEHICLES-YD25-ENGINE-INSULATOR-ENGIN-ENGINE-MOUNTING-REAR,Standard Selling,3414805.00,PCS,UGX,1,0,Source VAT: 614665.00; source inclusive: 4029469.00; arithmetic delta: 1.00,docs/item details.csv
,ASM-NISSAN-VEHICLES-YD25-ENGINE-INSULATOR-ENG-M-ENGINE-MOUNTING-FRONT,Standard Selling,763179.00,PCS,UGX,1,0,Source VAT: 137372.00; source inclusive: 900551.00; arithmetic delta: 0.00,docs/item details.csv
,ASM-NISSAN-VEHICLES-YD25-ENGINE-PLUG-DRAIN,Standard Selling,23475.00,PCS,UGX,1,0,Source VAT: 4225.00; source inclusive: 27700.00; arithmetic delta: 0.00,docs/item details.csv
,ASM-NISSAN-VEHICLES-YD25-ENGINE-ENGINE-BARE-COMPLETE-ENGINE-ASSY,Standard Selling,99984273.00,PCS,UGX,1,0,Source VAT: 17997169.00; source inclusive: 117981442.00; arithmetic delta: 0.00,docs/item details.csv
,ASM-NISSAN-VEHICLES-YD25-ENGINE-RING-SET-PISTON-PISTON-RINGS,Standard Selling,2175137.00,Set,UGX,1,0,Source VAT: 391525.00; source inclusive: 2566662.00; arithmetic delta: 0.00,docs/item details.csv
,ASM-NISSAN-VEHICLES-YD25-ENGINE-PISTON-WITH-PIN-PISTON,Standard Selling,5519817.00,Set,UGX,1,0,Source VAT: 993567.00; source inclusive: 6513384.00; arithmetic delta: 0.00,docs/item details.csv
,ASM-NISSAN-VEHICLES-YD25-ENGINE-BEARING-SET-MAIN-BEARINGS,Standard Selling,300737.00,Set,UGX,1,0,Source VAT: 54133.00; source inclusive: 354870.00; arithmetic delta: 0.00,docs/item details.csv
,ASM-NISSAN-VEHICLES-YD25-ENGINE-BUSHING-SET-CON-PIECE-BEARINGS,Standard Selling,125211.00,Set,UGX,1,0,Source VAT: 22538.00; source inclusive: 147749.00; arithmetic delta: 0.00,docs/item details.csv
,ASM-NISSAN-VEHICLES-YD25-ENGINE-BLOCK-SLEEVE,Standard Selling,1484516.00,Set,UGX,1,0,Source VAT: 267213.00; source inclusive: 1751729.00; arithmetic delta: 0.00,docs/item details.csv
,ASM-NISSAN-VEHICLES-YD25-ENGINE-GASKET-ENGINE-OVERHAUL-GASKET-KIT,Standard Selling,1518614.00,PCS,UGX,1,0,Source VAT: 273350.00; source inclusive: 1791964.00; arithmetic delta: 0.00,docs/item details.csv
,ASM-NISSAN-VEHICLES-YD25-ENGINE-ROD-COMP-CON-CONNECTING-RODS,Standard Selling,4178226.00,Set,UGX,1,0,Source VAT: 752081.00; source inclusive: 4930307.00; arithmetic delta: 0.00,docs/item details.csv
,ASM-NISSAN-VEHICLES-YD25-ENGINE-PUMP-INJECTION-INJECTOR-PUMP,Standard Selling,11788709.00,PCS,UGX,1,0,Source VAT: 2121968.00; source inclusive: 13910677.00; arithmetic delta: 0.00,docs/item details.csv
,ASM-NISSAN-VEHICLES-YD25-ENGINE-INJECTOR-PUMP-SERVICE,Standard Selling,9154516.00,PCS,UGX,1,0,Source VAT: 1647813.00; source inclusive: 10802329.00; arithmetic delta: 0.00,docs/item details.csv
,ASM-NISSAN-VEHICLES-YD25-ENGINE-FLUID-GASKET-SEALANT-TUBE,Standard Selling,620105.00,PCS,UGX,1,0,Source VAT: 111619.00; source inclusive: 731724.00; arithmetic delta: 0.00,docs/item details.csv
,ASM-NISSAN-VEHICLES-YD25-ENGINE-FAN-COOLING,Standard Selling,779171.00,PCS,UGX,1,0,Source VAT: 140251.00; source inclusive: 919422.00; arithmetic delta: 0.00,docs/item details.csv
,ASM-NISSAN-VEHICLES-YD25-ENGINE-CANSHAFT-PULLEY,Standard Selling,534689.00,PCS,UGX,1,0,Source VAT: 96244.00; source inclusive: 630933.00; arithmetic delta: 0.00,docs/item details.csv
,ASM-NISSAN-VEHICLES-YD25-ENGINE-CRANKSHAFT-PULLEY,Standard Selling,1083983.00,PCS,UGX,1,0,Source VAT: 195117.00; source inclusive: 1279100.00; arithmetic delta: 0.00,docs/item details.csv
,ASM-NISSAN-VEHICLES-YD25-ENGINE-FAN-ASSY-COND-AC-FAN-SHROUD,Standard Selling,306293.00,PCS,UGX,1,0,Source VAT: 55133.00; source inclusive: 361425.00; arithmetic delta: 1.00,docs/item details.csv
,ASM-NISSAN-VEHICLES-YD25-ENGINE-SHROUD-RAD-LOWE-COOLING-FAN-SHROUD,Standard Selling,993118.00,PCS,UGX,1,0,Source VAT: 178761.00; source inclusive: 1171879.00; arithmetic delta: 0.00,docs/item details.csv
,ASM-NISSAN-VEHICLES-YD25-ENGINE-RADIATOR-ASSY,Standard Selling,5570553.00,PCS,UGX,1,0,Source VAT: 1002699.00; source inclusive: 6573252.00; arithmetic delta: 0.00,docs/item details.csv
,ASM-NISSAN-VEHICLES-YD25-ENGINE-CAP-ASSY-PRESSU-RADIATOR-CAP,Standard Selling,73978.00,PCS,UGX,1,0,Source VAT: 13316.00; source inclusive: 87294.00; arithmetic delta: 0.00,docs/item details.csv
,ASM-NISSAN-VEHICLES-YD25-ENGINE-MOUNTING-RUBBER-UPPER-RADIATOR-MOUNTINGS,Standard Selling,77700.00,Set,UGX,1,0,Source VAT: 13986.00; source inclusive: 91686.00; arithmetic delta: 0.00,docs/item details.csv
,ASM-NISSAN-VEHICLES-YD25-ENGINE-RUBBER-MOUNTING-LOWER-RADIATOR-MOUNTING,Standard Selling,62213.00,Set,UGX,1,0,Source VAT: 11198.00; source inclusive: 73411.00; arithmetic delta: 0.00,docs/item details.csv
,ASM-NISSAN-VEHICLES-YD25-ENGINE-HOSE-RESERVE-TA-RESERVE-TANK-PIPE,Standard Selling,32958.00,PCS,UGX,1,0,Source VAT: 5932.00; source inclusive: 38890.00; arithmetic delta: 0.00,docs/item details.csv
,ASM-NISSAN-VEHICLES-YD25-ENGINE-NOZZLE-WASHER-WIPER-NOZZLES,Standard Selling,134900.00,Set,UGX,1,0,Source VAT: 24282.00; source inclusive: 159182.00; arithmetic delta: 0.00,docs/item details.csv
,ASM-NISSAN-VEHICLES-YD25-ENGINE-TANK-ASSY-RESER-RESERVOIR-TANK,Standard Selling,437190.00,PCS,UGX,1,0,Source VAT: 78694.00; source inclusive: 515884.00; arithmetic delta: 0.00,docs/item details.csv
,ASM-NISSAN-VEHICLES-YD25-ENGINE-BODY-CLEANER-AIR-CLEANER-HOUSING,Standard Selling,1020951.00,PCS,UGX,1,0,Source VAT: 183771.00; source inclusive: 1204722.00; arithmetic delta: 0.00,docs/item details.csv
,ASM-NISSAN-VEHICLES-YD25-ENGINE-PUMP-ASSY-WATER-WATER-PUMP,Standard Selling,2322045.00,PCS,UGX,1,0,Source VAT: 417968.00; source inclusive: 2740014.00; arithmetic delta: -1.00,docs/item details.csv
,ASM-NISSAN-VEHICLES-YD25-ENGINE-WATER-TEMPERATURE-SENSOR,Standard Selling,183242.00,PCS,UGX,1,0,Source VAT: 32984.00; source inclusive: 216226.00; arithmetic delta: 0.00,docs/item details.csv
,ASM-NISSAN-VEHICLES-YD25-ENGINE-ENGINE-COOLANT,Standard Selling,235813.00,PCS,UGX,1,0,Source VAT: 42446.00; source inclusive: 278259.00; arithmetic delta: 0.00,docs/item details.csv
,ASM-NISSAN-VEHICLES-YD25-ENGINE-GASKET-WATER-PU-WATER-PUMP-GASKET,Standard Selling,35614.00,PCS,UGX,1,0,Source VAT: 6411.00; source inclusive: 42025.00; arithmetic delta: 0.00,docs/item details.csv
,ASM-NISSAN-VEHICLES-YD25-ENGINE-TANK-ASSY-WS-WASH-WIPER-TANK-TANK,Standard Selling,218398.00,PCS,UGX,1,0,Source VAT: 39312.00; source inclusive: 257710.00; arithmetic delta: 0.00,docs/item details.csv
,ASM-NISSAN-VEHICLES-YD25-ENGINE-FILTER-ASSY-OIL-OIL-FILTER,Standard Selling,137257.00,PCS,UGX,1,0,Source VAT: 24706.00; source inclusive: 161963.00; arithmetic delta: 0.00,docs/item details.csv
,ASM-NISSAN-VEHICLES-YD25-ENGINE-CAP-ASSY-OIL-FI-OIL-FILLER-CAP,Standard Selling,18350.00,PCS,UGX,1,0,Source VAT: 3303.00; source inclusive: 21652.00; arithmetic delta: 1.00,docs/item details.csv
,ASM-NISSAN-VEHICLES-YD25-ENGINE-HOSE-WATER-OIL-COOLER-PIPE,Standard Selling,114137.00,PCS,UGX,1,0,Source VAT: 20545.00; source inclusive: 134682.00; arithmetic delta: 0.00,docs/item details.csv
,ASM-NISSAN-VEHICLES-YD25-ENGINE-COOLER-OIL-OIL-COOLER,Standard Selling,7577188.00,PCS,UGX,1,0,Source VAT: 1363894.00; source inclusive: 8941082.00; arithmetic delta: 0.00,docs/item details.csv
,ASM-NISSAN-VEHICLES-YD25-ENGINE-STRAINER-OIL-OIL-STRAINER,Standard Selling,269968.00,PCS,UGX,1,0,Source VAT: 48594.00; source inclusive: 318562.00; arithmetic delta: 0.00,docs/item details.csv
,ASM-NISSAN-VEHICLES-YD25-ENGINE-GAUGE-OIL-LEVEL-DIPSTICK,Standard Selling,102353.00,PCS,UGX,1,0,Source VAT: 18424.00; source inclusive: 120777.00; arithmetic delta: 0.00,docs/item details.csv
,ASM-NISSAN-VEHICLES-YD25-ENGINE-PAN-ASSY-OIL-OIL-PAN,Standard Selling,1012871.00,PCS,UGX,1,0,Source VAT: 182317.00; source inclusive: 1195187.00; arithmetic delta: 1.00,docs/item details.csv
,ASM-NISSAN-VEHICLES-YD25-ENGINE-BRACKET-OIL-FIL-OIL-FILTER-BRACKET,Standard Selling,530658.00,PCS,UGX,1,0,Source VAT: 95518.00; source inclusive: 626177.00; arithmetic delta: -1.00,docs/item details.csv
,ASM-NISSAN-VEHICLES-YD25-ENGINE-WASHER-DRAIN-DRAIN-PLUG-WASHER,Standard Selling,8155.00,PCS,UGX,1,0,Source VAT: 1468.00; source inclusive: 9623.00; arithmetic delta: 0.00,docs/item details.csv
,ASM-NISSAN-VEHICLES-YD25-ENGINE-SPARK-PLUGS,Standard Selling,114180.50,PCS,UGX,1,0,Source VAT: 20552.00; source inclusive: 134733.00; arithmetic delta: -0.50,docs/item details.csv
,ASM-NISSAN-VEHICLES-YD25-ENGINE-MFLR-ASSY-EXHAUST-PIPE-COMPLETE-SILENCERS-PIPES-ETC,Standard Selling,1300084.00,PCS,UGX,1,0,Source VAT: 234015.00; source inclusive: 1534099.00; arithmetic delta: 0.00,docs/item details.csv
,ASM-NISSAN-VEHICLES-YD25-ENGINE-CONVERTER-ASSY-CATALYTIC-CONVERTER,Standard Selling,6177855.00,PCS,UGX,1,0,Source VAT: 1112014.00; source inclusive: 7289869.00; arithmetic delta: 0.00,docs/item details.csv
,ASM-NISSAN-VEHICLES-YD25-ENGINE-BOLT-HEX-HD-EXHAUST-BOLT,Standard Selling,123752.00,PCS,UGX,1,0,Source VAT: 22275.00; source inclusive: 146027.00; arithmetic delta: 0.00,docs/item details.csv
,ASM-NISSAN-VEHICLES-YD25-ENGINE-SCR-HEX-HD-PP-W-EXHAUST-BOLT,Standard Selling,56339.00,Set,UGX,1,0,Source VAT: 10141.00; source inclusive: 66480.00; arithmetic delta: 0.00,docs/item details.csv
,ASM-NISSAN-VEHICLES-YD25-ENGINE-CLAMP-EXH-MTG-EXHAUST-CLAMP,Standard Selling,221354.00,PCS,UGX,1,0,Source VAT: 39844.00; source inclusive: 261198.00; arithmetic delta: 0.00,docs/item details.csv
,ASM-NISSAN-VEHICLES-YD25-ENGINE-GASKET-EXHAUST-BIG-EXHAUST-MANIFOLD-GASKET,Standard Selling,28488.00,PCS,UGX,1,0,Source VAT: 5128.00; source inclusive: 33615.00; arithmetic delta: 1.00,docs/item details.csv
,ASM-NISSAN-VEHICLES-YD25-ENGINE-BRACKET-EXH-M-EXHAUST-MOUNTING-BRACKET,Standard Selling,124126.00,PCS,UGX,1,0,Source VAT: 22343.00; source inclusive: 146468.00; arithmetic delta: 1.00,docs/item details.csv
,ASM-NISSAN-VEHICLES-YD25-ENGINE-INSUL-EXH-MTG-EXHAUST-MOUNTING,Standard Selling,207681.00,PCS,UGX,1,0,Source VAT: 37382.00; source inclusive: 245063.00; arithmetic delta: 0.00,docs/item details.csv
,ASM-NISSAN-VEHICLES-YD25-ENGINE-MNTG-BRACKET-EXHAUST-MOUNTING-FRONT,Standard Selling,148480.00,PCS,UGX,1,0,Source VAT: 26726.00; source inclusive: 175206.00; arithmetic delta: 0.00,docs/item details.csv
,ASM-NISSAN-VEHICLES-YD25-ENGINE-BRKT-EXH-MTG-EXHAUST-PIPE-BRACKET,Standard Selling,35577.00,PCS,UGX,1,0,Source VAT: 6404.00; source inclusive: 41981.00; arithmetic delta: 0.00,docs/item details.csv
,ASM-NISSAN-VEHICLES-YD25-ENGINE-INSUL-HEAT-EXH-EXHAUST-INSULATOR,Standard Selling,41693.00,PCS,UGX,1,0,Source VAT: 7505.00; source inclusive: 49198.00; arithmetic delta: 0.00,docs/item details.csv
,ASM-NISSAN-VEHICLES-YD25-ENGINE-INJECTOR-FUEL-INJECTOR-NOZZLE-COMPLETE,Standard Selling,20764687.00,Set,UGX,1,0,Source VAT: 3737644.00; source inclusive: 24502331.00; arithmetic delta: 0.00,docs/item details.csv
,ASM-NISSAN-VEHICLES-YD25-ENGINE-16401-VC10C-COVER-UPPER-FUEL-LIFT-PUMP,Standard Selling,319325.00,PCS,UGX,1,0,Source VAT: 57478.00; source inclusive: 376803.00; arithmetic delta: 0.00,docs/item details.csv
,ASM-NISSAN-VEHICLES-YD25-ENGINE-GASKET-NOZZLE-INJECTOR-NOZZLE-SEAL,Standard Selling,77513.00,Set,UGX,1,0,Source VAT: 13952.00; source inclusive: 91465.00; arithmetic delta: 0.00,docs/item details.csv
,ASM-NISSAN-VEHICLES-YD25-ENGINE-TUBE-ASSY-FUEL-FUEL-RETURN-PIPE,Standard Selling,5720165.00,PCS,UGX,1,0,Source VAT: 1029630.00; source inclusive: 6749795.00; arithmetic delta: 0.00,docs/item details.csv
,ASM-NISSAN-VEHICLES-YD25-ENGINE-TUBE-ASSY-INJEC-FUEL-RAIL,Standard Selling,454772.00,PCS,UGX,1,0,Source VAT: 81859.00; source inclusive: 536631.00; arithmetic delta: 0.00,docs/item details.csv
,ASM-NISSAN-VEHICLES-YD25-ENGINE-TUBE-INJECTION-FUEL-RAIL-PIPE1,Standard Selling,293330.00,PCS,UGX,1,0,Source VAT: 52799.00; source inclusive: 346130.00; arithmetic delta: -1.00,docs/item details.csv
,ASM-NISSAN-VEHICLES-YD25-ENGINE-TUBE-ASSY-INJEC-FUEL-RAIL-PIPE2,Standard Selling,450321.00,PCS,UGX,1,0,Source VAT: 81058.00; source inclusive: 531378.00; arithmetic delta: 1.00,docs/item details.csv
,ASM-NISSAN-VEHICLES-YD25-ENGINE-TUBE-ASSY-INJEC-FUEL-RAIL-PIPE3,Standard Selling,297427.00,PCS,UGX,1,0,Source VAT: 53537.00; source inclusive: 350963.00; arithmetic delta: 1.00,docs/item details.csv
,ASM-NISSAN-VEHICLES-YD25-ENGINE-TUBE-ASSY-INJEC-FUEL-RAIL-PIPE4,Standard Selling,608639.00,PCS,UGX,1,0,Source VAT: 109555.00; source inclusive: 718194.00; arithmetic delta: 0.00,docs/item details.csv
,ASM-NISSAN-VEHICLES-YD25-ENGINE-O-RING-TANK-BELT-CLAMP,Standard Selling,36568.00,PCS,UGX,1,0,Source VAT: 6582.00; source inclusive: 43150.00; arithmetic delta: 0.00,docs/item details.csv
,ASM-NISSAN-VEHICLES-YD25-ENGINE-CAP-FILLER-SCRE-FUEL-TANK-CAP-RUBBER,Standard Selling,212132.00,PCS,UGX,1,0,Source VAT: 38184.00; source inclusive: 250316.00; arithmetic delta: 0.00,docs/item details.csv
,ASM-NISSAN-VEHICLES-YD25-ENGINE-MANIFOLD-ASSY-I-INTAKE-MANIFOLD-ASS,Standard Selling,3442376.00,PCS,UGX,1,0,Source VAT: 619628.00; source inclusive: 4062003.00; arithmetic delta: 1.00,docs/item details.csv
,ASM-NISSAN-VEHICLES-YD25-ENGINE-SUCTION-CONTROL-VALVE,Standard Selling,1534000.00,PCS,UGX,1,0,Source VAT: 276120.00; source inclusive: 1810120.00; arithmetic delta: 0.00,docs/item details.csv
,ASM-NISSAN-VEHICLES-YD25-ENGINE-FUEL-FILTER-SENSOR,Standard Selling,609507.00,PCS,UGX,1,0,Source VAT: 109711.00; source inclusive: 719218.00; arithmetic delta: 0.00,docs/item details.csv
,ASM-NISSAN-VEHICLES-YD25-ENGINE-GASKET-MANIFOLD,Standard Selling,282556.00,PCS,UGX,1,0,Source VAT: 50860.00; source inclusive: 333416.00; arithmetic delta: 0.00,docs/item details.csv
,ASM-NISSAN-VEHICLES-YD25-ENGINE-INJECTOR-NOZZLE-SERVICE,Standard Selling,1244566.00,PCS,UGX,1,0,Source VAT: 224022.00; source inclusive: 1468588.00; arithmetic delta: 0.00,docs/item details.csv
,ASM-NISSAN-VEHICLES-YD25-ENGINE-INJECTOR-PUMP-SERVICE-2,Standard Selling,3800000.00,PCS,UGX,1,0,Source VAT: 6840000.00; source inclusive: 4484000.00; arithmetic delta: 6156000.00,docs/item details.csv
,ASM-NISSAN-VEHICLES-YD25-ENGINE-LINK-COMPL-FR-S-BALL-JOINT-UPPER-LH,Standard Selling,1116122.00,PCS,UGX,1,0,Source VAT: 200902.00; source inclusive: 1317023.00; arithmetic delta: 1.00,docs/item details.csv
,ASM-NISSAN-VEHICLES-YD25-ENGINE-LINK-COMPL-RH-BALL-JOINT-UPPER-RH,Standard Selling,1116122.00,PCS,UGX,1,0,Source VAT: 200902.00; source inclusive: 1317023.00; arithmetic delta: 1.00,docs/item details.csv
,ASM-NISSAN-VEHICLES-YD25-ENGINE-LINK-COMPL-FR-S-BALL-JOINT-LOWER-RH,Standard Selling,1129683.00,PCS,UGX,1,0,Source VAT: 203343.00; source inclusive: 1333026.00; arithmetic delta: 0.00,docs/item details.csv
,ASM-NISSAN-VEHICLES-YD25-ENGINE-LINK-COMPL-FR-S-BALL-JOINT-LOWER-LH,Standard Selling,1129683.00,PCS,UGX,1,0,Source VAT: 203343.00; source inclusive: 1333026.00; arithmetic delta: 0.00,docs/item details.csv
,ASM-NISSAN-VEHICLES-YD25-ENGINE-ROD-KIT-RELAY-TRACK-ROD,Standard Selling,1899857.00,PCS,UGX,1,0,Source VAT: 341974.00; source inclusive: 2241831.00; arithmetic delta: 0.00,docs/item details.csv
,ASM-NISSAN-VEHICLES-YD25-ENGINE-ROD-KIT-TIE-TIE-ROD-ENDS,Standard Selling,1992858.00,Set,UGX,1,0,Source VAT: 358714.00; source inclusive: 2351572.00; arithmetic delta: 0.00,docs/item details.csv
,ASM-NISSAN-VEHICLES-YD25-ENGINE-ABSORBER-SHOCK-FRONT-SHOCK-ABSORBERS,Standard Selling,809834.00,Set,UGX,1,0,Source VAT: 145770.00; source inclusive: 955604.00; arithmetic delta: 0.00,docs/item details.csv
,ASM-NISSAN-VEHICLES-YD25-ENGINE-BUSH-TELEX-SHOCK-ABSORBER-BUSHES,Standard Selling,72313.00,Set,UGX,1,0,Source VAT: 13016.00; source inclusive: 85330.00; arithmetic delta: -1.00,docs/item details.csv
,ASM-NISSAN-VEHICLES-YD25-ENGINE-SHOCK-RR-2WD-KA-REAR-SHOCK-ABSORBERS,Standard Selling,766003.00,Set,UGX,1,0,Source VAT: 137881.00; source inclusive: 903884.00; arithmetic delta: 0.00,docs/item details.csv
,ASM-NISSAN-VEHICLES-YD25-ENGINE-BUSH-STAB-STABILISER-BAR-BUSHES-BIG,Standard Selling,152555.00,Set,UGX,1,0,Source VAT: 27460.00; source inclusive: 180014.00; arithmetic delta: 1.00,docs/item details.csv
,ASM-NISSAN-VEHICLES-YD25-ENGINE-STABILISER-BAR-BUSHES-SMALL,Standard Selling,275946.00,Set,UGX,1,0,Source VAT: 49670.00; source inclusive: 325617.00; arithmetic delta: -1.00,docs/item details.csv
,ASM-NISSAN-VEHICLES-YD25-ENGINE-BUSH-RR-SPR-RR-SPRING-BUSHES-SMALL,Standard Selling,101935.00,Set,UGX,1,0,Source VAT: 18348.00; source inclusive: 120283.00; arithmetic delta: 0.00,docs/item details.csv
,ASM-NISSAN-VEHICLES-YD25-ENGINE-BUSH-SPRING-SPRING-BUSHES-BIG,Standard Selling,62269.00,Set,UGX,1,0,Source VAT: 11209.00; source inclusive: 73478.00; arithmetic delta: 0.00,docs/item details.csv
,ASM-NISSAN-VEHICLES-YD25-ENGINE-SPRING-ASSY-RR-LEAF-SPRING-COMPLETE,Standard Selling,6638782.00,Set,UGX,1,0,Source VAT: 1194981.00; source inclusive: 7833762.00; arithmetic delta: 1.00,docs/item details.csv
,ASM-NISSAN-VEHICLES-YD25-ENGINE-CLIP-RR-SPRING-LEAF-SPRING-CLAMPS,Standard Selling,215780.00,PCS,UGX,1,0,Source VAT: 38840.00; source inclusive: 254620.00; arithmetic delta: 0.00,docs/item details.csv
,ASM-NISSAN-VEHICLES-YD25-ENGINE-SEAT-ASSY-RR-SP-U-BOLTS-MOUNTING-PLATES-SET,Standard Selling,447010.00,PCS,UGX,1,0,Source VAT: 80462.00; source inclusive: 527472.00; arithmetic delta: 0.00,docs/item details.csv
,ASM-NISSAN-VEHICLES-YD25-ENGINE-PAD-ASSY-RR-SPR-LEAF-SPRING-SEAT,Standard Selling,200853.00,PCS,UGX,1,0,Source VAT: 36154.00; source inclusive: 237007.00; arithmetic delta: 0.00,docs/item details.csv
,ASM-NISSAN-VEHICLES-YD25-ENGINE-ARM-ASSY-FR-SPR-ANCHOR-ARM,Standard Selling,252310.00,PCS,UGX,1,0,Source VAT: 45416.00; source inclusive: 297726.00; arithmetic delta: 0.00,docs/item details.csv
,ASM-NISSAN-VEHICLES-YD25-ENGINE-ARM-ASSY-ANCHOR-ANCHOR-ARM,Standard Selling,260802.00,PCS,UGX,1,0,Source VAT: 46944.00; source inclusive: 307747.00; arithmetic delta: -1.00,docs/item details.csv
,ASM-NISSAN-VEHICLES-YD25-ENGINE-PULLEY-PUMP-POWER-STEERING-PUMP-PULLEY,Standard Selling,751133.00,PCS,UGX,1,0,Source VAT: 135204.00; source inclusive: 886337.00; arithmetic delta: 0.00,docs/item details.csv
,ASM-NISSAN-VEHICLES-YD25-ENGINE-POWER-PUMP-ASSY-STEERING-PUMP,Standard Selling,3701495.00,PCS,UGX,1,0,Source VAT: 666269.00; source inclusive: 4367764.00; arithmetic delta: 0.00,docs/item details.csv
,ASM-NISSAN-VEHICLES-YD25-ENGINE-ARMKIT-PITMAN-PITMAN-ARM,Standard Selling,649528.00,PCS,UGX,1,0,Source VAT: 116915.00; source inclusive: 766443.00; arithmetic delta: 0.00,docs/item details.csv
,ASM-NISSAN-VEHICLES-YD25-ENGINE-IDLER-KIT-TEL-IDLER-ARM,Standard Selling,908796.00,PCS,UGX,1,0,Source VAT: 163583.00; source inclusive: 1072380.00; arithmetic delta: -1.00,docs/item details.csv
,ASM-NISSAN-VEHICLES-YD25-ENGINE-COLUMN-ASSY-STE-STEERING-COLUMN,Standard Selling,3747209.00,PCS,UGX,1,0,Source VAT: 674498.00; source inclusive: 4421707.00; arithmetic delta: 0.00,docs/item details.csv
,ASM-NISSAN-VEHICLES-YD25-ENGINE-WHEEL-ASSY-STEE-STEERING-WHEEL,Standard Selling,6429623.00,PCS,UGX,1,0,Source VAT: 1157332.00; source inclusive: 7586956.00; arithmetic delta: -1.00,docs/item details.csv
,ASM-NISSAN-VEHICLES-YD25-ENGINE-TRANSFER-CASE-SEAL,Standard Selling,219473.00,PCS,UGX,1,0,Source VAT: 39505.00; source inclusive: 258978.00; arithmetic delta: 0.00,docs/item details.csv
,ASM-NISSAN-VEHICLES-YD25-ENGINE-BRNG-KIT-CENTR-CENTER-BEARING,Standard Selling,635332.00,PCS,UGX,1,0,Source VAT: 114360.00; source inclusive: 749691.00; arithmetic delta: 1.00,docs/item details.csv
,ASM-NISSAN-VEHICLES-YD25-ENGINE-CLUTCH-DISC-CLUTCH-PLATE,Standard Selling,1663745.00,PCS,UGX,1,0,Source VAT: 299474.00; source inclusive: 1963219.00; arithmetic delta: 0.00,docs/item details.csv
,ASM-NISSAN-VEHICLES-YD25-ENGINE-COVER-CLUTCH-PRESSURE-PLATE,Standard Selling,1781735.00,PCS,UGX,1,0,Source VAT: 320712.00; source inclusive: 2102447.00; arithmetic delta: 0.00,docs/item details.csv
,ASM-NISSAN-VEHICLES-YD25-ENGINE-BEARING-CLUTCH-RELEASE-BEARING,Standard Selling,575800.00,PCS,UGX,1,0,Source VAT: 103644.00; source inclusive: 679444.00; arithmetic delta: 0.00,docs/item details.csv
,ASM-NISSAN-VEHICLES-YD25-ENGINE-SPRING-RETURN-RETURN-SPRING,Standard Selling,11504.00,PCS,UGX,1,0,Source VAT: 2071.00; source inclusive: 13574.00; arithmetic delta: 1.00,docs/item details.csv
,ASM-NISSAN-VEHICLES-YD25-ENGINE-PEDAL-ASSY-CLUT-CLUTCH-PEDAL-ASSEMBLY,Standard Selling,1186209.00,PCS,UGX,1,0,Source VAT: 213518.00; source inclusive: 1399726.00; arithmetic delta: 1.00,docs/item details.csv
,ASM-NISSAN-VEHICLES-YD25-ENGINE-TRANSMISSION-GEARBOX-ASSEMBLY,Standard Selling,26388429.00,PCS,UGX,1,0,Source VAT: 4749917.00; source inclusive: 31138346.00; arithmetic delta: 0.00,docs/item details.csv
,ASM-NISSAN-VEHICLES-YD25-ENGINE-RR-EXC-BRAKES-A,Standard Selling,55282061.00,PCS,UGX,1,0,Source VAT: 9950771.00; source inclusive: 65232832.00; arithmetic delta: 0.00,docs/item details.csv
,ASM-NISSAN-VEHICLES-YD25-ENGINE-SFT-RR-AXLE-RH-DIFFERENTIAL-SHAFT-RH,Standard Selling,3619530.00,PCS,UGX,1,0,Source VAT: 651515.00; source inclusive: 4271045.00; arithmetic delta: 0.00,docs/item details.csv
,ASM-NISSAN-VEHICLES-YD25-ENGINE-SFT-RR-AXLE-DIFFERENTIAL-SHAFT-LH,Standard Selling,1362091.00,PCS,UGX,1,0,Source VAT: 245176.00; source inclusive: 1607267.00; arithmetic delta: 0.00,docs/item details.csv
,ASM-NISSAN-VEHICLES-YD25-ENGINE-SEAL-GREASE-R-GREASE-SEAL,Standard Selling,88661.00,PCS,UGX,1,0,Source VAT: 15959.00; source inclusive: 104620.00; arithmetic delta: 0.00,docs/item details.csv
,ASM-NISSAN-VEHICLES-YD25-ENGINE-BRG-ASSY-TAPE,Standard Selling,546295.00,Set,UGX,1,0,Source VAT: 98333.00; source inclusive: 644629.00; arithmetic delta: -1.00,docs/item details.csv
,ASM-NISSAN-VEHICLES-YD25-ENGINE-FLYWHELL-ASSY,Standard Selling,6669720.00,PCS,UGX,1,0,Source VAT: 1200550.00; source inclusive: 7870269.00; arithmetic delta: 1.00,docs/item details.csv
,ASM-NISSAN-VEHICLES-YD25-ENGINE-SEAL-TRANSFER-CASE-SEAL,Standard Selling,36774.00,PCS,UGX,1,0,Source VAT: 6619.00; source inclusive: 43393.00; arithmetic delta: 0.00,docs/item details.csv
,ASM-NISSAN-VEHICLES-YD25-ENGINE-INSULATOR-ENGIN-GEARBOX-MOUNTINGS,Standard Selling,602485.00,Set,UGX,1,0,Source VAT: 108447.00; source inclusive: 710932.00; arithmetic delta: 0.00,docs/item details.csv
,ASM-NISSAN-VEHICLES-YD25-ENGINE-CASE-TRANSFER-F-TRANSFER-CASE-FRONT,Standard Selling,2877132.00,PCS,UGX,1,0,Source VAT: 517884.00; source inclusive: 3395016.00; arithmetic delta: 0.00,docs/item details.csv
,ASM-NISSAN-VEHICLES-YD25-ENGINE-CASE-TRANSFER-CASE-CENTER,Standard Selling,3053407.00,PCS,UGX,1,0,Source VAT: 549613.00; source inclusive: 3603020.00; arithmetic delta: 0.00,docs/item details.csv
,ASM-NISSAN-VEHICLES-YD25-ENGINE-CASE-TRANSFER-DIFFERENTIAL-CASE,Standard Selling,3777249.00,PCS,UGX,1,0,Source VAT: 679905.00; source inclusive: 4457154.00; arithmetic delta: 0.00,docs/item details.csv
,ASM-NISSAN-VEHICLES-YD25-ENGINE-HIGH-GEAR-COVER,Standard Selling,4190305.00,PCS,UGX,1,0,Source VAT: 754255.00; source inclusive: 4944559.00; arithmetic delta: 1.00,docs/item details.csv
,ASM-NISSAN-VEHICLES-YD25-ENGINE-CROSS-BEARING,Standard Selling,520981.00,PCS,UGX,1,0,Source VAT: 93777.00; source inclusive: 614758.00; arithmetic delta: 0.00,docs/item details.csv
,ASM-NISSAN-VEHICLES-YD25-ENGINE-ALLOY-WHEEL-RIM,Standard Selling,7871023.00,PCS,UGX,1,0,Source VAT: 1416784.00; source inclusive: 9287807.00; arithmetic delta: 0.00,docs/item details.csv
,ASM-NISSAN-VEHICLES-YD25-ENGINE-TYRE-REPAIR-PER-TYRE,Standard Selling,39671.00,PCS,UGX,1,0,Source VAT: 7141.00; source inclusive: 46812.00; arithmetic delta: 0.00,docs/item details.csv
,ASM-NISSAN-VEHICLES-YD25-ENGINE-WRENCH-WHL-NUT-WHEEL-SPANNER,Standard Selling,78523.00,PCS,UGX,1,0,Source VAT: 14134.00; source inclusive: 92657.00; arithmetic delta: 0.00,docs/item details.csv
,ASM-NISSAN-VEHICLES-YD25-ENGINE-WHEEL-BOLT-WHEEL-STUD-FRONT,Standard Selling,153754.00,PCS,UGX,1,0,Source VAT: 27676.00; source inclusive: 181430.00; arithmetic delta: 0.00,docs/item details.csv
,ASM-NISSAN-VEHICLES-YD25-ENGINE-BOLT-HUB-WHEEL-STUD-REAR,Standard Selling,170813.00,PCS,UGX,1,0,Source VAT: 30746.00; source inclusive: 201560.00; arithmetic delta: -1.00,docs/item details.csv
,ASM-NISSAN-VEHICLES-YD25-ENGINE-COMPRESSOR-AC-PUMP,Standard Selling,8446667.00,PCS,UGX,1,0,Source VAT: 1520400.00; source inclusive: 9967067.00; arithmetic delta: 0.00,docs/item details.csv
,ASM-NISSAN-VEHICLES-YD25-ENGINE-PIPE-ASSY-FR-COOLER-HIGH-CONDENSER,Standard Selling,1215127.00,PCS,UGX,1,0,Source VAT: 218723.00; source inclusive: 1433849.00; arithmetic delta: 1.00,docs/item details.csv
,ASM-NISSAN-VEHICLES-YD25-ENGINE-VALVE-EXPANSION-EXPANSION-VALVE,Standard Selling,856086.00,PCS,UGX,1,0,Source VAT: 154095.00; source inclusive: 1010181.00; arithmetic delta: 0.00,docs/item details.csv
,ASM-NISSAN-VEHICLES-YD25-ENGINE-EVAPORATOR-ASSY-AC-EVAPORATOR,Standard Selling,6217042.00,PCS,UGX,1,0,Source VAT: 1119068.00; source inclusive: 7336110.00; arithmetic delta: 0.00,docs/item details.csv
,ASM-NISSAN-VEHICLES-YD25-ENGINE-RELAY-LIGHT-AC-RELAY,Standard Selling,169897.00,PCS,UGX,1,0,Source VAT: 30581.00; source inclusive: 200478.00; arithmetic delta: 0.00,docs/item details.csv
,ASM-NISSAN-VEHICLES-YD25-ENGINE-CONT-ASSY-AIR-C-AC-SELECTOR-KNOB-ASSY,Standard Selling,1460385.00,PCS,UGX,1,0,Source VAT: 262869.00; source inclusive: 1723255.00; arithmetic delta: -1.00,docs/item details.csv
,ASM-NISSAN-VEHICLES-YD25-ENGINE-AC-GAS,Standard Selling,460.00,Gram,UGX,1,0,Source VAT: 83.00; source inclusive: 543.00; arithmetic delta: 0.00,docs/item details.csv
,ASM-NISSAN-VEHICLES-YD25-ENGINE-SINGLE-WIPER-BLADE-19-WIPER-BALDE,Standard Selling,137855.00,PCS,UGX,1,0,Source VAT: 24814.00; source inclusive: 162669.00; arithmetic delta: 0.00,docs/item details.csv
,ASM-NISSAN-VEHICLES-YD25-ENGINE-MOTOR-A-WIPER-WIPER-MOTOR,Standard Selling,2054079.00,PCS,UGX,1,0,Source VAT: 369734.00; source inclusive: 2423813.00; arithmetic delta: 0.00,docs/item details.csv
,ASM-NISSAN-VEHICLES-YD25-ENGINE-WIPER-ARM,Standard Selling,306798.00,PCS,UGX,1,0,Source VAT: 55224.00; source inclusive: 362021.00; arithmetic delta: 1.00,docs/item details.csv
,ASM-NISSAN-VEHICLES-YD25-ENGINE-WIPER-HOSE,Standard Selling,365507.00,PCS,UGX,1,0,Source VAT: 65791.00; source inclusive: 431298.00; arithmetic delta: 0.00,docs/item details.csv
,ASM-NISSAN-VEHICLES-YD25-ENGINE-BULB-HEAD-LAMP,Standard Selling,478064.00,PCS,UGX,1,0,Source VAT: 86052.00; source inclusive: 564116.00; arithmetic delta: 0.00,docs/item details.csv
,ASM-NISSAN-VEHICLES-YD25-ENGINE-LAMP-ASSY-LH-HEADLAMP-LHS,Standard Selling,1124632.00,PCS,UGX,1,0,Source VAT: 202434.00; source inclusive: 1327066.00; arithmetic delta: 0.00,docs/item details.csv
,ASM-NISSAN-VEHICLES-YD25-ENGINE-LAMP-ASSY-HEAD-HEADLAMP-RHS,Standard Selling,1124632.00,PCS,UGX,1,0,Source VAT: 202434.00; source inclusive: 1327066.00; arithmetic delta: 0.00,docs/item details.csv
,ASM-NISSAN-VEHICLES-YD25-ENGINE-PLUG-GLOW-GLOW-PLUGS,Standard Selling,1659499.00,Set,UGX,1,0,Source VAT: 298710.00; source inclusive: 1958209.00; arithmetic delta: 0.00,docs/item details.csv
,ASM-NISSAN-VEHICLES-YD25-ENGINE-BULB-12V5W-PARKING-BULB,Standard Selling,27337.00,PCS,UGX,1,0,Source VAT: 4921.00; source inclusive: 32258.00; arithmetic delta: 0.00,docs/item details.csv
,ASM-NISSAN-VEHICLES-YD25-ENGINE-DOUBLE-FILAMENT-ROUND-BASED-BRAKE-BULB,Standard Selling,98968.00,PCS,UGX,1,0,Source VAT: 17814.00; source inclusive: 116782.00; arithmetic delta: 0.00,docs/item details.csv
,ASM-NISSAN-VEHICLES-YD25-ENGINE-BULB-BRAKE-BULB-SINGLE-FILAMENT,Standard Selling,8081.00,PCS,UGX,1,0,Source VAT: 1454.00; source inclusive: 9535.00; arithmetic delta: 0.00,docs/item details.csv
,ASM-NISSAN-VEHICLES-YD25-ENGINE-BODY-COMB-SW-SPIRAL-CABLE,Standard Selling,190827.00,PCS,UGX,1,0,Source VAT: 34349.00; source inclusive: 225176.00; arithmetic delta: 0.00,docs/item details.csv
,ASM-NISSAN-VEHICLES-YD25-ENGINE-FUSE-MINI-10A,Standard Selling,2263.00,PCS,UGX,1,0,Source VAT: 407.00; source inclusive: 2671.00; arithmetic delta: -1.00,docs/item details.csv
,ASM-NISSAN-VEHICLES-YD25-ENGINE-FUSE-MINI-15AM,Standard Selling,11597.00,PCS,UGX,1,0,Source VAT: 2087.00; source inclusive: 13685.00; arithmetic delta: -1.00,docs/item details.csv
,ASM-NISSAN-VEHICLES-YD25-ENGINE-FUSE-MINI,Standard Selling,11597.00,PCS,UGX,1,0,Source VAT: 2087.00; source inclusive: 13685.00; arithmetic delta: -1.00,docs/item details.csv
,ASM-NISSAN-VEHICLES-YD25-ENGINE-ALTERNATOR-ASSY,Standard Selling,4620239.00,PCS,UGX,1,0,Source VAT: 831643.00; source inclusive: 5451882.00; arithmetic delta: 0.00,docs/item details.csv
,ASM-NISSAN-VEHICLES-YD25-ENGINE-LAMP-ASSY-FOG-L,Standard Selling,1633163.00,PCS,UGX,1,0,Source VAT: 293969.00; source inclusive: 1927132.00; arithmetic delta: 0.00,docs/item details.csv
,ASM-NISSAN-VEHICLES-YD25-ENGINE-LAMP-ASSY-FOG-R,Standard Selling,1633163.00,PCS,UGX,1,0,Source VAT: 293969.00; source inclusive: 1927132.00; arithmetic delta: 0.00,docs/item details.csv
,ASM-NISSAN-VEHICLES-YD25-ENGINE-BULB-FOG-LAMP,Standard Selling,313083.00,Set,UGX,1,0,Source VAT: 56355.00; source inclusive: 369438.00; arithmetic delta: 0.00,docs/item details.csv
,ASM-NISSAN-VEHICLES-YD25-ENGINE-SW-AUTO-POWER-W-POWER-WINDOW-SWITCH-MAIN,Standard Selling,1150389.00,PCS,UGX,1,0,Source VAT: 207070.00; source inclusive: 1357459.00; arithmetic delta: 0.00,docs/item details.csv
,ASM-NISSAN-VEHICLES-YD25-ENGINE-SITCH-ASSY-POWER-WINDOW-SWITCH-REAR,Standard Selling,794472.00,Set,UGX,1,0,Source VAT: 143005.00; source inclusive: 937477.00; arithmetic delta: 0.00,docs/item details.csv
,ASM-NISSAN-VEHICLES-YD25-ENGINE-SW-ASSY-P-WINDW-POWER-WINDOW-SWITCH-CO-DRIVER-S-DOOR,Standard Selling,543639.00,PCS,UGX,1,0,Source VAT: 97855.00; source inclusive: 641494.00; arithmetic delta: 0.00,docs/item details.csv
,ASM-NISSAN-VEHICLES-YD25-ENGINE-REGULATOR-ASSY-DRIVER-S-DOOR-REGULATOR,Standard Selling,611295.00,PCS,UGX,1,0,Source VAT: 110033.00; source inclusive: 721328.00; arithmetic delta: 0.00,docs/item details.csv
,ASM-NISSAN-VEHICLES-YD25-ENGINE-REGULATOR-DOOR-CO-DRIVER-S-DOOR-REGULATOR,Standard Selling,561652.00,PCS,UGX,1,0,Source VAT: 101097.00; source inclusive: 662750.00; arithmetic delta: -1.00,docs/item details.csv
,ASM-NISSAN-VEHICLES-YD25-ENGINE-DOOR-REGULATOR-WINDOW-REGULATOR-REAR-DOOR,Standard Selling,611295.00,PCS,UGX,1,0,Source VAT: 110033.00; source inclusive: 721328.00; arithmetic delta: 0.00,docs/item details.csv
,ASM-NISSAN-VEHICLES-YD25-ENGINE-STARTER-MOTOR,Standard Selling,4709857.00,PCS,UGX,1,0,Source VAT: 847774.00; source inclusive: 5557632.00; arithmetic delta: -1.00,docs/item details.csv
,ASM-NISSAN-VEHICLES-YD25-ENGINE-LAMP-ASSY-RR-TAIL-LAMP-RHS,Standard Selling,774252.00,PCS,UGX,1,0,Source VAT: 139365.00; source inclusive: 913617.00; arithmetic delta: 0.00,docs/item details.csv
,ASM-NISSAN-VEHICLES-YD25-ENGINE-LAMP-ASSY-RR-TAIL-LAMP-LHS,Standard Selling,819256.00,PCS,UGX,1,0,Source VAT: 147466.00; source inclusive: 966722.00; arithmetic delta: 0.00,docs/item details.csv
,ASM-NISSAN-VEHICLES-YD25-ENGINE-70-AMP-MAINTENANCE-FREE-BATTERY,Standard Selling,709716.00,PCS,UGX,1,0,Source VAT: 127749.00; source inclusive: 837465.00; arithmetic delta: 0.00,docs/item details.csv
,ASM-NISSAN-VEHICLES-YD25-ENGINE-RADIO,Standard Selling,2226774.00,PCS,UGX,1,0,Source VAT: 400819.00; source inclusive: 2627594.00; arithmetic delta: -1.00,docs/item details.csv
,ASM-NISSAN-VEHICLES-YD25-ENGINE-MIRROR-ASSY-DR-SIDE-MIRROR-COMPLETE,Standard Selling,1195823.00,PCS,UGX,1,0,Source VAT: 215248.00; source inclusive: 1411071.00; arithmetic delta: 0.00,docs/item details.csv
,ASM-NISSAN-VEHICLES-YD25-ENGINE-GLASS-FR-WIND-WINDSCREEN,Standard Selling,1592520.00,PCS,UGX,1,0,Source VAT: 286654.00; source inclusive: 1879174.00; arithmetic delta: 0.00,docs/item details.csv
,ASM-NISSAN-VEHICLES-YD25-ENGINE-RUBBER-SEALANT,Standard Selling,162396.00,PCS,UGX,1,0,Source VAT: 29231.00; source inclusive: 191627.00; arithmetic delta: 0.00,docs/item details.csv
,ASM-NISSAN-VEHICLES-YD25-ENGINE-MLDG-WS-UPPER-UPPER-WINDSCREEN-MOLDING,Standard Selling,178333.00,PCS,UGX,1,0,Source VAT: 32100.00; source inclusive: 210432.00; arithmetic delta: 1.00,docs/item details.csv
,ASM-NISSAN-VEHICLES-YD25-ENGINE-RUBBER-DUMDUM-RUBBER,Standard Selling,813532.00,PCS,UGX,1,0,Source VAT: 146436.00; source inclusive: 959968.00; arithmetic delta: 0.00,docs/item details.csv
,ASM-NISSAN-VEHICLES-YD25-ENGINE-MUD-FLAP-FRONT,Standard Selling,467230.00,PCS,UGX,1,0,Source VAT: 84101.00; source inclusive: 551331.00; arithmetic delta: 0.00,docs/item details.csv
,ASM-NISSAN-VEHICLES-YD25-ENGINE-MUD-GUARD-RR-RH,Standard Selling,884630.00,PCS,UGX,1,0,Source VAT: 159233.00; source inclusive: 1043863.00; arithmetic delta: 0.00,docs/item details.csv
,ASM-NISSAN-VEHICLES-YD25-ENGINE-MUD-GUARD-RR-LH,Standard Selling,884630.00,PCS,UGX,1,0,Source VAT: 159233.00; source inclusive: 1043863.00; arithmetic delta: 0.00,docs/item details.csv
,ASM-NISSAN-VEHICLES-YD25-ENGINE-GLASS-FR-DR-LH,Standard Selling,2266959.00,PCS,UGX,1,0,Source VAT: 408053.00; source inclusive: 2675012.00; arithmetic delta: 0.00,docs/item details.csv
,ASM-NISSAN-VEHICLES-YD25-ENGINE-GLASS-FR-DR-RH,Standard Selling,2645191.00,PCS,UGX,1,0,Source VAT: 476134.00; source inclusive: 3121326.00; arithmetic delta: -1.00,docs/item details.csv
,ASM-NISSAN-VEHICLES-YD25-ENGINE-GLASS-RR-DR-LH,Standard Selling,957523.00,PCS,UGX,1,0,Source VAT: 172354.00; source inclusive: 1129877.00; arithmetic delta: 0.00,docs/item details.csv
,ASM-NISSAN-VEHICLES-YD25-ENGINE-GLASS-RR-DR-RH,Standard Selling,884761.00,PCS,UGX,1,0,Source VAT: 159257.00; source inclusive: 1044018.00; arithmetic delta: 0.00,docs/item details.csv
,ASM-NISSAN-VEHICLES-YD25-ENGINE-GRILLE-RADIATOR,Standard Selling,1944375.00,PCS,UGX,1,0,Source VAT: 349987.00; source inclusive: 2294362.00; arithmetic delta: 0.00,docs/item details.csv
,ASM-NISSAN-VEHICLES-YD25-ENGINE-ASSY-FR-DOOR-OUTS-OUTER-DOOR-HANDLE-DRIVER-S-DOOR,Standard Selling,180184.00,PCS,UGX,1,0,Source VAT: 32433.00; source inclusive: 212618.00; arithmetic delta: -1.00,docs/item details.csv
,ASM-NISSAN-VEHICLES-YD25-ENGINE-HANDLE-ASSY-FR-OUTER-DOOR-HANDLE-CO-DRIVER-S-DOOR,Standard Selling,180184.00,PCS,UGX,1,0,Source VAT: 32433.00; source inclusive: 212618.00; arithmetic delta: -1.00,docs/item details.csv
,ASM-NISSAN-VEHICLES-YD25-ENGINE-ASY-FR-DR-INS-L-INNER-DOOR-HANDLE-LH,Standard Selling,191519.00,PCS,UGX,1,0,Source VAT: 34474.00; source inclusive: 225993.00; arithmetic delta: 0.00,docs/item details.csv
,ASM-NISSAN-VEHICLES-YD25-ENGINE-ASY-FR-DR-INS-R-INNER-DOOR-HANDE-RH,Standard Selling,191519.00,PCS,UGX,1,0,Source VAT: 34474.00; source inclusive: 225993.00; arithmetic delta: 0.00,docs/item details.csv
,ASM-NISSAN-VEHICLES-YD25-ENGINE-ANTENNA,Standard Selling,612586.00,PCS,UGX,1,0,Source VAT: 110265.00; source inclusive: 722851.00; arithmetic delta: 0.00,docs/item details.csv
,ASM-NISSAN-VEHICLES-YD25-ENGINE-LOCK-ASSY-FR-DO-DOOR-LOCK,Standard Selling,779714.00,PCS,UGX,1,0,Source VAT: 140348.00; source inclusive: 920062.00; arithmetic delta: 0.00,docs/item details.csv
,ASM-NISSAN-VEHICLES-YD25-ENGINE-VAD-D22-FRT-MOULDED-BMPR-FRONT-BUMPER,Standard Selling,1596314.00,PCS,UGX,1,0,Source VAT: 287336.00; source inclusive: 1883650.00; arithmetic delta: 0.00,docs/item details.csv
,ASM-NISSAN-VEHICLES-YD25-ENGINE-REINF-ASSY-FRNT-FRONT-REINFORCEMENT-BUMPER,Standard Selling,1660995.00,PCS,UGX,1,0,Source VAT: 298979.00; source inclusive: 1959975.00; arithmetic delta: -1.00,docs/item details.csv
,ASM-NISSAN-VEHICLES-YD25-ENGINE-BUMPER-REAR-REAR-BUMPER,Standard Selling,2444731.00,PCS,UGX,1,0,Source VAT: 440052.00; source inclusive: 2884782.00; arithmetic delta: 1.00,docs/item details.csv
,ASM-NISSAN-VEHICLES-YD25-ENGINE-CABLE-COMPL-HOO-BONNET-CABLE,Standard Selling,256538.00,PCS,UGX,1,0,Source VAT: 46177.00; source inclusive: 302715.00; arithmetic delta: 0.00,docs/item details.csv
,ASM-NISSAN-VEHICLES-YD25-ENGINE-REFLECTOR-PAIR,Standard Selling,89071.00,Set,UGX,1,0,Source VAT: 16033.00; source inclusive: 105104.00; arithmetic delta: 0.00,docs/item details.csv
,ASM-NISSAN-VEHICLES-YD25-ENGINE-MIR-ASSY-INSIDE-DRIVING-MIRROR,Standard Selling,646479.00,PCS,UGX,1,0,Source VAT: 116366.00; source inclusive: 762845.00; arithmetic delta: 0.00,docs/item details.csv
,ASM-NISSAN-VEHICLES-YD25-ENGINE-SUNVISOR-LH,Standard Selling,252591.00,PCS,UGX,1,0,Source VAT: 45466.00; source inclusive: 298057.00; arithmetic delta: 0.00,docs/item details.csv
,ASM-NISSAN-VEHICLES-YD25-ENGINE-SUNVISOR-RH,Standard Selling,232072.00,PCS,UGX,1,0,Source VAT: 41773.00; source inclusive: 273845.00; arithmetic delta: 0.00,docs/item details.csv
,ASM-NISSAN-VEHICLES-YD25-ENGINE-JACK-COMPL-JACK,Standard Selling,903746.00,PCS,UGX,1,0,Source VAT: 162674.00; source inclusive: 1066420.00; arithmetic delta: 0.00,docs/item details.csv
,ASM-NISSAN-VEHICLES-YD25-ENGINE-ROD-ASSY-JACK-JACK-HANDLE,Standard Selling,109218.00,PCS,UGX,1,0,Source VAT: 19659.00; source inclusive: 128877.00; arithmetic delta: 0.00,docs/item details.csv
,ASM-NISSAN-VEHICLES-YD25-ENGINE-WARNING-TRIANGLE,Standard Selling,197935.00,Set,UGX,1,0,Source VAT: 35628.00; source inclusive: 233564.00; arithmetic delta: -1.00,docs/item details.csv
,ASM-NISSAN-VEHICLES-YD25-ENGINE-KEY-SET-AND-LOCK,Standard Selling,3493081.00,Set,UGX,1,0,Source VAT: 628755.00; source inclusive: 4121836.00; arithmetic delta: 0.00,docs/item details.csv
,ASM-NISSAN-VEHICLES-YD25-ENGINE-SEAT-BELT-FR-LH,Standard Selling,975923.00,PCS,UGX,1,0,Source VAT: 175666.00; source inclusive: 1151589.00; arithmetic delta: 0.00,docs/item details.csv
,ASM-NISSAN-VEHICLES-YD25-ENGINE-SEAT-BELT-FR-RHS,Standard Selling,975923.00,PCS,UGX,1,0,Source VAT: 175666.00; source inclusive: 1151589.00; arithmetic delta: 0.00,docs/item details.csv
,ASM-NISSAN-VEHICLES-YD25-ENGINE-SEAT-BELT-REAR-LH,Standard Selling,1066131.00,PCS,UGX,1,0,Source VAT: 191904.00; source inclusive: 1258035.00; arithmetic delta: 0.00,docs/item details.csv
,ASM-NISSAN-VEHICLES-YD25-ENGINE-SEAT-BELT-REAR-RHS,Standard Selling,1066131.00,PCS,UGX,1,0,Source VAT: 191904.00; source inclusive: 1258035.00; arithmetic delta: 0.00,docs/item details.csv
,ASM-NISSAN-VEHICLES-YD25-ENGINE-DOOR-HINGE-FR-L,Standard Selling,131729.00,PCS,UGX,1,0,Source VAT: 23711.00; source inclusive: 155440.00; arithmetic delta: 0.00,docs/item details.csv
,ASM-NISSAN-VEHICLES-YD25-ENGINE-DOOR-HINGE-F-UPR,Standard Selling,240993.00,PCS,UGX,1,0,Source VAT: 43379.00; source inclusive: 284372.00; arithmetic delta: 0.00,docs/item details.csv
,ASM-NISSAN-VEHICLES-YD25-ENGINE-HINGE-RR-LWR-L,Standard Selling,131729.00,PCS,UGX,1,0,Source VAT: 23711.00; source inclusive: 155440.00; arithmetic delta: 0.00,docs/item details.csv
,ASM-NISSAN-VEHICLES-YD25-ENGINE-HINGE-RR-LWR-R,Standard Selling,231729.00,PCS,UGX,1,0,Source VAT: 41711.00; source inclusive: 273440.00; arithmetic delta: 0.00,docs/item details.csv
,ASM-NISSAN-VEHICLES-YD25-ENGINE-HINGE-RR-DR-UPR-L,Standard Selling,197206.00,PCS,UGX,1,0,Source VAT: 35497.00; source inclusive: 232703.00; arithmetic delta: 0.00,docs/item details.csv
,ASM-NISSAN-VEHICLES-YD25-ENGINE-HINGE-RR-DR-UPR-R,Standard Selling,197206.00,PCS,UGX,1,0,Source VAT: 35497.00; source inclusive: 232703.00; arithmetic delta: 0.00,docs/item details.csv
,ASM-NISSAN-VEHICLES-YD25-ENGINE-HINGE-RR-DR-LWR,Standard Selling,197206.00,PCS,UGX,1,0,Source VAT: 35497.00; source inclusive: 232703.00; arithmetic delta: 0.00,docs/item details.csv
,ASM-NISSAN-VEHICLES-YD25-ENGINE-DOOR-FRONT-RH,Standard Selling,1887850.00,PCS,UGX,1,0,Source VAT: 339813.00; source inclusive: 2227663.00; arithmetic delta: 0.00,docs/item details.csv
,ASM-NISSAN-VEHICLES-YD25-ENGINE-INSUL-BODY-MTG-MIDDLE-CABIN-MOUNTINGS,Standard Selling,1164802.00,Set,UGX,1,0,Source VAT: 209664.00; source inclusive: 1374466.00; arithmetic delta: 0.00,docs/item details.csv
,ASM-NISSAN-VEHICLES-YD25-ENGINE-INSULATOR-3RD-FRONT-BODY-MOUNTINGS,Standard Selling,614083.00,Set,UGX,1,0,Source VAT: 110535.00; source inclusive: 724618.00; arithmetic delta: 0.00,docs/item details.csv
,ASM-NISSAN-VEHICLES-YD25-ENGINE-RUB-BODY-MTG-4T-REAR-BODY-MOUNTINGS,Standard Selling,614083.00,Set,UGX,1,0,Source VAT: 110535.00; source inclusive: 724618.00; arithmetic delta: 0.00,docs/item details.csv
,ASM-NISSAN-VEHICLES-YD25-ENGINE-MALE-ASSY-HOOD-BONNET-LOCK,Standard Selling,264487.00,PCS,UGX,1,0,Source VAT: 47608.00; source inclusive: 312095.00; arithmetic delta: 0.00,docs/item details.csv
,ASM-NISSAN-VEHICLES-YD25-ENGINE-RUB-BMPR-HOOD-FRONT-BONNET-RUBBERS,Standard Selling,8567.00,PCS,UGX,1,0,Source VAT: 1542.00; source inclusive: 10109.00; arithmetic delta: 0.00,docs/item details.csv
,ASM-NISSAN-VEHICLES-YD25-ENGINE-BMPR-HOODLEDGE-BONNET-SIDE-RUBBERS,Standard Selling,11335.00,PCS,UGX,1,0,Source VAT: 2040.00; source inclusive: 13375.00; arithmetic delta: 0.00,docs/item details.csv
,ASM-NISSAN-VEHICLES-YD25-ENGINE-PANEL-ASSY-INST-BONNET,Standard Selling,2376813.00,PCS,UGX,1,0,Source VAT: 427826.00; source inclusive: 2804640.00; arithmetic delta: -1.00,docs/item details.csv
,ASM-NISSAN-VEHICLES-YD25-ENGINE-FLOOR-MATS-RUBBER,Standard Selling,197935.00,Set,UGX,1,0,Source VAT: 35628.00; source inclusive: 233564.00; arithmetic delta: -1.00,docs/item details.csv
,ASM-NISSAN-VEHICLES-YD25-ENGINE-CHECK-LINK-FR-D-SEAL,Standard Selling,386892.00,PCS,UGX,1,0,Source VAT: 69641.00; source inclusive: 456533.00; arithmetic delta: 0.00,docs/item details.csv
,ASM-NISSAN-VEHICLES-YD25-ENGINE-HORN-ASSY-LOW-TONE-HORN,Standard Selling,509877.00,PCS,UGX,1,0,Source VAT: 91778.00; source inclusive: 601655.00; arithmetic delta: 0.00,docs/item details.csv
,ASM-NISSAN-VEHICLES-YD25-ENGINE-HORN-ASSY-HIGH-HIGH-TONE-HORN,Standard Selling,427126.00,PCS,UGX,1,0,Source VAT: 76883.00; source inclusive: 504009.00; arithmetic delta: 0.00,docs/item details.csv
,ASM-NISSAN-VEHICLES-YD25-ENGINE-BASE-FLAT-GASKET,Standard Selling,26842.00,PCS,UGX,1,0,Source VAT: 4831.00; source inclusive: 31673.00; arithmetic delta: 0.00,docs/item details.csv
,ASM-NISSAN-VEHICLES-YD25-ENGINE-VAD-ROLL-BAR-D-CENTRAL-LOCK-SWITCH,Standard Selling,4336339.00,PCS,UGX,1,0,Source VAT: 780541.00; source inclusive: 5116880.00; arithmetic delta: 0.00,docs/item details.csv
,ASM-NISSAN-VEHICLES-YD25-ENGINE-FIRST-AID-KIT,Standard Selling,742258.00,PCS,UGX,1,0,Source VAT: 133606.00; source inclusive: 875865.00; arithmetic delta: -1.00,docs/item details.csv
,ASM-NISSAN-VEHICLES-YD25-ENGINE-VAD-CMPL-SLIDE-SIDE-STEP-RH,Standard Selling,1288506.00,PCS,UGX,1,0,Source VAT: 231931.00; source inclusive: 1520437.00; arithmetic delta: 0.00,docs/item details.csv
,ASM-NISSAN-VEHICLES-YD25-ENGINE-VAD-CMPL-SLIDE-SIDE-STEP-LH,Standard Selling,1288618.00,PCS,UGX,1,0,Source VAT: 231951.00; source inclusive: 1520569.00; arithmetic delta: 0.00,docs/item details.csv
,ASM-NISSAN-VEHICLES-YD25-ENGINE-BOLT-STOP-STOPPER-BOLT,Standard Selling,113576.00,PCS,UGX,1,0,Source VAT: 20444.00; source inclusive: 134020.00; arithmetic delta: 0.00,docs/item details.csv
,ASM-NISSAN-VEHICLES-YD25-ENGINE-CAP-BOLT-STRG-S,Standard Selling,79234.00,PCS,UGX,1,0,Source VAT: 14262.00; source inclusive: 93496.00; arithmetic delta: 0.00,docs/item details.csv
,ASM-NISSAN-VEHICLES-YD25-ENGINE-FIRE-EXTINGUISHER,Standard Selling,170968.00,PCS,UGX,1,0,Source VAT: 30774.00; source inclusive: 201742.00; arithmetic delta: 0.00,docs/item details.csv
,ASM-NISSAN-VEHICLES-YD25-ENGINE-ENGINE-OIL-DIESEL-ENGINE-OIL,Standard Selling,126849.00,Litre,UGX,1,0,Source VAT: 22833.00; source inclusive: 149682.00; arithmetic delta: 0.00,docs/item details.csv
,ASM-NISSAN-VEHICLES-YD25-ENGINE-BRAKE-FLUID,Standard Selling,19090.00,0.25L,UGX,1,0,Source VAT: 3436.00; source inclusive: 22526.00; arithmetic delta: 0.00,docs/item details.csv
,ASM-NISSAN-VEHICLES-YD25-ENGINE-TRANSMISSION-OIL-GL4-75-W85,Standard Selling,468538.00,Litre,UGX,1,0,Source VAT: 84337.00; source inclusive: 552875.00; arithmetic delta: 0.00,docs/item details.csv
,ASM-NISSAN-VEHICLES-YD25-ENGINE-COOLANT-TOTAL,Standard Selling,422592.00,Litre,UGX,1,0,Source VAT: 76067.00; source inclusive: 498659.00; arithmetic delta: 0.00,docs/item details.csv
,ASM-NISSAN-VEHICLES-YD25-ENGINE-ATF-FLUIDMATIC-D2-1L,Standard Selling,178621.00,Litre,UGX,1,0,Source VAT: 32152.00; source inclusive: 210773.00; arithmetic delta: 0.00,docs/item details.csv
,ASM-NISSAN-VEHICLES-YD25-ENGINE-SUNDRY,Standard Selling,32264.00,Unit,UGX,1,0,Source VAT: 5808.00; source inclusive: 38072.00; arithmetic delta: 0.00,docs/item details.csv
,ASM-NISSAN-VEHICLES-YD25-ENGINE-FILTER-ASSY-OIL,Standard Selling,116319.00,PCS,UGX,1,0,Source VAT: 20938.00; source inclusive: 137257.00; arithmetic delta: 0.00,docs/item details.csv
,ASM-NISSAN-VEHICLES-YD25-ENGINE-FILTER-ASSY-FUE,Standard Selling,147770.00,PCS,UGX,1,0,Source VAT: 26599.00; source inclusive: 174369.00; arithmetic delta: 0.00,docs/item details.csv
,ASM-NISSAN-VEHICLES-YD25-ENGINE-ELEMENT-ASSY,Standard Selling,212551.00,PCS,UGX,1,0,Source VAT: 38259.00; source inclusive: 250810.00; arithmetic delta: 0.00,docs/item details.csv
,ASM-NISSAN-VEHICLES-YD25-ENGINE-GEAR-OIL-HYPOID-1L,Standard Selling,300559.00,Litre,UGX,1,0,Source VAT: 54101.00; source inclusive: 354660.00; arithmetic delta: 0.00,docs/item details.csv
,ASM-NISSAN-VEHICLES-YD25-ENGINE-WASHER-DRAIN,Standard Selling,6274.00,PCS,UGX,1,0,Source VAT: 1129.00; source inclusive: 7403.00; arithmetic delta: 0.00,docs/item details.csv
,ASM-NISSAN-VEHICLES-YD25-ENGINE-LABOUR,Standard Selling,53100.00,Hour,UGX,1,0,Source VAT: 9558.00; source inclusive: 62658.00; arithmetic delta: 0.00,docs/item details.csv
,ASM-NISSAN-VEHICLES-YD25-ENGINE-WHEEL-ALIGNMENT,Standard Selling,64900.00,Unit,UGX,1,0,Source VAT: 11682.00; source inclusive: 76582.00; arithmetic delta: 0.00,docs/item details.csv
,ASM-NISSAN-VEHICLES-YD25-ENGINE-WHEEL-BALANCING-PER-TYRE,Standard Selling,62304.00,Unit,UGX,1,0,Source VAT: 11215.00; source inclusive: 73519.00; arithmetic delta: 0.00,docs/item details.csv
,ASM-NISSAN-VEHICLES-KA24-ENGINE-PAD-KIT-DISC-BRAKE-PADS-FRONT,Standard Selling,627074.09,PCS,UGX,1,0,Source VAT: 112873.34; source inclusive: 739947.43; arithmetic delta: -0.00,docs/item details.csv
,ASM-NISSAN-VEHICLES-KA24-ENGINE-SHOE-SET-REAR-BRAKE-SHOES,Standard Selling,590510.77,PCS,UGX,1,0,Source VAT: 106291.94; source inclusive: 696802.70; arithmetic delta: 0.01,docs/item details.csv
,ASM-NISSAN-VEHICLES-KA24-ENGINE-BOOSTER-ASSY-MA-BRAKE-BOOSTER,Standard Selling,5083422.05,PCS,UGX,1,0,Source VAT: 915015.97; source inclusive: 5998438.02; arithmetic delta: 0.00,docs/item details.csv
,ASM-NISSAN-VEHICLES-KA24-ENGINE-ROTOR-DISC-BRAK-FRONT-ROTOR-DISCS,Standard Selling,1776553.66,Set,UGX,1,0,Source VAT: 319779.66; source inclusive: 2096333.32; arithmetic delta: -0.00,docs/item details.csv
,ASM-NISSAN-VEHICLES-KA24-ENGINE-DISC-SKIMMING,Standard Selling,209677.42,Set,UGX,1,0,Source VAT: 37741.94; source inclusive: 247419.35; arithmetic delta: 0.01,docs/item details.csv
,ASM-NISSAN-VEHICLES-KA24-ENGINE-DRUM-4X4-AND-HI-BRAKE-DRUM,Standard Selling,2174175.53,PCS,UGX,1,0,Source VAT: 391351.59; source inclusive: 2565527.12; arithmetic delta: -0.00,docs/item details.csv
,ASM-NISSAN-VEHICLES-KA24-ENGINE-DRUM-SKIMMING,Standard Selling,209677.42,Set,UGX,1,0,Source VAT: 37741.94; source inclusive: 247419.35; arithmetic delta: 0.01,docs/item details.csv
,ASM-NISSAN-VEHICLES-KA24-ENGINE-BOLT-PIN-CALIPPER-BOLTS,Standard Selling,189268.26,Set,UGX,1,0,Source VAT: 34068.29; source inclusive: 223336.54; arithmetic delta: 0.01,docs/item details.csv
,ASM-NISSAN-VEHICLES-KA24-ENGINE-CYL-ASSY-CLUTCH,Standard Selling,356867.35,PCS,UGX,1,0,Source VAT: 64236.12; source inclusive: 421103.48; arithmetic delta: -0.01,docs/item details.csv
,ASM-NISSAN-VEHICLES-KA24-ENGINE-CYL-ASSY-CLUTCH-2,Standard Selling,693682.43,PCS,UGX,1,0,Source VAT: 124862.84; source inclusive: 818545.27; arithmetic delta: 0.00,docs/item details.csv
,ASM-NISSAN-VEHICLES-KA24-ENGINE-CALIPER-ASSY-BR-BRAKE-CALIPER,Standard Selling,2478938.63,PCS,UGX,1,0,Source VAT: 446208.95; source inclusive: 2925147.59; arithmetic delta: -0.01,docs/item details.csv
,ASM-NISSAN-VEHICLES-KA24-ENGINE-CABLE-COMPL-P-HAND-BRAKE-CABLE-SHORT,Standard Selling,967566.60,PCS,UGX,1,0,Source VAT: 174161.99; source inclusive: 1141728.59; arithmetic delta: -0.00,docs/item details.csv
,ASM-NISSAN-VEHICLES-KA24-ENGINE-DVC-ASSY-PKB-C-HANDBRAKE-CABLE-LONG,Standard Selling,939826.27,PCS,UGX,1,0,Source VAT: 169168.73; source inclusive: 1108995.00; arithmetic delta: 0.00,docs/item details.csv
,ASM-NISSAN-VEHICLES-KA24-ENGINE-PACK-BRAKE-SHIMS,Standard Selling,145834.85,PCS,UGX,1,0,Source VAT: 26250.27; source inclusive: 172085.12; arithmetic delta: 0.00,docs/item details.csv
,ASM-NISSAN-VEHICLES-KA24-ENGINE-SPACER-VACUUM-BOOST-BRAKE-SERVO-BOLT,Standard Selling,38424.31,PCS,UGX,1,0,Source VAT: 6916.38; source inclusive: 45340.69; arithmetic delta: -0.00,docs/item details.csv
,ASM-NISSAN-VEHICLES-KA24-ENGINE-BRAKE-PAD-PLATES,Standard Selling,701783.38,Set,UGX,1,0,Source VAT: 126321.01; source inclusive: 828104.39; arithmetic delta: 0.00,docs/item details.csv
,ASM-NISSAN-VEHICLES-KA24-ENGINE-ABS-SENSOR,Standard Selling,2895091.03,PCS,UGX,1,0,Source VAT: 521116.39; source inclusive: 3416207.42; arithmetic delta: 0.00,docs/item details.csv
,ASM-NISSAN-VEHICLES-KA24-ENGINE-DRIVE-SHAFT-BOOT,Standard Selling,575429.08,PCS,UGX,1,0,Source VAT: 103577.23; source inclusive: 679006.32; arithmetic delta: -0.01,docs/item details.csv
,ASM-NISSAN-VEHICLES-KA24-ENGINE-SEAL-HUB-FRONT-FRONT-GREASE-SEALS,Standard Selling,145549.51,Set,UGX,1,0,Source VAT: 26198.91; source inclusive: 171748.42; arithmetic delta: 0.00,docs/item details.csv
,ASM-NISSAN-VEHICLES-KA24-ENGINE-BEARING-ASSY-FR-WHEEL-BEARINGS-INNER,Standard Selling,443528.13,Set,UGX,1,0,Source VAT: 79835.06; source inclusive: 523363.19; arithmetic delta: 0.00,docs/item details.csv
,ASM-NISSAN-VEHICLES-KA24-ENGINE-BEARING-KLM3008-WHEEL-BEARINGS-OUTER,Standard Selling,988031.37,Set,UGX,1,0,Source VAT: 177845.65; source inclusive: 1165877.01; arithmetic delta: 0.01,docs/item details.csv
,ASM-NISSAN-VEHICLES-KA24-ENGINE-SHAFT-ASSY-FRON-DRIVE-SHAFT,Standard Selling,7649290.92,Set,UGX,1,0,Source VAT: 1376872.37; source inclusive: 9026163.29; arithmetic delta: 0.00,docs/item details.csv
,ASM-NISSAN-VEHICLES-KA24-ENGINE-ORNAMENT-ROAD-C-HUB-CAP,Standard Selling,176206.53,PCS,UGX,1,0,Source VAT: 31717.18; source inclusive: 207923.70; arithmetic delta: 0.01,docs/item details.csv
,ASM-NISSAN-VEHICLES-KA24-ENGINE-LEVER-COMPLETE-ACCELERATOR-PEDAL,Standard Selling,2540442.89,PCS,UGX,1,0,Source VAT: 457279.72; source inclusive: 2997722.61; arithmetic delta: 0.00,docs/item details.csv
,ASM-NISSAN-VEHICLES-KA24-ENGINE-CYL-ASSY-RR-WHE-WHEEL-CYLINDER,Standard Selling,968153.11,Set,UGX,1,0,Source VAT: 174267.56; source inclusive: 1142420.67; arithmetic delta: 0.00,docs/item details.csv
,ASM-NISSAN-VEHICLES-KA24-ENGINE-NUT-WHEEL-LOCK-NUT,Standard Selling,124118.13,PCS,UGX,1,0,Source VAT: 22341.26; source inclusive: 146459.39; arithmetic delta: 0.00,docs/item details.csv
,ASM-NISSAN-VEHICLES-KA24-ENGINE-WASH-LOCK-WHEEL-WHEEL-HUB-WASHERS,Standard Selling,87057.06,PCS,UGX,1,0,Source VAT: 15670.27; source inclusive: 102727.33; arithmetic delta: 0.00,docs/item details.csv
,ASM-NISSAN-VEHICLES-KA24-ENGINE-SCR-TRUSS-HD-WHEEL-HUB-SCREW,Standard Selling,22889.73,Set,UGX,1,0,Source VAT: 4120.15; source inclusive: 27009.88; arithmetic delta: -0.00,docs/item details.csv
,ASM-NISSAN-VEHICLES-KA24-ENGINE-COMP-BRG-NEEDLE-WHEEL-HUB-LOCK-NUT,Standard Selling,178869.60,PCS,UGX,1,0,Source VAT: 32196.53; source inclusive: 211066.13; arithmetic delta: 0.00,docs/item details.csv
,ASM-NISSAN-VEHICLES-KA24-ENGINE-HUB-ASSY-AUTO-F-FREE-RUNNING-HUB,Standard Selling,4881409.08,Set,UGX,1,0,Source VAT: 878653.63; source inclusive: 5760062.71; arithmetic delta: 0.00,docs/item details.csv
,ASM-NISSAN-VEHICLES-KA24-ENGINE-BELT-ALTNTR,Standard Selling,355800.18,PCS,UGX,1,0,Source VAT: 64044.03; source inclusive: 419844.22; arithmetic delta: -0.01,docs/item details.csv
,ASM-NISSAN-VEHICLES-KA24-ENGINE-BELT-COMPRESSOR,Standard Selling,89498.20,PCS,UGX,1,0,Source VAT: 16109.68; source inclusive: 105607.88; arithmetic delta: 0.00,docs/item details.csv
,ASM-NISSAN-VEHICLES-KA24-ENGINE-BELT-POWER-STEE,Standard Selling,71665.14,PCS,UGX,1,0,Source VAT: 12899.73; source inclusive: 84564.87; arithmetic delta: 0.00,docs/item details.csv
,ASM-NISSAN-VEHICLES-KA24-ENGINE-GUIDE-CHAIN-TEN-GUIDE-CHAIN-TENSIONER-SM,Standard Selling,42371.35,PCS,UGX,1,0,Source VAT: 7626.84; source inclusive: 49998.20; arithmetic delta: -0.01,docs/item details.csv
,ASM-NISSAN-VEHICLES-KA24-ENGINE-GUIDE-CHAIN-TEN-GUIDE-CHAIN-TENSIONER-BI,Standard Selling,67575.43,PCS,UGX,1,0,Source VAT: 12163.58; source inclusive: 79739.01; arithmetic delta: 0.00,docs/item details.csv
,ASM-NISSAN-VEHICLES-KA24-ENGINE-CHAIN-TIMING-CA-TIMING-CHAIN-LOOSE-END,Standard Selling,623380.53,PCS,UGX,1,0,Source VAT: 112208.50; source inclusive: 735589.02; arithmetic delta: 0.01,docs/item details.csv
,ASM-NISSAN-VEHICLES-KA24-ENGINE-CHAIN-TIMING-CA-TIMING-CHAIN-TENSION-END,Standard Selling,473963.23,PCS,UGX,1,0,Source VAT: 85313.38; source inclusive: 559276.61; arithmetic delta: 0.00,docs/item details.csv
,ASM-NISSAN-VEHICLES-KA24-ENGINE-TENSION-CHAIN,Standard Selling,362811.72,PCS,UGX,1,0,Source VAT: 65306.11; source inclusive: 428117.83; arithmetic delta: -0.00,docs/item details.csv
,ASM-NISSAN-VEHICLES-KA24-ENGINE-SEAL-OIL-CRANKS-CRANKSHAFT-OIL-SEAL-FRONT,Standard Selling,108551.85,PCS,UGX,1,0,Source VAT: 19539.33; source inclusive: 128091.18; arithmetic delta: 0.00,docs/item details.csv
,ASM-NISSAN-VEHICLES-KA24-ENGINE-SEAL-OIL-CRANKS-CRANKSHAFT-OIL-SEAL-REAR,Standard Selling,187397.77,PCS,UGX,1,0,Source VAT: 33731.60; source inclusive: 221129.36; arithmetic delta: 0.01,docs/item details.csv
,ASM-NISSAN-VEHICLES-KA24-ENGINE-HEAD-CYLINDER-CYLINDER-HEAD,Standard Selling,7098954.62,PCS,UGX,1,0,Source VAT: 1277811.83; source inclusive: 8376766.45; arithmetic delta: 0.00,docs/item details.csv
,ASM-NISSAN-VEHICLES-KA24-ENGINE-CYLINDER-HEAD-REFACING,Standard Selling,1174193.56,PCS,UGX,1,0,Source VAT: 211354.84; source inclusive: 1385548.40; arithmetic delta: 0.00,docs/item details.csv
,ASM-NISSAN-VEHICLES-KA24-ENGINE-GASKET-CYLINDER-CYLINDE-HEAD-GASKET,Standard Selling,336497.29,PCS,UGX,1,0,Source VAT: 60569.51; source inclusive: 397066.80; arithmetic delta: 0.00,docs/item details.csv
,ASM-NISSAN-VEHICLES-KA24-ENGINE-GASKET-ROCKER-C-ROCKER-COVER-GASKET,Standard Selling,151351.20,PCS,UGX,1,0,Source VAT: 27243.22; source inclusive: 178594.42; arithmetic delta: 0.00,docs/item details.csv
,ASM-NISSAN-VEHICLES-KA24-ENGINE-INSULATOR-ENGIN-ENGINE-MOUNTING-REAR,Standard Selling,2893902.15,PCS,UGX,1,0,Source VAT: 520902.39; source inclusive: 3414804.54; arithmetic delta: 0.00,docs/item details.csv
,ASM-NISSAN-VEHICLES-KA24-ENGINE-INSULATOR-ENG-M-ENGINE-MOUNTING-FRONT,Standard Selling,646761.66,PCS,UGX,1,0,Source VAT: 116417.10; source inclusive: 763178.75; arithmetic delta: 0.01,docs/item details.csv
,ASM-NISSAN-VEHICLES-KA24-ENGINE-PLUG-DRAIN,Standard Selling,19893.77,PCS,UGX,1,0,Source VAT: 3580.88; source inclusive: 23474.65; arithmetic delta: 0.00,docs/item details.csv
,ASM-NISSAN-VEHICLES-KA24-ENGINE-ENGINE-BARE-COMPLETE-ENGINE-ASSY,Standard Selling,84732434.88,PCS,UGX,1,0,Source VAT: 15251838.28; source inclusive: 99984273.16; arithmetic delta: 0.00,docs/item details.csv
,ASM-NISSAN-VEHICLES-KA24-ENGINE-RING-SET-PISTON-PISTON-RINGS,Standard Selling,1843336.51,Set,UGX,1,0,Source VAT: 331800.57; source inclusive: 2175137.08; arithmetic delta: 0.00,docs/item details.csv
,ASM-NISSAN-VEHICLES-KA24-ENGINE-PISTON-WITH-PIN-PISTON,Standard Selling,4677810.97,Set,UGX,1,0,Source VAT: 842005.97; source inclusive: 5519816.94; arithmetic delta: -0.00,docs/item details.csv
,ASM-NISSAN-VEHICLES-KA24-ENGINE-BEARING-SET-MAIN-BEARINGS,Standard Selling,254862.23,Set,UGX,1,0,Source VAT: 45875.20; source inclusive: 300737.44; arithmetic delta: -0.01,docs/item details.csv
,ASM-NISSAN-VEHICLES-KA24-ENGINE-BUSHING-SET-CON-PIECE-BEARINGS,Standard Selling,106110.69,Set,UGX,1,0,Source VAT: 19099.92; source inclusive: 125210.62; arithmetic delta: -0.01,docs/item details.csv
,ASM-NISSAN-VEHICLES-KA24-ENGINE-BLOCK-SLEEVE,Standard Selling,1258064.52,Set,UGX,1,0,Source VAT: 226451.61; source inclusive: 1484516.14; arithmetic delta: -0.01,docs/item details.csv
,ASM-NISSAN-VEHICLES-KA24-ENGINE-GASKET-ENGINE-OVERHAUL-GASKET-KIT,Standard Selling,1286960.76,PCS,UGX,1,0,Source VAT: 231652.94; source inclusive: 1518613.69; arithmetic delta: 0.01,docs/item details.csv
,ASM-NISSAN-VEHICLES-KA24-ENGINE-ROD-COMP-CON-CONNECTING-RODS,Standard Selling,3540869.88,Set,UGX,1,0,Source VAT: 637356.58; source inclusive: 4178226.46; arithmetic delta: 0.00,docs/item details.csv
,ASM-NISSAN-VEHICLES-KA24-ENGINE-PUMP-INJECTION-INJECTOR-PUMP,Standard Selling,9990431.47,PCS,UGX,1,0,Source VAT: 1798277.67; source inclusive: 11788709.14; arithmetic delta: 0.00,docs/item details.csv
,ASM-NISSAN-VEHICLES-KA24-ENGINE-INJECTOR-PUMP-SERVICE,Standard Selling,7758064.52,PCS,UGX,1,0,Source VAT: 1396451.61; source inclusive: 9154516.14; arithmetic delta: -0.01,docs/item details.csv
,ASM-NISSAN-VEHICLES-KA24-ENGINE-FLUID-GASKET-SEALANT-TUBE,Standard Selling,525512.67,PCS,UGX,1,0,Source VAT: 94592.28; source inclusive: 620104.95; arithmetic delta: 0.00,docs/item details.csv
,ASM-NISSAN-VEHICLES-KA24-ENGINE-FAN-COOLING,Standard Selling,660314.78,PCS,UGX,1,0,Source VAT: 118856.66; source inclusive: 779171.45; arithmetic delta: -0.01,docs/item details.csv
,ASM-NISSAN-VEHICLES-KA24-ENGINE-CANSHAFT-PULLEY,Standard Selling,453126.14,PCS,UGX,1,0,Source VAT: 81562.70; source inclusive: 534688.84; arithmetic delta: 0.00,docs/item details.csv
,ASM-NISSAN-VEHICLES-KA24-ENGINE-CRANKSHAFT-PULLEY,Standard Selling,918629.97,PCS,UGX,1,0,Source VAT: 165353.40; source inclusive: 1083983.37; arithmetic delta: -0.00,docs/item details.csv
,ASM-NISSAN-VEHICLES-KA24-ENGINE-FAN-ASSY-COND-AC-FAN-SHROUD,Standard Selling,259570.15,PCS,UGX,1,0,Source VAT: 46722.63; source inclusive: 306292.78; arithmetic delta: -0.00,docs/item details.csv
,ASM-NISSAN-VEHICLES-KA24-ENGINE-SHROUD-RAD-LOWE-COOLING-FAN-SHROUD,Standard Selling,841625.54,PCS,UGX,1,0,Source VAT: 151492.60; source inclusive: 993118.14; arithmetic delta: 0.00,docs/item details.csv
,ASM-NISSAN-VEHICLES-KA24-ENGINE-RADIATOR-ASSY,Standard Selling,4720807.36,PCS,UGX,1,0,Source VAT: 849745.33; source inclusive: 5570552.69; arithmetic delta: 0.00,docs/item details.csv
,ASM-NISSAN-VEHICLES-KA24-ENGINE-CAP-ASSY-PRESSU-RADIATOR-CAP,Standard Selling,62693.13,PCS,UGX,1,0,Source VAT: 11284.76; source inclusive: 73977.89; arithmetic delta: 0.00,docs/item details.csv
,ASM-NISSAN-VEHICLES-KA24-ENGINE-MOUNTING-RUBBER-UPPER-RADIATOR-MOUNTI,Standard Selling,65847.60,Set,UGX,1,0,Source VAT: 11852.57; source inclusive: 77700.17; arithmetic delta: 0.00,docs/item details.csv
,ASM-NISSAN-VEHICLES-KA24-ENGINE-RUBBER-MOUNTING-LOWER-RADIATOR-MOUNTI,Standard Selling,52722.46,Set,UGX,1,0,Source VAT: 9490.04; source inclusive: 62212.50; arithmetic delta: 0.00,docs/item details.csv
,ASM-NISSAN-VEHICLES-KA24-ENGINE-HOSE-RESERVE-TA-RESERVE-TANK-PIPE,Standard Selling,27930.54,PCS,UGX,1,0,Source VAT: 5027.50; source inclusive: 32958.04; arithmetic delta: 0.00,docs/item details.csv
,ASM-NISSAN-VEHICLES-KA24-ENGINE-NOZZLE-WASHER-WIPER-NOZZLES,Standard Selling,114321.83,Set,UGX,1,0,Source VAT: 20577.93; source inclusive: 134899.77; arithmetic delta: -0.01,docs/item details.csv
,ASM-NISSAN-VEHICLES-KA24-ENGINE-TANK-ASSY-RESER-RESERVOIR-TANK,Standard Selling,370499.76,PCS,UGX,1,0,Source VAT: 66689.96; source inclusive: 437189.71; arithmetic delta: 0.01,docs/item details.csv
,ASM-NISSAN-VEHICLES-KA24-ENGINE-BODY-CLEANER-AIR-CLEANER-HOUSING,Standard Selling,865212.74,PCS,UGX,1,0,Source VAT: 155738.29; source inclusive: 1020951.04; arithmetic delta: -0.01,docs/item details.csv
,ASM-NISSAN-VEHICLES-KA24-ENGINE-PUMP-ASSY-WATER-WATER-PUMP,Standard Selling,1967835.07,PCS,UGX,1,0,Source VAT: 354210.31; source inclusive: 2322045.39; arithmetic delta: -0.01,docs/item details.csv
,ASM-NISSAN-VEHICLES-KA24-ENGINE-WATER-TEMPERATURE-SENSOR,Standard Selling,166293.00,PCS,UGX,1,0,Source VAT: 29932.74; source inclusive: 196225.74; arithmetic delta: 0.00,docs/item details.csv
,ASM-NISSAN-VEHICLES-KA24-ENGINE-ENGINE-COOLANT,Standard Selling,199841.28,PCS,UGX,1,0,Source VAT: 35971.43; source inclusive: 235812.71; arithmetic delta: 0.00,docs/item details.csv
,ASM-NISSAN-VEHICLES-KA24-ENGINE-GASKET-WATER-PU-WATER-PUMP-GASKET,Standard Selling,30181.47,PCS,UGX,1,0,Source VAT: 5432.66; source inclusive: 35614.14; arithmetic delta: -0.01,docs/item details.csv
,ASM-NISSAN-VEHICLES-KA24-ENGINE-TANK-ASSY-WS-WASH-WIPER-TANK-TANK,Standard Selling,185083.43,PCS,UGX,1,0,Source VAT: 33315.02; source inclusive: 218398.45; arithmetic delta: -0.00,docs/item details.csv
,ASM-NISSAN-VEHICLES-KA24-ENGINE-CAP-ASSY-OIL-FI-OIL-FILLER-CAP,Standard Selling,29615.86,PCS,UGX,1,0,Source VAT: 5330.85; source inclusive: 34946.71; arithmetic delta: 0.00,docs/item details.csv
,ASM-NISSAN-VEHICLES-KA24-ENGINE-HOSE-WATER-OIL-COOLER-PIPE,Standard Selling,96726.54,PCS,UGX,1,0,Source VAT: 17410.78; source inclusive: 114137.32; arithmetic delta: -0.00,docs/item details.csv
,ASM-NISSAN-VEHICLES-KA24-ENGINE-COOLER-OIL-OIL-COOLER,Standard Selling,6421345.73,PCS,UGX,1,0,Source VAT: 1155842.23; source inclusive: 7577187.96; arithmetic delta: 0.00,docs/item details.csv
,ASM-NISSAN-VEHICLES-KA24-ENGINE-STRAINER-OIL-OIL-STRAINER,Standard Selling,228786.33,PCS,UGX,1,0,Source VAT: 41181.54; source inclusive: 269967.87; arithmetic delta: 0.00,docs/item details.csv
,ASM-NISSAN-VEHICLES-KA24-ENGINE-GAUGE-OIL-LEVEL-DIPSTICK,Standard Selling,86740.03,PCS,UGX,1,0,Source VAT: 15613.21; source inclusive: 102353.24; arithmetic delta: -0.00,docs/item details.csv
,ASM-NISSAN-VEHICLES-KA24-ENGINE-PAN-ASSY-OIL-OIL-PAN,Standard Selling,858364.85,PCS,UGX,1,0,Source VAT: 154505.67; source inclusive: 1012870.52; arithmetic delta: 0.00,docs/item details.csv
,ASM-NISSAN-VEHICLES-KA24-ENGINE-BRACKET-OIL-FIL-OIL-FILTER-BRACKET,Standard Selling,449710.26,PCS,UGX,1,0,Source VAT: 80947.85; source inclusive: 530658.10; arithmetic delta: 0.01,docs/item details.csv
,ASM-NISSAN-VEHICLES-KA24-ENGINE-WASHER-DRAIN-DRAIN-PLUG-WASHER,Standard Selling,6911.31,PCS,UGX,1,0,Source VAT: 1244.04; source inclusive: 8155.34; arithmetic delta: 0.01,docs/item details.csv
,ASM-NISSAN-VEHICLES-KA24-ENGINE-SPARK-PLUGS,Standard Selling,114180.50,PCS,UGX,1,0,Source VAT: 20552.49; source inclusive: 134732.99; arithmetic delta: 0.00,docs/item details.csv
,ASM-NISSAN-VEHICLES-KA24-ENGINE-MFLR-ASSY-EXHAUST-PIPE-COMPLETE-SILENCERS-PIPES-ETC,Standard Selling,1101766.35,PCS,UGX,1,0,Source VAT: 198317.94; source inclusive: 1300084.29; arithmetic delta: 0.00,docs/item details.csv
,ASM-NISSAN-VEHICLES-KA24-ENGINE-CONVERTER-ASSY-CATALYTIC-CONVERTER,Standard Selling,5235470.71,PCS,UGX,1,0,Source VAT: 942384.73; source inclusive: 6177855.44; arithmetic delta: -0.00,docs/item details.csv
,ASM-NISSAN-VEHICLES-KA24-ENGINE-EXHAUST-TUBE-TUBE-EXHAUST-FR,Standard Selling,1551474.84,PCS,UGX,1,0,Source VAT: 279265.47; source inclusive: 1830740.31; arithmetic delta: 0.00,docs/item details.csv
,ASM-NISSAN-VEHICLES-KA24-ENGINE-BOLT-HEX-HD-EXHAUST-BOLT,Standard Selling,104874.27,PCS,UGX,1,0,Source VAT: 18877.37; source inclusive: 123751.64; arithmetic delta: 0.00,docs/item details.csv
,ASM-NISSAN-VEHICLES-KA24-ENGINE-SCR-HEX-HD-PP-W-EXHAUST-BOLT,Standard Selling,47745.06,Set,UGX,1,0,Source VAT: 8594.11; source inclusive: 56339.17; arithmetic delta: 0.00,docs/item details.csv
,ASM-NISSAN-VEHICLES-KA24-ENGINE-CLAMP-EXH-MTG-EXHAUST-CLAMP,Standard Selling,187587.98,PCS,UGX,1,0,Source VAT: 33765.84; source inclusive: 221353.82; arithmetic delta: 0.00,docs/item details.csv
,ASM-NISSAN-VEHICLES-KA24-ENGINE-GASKET-EXHAUST-BIG-EXHAUST-MANIFOLD-GASKET,Standard Selling,203341.93,PCS,UGX,1,0,Source VAT: 36601.55; source inclusive: 239943.48; arithmetic delta: -0.00,docs/item details.csv
,ASM-NISSAN-VEHICLES-KA24-ENGINE-GASKET-EXHAUST-PIPE-CONNECTOR-GASKET,Standard Selling,63666.82,PCS,UGX,1,0,Source VAT: 11460.03; source inclusive: 53954.93; arithmetic delta: 21171.92,docs/item details.csv
,ASM-NISSAN-VEHICLES-KA24-ENGINE-BRACKET-EXH-M-EXHAUST-MOUNTING-BRACKET,Standard Selling,105191.31,PCS,UGX,1,0,Source VAT: 18934.44; source inclusive: 124125.74; arithmetic delta: 0.01,docs/item details.csv
,ASM-NISSAN-VEHICLES-KA24-ENGINE-INSUL-EXH-MTG-EXHAUST-MOUNTING,Standard Selling,176000.46,PCS,UGX,1,0,Source VAT: 31680.08; source inclusive: 207680.54; arithmetic delta: -0.00,docs/item details.csv
,ASM-NISSAN-VEHICLES-KA24-ENGINE-MNTG-BRACKET-EXHAUST-MOUNTING-FRONT,Standard Selling,125830.11,PCS,UGX,1,0,Source VAT: 22649.42; source inclusive: 148479.53; arithmetic delta: 0.00,docs/item details.csv
,ASM-NISSAN-VEHICLES-KA24-ENGINE-BRKT-EXH-MTG-EXHAUST-PIPE-BRACKET,Standard Selling,30149.77,PCS,UGX,1,0,Source VAT: 5426.96; source inclusive: 35576.72; arithmetic delta: 0.01,docs/item details.csv
,ASM-NISSAN-VEHICLES-KA24-ENGINE-INSUL-HEAT-EXH-EXHAUST-INSULATOR,Standard Selling,35333.25,PCS,UGX,1,0,Source VAT: 6359.99; source inclusive: 41693.24; arithmetic delta: 0.00,docs/item details.csv
,ASM-NISSAN-VEHICLES-KA24-ENGINE-INJECTOR-FUEL-INJECTOR-NOZZLE-COMPLETE,Standard Selling,17597192.52,Set,UGX,1,0,Source VAT: 3167494.65; source inclusive: 20764687.18; arithmetic delta: -0.01,docs/item details.csv
,ASM-NISSAN-VEHICLES-KA24-ENGINE-16401-VC10C-COVER-UPPER-FUEL-LIFT-PUMP,Standard Selling,270614.16,PCS,UGX,1,0,Source VAT: 48710.55; source inclusive: 319324.71; arithmetic delta: -0.00,docs/item details.csv
,ASM-NISSAN-VEHICLES-KA24-ENGINE-GASKET-NOZZLE-INJECTOR-NOZZLE-SEAL,Standard Selling,65689.08,Set,UGX,1,0,Source VAT: 11824.03; source inclusive: 77513.11; arithmetic delta: 0.00,docs/item details.csv
,ASM-NISSAN-VEHICLES-KA24-ENGINE-TUBE-ASSY-FUEL-FUEL-RETURN-PIPE,Standard Selling,4847597.60,PCS,UGX,1,0,Source VAT: 872567.57; source inclusive: 5720165.17; arithmetic delta: 0.00,docs/item details.csv
,ASM-NISSAN-VEHICLES-KA24-ENGINE-TUBE-ASSY-INJEC-FUEL-RAIL,Standard Selling,385400.26,PCS,UGX,1,0,Source VAT: 69372.05; source inclusive: 454772.31; arithmetic delta: 0.00,docs/item details.csv
,ASM-NISSAN-VEHICLES-KA24-ENGINE-TUBE-INJECTION-FUEL-RAIL-PIPE1,Standard Selling,248585.00,PCS,UGX,1,0,Source VAT: 44745.30; source inclusive: 293330.30; arithmetic delta: 0.00,docs/item details.csv
,ASM-NISSAN-VEHICLES-KA24-ENGINE-TUBE-ASSY-INJEC-FUEL-RAIL-PIPE2,Standard Selling,381627.58,PCS,UGX,1,0,Source VAT: 68692.96; source inclusive: 450320.55; arithmetic delta: -0.01,docs/item details.csv
,ASM-NISSAN-VEHICLES-KA24-ENGINE-TUBE-ASSY-INJEC-FUEL-RAIL-PIPE3,Standard Selling,252056.49,PCS,UGX,1,0,Source VAT: 45370.17; source inclusive: 297426.66; arithmetic delta: 0.00,docs/item details.csv
,ASM-NISSAN-VEHICLES-KA24-ENGINE-TUBE-ASSY-INJEC-FUEL-RAIL-PIPE4,Standard Selling,515795.63,PCS,UGX,1,0,Source VAT: 92843.21; source inclusive: 608638.85; arithmetic delta: -0.01,docs/item details.csv
,ASM-NISSAN-VEHICLES-KA24-ENGINE-O-RING-TANK-BELT-CLAMP,Standard Selling,30989.91,PCS,UGX,1,0,Source VAT: 5578.18; source inclusive: 36568.09; arithmetic delta: 0.00,docs/item details.csv
,ASM-NISSAN-VEHICLES-KA24-ENGINE-CAP-FILLER-SCRE-FUEL-TANK-CAP-RUBBER,Standard Selling,179773.14,PCS,UGX,1,0,Source VAT: 32359.17; source inclusive: 212132.31; arithmetic delta: 0.00,docs/item details.csv
,ASM-NISSAN-VEHICLES-KA24-ENGINE-MANIFOLD-ASSY-I-INTAKE-MANIFOLD-ASS,Standard Selling,2917267.43,PCS,UGX,1,0,Source VAT: 525108.14; source inclusive: 3442375.57; arithmetic delta: 0.00,docs/item details.csv
,ASM-NISSAN-VEHICLES-KA24-ENGINE-SUCTION-CONTROL-VALVE,Standard Selling,1300000.00,PCS,UGX,1,0,Source VAT: 234000.00; source inclusive: 1534000.00; arithmetic delta: 0.00,docs/item details.csv
,ASM-NISSAN-VEHICLES-KA24-ENGINE-FUEL-FILTER-SENOSR,Standard Selling,516531.08,PCS,UGX,1,0,Source VAT: 92975.59; source inclusive: 609506.68; arithmetic delta: -0.01,docs/item details.csv
,ASM-NISSAN-VEHICLES-KA24-ENGINE-GASKET-MANIFOLD,Standard Selling,239454.46,PCS,UGX,1,0,Source VAT: 43101.80; source inclusive: 282556.26; arithmetic delta: 0.00,docs/item details.csv
,ASM-NISSAN-VEHICLES-KA24-ENGINE-LINK-COMPL-FR-S-BALL-JOINT-UPPER-LH,Standard Selling,945865.74,PCS,UGX,1,0,Source VAT: 170255.83; source inclusive: 1116121.58; arithmetic delta: -0.01,docs/item details.csv
,ASM-NISSAN-VEHICLES-KA24-ENGINE-LINK-COMPL-RH-BALL-JOINT-UPPER-RH,Standard Selling,945865.74,PCS,UGX,1,0,Source VAT: 170255.83; source inclusive: 1116121.58; arithmetic delta: -0.01,docs/item details.csv
,ASM-NISSAN-VEHICLES-KA24-ENGINE-LINK-COMPL-FR-S-BALL-JOINT-LOWER-RH,Standard Selling,957358.16,PCS,UGX,1,0,Source VAT: 172324.47; source inclusive: 1129682.63; arithmetic delta: 0.00,docs/item details.csv
,ASM-NISSAN-VEHICLES-KA24-ENGINE-LINK-COMPL-FR-S-BALL-JOINT-LOWER-LH,Standard Selling,957358.16,PCS,UGX,1,0,Source VAT: 172324.47; source inclusive: 1129682.63; arithmetic delta: 0.00,docs/item details.csv
,ASM-NISSAN-VEHICLES-KA24-ENGINE-ROD-KIT-RELAY-TRACK-ROD,Standard Selling,1610048.33,PCS,UGX,1,0,Source VAT: 289808.70; source inclusive: 1899857.02; arithmetic delta: 0.01,docs/item details.csv
,ASM-NISSAN-VEHICLES-KA24-ENGINE-ROD-KIT-TIE-TIE-ROD-ENDS,Standard Selling,1688862.54,Set,UGX,1,0,Source VAT: 303995.26; source inclusive: 1992857.80; arithmetic delta: 0.00,docs/item details.csv
,ASM-NISSAN-VEHICLES-KA24-ENGINE-ABSORBER-SHOCK-FRONT-SHOCK-ABSORBERS,Standard Selling,686300.23,Set,UGX,1,0,Source VAT: 123534.04; source inclusive: 809834.27; arithmetic delta: 0.00,docs/item details.csv
,ASM-NISSAN-VEHICLES-KA24-ENGINE-BUSH-TELEX-SHOCK-ABSORBER-BUSHES,Standard Selling,61282.34,Set,UGX,1,0,Source VAT: 11030.82; source inclusive: 72313.16; arithmetic delta: 0.00,docs/item details.csv
,ASM-NISSAN-VEHICLES-KA24-ENGINE-SHOCK-RR-2WD-KA-REAR-SHOCK-ABSORBERS,Standard Selling,649155.24,Set,UGX,1,0,Source VAT: 116847.94; source inclusive: 766003.19; arithmetic delta: -0.01,docs/item details.csv
,ASM-NISSAN-VEHICLES-KA24-ENGINE-BUSH-STAB-STABILISER-BAR-BUSHES-BIG,Standard Selling,129283.48,Set,UGX,1,0,Source VAT: 23271.03; source inclusive: 152554.51; arithmetic delta: 0.00,docs/item details.csv
,ASM-NISSAN-VEHICLES-KA24-ENGINE-STABILISER-BAR-BUSHES-SMALL,Standard Selling,233852.74,Set,UGX,1,0,Source VAT: 42093.49; source inclusive: 275946.23; arithmetic delta: 0.00,docs/item details.csv
,ASM-NISSAN-VEHICLES-KA24-ENGINE-BUSH-RR-SPR-RR-SPRING-BUSHES-SMALL,Standard Selling,86385.33,Set,UGX,1,0,Source VAT: 15549.36; source inclusive: 101934.69; arithmetic delta: 0.00,docs/item details.csv
,ASM-NISSAN-VEHICLES-KA24-ENGINE-BUSH-SPRING-SPRING-BUSHES-BIG,Standard Selling,52770.76,Set,UGX,1,0,Source VAT: 9498.74; source inclusive: 62269.49; arithmetic delta: 0.01,docs/item details.csv
,ASM-NISSAN-VEHICLES-KA24-ENGINE-SPRING-ASSY-RR-LEAF-SPRING-COMPLETE,Standard Selling,5626086.15,Set,UGX,1,0,Source VAT: 1012695.51; source inclusive: 6638781.66; arithmetic delta: 0.00,docs/item details.csv
,ASM-NISSAN-VEHICLES-KA24-ENGINE-CLIP-RR-SPRING-LEAF-SPRING-CLAMPS,Standard Selling,182864.20,PCS,UGX,1,0,Source VAT: 32915.56; source inclusive: 215779.76; arithmetic delta: 0.00,docs/item details.csv
,ASM-NISSAN-VEHICLES-KA24-ENGINE-SEAT-ASSY-RR-SP-U-BOLTS-MOUNTING-PLATES-SET,Standard Selling,378821.85,PCS,UGX,1,0,Source VAT: 68187.93; source inclusive: 447009.78; arithmetic delta: -0.00,docs/item details.csv
,ASM-NISSAN-VEHICLES-KA24-ENGINE-PAD-ASSY-RR-SPR-LEAF-SPRING-SEAT,Standard Selling,170214.62,PCS,UGX,1,0,Source VAT: 30638.63; source inclusive: 200853.25; arithmetic delta: 0.00,docs/item details.csv
,ASM-NISSAN-VEHICLES-KA24-ENGINE-ARM-ASSY-FR-SPR-ANCHOR-ARM,Standard Selling,213822.40,PCS,UGX,1,0,Source VAT: 38488.03; source inclusive: 252310.44; arithmetic delta: -0.01,docs/item details.csv
,ASM-NISSAN-VEHICLES-KA24-ENGINE-ARM-ASSY-ANCHOR-ANCHOR-ARM,Standard Selling,221019.05,PCS,UGX,1,0,Source VAT: 39783.43; source inclusive: 260802.48; arithmetic delta: -0.00,docs/item details.csv
,ASM-NISSAN-VEHICLES-KA24-ENGINE-PULLEY-PUMP-POWER-STEERING-PUMP-PULLEY,Standard Selling,636553.22,PCS,UGX,1,0,Source VAT: 114579.58; source inclusive: 751132.80; arithmetic delta: -0.00,docs/item details.csv
,ASM-NISSAN-VEHICLES-KA24-ENGINE-POWER-PUMP-ASSY-STEERING-PUMP,Standard Selling,3136859.83,PCS,UGX,1,0,Source VAT: 564634.77; source inclusive: 3701494.60; arithmetic delta: 0.00,docs/item details.csv
,ASM-NISSAN-VEHICLES-KA24-ENGINE-ARMKIT-PITMAN-PITMAN-ARM,Standard Selling,550447.26,PCS,UGX,1,0,Source VAT: 99080.51; source inclusive: 649527.76; arithmetic delta: 0.01,docs/item details.csv
,ASM-NISSAN-VEHICLES-KA24-ENGINE-IDLER-KIT-TEL-IDLER-ARM,Standard Selling,770166.46,PCS,UGX,1,0,Source VAT: 138629.96; source inclusive: 908796.42; arithmetic delta: -0.00,docs/item details.csv
,ASM-NISSAN-VEHICLES-KA24-ENGINE-COLUMN-ASSY-STE-STEERING-COLUMN,Standard Selling,3175601.17,PCS,UGX,1,0,Source VAT: 571608.21; source inclusive: 3747209.38; arithmetic delta: 0.00,docs/item details.csv
,ASM-NISSAN-VEHICLES-KA24-ENGINE-WHEEL-ASSY-STEE-STEERING-WHEEL,Standard Selling,5448833.42,PCS,UGX,1,0,Source VAT: 980790.02; source inclusive: 6429623.43; arithmetic delta: 0.01,docs/item details.csv
,ASM-NISSAN-VEHICLES-KA24-ENGINE-TRANSFER-CASE-SEAL,Standard Selling,185994.04,PCS,UGX,1,0,Source VAT: 33478.93; source inclusive: 219472.97; arithmetic delta: 0.00,docs/item details.csv
,ASM-NISSAN-VEHICLES-KA24-ENGINE-BRNG-KIT-CENTR-CENTER-BEARING,Standard Selling,538416.62,PCS,UGX,1,0,Source VAT: 96914.99; source inclusive: 635331.61; arithmetic delta: 0.00,docs/item details.csv
,ASM-NISSAN-VEHICLES-KA24-ENGINE-CLUTCH-DISC-CLUTCH-PLATE,Standard Selling,1409953.42,PCS,UGX,1,0,Source VAT: 253791.61; source inclusive: 1663745.03; arithmetic delta: -0.00,docs/item details.csv
,ASM-NISSAN-VEHICLES-KA24-ENGINE-COVER-CLUTCH-PRESSURE-PLATE,Standard Selling,1509944.52,PCS,UGX,1,0,Source VAT: 271790.01; source inclusive: 1781734.54; arithmetic delta: -0.01,docs/item details.csv
,ASM-NISSAN-VEHICLES-KA24-ENGINE-BEARING-CLUTCH-RELEASE-BEARING,Standard Selling,487966.35,PCS,UGX,1,0,Source VAT: 87833.94; source inclusive: 575800.29; arithmetic delta: 0.00,docs/item details.csv
,ASM-NISSAN-VEHICLES-KA24-ENGINE-SPRING-RETURN-RETURN-SPRING,Standard Selling,9748.74,PCS,UGX,1,0,Source VAT: 1754.77; source inclusive: 11503.52; arithmetic delta: -0.01,docs/item details.csv
,ASM-NISSAN-VEHICLES-KA24-ENGINE-PEDAL-ASSY-CLUT-CLUTCH-PEDAL-ASSEMBLY,Standard Selling,1005261.74,PCS,UGX,1,0,Source VAT: 180947.11; source inclusive: 1186208.86; arithmetic delta: -0.01,docs/item details.csv
,ASM-NISSAN-VEHICLES-KA24-ENGINE-TRANSMISSION-GEARBOX-ASSEMBLY,Standard Selling,22363075.05,PCS,UGX,1,0,Source VAT: 4025353.51; source inclusive: 26388428.56; arithmetic delta: 0.00,docs/item details.csv
,ASM-NISSAN-VEHICLES-KA24-ENGINE-RR-EXC-BRAKES-A,Standard Selling,46849204.15,PCS,UGX,1,0,Source VAT: 8432856.75; source inclusive: 55282060.90; arithmetic delta: 0.00,docs/item details.csv
,ASM-NISSAN-VEHICLES-KA24-ENGINE-SFT-RR-AXLE-RH-DIFFERENTIAL-SHAFT-RH,Standard Selling,3067398.06,PCS,UGX,1,0,Source VAT: 552131.65; source inclusive: 3619529.71; arithmetic delta: 0.00,docs/item details.csv
,ASM-NISSAN-VEHICLES-KA24-ENGINE-SFT-RR-AXLE-DIFFERENTIAL-SHAFT-LH,Standard Selling,1154314.44,PCS,UGX,1,0,Source VAT: 207776.60; source inclusive: 1362091.04; arithmetic delta: 0.00,docs/item details.csv
,ASM-NISSAN-VEHICLES-KA24-ENGINE-SEAL-GREASE-R-GREASE-SEAL,Standard Selling,75136.65,PCS,UGX,1,0,Source VAT: 13524.60; source inclusive: 88661.25; arithmetic delta: 0.00,docs/item details.csv
,ASM-NISSAN-VEHICLES-KA24-ENGINE-BRG-ASSY-TAPE,Standard Selling,462962.20,Set,UGX,1,0,Source VAT: 83333.20; source inclusive: 546295.40; arithmetic delta: 0.00,docs/item details.csv
,ASM-NISSAN-VEHICLES-KA24-ENGINE-FLYWHELL-ASSY,Standard Selling,5652304.73,PCS,UGX,1,0,Source VAT: 1017414.85; source inclusive: 6669719.58; arithmetic delta: 0.00,docs/item details.csv
,ASM-NISSAN-VEHICLES-KA24-ENGINE-SEAL-TRANSFER-CASE-SEAL,Standard Selling,31164.27,PCS,UGX,1,0,Source VAT: 5609.57; source inclusive: 36773.84; arithmetic delta: 0.00,docs/item details.csv
,ASM-NISSAN-VEHICLES-KA24-ENGINE-INSULATOR-ENGIN-GEARBOX-MOUNTINGS,Standard Selling,510580.44,Set,UGX,1,0,Source VAT: 91904.48; source inclusive: 602484.92; arithmetic delta: 0.00,docs/item details.csv
,ASM-NISSAN-VEHICLES-KA24-ENGINE-CASE-TRANSFER-F-TRANSFER-CASE-FRONT,Standard Selling,2438247.54,PCS,UGX,1,0,Source VAT: 438884.56; source inclusive: 2877132.10; arithmetic delta: 0.00,docs/item details.csv
,ASM-NISSAN-VEHICLES-KA24-ENGINE-CASE-TRANSFER-CASE-CENTER,Standard Selling,2587633.14,PCS,UGX,1,0,Source VAT: 465773.97; source inclusive: 3053407.11; arithmetic delta: 0.00,docs/item details.csv
,ASM-NISSAN-VEHICLES-KA24-ENGINE-CASE-TRANSFER-DIFFERENTIAL-CASE,Standard Selling,3201058.86,PCS,UGX,1,0,Source VAT: 576190.59; source inclusive: 3777249.45; arithmetic delta: -0.00,docs/item details.csv
,ASM-NISSAN-VEHICLES-KA24-ENGINE-HIGH-GEAR-COVER,Standard Selling,3551105.58,PCS,UGX,1,0,Source VAT: 639199.00; source inclusive: 4190304.59; arithmetic delta: -0.01,docs/item details.csv
,ASM-NISSAN-VEHICLES-KA24-ENGINE-CROSS-BEARING,Standard Selling,441509.44,PCS,UGX,1,0,Source VAT: 79471.70; source inclusive: 520981.14; arithmetic delta: 0.00,docs/item details.csv
,ASM-NISSAN-VEHICLES-KA24-ENGINE-ALLOY-WHEEL-RIM,Standard Selling,6670358.71,PCS,UGX,1,0,Source VAT: 1200664.57; source inclusive: 7871023.28; arithmetic delta: 0.00,docs/item details.csv
,ASM-NISSAN-VEHICLES-KA24-ENGINE-TYRE-REPAIR-PER-TYRE,Standard Selling,33619.47,PCS,UGX,1,0,Source VAT: 6051.50; source inclusive: 39670.97; arithmetic delta: 0.00,docs/item details.csv
,ASM-NISSAN-VEHICLES-KA24-ENGINE-WRENCH-WHL-NUT-WHEEL-SPANNER,Standard Selling,66545.07,PCS,UGX,1,0,Source VAT: 11978.11; source inclusive: 78523.19; arithmetic delta: -0.01,docs/item details.csv
,ASM-NISSAN-VEHICLES-KA24-ENGINE-WHEEL-BOLT-WHEEL-STUD-FRONT,Standard Selling,130300.26,PCS,UGX,1,0,Source VAT: 23454.05; source inclusive: 153754.30; arithmetic delta: 0.01,docs/item details.csv
,ASM-NISSAN-VEHICLES-KA24-ENGINE-BOLT-HUB-WHEEL-STUD-REAR,Standard Selling,144756.93,PCS,UGX,1,0,Source VAT: 26056.25; source inclusive: 170813.18; arithmetic delta: 0.00,docs/item details.csv
,ASM-NISSAN-VEHICLES-KA24-ENGINE-COMPRESSOR-AC-PUMP,Standard Selling,7158192.09,PCS,UGX,1,0,Source VAT: 1288474.58; source inclusive: 8446666.67; arithmetic delta: 0.00,docs/item details.csv
,ASM-NISSAN-VEHICLES-KA24-ENGINE-PIPE-ASSY-FR-COOLER-HIGH-CONDENSER,Standard Selling,1029768.33,PCS,UGX,1,0,Source VAT: 185358.30; source inclusive: 1215126.63; arithmetic delta: 0.00,docs/item details.csv
,ASM-NISSAN-VEHICLES-KA24-ENGINE-VALVE-EXPANSION-EXPANSION-VALVE,Standard Selling,725496.62,PCS,UGX,1,0,Source VAT: 130589.39; source inclusive: 856086.01; arithmetic delta: 0.00,docs/item details.csv
,ASM-NISSAN-VEHICLES-KA24-ENGINE-EVAPORATOR-ASSY-AC-EVAPORATOR,Standard Selling,5268679.85,PCS,UGX,1,0,Source VAT: 948362.37; source inclusive: 6217042.22; arithmetic delta: 0.00,docs/item details.csv
,ASM-NISSAN-VEHICLES-KA24-ENGINE-RELAY-LIGHT-AC-RELAY,Standard Selling,143980.20,PCS,UGX,1,0,Source VAT: 25916.44; source inclusive: 169896.64; arithmetic delta: 0.00,docs/item details.csv
,ASM-NISSAN-VEHICLES-KA24-ENGINE-CONT-ASSY-AIR-C-AC-SELECTOR-KNOB-ASSY,Standard Selling,1237614.67,PCS,UGX,1,0,Source VAT: 222770.64; source inclusive: 1460385.32; arithmetic delta: -0.01,docs/item details.csv
,ASM-NISSAN-VEHICLES-KA24-ENGINE-AC-GAS,Standard Selling,390.00,Gram,UGX,1,0,Source VAT: 70.20; source inclusive: 460.20; arithmetic delta: 0.00,docs/item details.csv
,ASM-NISSAN-VEHICLES-KA24-ENGINE-SINGLE-WIPER-BLADE-19-WIPER-BALDE,Standard Selling,233652.75,PCS,UGX,1,0,Source VAT: 42057.50; source inclusive: 275710.25; arithmetic delta: 0.00,docs/item details.csv
,ASM-NISSAN-VEHICLES-KA24-ENGINE-MOTOR-A-WIPER-WIPER-MOTOR,Standard Selling,1740744.87,PCS,UGX,1,0,Source VAT: 313334.08; source inclusive: 2054078.95; arithmetic delta: 0.00,docs/item details.csv
,ASM-NISSAN-VEHICLES-KA24-ENGINE-WIPER-ARM,Standard Selling,259998.15,PCS,UGX,1,0,Source VAT: 46799.67; source inclusive: 306797.82; arithmetic delta: 0.00,docs/item details.csv
,ASM-NISSAN-VEHICLES-KA24-ENGINE-WIPER-HOSE,Standard Selling,309751.80,PCS,UGX,1,0,Source VAT: 55755.32; source inclusive: 365507.13; arithmetic delta: -0.01,docs/item details.csv
,ASM-NISSAN-VEHICLES-KA24-ENGINE-BULB-HEAD-LAMP,Standard Selling,405139.38,PCS,UGX,1,0,Source VAT: 72925.09; source inclusive: 478064.47; arithmetic delta: 0.00,docs/item details.csv
,ASM-NISSAN-VEHICLES-KA24-ENGINE-LAMP-ASSY-LH-HEADLAMP-LHS,Standard Selling,953078.23,PCS,UGX,1,0,Source VAT: 171554.08; source inclusive: 1124632.31; arithmetic delta: 0.00,docs/item details.csv
,ASM-NISSAN-VEHICLES-KA24-ENGINE-LAMP-ASSY-HEAD-HEADLAMP-RHS,Standard Selling,953078.23,PCS,UGX,1,0,Source VAT: 171554.08; source inclusive: 1124632.31; arithmetic delta: 0.00,docs/item details.csv
,ASM-NISSAN-VEHICLES-KA24-ENGINE-PLUG-GLOW-GLOW-PLUGS,Standard Selling,1406355.09,Set,UGX,1,0,Source VAT: 253143.92; source inclusive: 1659499.01; arithmetic delta: 0.00,docs/item details.csv
,ASM-NISSAN-VEHICLES-KA24-ENGINE-BULB-12V5W-PARKING-BULB,Standard Selling,23167.09,PCS,UGX,1,0,Source VAT: 4170.08; source inclusive: 27337.17; arithmetic delta: 0.00,docs/item details.csv
,ASM-NISSAN-VEHICLES-KA24-ENGINE-DOUBLE-FILAMENT-ROUND-BASED-BRAKE-BULB,Standard Selling,83870.97,PCS,UGX,1,0,Source VAT: 15096.77; source inclusive: 98967.74; arithmetic delta: 0.00,docs/item details.csv
,ASM-NISSAN-VEHICLES-KA24-ENGINE-BULB-BRAKE-BULB-SINGLE-FILAMENT,Standard Selling,6847.89,PCS,UGX,1,0,Source VAT: 1232.62; source inclusive: 8080.51; arithmetic delta: 0.00,docs/item details.csv
,ASM-NISSAN-VEHICLES-KA24-ENGINE-BODY-COMB-SW-SPIRAL-CABLE,Standard Selling,161718.15,PCS,UGX,1,0,Source VAT: 29109.27; source inclusive: 190827.42; arithmetic delta: -0.00,docs/item details.csv
,ASM-NISSAN-VEHICLES-KA24-ENGINE-FUSE-MINI-10A,Standard Selling,1918.05,PCS,UGX,1,0,Source VAT: 345.25; source inclusive: 2263.30; arithmetic delta: 0.00,docs/item details.csv
,ASM-NISSAN-VEHICLES-KA24-ENGINE-FUSE-MINI-15AM,Standard Selling,9828.00,PCS,UGX,1,0,Source VAT: 1769.04; source inclusive: 11597.04; arithmetic delta: 0.00,docs/item details.csv
,ASM-NISSAN-VEHICLES-KA24-ENGINE-FUSE-MINI,Standard Selling,9828.00,PCS,UGX,1,0,Source VAT: 1769.04; source inclusive: 11597.04; arithmetic delta: 0.00,docs/item details.csv
,ASM-NISSAN-VEHICLES-KA24-ENGINE-TGM-BULB-INDICATOR,Standard Selling,322580.65,PCS,UGX,1,0,Source VAT: 58064.52; source inclusive: 380645.17; arithmetic delta: 0.00,docs/item details.csv
,ASM-NISSAN-VEHICLES-KA24-ENGINE-ALTERNATOR-ASSY,Standard Selling,3915457.10,PCS,UGX,1,0,Source VAT: 704782.28; source inclusive: 4620239.38; arithmetic delta: 0.00,docs/item details.csv
,ASM-NISSAN-VEHICLES-KA24-ENGINE-LAMP-ASSY-FOG-L,Standard Selling,1384036.03,PCS,UGX,1,0,Source VAT: 249126.49; source inclusive: 1633162.52; arithmetic delta: 0.00,docs/item details.csv
,ASM-NISSAN-VEHICLES-KA24-ENGINE-LAMP-ASSY-FOG-R,Standard Selling,1384036.03,PCS,UGX,1,0,Source VAT: 249126.49; source inclusive: 1633162.52; arithmetic delta: 0.00,docs/item details.csv
,ASM-NISSAN-VEHICLES-KA24-ENGINE-BULB-FOG-LAMP,Standard Selling,265324.29,Set,UGX,1,0,Source VAT: 47758.37; source inclusive: 313082.67; arithmetic delta: -0.01,docs/item details.csv
,ASM-NISSAN-VEHICLES-KA24-ENGINE-SW-AUTO-POWER-W-POWER-WINDOW-SWITCH-MAIN,Standard Selling,974905.89,PCS,UGX,1,0,Source VAT: 175483.06; source inclusive: 1150388.95; arithmetic delta: 0.00,docs/item details.csv
,ASM-NISSAN-VEHICLES-KA24-ENGINE-SITCH-ASSY-POWER-WINDOW-SWITCH-REAR,Standard Selling,673281.40,Set,UGX,1,0,Source VAT: 121190.65; source inclusive: 794472.06; arithmetic delta: -0.01,docs/item details.csv
,ASM-NISSAN-VEHICLES-KA24-ENGINE-SW-ASSY-P-WINDW-POWER-WINDOW-SWITCH-CO-DRIVER-S-DOOR,Standard Selling,460711.27,PCS,UGX,1,0,Source VAT: 82928.03; source inclusive: 543639.30; arithmetic delta: 0.00,docs/item details.csv
,ASM-NISSAN-VEHICLES-KA24-ENGINE-REGULATOR-ASSY-DRIVER-S-DOOR-REGULATOR,Standard Selling,518046.55,PCS,UGX,1,0,Source VAT: 93248.38; source inclusive: 611294.93; arithmetic delta: -0.00,docs/item details.csv
,ASM-NISSAN-VEHICLES-KA24-ENGINE-REGULATOR-DOOR-CO-DRIVER-S-DOOR-REGULATOR,Standard Selling,475976.38,PCS,UGX,1,0,Source VAT: 85675.75; source inclusive: 561652.13; arithmetic delta: 0.00,docs/item details.csv
,ASM-NISSAN-VEHICLES-KA24-ENGINE-DOOR-REGULATOR-WINDOW-REGULATOR-REAR-DOOR,Standard Selling,518046.55,PCS,UGX,1,0,Source VAT: 93248.38; source inclusive: 611294.93; arithmetic delta: -0.00,docs/item details.csv
,ASM-NISSAN-VEHICLES-KA24-ENGINE-STARTER-MOTOR,Standard Selling,3991404.43,PCS,UGX,1,0,Source VAT: 718452.80; source inclusive: 4709857.23; arithmetic delta: 0.00,docs/item details.csv
,ASM-NISSAN-VEHICLES-KA24-ENGINE-LAMP-ASSY-RR-TAIL-LAMP-RHS,Standard Selling,656145.82,PCS,UGX,1,0,Source VAT: 118106.25; source inclusive: 774252.06; arithmetic delta: 0.01,docs/item details.csv
,ASM-NISSAN-VEHICLES-KA24-ENGINE-LAMP-ASSY-RR-TAIL-LAMP-LHS,Standard Selling,694284.80,PCS,UGX,1,0,Source VAT: 124971.26; source inclusive: 819256.06; arithmetic delta: 0.00,docs/item details.csv
,ASM-NISSAN-VEHICLES-KA24-ENGINE-70-AMP-MAINTENANCE-FREE-BATTERY,Standard Selling,601454.35,PCS,UGX,1,0,Source VAT: 108261.78; source inclusive: 709716.14; arithmetic delta: -0.01,docs/item details.csv
,ASM-NISSAN-VEHICLES-KA24-ENGINE-RADIO,Standard Selling,1887096.77,PCS,UGX,1,0,Source VAT: 339677.42; source inclusive: 2226774.19; arithmetic delta: 0.00,docs/item details.csv
,ASM-NISSAN-VEHICLES-KA24-ENGINE-MIRROR-ASSY-DR-SIDE-MIRROR-COMPLETE,Standard Selling,1013409.46,PCS,UGX,1,0,Source VAT: 182413.70; source inclusive: 1195823.16; arithmetic delta: 0.00,docs/item details.csv
,ASM-NISSAN-VEHICLES-KA24-ENGINE-GLASS-FR-WIND-WINDSCREEN,Standard Selling,1434339.36,PCS,UGX,1,0,Source VAT: 258181.09; source inclusive: 1692520.45; arithmetic delta: 0.00,docs/item details.csv
,ASM-NISSAN-VEHICLES-KA24-ENGINE-RUBBER-SEALANT,Standard Selling,137623.71,PCS,UGX,1,0,Source VAT: 24772.27; source inclusive: 162395.97; arithmetic delta: 0.01,docs/item details.csv
,ASM-NISSAN-VEHICLES-KA24-ENGINE-MLDG-WS-UPPER-UPPER-WINDSCREEN-MOLDING,Standard Selling,151129.27,PCS,UGX,1,0,Source VAT: 27203.27; source inclusive: 178332.54; arithmetic delta: -0.00,docs/item details.csv
,ASM-NISSAN-VEHICLES-KA24-ENGINE-RUBBER-DUMDUM-RUBBER,Standard Selling,689434.20,PCS,UGX,1,0,Source VAT: 124098.16; source inclusive: 813532.36; arithmetic delta: 0.00,docs/item details.csv
,ASM-NISSAN-VEHICLES-KA24-ENGINE-MUD-FLAP-FRONT,Standard Selling,395957.45,PCS,UGX,1,0,Source VAT: 71272.34; source inclusive: 467229.79; arithmetic delta: 0.00,docs/item details.csv
,ASM-NISSAN-VEHICLES-KA24-ENGINE-MUD-GUARD-RR-RH,Standard Selling,749686.18,PCS,UGX,1,0,Source VAT: 134943.51; source inclusive: 884629.69; arithmetic delta: 0.00,docs/item details.csv
,ASM-NISSAN-VEHICLES-KA24-ENGINE-MUD-GUARD-RR-LH,Standard Selling,749686.18,PCS,UGX,1,0,Source VAT: 134943.51; source inclusive: 884629.69; arithmetic delta: 0.00,docs/item details.csv
,ASM-NISSAN-VEHICLES-KA24-ENGINE-GLASS-FR-DR-LH,Standard Selling,1921152.07,PCS,UGX,1,0,Source VAT: 345807.37; source inclusive: 2266959.45; arithmetic delta: -0.01,docs/item details.csv
,ASM-NISSAN-VEHICLES-KA24-ENGINE-GLASS-FR-DR-RH,Standard Selling,2241687.54,PCS,UGX,1,0,Source VAT: 403503.76; source inclusive: 2645191.30; arithmetic delta: 0.00,docs/item details.csv
,ASM-NISSAN-VEHICLES-KA24-ENGINE-GLASS-RR-DR-LH,Standard Selling,811459.92,PCS,UGX,1,0,Source VAT: 146062.79; source inclusive: 957522.71; arithmetic delta: 0.00,docs/item details.csv
,ASM-NISSAN-VEHICLES-KA24-ENGINE-GLASS-RR-DR-RH,Standard Selling,749797.14,PCS,UGX,1,0,Source VAT: 134963.49; source inclusive: 884760.63; arithmetic delta: 0.00,docs/item details.csv
,ASM-NISSAN-VEHICLES-KA24-ENGINE-GRILLE-RADIATOR,Standard Selling,1647775.15,PCS,UGX,1,0,Source VAT: 296599.53; source inclusive: 1944374.68; arithmetic delta: 0.00,docs/item details.csv
,ASM-NISSAN-VEHICLES-KA24-ENGINE-ASSY-FR-DOOR-OUTS-OUTER-DOOR-HANDLE-DRIVER-S-DOOR,Standard Selling,152698.58,PCS,UGX,1,0,Source VAT: 27485.75; source inclusive: 180184.33; arithmetic delta: 0.00,docs/item details.csv
,ASM-NISSAN-VEHICLES-KA24-ENGINE-HANDLE-ASSY-FR-OUTER-DOOR-HANDLE-CO-DRIVER-S-DOOR,Standard Selling,152698.58,PCS,UGX,1,0,Source VAT: 27485.75; source inclusive: 180184.33; arithmetic delta: 0.00,docs/item details.csv
,ASM-NISSAN-VEHICLES-KA24-ENGINE-ASY-FR-DR-INS-L-INNER-DOOR-HANDLE-LH,Standard Selling,162304.66,PCS,UGX,1,0,Source VAT: 29214.84; source inclusive: 191519.50; arithmetic delta: 0.00,docs/item details.csv
,ASM-NISSAN-VEHICLES-KA24-ENGINE-ASY-FR-DR-INS-R-INNER-DOOR-HANDE-RH,Standard Selling,162304.66,PCS,UGX,1,0,Source VAT: 29214.84; source inclusive: 191519.50; arithmetic delta: 0.00,docs/item details.csv
,ASM-NISSAN-VEHICLES-KA24-ENGINE-ANTENNA,Standard Selling,519140.33,PCS,UGX,1,0,Source VAT: 93445.26; source inclusive: 612585.58; arithmetic delta: 0.01,docs/item details.csv
,ASM-NISSAN-VEHICLES-KA24-ENGINE-LOCK-ASSY-FR-DO-DOOR-LOCK,Standard Selling,660774.48,PCS,UGX,1,0,Source VAT: 118939.41; source inclusive: 779713.88; arithmetic delta: 0.01,docs/item details.csv
,ASM-NISSAN-VEHICLES-KA24-ENGINE-VAD-D22-FRT-MOULDED-BMPR-FRONT-BUMPER,Standard Selling,1352808.36,PCS,UGX,1,0,Source VAT: 243505.50; source inclusive: 1596313.86; arithmetic delta: 0.00,docs/item details.csv
,ASM-NISSAN-VEHICLES-KA24-ENGINE-REINF-ASSY-FRNT-FRONT-REINFORCEMENT-BUMPER,Standard Selling,1407623.23,PCS,UGX,1,0,Source VAT: 253372.18; source inclusive: 1660995.41; arithmetic delta: 0.00,docs/item details.csv
,ASM-NISSAN-VEHICLES-KA24-ENGINE-BUMPER-REAR-REAR-BUMPER,Standard Selling,2071805.80,PCS,UGX,1,0,Source VAT: 372925.04; source inclusive: 2444730.85; arithmetic delta: -0.01,docs/item details.csv
,ASM-NISSAN-VEHICLES-KA24-ENGINE-CABLE-COMPL-HOO-BONNET-CABLE,Standard Selling,217404.87,PCS,UGX,1,0,Source VAT: 39132.88; source inclusive: 256537.75; arithmetic delta: 0.00,docs/item details.csv
,ASM-NISSAN-VEHICLES-KA24-ENGINE-REFLECTOR-PAIR,Standard Selling,75483.87,Set,UGX,1,0,Source VAT: 13587.10; source inclusive: 89070.97; arithmetic delta: 0.00,docs/item details.csv
,ASM-NISSAN-VEHICLES-KA24-ENGINE-MIR-ASSY-INSIDE-DRIVING-MIRROR,Standard Selling,547863.45,PCS,UGX,1,0,Source VAT: 98615.42; source inclusive: 646478.87; arithmetic delta: 0.00,docs/item details.csv
,ASM-NISSAN-VEHICLES-KA24-ENGINE-SUNVISOR-LH,Standard Selling,214060.18,PCS,UGX,1,0,Source VAT: 38530.83; source inclusive: 252591.01; arithmetic delta: 0.00,docs/item details.csv
,ASM-NISSAN-VEHICLES-KA24-ENGINE-SUNVISOR-RH,Standard Selling,196670.95,PCS,UGX,1,0,Source VAT: 35400.77; source inclusive: 232071.72; arithmetic delta: 0.00,docs/item details.csv
,ASM-NISSAN-VEHICLES-KA24-ENGINE-JACK-COMPL-JACK,Standard Selling,765886.53,PCS,UGX,1,0,Source VAT: 137859.58; source inclusive: 903746.10; arithmetic delta: 0.01,docs/item details.csv
,ASM-NISSAN-VEHICLES-KA24-ENGINE-ROD-ASSY-JACK-JACK-HANDLE,Standard Selling,92557.57,PCS,UGX,1,0,Source VAT: 16660.36; source inclusive: 109217.93; arithmetic delta: 0.00,docs/item details.csv
,ASM-NISSAN-VEHICLES-KA24-ENGINE-WARNING-TRIANGLE,Standard Selling,167741.94,Set,UGX,1,0,Source VAT: 30193.55; source inclusive: 197935.49; arithmetic delta: 0.00,docs/item details.csv
,ASM-NISSAN-VEHICLES-KA24-ENGINE-EY-SET-AND-LOCK,Standard Selling,3493080.92,Set,UGX,1,0,Source VAT: 628754.56; source inclusive: 4121835.48; arithmetic delta: 0.00,docs/item details.csv
,ASM-NISSAN-VEHICLES-KA24-ENGINE-SEAT-BELT-FR-LH,Standard Selling,975922.84,PCS,UGX,1,0,Source VAT: 175666.11; source inclusive: 1151588.95; arithmetic delta: 0.00,docs/item details.csv
,ASM-NISSAN-VEHICLES-KA24-ENGINE-SEAT-BELT-FR-RHS,Standard Selling,975922.84,PCS,UGX,1,0,Source VAT: 175666.11; source inclusive: 1151588.95; arithmetic delta: 0.00,docs/item details.csv
,ASM-NISSAN-VEHICLES-KA24-ENGINE-SEAT-BELT-REAR-LH,Standard Selling,1066130.70,PCS,UGX,1,0,Source VAT: 191903.53; source inclusive: 1258034.23; arithmetic delta: 0.00,docs/item details.csv
,ASM-NISSAN-VEHICLES-KA24-ENGINE-SEAT-BELT-REAR-RHS,Standard Selling,1066130.70,PCS,UGX,1,0,Source VAT: 191903.53; source inclusive: 1258034.23; arithmetic delta: 0.00,docs/item details.csv
,ASM-NISSAN-VEHICLES-KA24-ENGINE-DOOR-HINGE-FR-L,Standard Selling,131729.00,PCS,UGX,1,0,Source VAT: 23711.16; source inclusive: 155440.00; arithmetic delta: 0.16,docs/item details.csv
,ASM-NISSAN-VEHICLES-KA24-ENGINE-DOOR-HINGE-F-UPR,Standard Selling,240993.00,PCS,UGX,1,0,Source VAT: 43378.79; source inclusive: 284372.00; arithmetic delta: -0.21,docs/item details.csv
,ASM-NISSAN-VEHICLES-KA24-ENGINE-HINGE-RR-LWR-L,Standard Selling,131729.00,PCS,UGX,1,0,Source VAT: 23711.15; source inclusive: 155440.00; arithmetic delta: 0.15,docs/item details.csv
,ASM-NISSAN-VEHICLES-KA24-ENGINE-HINGE-RR-LWR-R,Standard Selling,231729.00,PCS,UGX,1,0,Source VAT: 41711.15; source inclusive: 273440.00; arithmetic delta: 0.15,docs/item details.csv
,ASM-NISSAN-VEHICLES-KA24-ENGINE-HINGE-RR-DR-UPR-L,Standard Selling,197206.00,PCS,UGX,1,0,Source VAT: 35497.13; source inclusive: 232703.00; arithmetic delta: 0.13,docs/item details.csv
,ASM-NISSAN-VEHICLES-KA24-ENGINE-HINGE-RR-DR-UPR-R,Standard Selling,197206.00,PCS,UGX,1,0,Source VAT: 35497.13; source inclusive: 232703.00; arithmetic delta: 0.13,docs/item details.csv
,ASM-NISSAN-VEHICLES-KA24-ENGINE-HINGE-RR-DR-LWR,Standard Selling,197206.00,PCS,UGX,1,0,Source VAT: 35497.13; source inclusive: 232703.00; arithmetic delta: 0.13,docs/item details.csv
,ASM-NISSAN-VEHICLES-KA24-ENGINE-INSUL-BODY-MTG-MIDDLE-CABIN-MOUNTINGS,Standard Selling,987120.00,Set,UGX,1,0,Source VAT: 177681.60; source inclusive: 1164801.60; arithmetic delta: 0.00,docs/item details.csv
,ASM-NISSAN-VEHICLES-KA24-ENGINE-INSULATOR-3RD-FRONT-BODY-MOUNTINGS,Standard Selling,520409.24,Set,UGX,1,0,Source VAT: 93673.66; source inclusive: 614082.90; arithmetic delta: 0.00,docs/item details.csv
,ASM-NISSAN-VEHICLES-KA24-ENGINE-RUB-BODY-MTG-4T-REAR-BODY-MOUNTINGS,Standard Selling,520409.24,Set,UGX,1,0,Source VAT: 93673.66; source inclusive: 614082.90; arithmetic delta: 0.00,docs/item details.csv
,ASM-NISSAN-VEHICLES-KA24-ENGINE-MALE-ASSY-HOOD-BONNET-LOCK,Standard Selling,224141.80,PCS,UGX,1,0,Source VAT: 40345.52; source inclusive: 264487.33; arithmetic delta: -0.01,docs/item details.csv
,ASM-NISSAN-VEHICLES-KA24-ENGINE-RUB-BMPR-HOOD-FRONT-BONNET-RUBBERS,Standard Selling,7260.05,PCS,UGX,1,0,Source VAT: 1306.81; source inclusive: 8566.86; arithmetic delta: 0.00,docs/item details.csv
,ASM-NISSAN-VEHICLES-KA24-ENGINE-BMPR-HOODLEDGE-BONNET-SIDE-RUBBERS,Standard Selling,9606.07,PCS,UGX,1,0,Source VAT: 1729.09; source inclusive: 11335.17; arithmetic delta: -0.01,docs/item details.csv
,ASM-NISSAN-VEHICLES-KA24-ENGINE-PANEL-ASSY-INST-BONNET,Standard Selling,2014248.60,PCS,UGX,1,0,Source VAT: 362564.75; source inclusive: 2376813.35; arithmetic delta: 0.00,docs/item details.csv
,ASM-NISSAN-VEHICLES-KA24-ENGINE-FLOOR-MATS-RUBBER,Standard Selling,167741.94,Set,UGX,1,0,Source VAT: 30193.55; source inclusive: 197935.49; arithmetic delta: 0.00,docs/item details.csv
,ASM-NISSAN-VEHICLES-KA24-ENGINE-CHECK-LINK-FR-D-SEAL,Standard Selling,327874.75,PCS,UGX,1,0,Source VAT: 59017.46; source inclusive: 386892.21; arithmetic delta: 0.00,docs/item details.csv
,ASM-NISSAN-VEHICLES-KA24-ENGINE-HORN-ASSY-LOW-TONE-HORN,Standard Selling,432099.12,PCS,UGX,1,0,Source VAT: 77777.84; source inclusive: 509876.97; arithmetic delta: -0.01,docs/item details.csv
,ASM-NISSAN-VEHICLES-KA24-ENGINE-HORN-ASSY-HIGH-HIGH-TONE-HORN,Standard Selling,361971.58,PCS,UGX,1,0,Source VAT: 65154.88; source inclusive: 427126.47; arithmetic delta: -0.01,docs/item details.csv
,ASM-NISSAN-VEHICLES-KA24-ENGINE-BASE-FLAT-GASKET,Standard Selling,22747.06,PCS,UGX,1,0,Source VAT: 4094.47; source inclusive: 26841.53; arithmetic delta: 0.00,docs/item details.csv
,ASM-NISSAN-VEHICLES-KA24-ENGINE-VAD-ROLL-BAR-D-CENTRAL-LOCK-SWITCH,Standard Selling,3674863.57,PCS,UGX,1,0,Source VAT: 661475.44; source inclusive: 4336339.01; arithmetic delta: 0.00,docs/item details.csv
,ASM-NISSAN-VEHICLES-KA24-ENGINE-FIRST-AID-KIT,Standard Selling,629032.26,PCS,UGX,1,0,Source VAT: 113225.81; source inclusive: 742258.06; arithmetic delta: 0.01,docs/item details.csv
,ASM-NISSAN-VEHICLES-KA24-ENGINE-VAD-CMPL-SLIDE-SIDE-STEP-RH,Standard Selling,1091954.20,PCS,UGX,1,0,Source VAT: 196551.76; source inclusive: 1288505.96; arithmetic delta: 0.00,docs/item details.csv
,ASM-NISSAN-VEHICLES-KA24-ENGINE-VAD-CMPL-SLIDE-SIDE-STEP-LH,Standard Selling,1092049.32,PCS,UGX,1,0,Source VAT: 196568.88; source inclusive: 1288618.20; arithmetic delta: 0.00,docs/item details.csv
,ASM-NISSAN-VEHICLES-KA24-ENGINE-BOLT-STOP-STOPPER-BOLT,Standard Selling,96251.00,PCS,UGX,1,0,Source VAT: 17325.18; source inclusive: 113576.18; arithmetic delta: 0.00,docs/item details.csv
,ASM-NISSAN-VEHICLES-KA24-ENGINE-CAP-BOLT-STRG-S,Standard Selling,67147.43,PCS,UGX,1,0,Source VAT: 12086.54; source inclusive: 79233.97; arithmetic delta: 0.00,docs/item details.csv
,ASM-NISSAN-VEHICLES-KA24-ENGINE-ENGINE-OIL-PETROL-ENGINE-OIL,Standard Selling,294526.43,Litre,UGX,1,0,Source VAT: 53014.76; source inclusive: 347541.19; arithmetic delta: 0.00,docs/item details.csv
,ASM-NISSAN-VEHICLES-KA24-ENGINE-BRAKE-FLUID,Standard Selling,19089.67,0.25L,UGX,1,0,Source VAT: 3436.14; source inclusive: 22526.00; arithmetic delta: -0.19,docs/item details.csv
,ASM-NISSAN-VEHICLES-KA24-ENGINE-TRANSMISSION-OIL-GL4-75-W85,Standard Selling,317652.79,Litre,UGX,1,0,Source VAT: 57177.50; source inclusive: 374830.29; arithmetic delta: 0.00,docs/item details.csv
,ASM-NISSAN-VEHICLES-KA24-ENGINE-COOLANT-TOTAL,Standard Selling,422592.37,Litre,UGX,1,0,Source VAT: 76066.63; source inclusive: 498659.00; arithmetic delta: 0.00,docs/item details.csv
,ASM-NISSAN-VEHICLES-KA24-ENGINE-ATF-FLUIDMATIC-D2-1L-TRANSFER-CASE-OIL,Standard Selling,78746.91,Litre,UGX,1,0,Source VAT: 14174.44; source inclusive: 92921.35; arithmetic delta: 0.00,docs/item details.csv
,ASM-NISSAN-VEHICLES-KA24-ENGINE-SUNDRY,Standard Selling,27342.37,Unit,UGX,1,0,Source VAT: 4921.63; source inclusive: 32264.00; arithmetic delta: 0.00,docs/item details.csv
,ASM-NISSAN-VEHICLES-KA24-ENGINE-FUEL-STRAINER,Standard Selling,250376.53,PCS,UGX,1,0,Source VAT: 45067.78; source inclusive: 295444.31; arithmetic delta: 0.00,docs/item details.csv
,ASM-NISSAN-VEHICLES-KA24-ENGINE-FILTER-ASSY-FUE-FUEL-FILTER,Standard Selling,269969.45,PCS,UGX,1,0,Source VAT: 48594.50; source inclusive: 318563.95; arithmetic delta: 0.00,docs/item details.csv
,ASM-NISSAN-VEHICLES-KA24-ENGINE-ELEMENT-ASSY-AIR-CLEANER,Standard Selling,200370.00,PCS,UGX,1,0,Source VAT: 36066.60; source inclusive: 236436.60; arithmetic delta: 0.00,docs/item details.csv
,ASM-NISSAN-VEHICLES-KA24-ENGINE-GEAR-OIL-HYPOID-1L-DIFFERENTIAL-OIL-85W90,Standard Selling,173331.25,Litre,UGX,1,0,Source VAT: 31199.63; source inclusive: 204530.88; arithmetic delta: 0.00,docs/item details.csv
,ASM-NISSAN-VEHICLES-KA24-ENGINE-WASHER-DRAIN,Standard Selling,5316.39,PCS,UGX,1,0,Source VAT: 956.95; source inclusive: 6273.34; arithmetic delta: 0.00,docs/item details.csv
,ASM-NISSAN-VEHICLES-KA24-ENGINE-LABOUR,Standard Selling,45000.00,Hour,UGX,1,0,Source VAT: 8100.00; source inclusive: 53100.00; arithmetic delta: 0.00,docs/item details.csv
,ASM-NISSAN-VEHICLES-KA24-ENGINE-WHEEL-ALIGNMENT,Standard Selling,55000.00,Unit,UGX,1,0,Source VAT: 9900.00; source inclusive: 64900.00; arithmetic delta: 0.00,docs/item details.csv
,ASM-NISSAN-VEHICLES-KA24-ENGINE-WHEEL-BALANCING-PER-TYRE,Standard Selling,52800.00,Unit,UGX,1,0,Source VAT: blank; source inclusive: 62304.00; arithmetic delta: not calculable,docs/item details.csv
,ASM-NISSAN-PATROL-Y61-ZD30-ENGINE-BRAKE-PADS-FRONT,Standard Selling,718107.00,Set,UGX,1,0,Source VAT: 129259.00; source inclusive: 847367.00; arithmetic delta: -1.00,docs/item details.csv
,ASM-NISSAN-PATROL-Y61-ZD30-ENGINE-BRAKE-PADS-REAR,Standard Selling,598354.00,Set,UGX,1,0,Source VAT: 107704.00; source inclusive: 706058.00; arithmetic delta: 0.00,docs/item details.csv
,ASM-NISSAN-PATROL-Y61-ZD30-ENGINE-BRAKE-SHOES,Standard Selling,869732.00,Set,UGX,1,0,Source VAT: 156552.00; source inclusive: 1026283.00; arithmetic delta: 1.00,docs/item details.csv
,ASM-NISSAN-PATROL-Y61-ZD30-ENGINE-BRAKE-BOOSTER,Standard Selling,9034946.00,PCS,UGX,1,0,Source VAT: 1626290.00; source inclusive: 10661237.00; arithmetic delta: -1.00,docs/item details.csv
,ASM-NISSAN-PATROL-Y61-ZD30-ENGINE-BRAKE-DISC,Standard Selling,937401.00,PCS,UGX,1,0,Source VAT: 168732.00; source inclusive: 1106133.00; arithmetic delta: 0.00,docs/item details.csv
,ASM-NISSAN-PATROL-Y61-ZD30-ENGINE-BRAKE-DRUM,Standard Selling,1325014.00,PCS,UGX,1,0,Source VAT: 238503.00; source inclusive: 1563517.00; arithmetic delta: 0.00,docs/item details.csv
,ASM-NISSAN-PATROL-Y61-ZD30-ENGINE-SKIMMIMG-DISC,Standard Selling,72642.00,PCS,UGX,1,0,Source VAT: 13075.00; source inclusive: 85717.00; arithmetic delta: 0.00,docs/item details.csv
,ASM-NISSAN-PATROL-Y61-ZD30-ENGINE-SKIMMING-DRUM,Standard Selling,79245.00,PCS,UGX,1,0,Source VAT: 14264.00; source inclusive: 93509.00; arithmetic delta: 0.00,docs/item details.csv
,ASM-NISSAN-PATROL-Y61-ZD30-ENGINE-FRONT-CALIPER-BRACKET-RUBBERS,Standard Selling,465815.00,Set,UGX,1,0,Source VAT: 83847.00; source inclusive: 549662.00; arithmetic delta: 0.00,docs/item details.csv
,ASM-NISSAN-PATROL-Y61-ZD30-ENGINE-FRONT-CALIPER-BOLTS-UPPER,Standard Selling,104901.00,PCS,UGX,1,0,Source VAT: 18882.00; source inclusive: 123783.00; arithmetic delta: 0.00,docs/item details.csv
,ASM-NISSAN-PATROL-Y61-ZD30-ENGINE-FRONT-CALIPER-BOLTS-LOWER,Standard Selling,38632.00,PCS,UGX,1,0,Source VAT: 6954.00; source inclusive: 45585.00; arithmetic delta: 1.00,docs/item details.csv
,ASM-NISSAN-PATROL-Y61-ZD30-ENGINE-REAR-CALIPER-BOLTS-UPPER,Standard Selling,92183.00,PCS,UGX,1,0,Source VAT: 16593.00; source inclusive: 108776.00; arithmetic delta: 0.00,docs/item details.csv
,ASM-NISSAN-PATROL-Y61-ZD30-ENGINE-REAR-CALIPER-BOLTS-LOWER,Standard Selling,92183.00,PCS,UGX,1,0,Source VAT: 16593.00; source inclusive: 108776.00; arithmetic delta: 0.00,docs/item details.csv
,ASM-NISSAN-PATROL-Y61-ZD30-ENGINE-BRAKE-CALIPER,Standard Selling,4656055.00,PCS,UGX,1,0,Source VAT: 838090.00; source inclusive: 5494145.00; arithmetic delta: 0.00,docs/item details.csv
,ASM-NISSAN-PATROL-Y61-ZD30-ENGINE-MASTER-CYLINDER-KIT,Standard Selling,778453.00,PCS,UGX,1,0,Source VAT: 140122.00; source inclusive: 918575.00; arithmetic delta: 0.00,docs/item details.csv
,ASM-NISSAN-PATROL-Y61-ZD30-ENGINE-SLEEVE-CYLINDER-ASSEMBLEY,Standard Selling,778453.00,PCS,UGX,1,0,Source VAT: 140122.00; source inclusive: 918575.00; arithmetic delta: 0.00,docs/item details.csv
,ASM-NISSAN-PATROL-Y61-ZD30-ENGINE-HAND-BRAKE-CABLES-LONG,Standard Selling,1231650.00,Unit,UGX,1,0,Source VAT: 221697.00; source inclusive: 1453347.00; arithmetic delta: 0.00,docs/item details.csv
,ASM-NISSAN-PATROL-Y61-ZD30-ENGINE-HAND-BRAKE-CABLES-SHORT,Standard Selling,553490.00,PCS,UGX,1,0,Source VAT: 99628.00; source inclusive: 653119.00; arithmetic delta: -1.00,docs/item details.csv
,ASM-NISSAN-PATROL-Y61-ZD30-ENGINE-PARK-BRAKE-LEVER-HANDLE,Standard Selling,527100.00,PCS,UGX,1,0,Source VAT: 94878.00; source inclusive: 621978.00; arithmetic delta: 0.00,docs/item details.csv
,ASM-NISSAN-PATROL-Y61-ZD30-ENGINE-BRAKE-MASTER-CYCLINDER,Standard Selling,1822411.00,PCS,UGX,1,0,Source VAT: 328034.00; source inclusive: 2150445.00; arithmetic delta: 0.00,docs/item details.csv
,ASM-NISSAN-PATROL-Y61-ZD30-ENGINE-BRAKE-SERVO,Standard Selling,9034946.00,PCS,UGX,1,0,Source VAT: 1626290.00; source inclusive: 10661237.00; arithmetic delta: -1.00,docs/item details.csv
,ASM-NISSAN-PATROL-Y61-ZD30-ENGINE-BRAKE-SHIMS,Standard Selling,609775.00,Set,UGX,1,0,Source VAT: 109759.00; source inclusive: 719534.00; arithmetic delta: 0.00,docs/item details.csv
,ASM-NISSAN-PATROL-Y61-ZD30-ENGINE-BRAKE-BOLTS,Standard Selling,124140.00,PCS,UGX,1,0,Source VAT: 22345.00; source inclusive: 146485.00; arithmetic delta: 0.00,docs/item details.csv
,ASM-NISSAN-PATROL-Y61-ZD30-ENGINE-WHEEL-HUB-BEARINGS-FRONT-INNER,Standard Selling,375288.00,PCS,UGX,1,0,Source VAT: 67552.00; source inclusive: 442840.00; arithmetic delta: 0.00,docs/item details.csv
,ASM-NISSAN-PATROL-Y61-ZD30-ENGINE-WHEEL-HUB-BEARINGS-REAR-OUTER,Standard Selling,248024.00,PCS,UGX,1,0,Source VAT: 44644.00; source inclusive: 292668.00; arithmetic delta: 0.00,docs/item details.csv
,ASM-NISSAN-PATROL-Y61-ZD30-ENGINE-FRONT-GREASE-SEALS,Standard Selling,106540.00,PCS,UGX,1,0,Source VAT: 19177.00; source inclusive: 125717.00; arithmetic delta: 0.00,docs/item details.csv
,ASM-NISSAN-PATROL-Y61-ZD30-ENGINE-HUB-CAP,Standard Selling,243159.00,PCS,UGX,1,0,Source VAT: 43769.00; source inclusive: 286927.00; arithmetic delta: 1.00,docs/item details.csv
,ASM-NISSAN-PATROL-Y61-ZD30-ENGINE-ACCELERATOR-CABLE,Standard Selling,1725090.00,PCS,UGX,1,0,Source VAT: 310516.00; source inclusive: 2035606.00; arithmetic delta: 0.00,docs/item details.csv
,ASM-NISSAN-PATROL-Y61-ZD30-ENGINE-REAR-WHEEL-CYLINDERS,Standard Selling,708513.00,PCS,UGX,1,0,Source VAT: 127532.00; source inclusive: 836046.00; arithmetic delta: -1.00,docs/item details.csv
,ASM-NISSAN-PATROL-Y61-ZD30-ENGINE-THRUST-BEARINGS,Standard Selling,708513.00,PCS,UGX,1,0,Source VAT: 127532.00; source inclusive: 836046.00; arithmetic delta: -1.00,docs/item details.csv
,ASM-NISSAN-PATROL-Y61-ZD30-ENGINE-WHEEL-BEARING-SEALS,Standard Selling,106540.00,PCS,UGX,1,0,Source VAT: 19177.00; source inclusive: 125717.00; arithmetic delta: 0.00,docs/item details.csv
,ASM-NISSAN-PATROL-Y61-ZD30-ENGINE-WHEEL-LOCKING-NUTS-WASHERS-AND-PIN,Standard Selling,55634.00,PCS,UGX,1,0,Source VAT: 10014.00; source inclusive: 65648.00; arithmetic delta: 0.00,docs/item details.csv
,ASM-NISSAN-PATROL-Y61-ZD30-ENGINE-WHEEL-CYLINDER,Standard Selling,708513.00,PCS,UGX,1,0,Source VAT: 127532.00; source inclusive: 836046.00; arithmetic delta: -1.00,docs/item details.csv
,ASM-NISSAN-PATROL-Y61-ZD30-ENGINE-WHEEL-HUB-BEARINGS-FRONT-OUTER,Standard Selling,375288.00,PCS,UGX,1,0,Source VAT: 67552.00; source inclusive: 442840.00; arithmetic delta: 0.00,docs/item details.csv
,ASM-NISSAN-PATROL-Y61-ZD30-ENGINE-WHEEL-HUB-BEARINGS-REAR-INNER,Standard Selling,248024.00,PCS,UGX,1,0,Source VAT: 44644.00; source inclusive: 292668.00; arithmetic delta: 0.00,docs/item details.csv
,ASM-NISSAN-PATROL-Y61-ZD30-ENGINE-ALTERNATOR-BELTS-SET,Standard Selling,546749.00,Set,UGX,1,0,Source VAT: 98415.00; source inclusive: 645164.00; arithmetic delta: 0.00,docs/item details.csv
,ASM-NISSAN-PATROL-Y61-ZD30-ENGINE-TIMING-TENSIONER,Standard Selling,1716588.00,PCS,UGX,1,0,Source VAT: 308986.00; source inclusive: 2025574.00; arithmetic delta: 0.00,docs/item details.csv
,ASM-NISSAN-PATROL-Y61-ZD30-ENGINE-GUIDE-TIMING-CHAIN-LOOSE-SIDE,Standard Selling,317878.00,PCS,UGX,1,0,Source VAT: 57218.00; source inclusive: 375097.00; arithmetic delta: -1.00,docs/item details.csv
,ASM-NISSAN-PATROL-Y61-ZD30-ENGINE-GUIDE-TIMING-CHAIN-TENSION-SIDE,Standard Selling,317878.00,PCS,UGX,1,0,Source VAT: 57218.00; source inclusive: 375097.00; arithmetic delta: -1.00,docs/item details.csv
,ASM-NISSAN-PATROL-Y61-ZD30-ENGINE-TIMING-CHAIN,Standard Selling,369262.00,PCS,UGX,1,0,Source VAT: 66467.00; source inclusive: 435729.00; arithmetic delta: 0.00,docs/item details.csv
,ASM-NISSAN-PATROL-Y61-ZD30-ENGINE-CRANKSHAFT-OIL-SEAL,Standard Selling,488383.00,PCS,UGX,1,0,Source VAT: 87909.00; source inclusive: 576292.00; arithmetic delta: 0.00,docs/item details.csv
,ASM-NISSAN-PATROL-Y61-ZD30-ENGINE-CYLINDER-HEAD-GASKET,Standard Selling,923488.00,PCS,UGX,1,0,Source VAT: 166228.00; source inclusive: 1089716.00; arithmetic delta: 0.00,docs/item details.csv
,ASM-NISSAN-PATROL-Y61-ZD30-ENGINE-ENGINE-MOUNTINGS,Standard Selling,420509.00,PCS,UGX,1,0,Source VAT: 75692.00; source inclusive: 496201.00; arithmetic delta: 0.00,docs/item details.csv
,ASM-NISSAN-PATROL-Y61-ZD30-ENGINE-ROCKER-COVER-GASKET,Standard Selling,280220.00,PCS,UGX,1,0,Source VAT: 50440.00; source inclusive: 330660.00; arithmetic delta: 0.00,docs/item details.csv
,ASM-NISSAN-PATROL-Y61-ZD30-ENGINE-DRAIN-NUT,Standard Selling,20980.00,PCS,UGX,1,0,Source VAT: 3776.00; source inclusive: 24757.00; arithmetic delta: -1.00,docs/item details.csv
,ASM-NISSAN-PATROL-Y61-ZD30-ENGINE-TENSIONER-GASKET,Standard Selling,154970.00,PCS,UGX,1,0,Source VAT: 27895.00; source inclusive: 182865.00; arithmetic delta: 0.00,docs/item details.csv
,ASM-NISSAN-PATROL-Y61-ZD30-ENGINE-GAUGE-UNIT-WATER-TEMPERATURE,Standard Selling,5543233.00,PCS,UGX,1,0,Source VAT: 997782.00; source inclusive: 6541015.00; arithmetic delta: 0.00,docs/item details.csv
,ASM-NISSAN-PATROL-Y61-ZD30-ENGINE-ENGINE-BLOCK,Standard Selling,19219537.00,PCS,UGX,1,0,Source VAT: 3459517.00; source inclusive: 22679053.00; arithmetic delta: 1.00,docs/item details.csv
,ASM-NISSAN-PATROL-Y61-ZD30-ENGINE-PISTON-RING-SET,Standard Selling,1342836.00,Set,UGX,1,0,Source VAT: 241711.00; source inclusive: 1584547.00; arithmetic delta: 0.00,docs/item details.csv
,ASM-NISSAN-PATROL-Y61-ZD30-ENGINE-PISTONS,Standard Selling,598969.00,PCS,UGX,1,0,Source VAT: 107814.00; source inclusive: 706783.00; arithmetic delta: 0.00,docs/item details.csv
,ASM-NISSAN-PATROL-Y61-ZD30-ENGINE-MAIN-BEARINGS-SET,Standard Selling,414551.00,Set,UGX,1,0,Source VAT: 74619.00; source inclusive: 489171.00; arithmetic delta: -1.00,docs/item details.csv
,ASM-NISSAN-PATROL-Y61-ZD30-ENGINE-PIECE-BEARING-SET,Standard Selling,49011.00,Set,UGX,1,0,Source VAT: 8822.00; source inclusive: 57833.00; arithmetic delta: 0.00,docs/item details.csv
,ASM-NISSAN-PATROL-Y61-ZD30-ENGINE-BLOCK-SLEEVING,Standard Selling,694540.00,PCS,UGX,1,0,Source VAT: 125017.00; source inclusive: 819557.00; arithmetic delta: 0.00,docs/item details.csv
,ASM-NISSAN-PATROL-Y61-ZD30-ENGINE-OVERHAUL-GASKET,Standard Selling,1631319.00,PCS,UGX,1,0,Source VAT: 293637.00; source inclusive: 1924956.00; arithmetic delta: 0.00,docs/item details.csv
,ASM-NISSAN-PATROL-Y61-ZD30-ENGINE-OIL-PUMP-ASSY,Standard Selling,3528535.00,PCS,UGX,1,0,Source VAT: 635136.00; source inclusive: 4163671.00; arithmetic delta: 0.00,docs/item details.csv
,ASM-NISSAN-PATROL-Y61-ZD30-ENGINE-CONNECTING-RODS,Standard Selling,1241981.00,PCS,UGX,1,0,Source VAT: 223557.00; source inclusive: 1465538.00; arithmetic delta: 0.00,docs/item details.csv
,ASM-NISSAN-PATROL-Y61-ZD30-ENGINE-CAMSHAFT-RE-GRINDING,Standard Selling,739623.00,PCS,UGX,1,0,Source VAT: 133132.00; source inclusive: 872755.00; arithmetic delta: 0.00,docs/item details.csv
,ASM-NISSAN-PATROL-Y61-ZD30-ENGINE-CYLINDER-HEAD,Standard Selling,7156389.00,PCS,UGX,1,0,Source VAT: 1288150.00; source inclusive: 8444539.00; arithmetic delta: 0.00,docs/item details.csv
,ASM-NISSAN-PATROL-Y61-ZD30-ENGINE-CYLINDER-HEAD-REFACING,Standard Selling,739623.00,PCS,UGX,1,0,Source VAT: 133132.00; source inclusive: 872755.00; arithmetic delta: 0.00,docs/item details.csv
,ASM-NISSAN-PATROL-Y61-ZD30-ENGINE-LINE-BORE,Standard Selling,694540.00,PCS,UGX,1,0,Source VAT: 125017.00; source inclusive: 819557.00; arithmetic delta: 0.00,docs/item details.csv
,ASM-NISSAN-PATROL-Y61-ZD30-ENGINE-SEALANT-TUBE-ENGINE,Standard Selling,669165.00,PCS,UGX,1,0,Source VAT: 120450.00; source inclusive: 789615.00; arithmetic delta: 0.00,docs/item details.csv
,ASM-NISSAN-PATROL-Y61-ZD30-ENGINE-GASKET-CYLINDER-HEAD,Standard Selling,923488.00,PCS,UGX,1,0,Source VAT: 166228.00; source inclusive: 1089716.00; arithmetic delta: 0.00,docs/item details.csv
,ASM-NISSAN-PATROL-Y61-ZD30-ENGINE-COOLANT-HOSE-PIPE,Standard Selling,769559.00,PCS,UGX,1,0,Source VAT: 138521.00; source inclusive: 908080.00; arithmetic delta: 0.00,docs/item details.csv
,ASM-NISSAN-PATROL-Y61-ZD30-ENGINE-COOLING-FAN,Standard Selling,819458.00,PCS,UGX,1,0,Source VAT: 147502.00; source inclusive: 966960.00; arithmetic delta: 0.00,docs/item details.csv
,ASM-NISSAN-PATROL-Y61-ZD30-ENGINE-FAN-BLADE,Standard Selling,819458.00,PCS,UGX,1,0,Source VAT: 147502.00; source inclusive: 966960.00; arithmetic delta: 0.00,docs/item details.csv
,ASM-NISSAN-PATROL-Y61-ZD30-ENGINE-RADIATOR-COMPLETE,Standard Selling,4298111.00,PCS,UGX,1,0,Source VAT: 773660.00; source inclusive: 5071771.00; arithmetic delta: 0.00,docs/item details.csv
,ASM-NISSAN-PATROL-Y61-ZD30-ENGINE-RADIATOR-PRESSURE-CAP,Standard Selling,71015.00,PCS,UGX,1,0,Source VAT: 12783.00; source inclusive: 83798.00; arithmetic delta: 0.00,docs/item details.csv
,ASM-NISSAN-PATROL-Y61-ZD30-ENGINE-RADIATOR-MOUNTINGS,Standard Selling,38956.00,PCS,UGX,1,0,Source VAT: 7012.00; source inclusive: 45968.00; arithmetic delta: 0.00,docs/item details.csv
,ASM-NISSAN-PATROL-Y61-ZD30-ENGINE-BLEEDER-BOLT,Standard Selling,43036.00,PCS,UGX,1,0,Source VAT: 7746.00; source inclusive: 50782.00; arithmetic delta: 0.00,docs/item details.csv
,ASM-NISSAN-PATROL-Y61-ZD30-ENGINE-RESERVOIR-TANK-PIPE,Standard Selling,124140.00,PCS,UGX,1,0,Source VAT: 22345.00; source inclusive: 146485.00; arithmetic delta: 0.00,docs/item details.csv
,ASM-NISSAN-PATROL-Y61-ZD30-ENGINE-NOZZLE-NIPPLES,Standard Selling,71937.00,PCS,UGX,1,0,Source VAT: 12949.00; source inclusive: 84886.00; arithmetic delta: 0.00,docs/item details.csv
,ASM-NISSAN-PATROL-Y61-ZD30-ENGINE-NOZZLE-WASHERS,Standard Selling,71937.00,PCS,UGX,1,0,Source VAT: 12949.00; source inclusive: 84886.00; arithmetic delta: 0.00,docs/item details.csv
,ASM-NISSAN-PATROL-Y61-ZD30-ENGINE-RESERVOIR-TANK,Standard Selling,280459.00,PCS,UGX,1,0,Source VAT: 50483.00; source inclusive: 330942.00; arithmetic delta: 0.00,docs/item details.csv
,ASM-NISSAN-PATROL-Y61-ZD30-ENGINE-AIR-CLEANER-HOUSING,Standard Selling,2857799.00,PCS,UGX,1,0,Source VAT: 514404.00; source inclusive: 3372203.00; arithmetic delta: 0.00,docs/item details.csv
,ASM-NISSAN-PATROL-Y61-ZD30-ENGINE-WATER-PIPES,Standard Selling,375886.00,PCS,UGX,1,0,Source VAT: 67659.00; source inclusive: 443545.00; arithmetic delta: 0.00,docs/item details.csv
,ASM-NISSAN-PATROL-Y61-ZD30-ENGINE-WATER-PUMP,Standard Selling,910821.00,PCS,UGX,1,0,Source VAT: 163948.00; source inclusive: 1074769.00; arithmetic delta: 0.00,docs/item details.csv
,ASM-NISSAN-PATROL-Y61-ZD30-ENGINE-WATER-TEMPERATURE-SWITCH,Standard Selling,280374.00,PCS,UGX,1,0,Source VAT: 50467.00; source inclusive: 330841.00; arithmetic delta: 0.00,docs/item details.csv
,ASM-NISSAN-PATROL-Y61-ZD30-ENGINE-WATER-PUMP-GASKET,Standard Selling,38939.00,PCS,UGX,1,0,Source VAT: 7009.00; source inclusive: 45948.00; arithmetic delta: 0.00,docs/item details.csv
,ASM-NISSAN-PATROL-Y61-ZD30-ENGINE-CLAMPS,Standard Selling,20178.00,PCS,UGX,1,0,Source VAT: 3632.00; source inclusive: 23810.00; arithmetic delta: 0.00,docs/item details.csv
,ASM-NISSAN-PATROL-Y61-ZD30-ENGINE-WATER-TANK,Standard Selling,326647.00,PCS,UGX,1,0,Source VAT: 58796.00; source inclusive: 385443.00; arithmetic delta: 0.00,docs/item details.csv
,ASM-NISSAN-PATROL-Y61-ZD30-ENGINE-OIL-FILTER,Standard Selling,147988.00,PCS,UGX,1,0,Source VAT: 26638.00; source inclusive: 174626.00; arithmetic delta: 0.00,docs/item details.csv
,ASM-NISSAN-PATROL-Y61-ZD30-ENGINE-OIL-FILLER-CAP,Standard Selling,65006.00,PCS,UGX,1,0,Source VAT: 11701.00; source inclusive: 76707.00; arithmetic delta: 0.00,docs/item details.csv
,ASM-NISSAN-PATROL-Y61-ZD30-ENGINE-OIL-SWITCH,Standard Selling,137558.00,PCS,UGX,1,0,Source VAT: 24760.00; source inclusive: 162318.00; arithmetic delta: 0.00,docs/item details.csv
,ASM-NISSAN-PATROL-Y61-ZD30-ENGINE-OIL-PUMP,Standard Selling,3552383.00,PCS,UGX,1,0,Source VAT: 639429.00; source inclusive: 4191812.00; arithmetic delta: 0.00,docs/item details.csv
,ASM-NISSAN-PATROL-Y61-ZD30-ENGINE-OIL-COOLER,Standard Selling,3954080.00,PCS,UGX,1,0,Source VAT: 711734.00; source inclusive: 4665814.00; arithmetic delta: 0.00,docs/item details.csv
,ASM-NISSAN-PATROL-Y61-ZD30-ENGINE-OIL-SUMP-GASKET,Standard Selling,669165.00,PCS,UGX,1,0,Source VAT: 120450.00; source inclusive: 789615.00; arithmetic delta: 0.00,docs/item details.csv
,ASM-NISSAN-PATROL-Y61-ZD30-ENGINE-OIL-COOLER-PIPE,Standard Selling,76922.00,PCS,UGX,1,0,Source VAT: 13846.00; source inclusive: 90768.00; arithmetic delta: 0.00,docs/item details.csv
,ASM-NISSAN-PATROL-Y61-ZD30-ENGINE-OIL-STRAINER,Standard Selling,219601.00,PCS,UGX,1,0,Source VAT: 39528.00; source inclusive: 259129.00; arithmetic delta: 0.00,docs/item details.csv
,ASM-NISSAN-PATROL-Y61-ZD30-ENGINE-OIL-DIPSTICK,Standard Selling,94829.00,PCS,UGX,1,0,Source VAT: 17069.00; source inclusive: 111898.00; arithmetic delta: 0.00,docs/item details.csv
,ASM-NISSAN-PATROL-Y61-ZD30-ENGINE-OIL-FILLER-CAPS,Standard Selling,65006.00,PCS,UGX,1,0,Source VAT: 11701.00; source inclusive: 76707.00; arithmetic delta: 0.00,docs/item details.csv
,ASM-NISSAN-PATROL-Y61-ZD30-ENGINE-OIL-SUMP,Standard Selling,1275987.00,PCS,UGX,1,0,Source VAT: 229678.00; source inclusive: 1505664.00; arithmetic delta: 1.00,docs/item details.csv
,ASM-NISSAN-PATROL-Y61-ZD30-ENGINE-OIL-FILTER-BRACKET,Standard Selling,3954080.00,PCS,UGX,1,0,Source VAT: 711734.00; source inclusive: 4665814.00; arithmetic delta: 0.00,docs/item details.csv
,ASM-NISSAN-PATROL-Y61-ZD30-ENGINE-EXHAUST-PIPE-COMPLETE-SILENCERS,Standard Selling,10141587.00,PCS,UGX,1,0,Source VAT: 1825486.00; source inclusive: 11967073.00; arithmetic delta: 0.00,docs/item details.csv
,ASM-NISSAN-PATROL-Y61-ZD30-ENGINE-CATALYTIC-CONVERTER,Standard Selling,22937696.00,PCS,UGX,1,0,Source VAT: 4128785.00; source inclusive: 27066481.00; arithmetic delta: 0.00,docs/item details.csv
,ASM-NISSAN-PATROL-Y61-ZD30-ENGINE-COMPRESSOR-REPAIR-KIT,Standard Selling,13029126.00,PCS,UGX,1,0,Source VAT: 2345243.00; source inclusive: 15374369.00; arithmetic delta: 0.00,docs/item details.csv
,ASM-NISSAN-PATROL-Y61-ZD30-ENGINE-EXHAUST-BOLTS,Standard Selling,47048.00,PCS,UGX,1,0,Source VAT: 8469.00; source inclusive: 55516.00; arithmetic delta: 1.00,docs/item details.csv
,ASM-NISSAN-PATROL-Y61-ZD30-ENGINE-EXHAUST-CLAMP,Standard Selling,349682.00,PCS,UGX,1,0,Source VAT: 62943.00; source inclusive: 412624.00; arithmetic delta: 1.00,docs/item details.csv
,ASM-NISSAN-PATROL-Y61-ZD30-ENGINE-EXHAUST-GASKET,Standard Selling,23524.00,PCS,UGX,1,0,Source VAT: 4234.00; source inclusive: 27758.00; arithmetic delta: 0.00,docs/item details.csv
,ASM-NISSAN-PATROL-Y61-ZD30-ENGINE-EXHAUST-MANIFOLD-GASKET,Standard Selling,502740.00,PCS,UGX,1,0,Source VAT: 90493.00; source inclusive: 593233.00; arithmetic delta: 0.00,docs/item details.csv
,ASM-NISSAN-PATROL-Y61-ZD30-ENGINE-EXHAUST-MOUNTING,Standard Selling,100924.00,PCS,UGX,1,0,Source VAT: 18166.00; source inclusive: 119090.00; arithmetic delta: 0.00,docs/item details.csv
,ASM-NISSAN-PATROL-Y61-ZD30-ENGINE-EXHAUST-PIPE,Standard Selling,2679169.00,PCS,UGX,1,0,Source VAT: 482250.00; source inclusive: 3161419.00; arithmetic delta: 0.00,docs/item details.csv
,ASM-NISSAN-PATROL-Y61-ZD30-ENGINE-EXHAUST-SILENCER,Standard Selling,2679169.00,PCS,UGX,1,0,Source VAT: 482250.00; source inclusive: 3161419.00; arithmetic delta: 0.00,docs/item details.csv
,ASM-NISSAN-PATROL-Y61-ZD30-ENGINE-PARKIN-GASKET,Standard Selling,23524.00,PCS,UGX,1,0,Source VAT: 4234.00; source inclusive: 27758.00; arithmetic delta: 0.00,docs/item details.csv
,ASM-NISSAN-PATROL-Y61-ZD30-ENGINE-EXHAUST-FLEXIBLE-PIPE,Standard Selling,4783251.00,PCS,UGX,1,0,Source VAT: 860985.00; source inclusive: 5644236.00; arithmetic delta: 0.00,docs/item details.csv
,ASM-NISSAN-PATROL-Y61-ZD30-ENGINE-HEAT-SHIELD,Standard Selling,788201.00,PCS,UGX,1,0,Source VAT: 141876.00; source inclusive: 930077.00; arithmetic delta: 0.00,docs/item details.csv
,ASM-NISSAN-PATROL-Y61-ZD30-ENGINE-FUEL-INJECTOR-NOZZLES,Standard Selling,8389493.00,PCS,UGX,1,0,Source VAT: 1510109.00; source inclusive: 9899602.00; arithmetic delta: 0.00,docs/item details.csv
,ASM-NISSAN-PATROL-Y61-ZD30-ENGINE-FUEL-INJECTORS,Standard Selling,8389493.00,PCS,UGX,1,0,Source VAT: 1510109.00; source inclusive: 9899602.00; arithmetic delta: 0.00,docs/item details.csv
,ASM-NISSAN-PATROL-Y61-ZD30-ENGINE-FUEL-LIFT-PUMP,Standard Selling,1089555.00,PCS,UGX,1,0,Source VAT: 196120.00; source inclusive: 1285674.00; arithmetic delta: 1.00,docs/item details.csv
,ASM-NISSAN-PATROL-Y61-ZD30-ENGINE-FUEL-NOZZLE-WASHERS,Standard Selling,15893.00,PCS,UGX,1,0,Source VAT: 2861.00; source inclusive: 18754.00; arithmetic delta: 0.00,docs/item details.csv
,ASM-NISSAN-PATROL-Y61-ZD30-ENGINE-FUEL-PRESSURE-REGULATOR,Standard Selling,683931.00,PCS,UGX,1,0,Source VAT: 123108.00; source inclusive: 807039.00; arithmetic delta: 0.00,docs/item details.csv
,ASM-NISSAN-PATROL-Y61-ZD30-ENGINE-FUEL-PUMP-GASKET,Standard Selling,89964.00,PCS,UGX,1,0,Source VAT: 16194.00; source inclusive: 106158.00; arithmetic delta: 0.00,docs/item details.csv
,ASM-NISSAN-PATROL-Y61-ZD30-ENGINE-FUEL-TANK,Standard Selling,4436096.00,PCS,UGX,1,0,Source VAT: 798497.00; source inclusive: 5234593.00; arithmetic delta: 0.00,docs/item details.csv
,ASM-NISSAN-PATROL-Y61-ZD30-ENGINE-FUEL-WATER-SEPARATOR,Standard Selling,1150891.00,PCS,UGX,1,0,Source VAT: 207160.00; source inclusive: 1358051.00; arithmetic delta: 0.00,docs/item details.csv
,ASM-NISSAN-PATROL-Y61-ZD30-ENGINE-INTAKE-MANIFOLD,Standard Selling,4857937.00,PCS,UGX,1,0,Source VAT: 874429.00; source inclusive: 5732365.00; arithmetic delta: 1.00,docs/item details.csv
,ASM-NISSAN-PATROL-Y61-ZD30-ENGINE-FUEL-HORSE-PIPE-CLAMPS,Standard Selling,23370.00,PCS,UGX,1,0,Source VAT: 4207.00; source inclusive: 27577.00; arithmetic delta: 0.00,docs/item details.csv
,ASM-NISSAN-PATROL-Y61-ZD30-ENGINE-FUEL-HORSE-PIPE,Standard Selling,127162.00,PCS,UGX,1,0,Source VAT: 22889.00; source inclusive: 150051.00; arithmetic delta: 0.00,docs/item details.csv
,ASM-NISSAN-PATROL-Y61-ZD30-ENGINE-FUEL-BREATHER-PIPE,Standard Selling,95358.00,PCS,UGX,1,0,Source VAT: 17165.00; source inclusive: 112523.00; arithmetic delta: 0.00,docs/item details.csv
,ASM-NISSAN-PATROL-Y61-ZD30-ENGINE-TANK-BELT-CLAMP,Standard Selling,1579099.00,PCS,UGX,1,0,Source VAT: 284238.00; source inclusive: 1863336.00; arithmetic delta: 1.00,docs/item details.csv
,ASM-NISSAN-PATROL-Y61-ZD30-ENGINE-INTAKE-MANIFOLD-GASKET,Standard Selling,502586.00,PCS,UGX,1,0,Source VAT: 90466.00; source inclusive: 593052.00; arithmetic delta: 0.00,docs/item details.csv
,ASM-NISSAN-PATROL-Y61-ZD30-ENGINE-END-ASSY-TIEROD-LH,Standard Selling,505642.00,PCS,UGX,1,0,Source VAT: 91016.00; source inclusive: 596658.00; arithmetic delta: 0.00,docs/item details.csv
,ASM-NISSAN-PATROL-Y61-ZD30-ENGINE-END-ASSY-TIEROD-RH,Standard Selling,474987.00,PCS,UGX,1,0,Source VAT: 85498.00; source inclusive: 560485.00; arithmetic delta: 0.00,docs/item details.csv
,ASM-NISSAN-PATROL-Y61-ZD30-ENGINE-FRONT-SHOCK-DAMPERS,Standard Selling,179830.00,PCS,UGX,1,0,Source VAT: 32369.00; source inclusive: 212200.00; arithmetic delta: -1.00,docs/item details.csv
,ASM-NISSAN-PATROL-Y61-ZD30-ENGINE-BUSHING-REAR-SHOCK-ABSORBERS,Standard Selling,17254.00,PCS,UGX,1,0,Source VAT: 3106.00; source inclusive: 20360.00; arithmetic delta: 0.00,docs/item details.csv
,ASM-NISSAN-PATROL-Y61-ZD30-ENGINE-SHOCK-ABSORBERS-FRONT,Standard Selling,700678.00,PCS,UGX,1,0,Source VAT: 126122.00; source inclusive: 826800.00; arithmetic delta: 0.00,docs/item details.csv
,ASM-NISSAN-PATROL-Y61-ZD30-ENGINE-SHOCK-ABSORBERS-REAR,Standard Selling,758134.00,PCS,UGX,1,0,Source VAT: 136464.00; source inclusive: 894598.00; arithmetic delta: 0.00,docs/item details.csv
,ASM-NISSAN-PATROL-Y61-ZD30-ENGINE-STABILIZER-BAR-U-BUSHES,Standard Selling,36556.00,PCS,UGX,1,0,Source VAT: 6580.00; source inclusive: 43136.00; arithmetic delta: 0.00,docs/item details.csv
,ASM-NISSAN-PATROL-Y61-ZD30-ENGINE-STABILIZER-BAR-LINK-RHS,Standard Selling,140896.00,PCS,UGX,1,0,Source VAT: 25361.00; source inclusive: 166258.00; arithmetic delta: -1.00,docs/item details.csv
,ASM-NISSAN-PATROL-Y61-ZD30-ENGINE-STABILIZER-BAR-LINK-LHS,Standard Selling,140896.00,PCS,UGX,1,0,Source VAT: 25361.00; source inclusive: 166258.00; arithmetic delta: -1.00,docs/item details.csv
,ASM-NISSAN-PATROL-Y61-ZD30-ENGINE-KING-PIN-SET,Standard Selling,2568742.00,PCS,UGX,1,0,Source VAT: 462374.00; source inclusive: 3031115.00; arithmetic delta: 1.00,docs/item details.csv
,ASM-NISSAN-PATROL-Y61-ZD30-ENGINE-DRAG-LINK-ARM,Standard Selling,1634838.00,PCS,UGX,1,0,Source VAT: 294271.00; source inclusive: 1929109.00; arithmetic delta: 0.00,docs/item details.csv
,ASM-NISSAN-PATROL-Y61-ZD30-ENGINE-PINION,Standard Selling,7319433.00,PCS,UGX,1,0,Source VAT: 1317498.00; source inclusive: 8636932.00; arithmetic delta: -1.00,docs/item details.csv
,ASM-NISSAN-PATROL-Y61-ZD30-ENGINE-PITMAN-ARM,Standard Selling,611702.00,PCS,UGX,1,0,Source VAT: 110106.00; source inclusive: 721808.00; arithmetic delta: 0.00,docs/item details.csv
,ASM-NISSAN-PATROL-Y61-ZD30-ENGINE-POWER-STEERING-ASSEMBLY,Standard Selling,3847784.00,PCS,UGX,1,0,Source VAT: 692601.00; source inclusive: 4540385.00; arithmetic delta: 0.00,docs/item details.csv
,ASM-NISSAN-PATROL-Y61-ZD30-ENGINE-SPINDLE,Standard Selling,2568742.00,PCS,UGX,1,0,Source VAT: 462374.00; source inclusive: 3031115.00; arithmetic delta: 1.00,docs/item details.csv
,ASM-NISSAN-PATROL-Y61-ZD30-ENGINE-BUMPING-STOPPER,Standard Selling,179830.00,PCS,UGX,1,0,Source VAT: 32369.00; source inclusive: 212200.00; arithmetic delta: -1.00,docs/item details.csv
,ASM-NISSAN-PATROL-Y61-ZD30-ENGINE-STEERING-ARM,Standard Selling,611702.00,PCS,UGX,1,0,Source VAT: 110106.00; source inclusive: 721808.00; arithmetic delta: 0.00,docs/item details.csv
,ASM-NISSAN-PATROL-Y61-ZD30-ENGINE-STEERING-BOX,Standard Selling,7319433.00,PCS,UGX,1,0,Source VAT: 1317498.00; source inclusive: 8636932.00; arithmetic delta: -1.00,docs/item details.csv
,ASM-NISSAN-PATROL-Y61-ZD30-ENGINE-STEERING-COLUMN-ASSEMBLY,Standard Selling,3291941.00,PCS,UGX,1,0,Source VAT: 592549.00; source inclusive: 3884490.00; arithmetic delta: 0.00,docs/item details.csv
,ASM-NISSAN-PATROL-Y61-ZD30-ENGINE-STEERING-DAMPER,Standard Selling,523286.00,PCS,UGX,1,0,Source VAT: 94192.00; source inclusive: 617478.00; arithmetic delta: 0.00,docs/item details.csv
,ASM-NISSAN-PATROL-Y61-ZD30-ENGINE-STEERING-SHAFT,Standard Selling,1311733.00,PCS,UGX,1,0,Source VAT: 236112.00; source inclusive: 1547845.00; arithmetic delta: 0.00,docs/item details.csv
,ASM-NISSAN-PATROL-Y61-ZD30-ENGINE-STEERING-WHEEL,Standard Selling,3094284.00,PCS,UGX,1,0,Source VAT: 556971.00; source inclusive: 3651255.00; arithmetic delta: 0.00,docs/item details.csv
,ASM-NISSAN-PATROL-Y61-ZD30-ENGINE-STEERING-PUMP-BELT,Standard Selling,390535.00,PCS,UGX,1,0,Source VAT: 70296.00; source inclusive: 460831.00; arithmetic delta: 0.00,docs/item details.csv
,ASM-NISSAN-PATROL-Y61-ZD30-ENGINE-STUB-AXLE,Standard Selling,2117678.00,PCS,UGX,1,0,Source VAT: 381182.00; source inclusive: 2498860.00; arithmetic delta: 0.00,docs/item details.csv
,ASM-NISSAN-PATROL-Y61-ZD30-ENGINE-TRACK-ROD,Standard Selling,856475.00,PCS,UGX,1,0,Source VAT: 154165.00; source inclusive: 1010640.00; arithmetic delta: 0.00,docs/item details.csv
,ASM-NISSAN-PATROL-Y61-ZD30-ENGINE-UNIVERSAL-JOINT,Standard Selling,701812.00,PCS,UGX,1,0,Source VAT: 126326.00; source inclusive: 828138.00; arithmetic delta: 0.00,docs/item details.csv
,ASM-NISSAN-PATROL-Y61-ZD30-ENGINE-BODY-SHIMS,Standard Selling,233872.00,PCS,UGX,1,0,Source VAT: 42097.00; source inclusive: 275969.00; arithmetic delta: 0.00,docs/item details.csv
,ASM-NISSAN-PATROL-Y61-ZD30-ENGINE-CLUTCH-PLATE,Standard Selling,1203897.00,PCS,UGX,1,0,Source VAT: 216701.00; source inclusive: 1420598.00; arithmetic delta: 0.00,docs/item details.csv
,ASM-NISSAN-PATROL-Y61-ZD30-ENGINE-CLUTCH-PRESSURE-PLATE,Standard Selling,1381570.00,PCS,UGX,1,0,Source VAT: 248683.00; source inclusive: 1630253.00; arithmetic delta: 0.00,docs/item details.csv
,ASM-NISSAN-PATROL-Y61-ZD30-ENGINE-RELEASE-BEARING,Standard Selling,195958.00,PCS,UGX,1,0,Source VAT: 35272.00; source inclusive: 231230.00; arithmetic delta: 0.00,docs/item details.csv
,ASM-NISSAN-PATROL-Y61-ZD30-ENGINE-DUST-SEALS,Standard Selling,117295.00,PCS,UGX,1,0,Source VAT: 21113.00; source inclusive: 138408.00; arithmetic delta: 0.00,docs/item details.csv
,ASM-NISSAN-PATROL-Y61-ZD30-ENGINE-CLUTCH-PEDAL,Standard Selling,813636.00,PCS,UGX,1,0,Source VAT: 146455.00; source inclusive: 960091.00; arithmetic delta: 0.00,docs/item details.csv
,ASM-NISSAN-PATROL-Y61-ZD30-ENGINE-CLUTCH-CYLINDER-ASSEMBLY,Standard Selling,755442.00,PCS,UGX,1,0,Source VAT: 135979.00; source inclusive: 891421.00; arithmetic delta: 0.00,docs/item details.csv
,ASM-NISSAN-PATROL-Y61-ZD30-ENGINE-CLUTCH-PEDAL-2,Standard Selling,813636.00,PCS,UGX,1,0,Source VAT: 146455.00; source inclusive: 960091.00; arithmetic delta: 0.00,docs/item details.csv
,ASM-NISSAN-PATROL-Y61-ZD30-ENGINE-DIFFERENTIAL-BOLTS,Standard Selling,12872.00,PCS,UGX,1,0,Source VAT: 2317.00; source inclusive: 15188.00; arithmetic delta: 1.00,docs/item details.csv
,ASM-NISSAN-PATROL-Y61-ZD30-ENGINE-DIFFERENTIAL-CASE-HOUSING,Standard Selling,12244169.00,PCS,UGX,1,0,Source VAT: 2203950.00; source inclusive: 14448119.00; arithmetic delta: 0.00,docs/item details.csv
,ASM-NISSAN-PATROL-Y61-ZD30-ENGINE-DIFFERENTIAL-SEAL,Standard Selling,106540.00,PCS,UGX,1,0,Source VAT: 19177.00; source inclusive: 125717.00; arithmetic delta: 0.00,docs/item details.csv
,ASM-NISSAN-PATROL-Y61-ZD30-ENGINE-DIFFERENTIAL-UNIT-COMPLETE,Standard Selling,19265168.00,PCS,UGX,1,0,Source VAT: 3467730.00; source inclusive: 22732898.00; arithmetic delta: 0.00,docs/item details.csv
,ASM-NISSAN-PATROL-Y61-ZD30-ENGINE-FLYWHEEL,Standard Selling,3191093.00,PCS,UGX,1,0,Source VAT: 574397.00; source inclusive: 3765490.00; arithmetic delta: 0.00,docs/item details.csv
,ASM-NISSAN-PATROL-Y61-ZD30-ENGINE-GEARBOX-OIL-SEAL,Standard Selling,176411.00,PCS,UGX,1,0,Source VAT: 31754.00; source inclusive: 208165.00; arithmetic delta: 0.00,docs/item details.csv
,ASM-NISSAN-PATROL-Y61-ZD30-ENGINE-GEAR-RING,Standard Selling,6757935.00,PCS,UGX,1,0,Source VAT: 1216428.00; source inclusive: 7974364.00; arithmetic delta: -1.00,docs/item details.csv
,ASM-NISSAN-PATROL-Y61-ZD30-ENGINE-GEAR-BOX-ASSEMBLY-COMPLETE,Standard Selling,28576834.00,PCS,UGX,1,0,Source VAT: 5143830.00; source inclusive: 33720664.00; arithmetic delta: 0.00,docs/item details.csv
,ASM-NISSAN-PATROL-Y61-ZD30-ENGINE-GEARBOX-MOUNTING,Standard Selling,420509.00,PCS,UGX,1,0,Source VAT: 75692.00; source inclusive: 496201.00; arithmetic delta: 0.00,docs/item details.csv
,ASM-NISSAN-PATROL-Y61-ZD30-ENGINE-MASTER-CYLINDER,Standard Selling,755442.00,PCS,UGX,1,0,Source VAT: 135979.00; source inclusive: 891421.00; arithmetic delta: 0.00,docs/item details.csv
,ASM-NISSAN-PATROL-Y61-ZD30-ENGINE-PROPELLER-SHAFT-COMPLETE,Standard Selling,6498218.00,PCS,UGX,1,0,Source VAT: 1169679.00; source inclusive: 7667897.00; arithmetic delta: 0.00,docs/item details.csv
,ASM-NISSAN-PATROL-Y61-ZD30-ENGINE-STOPPER-RUBBERS,Standard Selling,251763.00,PCS,UGX,1,0,Source VAT: 45317.00; source inclusive: 297080.00; arithmetic delta: 0.00,docs/item details.csv
,ASM-NISSAN-PATROL-Y61-ZD30-ENGINE-TRANSFER-CASE,Standard Selling,31680831.00,PCS,UGX,1,0,Source VAT: 5702550.00; source inclusive: 37383381.00; arithmetic delta: 0.00,docs/item details.csv
,ASM-NISSAN-PATROL-Y61-ZD30-ENGINE-TRANSFER-GEARBOX-MOUNTING,Standard Selling,420509.00,PCS,UGX,1,0,Source VAT: 75692.00; source inclusive: 496201.00; arithmetic delta: 0.00,docs/item details.csv
,ASM-NISSAN-PATROL-Y61-ZD30-ENGINE-RETURN-SPRING,Standard Selling,15415.00,PCS,UGX,1,0,Source VAT: 2775.00; source inclusive: 18190.00; arithmetic delta: 0.00,docs/item details.csv
,ASM-NISSAN-PATROL-Y61-ZD30-ENGINE-FLYWHEEL-ASSEMBLY,Standard Selling,12422663.00,PCS,UGX,1,0,Source VAT: 2236079.00; source inclusive: 14658742.00; arithmetic delta: 0.00,docs/item details.csv
,ASM-NISSAN-PATROL-Y61-ZD30-ENGINE-STUD,Standard Selling,27177.00,PCS,UGX,1,0,Source VAT: 4892.00; source inclusive: 32069.00; arithmetic delta: 0.00,docs/item details.csv
,ASM-NISSAN-PATROL-Y61-ZD30-ENGINE-SPOT-NUTS,Standard Selling,24804.00,PCS,UGX,1,0,Source VAT: 4465.00; source inclusive: 29269.00; arithmetic delta: 0.00,docs/item details.csv
,ASM-NISSAN-PATROL-Y61-ZD30-ENGINE-SPARE-TYRE-WINCH,Standard Selling,216955.00,PCS,UGX,1,0,Source VAT: 39052.00; source inclusive: 256007.00; arithmetic delta: 0.00,docs/item details.csv
,ASM-NISSAN-PATROL-Y61-ZD30-ENGINE-RIM,Standard Selling,1729016.00,PCS,UGX,1,0,Source VAT: 311223.00; source inclusive: 2040239.00; arithmetic delta: 0.00,docs/item details.csv
,ASM-NISSAN-PATROL-Y61-ZD30-ENGINE-WHEEL-HUB-BEARING-INNER,Standard Selling,375288.00,PCS,UGX,1,0,Source VAT: 67552.00; source inclusive: 442840.00; arithmetic delta: 0.00,docs/item details.csv
,ASM-NISSAN-PATROL-Y61-ZD30-ENGINE-WHEEL-HUB-BEARING-OUTER,Standard Selling,248024.00,PCS,UGX,1,0,Source VAT: 44644.00; source inclusive: 292668.00; arithmetic delta: 0.00,docs/item details.csv
,ASM-NISSAN-PATROL-Y61-ZD30-ENGINE-TYRE-PUNCTURE-REPAIR,Standard Selling,45161.00,PCS,UGX,1,0,Source VAT: 8129.00; source inclusive: 53290.00; arithmetic delta: 0.00,docs/item details.csv
,ASM-NISSAN-PATROL-Y61-ZD30-ENGINE-A-C-COMPRESSOR-PUMP,Standard Selling,13029126.00,PCS,UGX,1,0,Source VAT: 2345243.00; source inclusive: 15374369.00; arithmetic delta: 0.00,docs/item details.csv
,ASM-NISSAN-PATROL-Y61-ZD30-ENGINE-A-C-CONDENSER,Standard Selling,3340584.00,PCS,UGX,1,0,Source VAT: 601305.00; source inclusive: 3941889.00; arithmetic delta: 0.00,docs/item details.csv
,ASM-NISSAN-PATROL-Y61-ZD30-ENGINE-A-C-EXPANSION-VALVE,Standard Selling,685212.00,PCS,UGX,1,0,Source VAT: 123338.00; source inclusive: 808550.00; arithmetic delta: 0.00,docs/item details.csv
,ASM-NISSAN-PATROL-Y61-ZD30-ENGINE-A-C-HOSE,Standard Selling,2225201.00,PCS,UGX,1,0,Source VAT: 400536.00; source inclusive: 2625737.00; arithmetic delta: 0.00,docs/item details.csv
,ASM-NISSAN-PATROL-Y61-ZD30-ENGINE-A-C-BELT,Standard Selling,546749.00,PCS,UGX,1,0,Source VAT: 98415.00; source inclusive: 645164.00; arithmetic delta: 0.00,docs/item details.csv
,ASM-NISSAN-PATROL-Y61-ZD30-ENGINE-A-C-EVAPORATORS,Standard Selling,7539786.00,PCS,UGX,1,0,Source VAT: 1357161.00; source inclusive: 8896947.00; arithmetic delta: 0.00,docs/item details.csv
,ASM-NISSAN-PATROL-Y61-ZD30-ENGINE-A-C-RELAYS,Standard Selling,202018.00,PCS,UGX,1,0,Source VAT: 36363.00; source inclusive: 238381.00; arithmetic delta: 0.00,docs/item details.csv
,ASM-NISSAN-PATROL-Y61-ZD30-ENGINE-A-C-REFILLING,Standard Selling,318.00,Gram,UGX,1,0,Source VAT: 57.00; source inclusive: 375.00; arithmetic delta: 0.00,docs/item details.csv
,ASM-NISSAN-PATROL-Y61-ZD30-ENGINE-A-C-REGULATOR-SWITCH,Standard Selling,299613.00,PCS,UGX,1,0,Source VAT: 53930.00; source inclusive: 353543.00; arithmetic delta: 0.00,docs/item details.csv
,ASM-NISSAN-PATROL-Y61-ZD30-ENGINE-A-C-RELAY,Standard Selling,202018.00,PCS,UGX,1,0,Source VAT: 36363.00; source inclusive: 238381.00; arithmetic delta: 0.00,docs/item details.csv
,ASM-NISSAN-PATROL-Y61-ZD30-ENGINE-A-C-SCHRADER-VALVE,Standard Selling,357466.00,PCS,UGX,1,0,Source VAT: 64344.00; source inclusive: 421810.00; arithmetic delta: 0.00,docs/item details.csv
,ASM-NISSAN-PATROL-Y61-ZD30-ENGINE-A-C-VALVE,Standard Selling,357466.00,PCS,UGX,1,0,Source VAT: 64344.00; source inclusive: 421810.00; arithmetic delta: 0.00,docs/item details.csv
,ASM-NISSAN-PATROL-Y61-ZD30-ENGINE-WASHER-HOSE,Standard Selling,381946.00,PCS,UGX,1,0,Source VAT: 68750.00; source inclusive: 450696.00; arithmetic delta: 0.00,docs/item details.csv
,ASM-NISSAN-PATROL-Y61-ZD30-ENGINE-WIPER-BLADE-LHS,Standard Selling,194541.00,PCS,UGX,1,0,Source VAT: 35017.00; source inclusive: 229558.00; arithmetic delta: 0.00,docs/item details.csv
,ASM-NISSAN-PATROL-Y61-ZD30-ENGINE-WIPER-BLADE-RHS,Standard Selling,175950.00,PCS,UGX,1,0,Source VAT: 31671.00; source inclusive: 207622.00; arithmetic delta: -1.00,docs/item details.csv
,ASM-NISSAN-PATROL-Y61-ZD30-ENGINE-WIPER-MOTOR,Standard Selling,2950614.00,PCS,UGX,1,0,Source VAT: 531111.00; source inclusive: 3481725.00; arithmetic delta: 0.00,docs/item details.csv
,ASM-NISSAN-PATROL-Y61-ZD30-ENGINE-WIPER-ARM-LHS-AND-RHS,Standard Selling,363202.00,PCS,UGX,1,0,Source VAT: 65376.00; source inclusive: 428578.00; arithmetic delta: 0.00,docs/item details.csv
,ASM-NISSAN-PATROL-Y61-ZD30-ENGINE-WIPER-NOZZLE,Standard Selling,71937.00,PCS,UGX,1,0,Source VAT: 12949.00; source inclusive: 84886.00; arithmetic delta: 0.00,docs/item details.csv
,ASM-NISSAN-PATROL-Y61-ZD30-ENGINE-HEAD-LAMP-BULBS,Standard Selling,317418.00,PCS,UGX,1,0,Source VAT: 57135.00; source inclusive: 374553.00; arithmetic delta: 0.00,docs/item details.csv
,ASM-NISSAN-PATROL-Y61-ZD30-ENGINE-HEAD-LAMP-ASSY-RIGHT-AND-LEFT,Standard Selling,1647314.00,PCS,UGX,1,0,Source VAT: 296517.00; source inclusive: 1943831.00; arithmetic delta: 0.00,docs/item details.csv
,ASM-NISSAN-PATROL-Y61-ZD30-ENGINE-GLOW-PLUGS,Standard Selling,486488.00,PCS,UGX,1,0,Source VAT: 87568.00; source inclusive: 574056.00; arithmetic delta: 0.00,docs/item details.csv
,ASM-NISSAN-PATROL-Y61-ZD30-ENGINE-PARKING-BULB,Standard Selling,25197.00,PCS,UGX,1,0,Source VAT: 4535.00; source inclusive: 29732.00; arithmetic delta: 0.00,docs/item details.csv
,ASM-NISSAN-PATROL-Y61-ZD30-ENGINE-BRAKE-BULBS-DOUBLE-AND-SINGLE,Standard Selling,31001.00,PCS,UGX,1,0,Source VAT: 5580.00; source inclusive: 36581.00; arithmetic delta: 0.00,docs/item details.csv
,ASM-NISSAN-PATROL-Y61-ZD30-ENGINE-AMPS-FUSES-IN-RANGE-FROM-10-50,Standard Selling,9639.00,PCS,UGX,1,0,Source VAT: 1735.00; source inclusive: 11374.00; arithmetic delta: 0.00,docs/item details.csv
,ASM-NISSAN-PATROL-Y61-ZD30-ENGINE-ALTERNATOR-COMPLETE,Standard Selling,7080577.00,PCS,UGX,1,0,Source VAT: 1274504.00; source inclusive: 8355080.00; arithmetic delta: 1.00,docs/item details.csv
,ASM-NISSAN-PATROL-Y61-ZD30-ENGINE-SPORT-LIGHT,Standard Selling,462572.00,PCS,UGX,1,0,Source VAT: 83263.00; source inclusive: 545835.00; arithmetic delta: 0.00,docs/item details.csv
,ASM-NISSAN-PATROL-Y61-ZD30-ENGINE-SPORT-BULB,Standard Selling,462572.00,PCS,UGX,1,0,Source VAT: 83263.00; source inclusive: 545835.00; arithmetic delta: 0.00,docs/item details.csv
,ASM-NISSAN-PATROL-Y61-ZD30-ENGINE-DOOR-GLASS-SWITCH,Standard Selling,1245788.00,PCS,UGX,1,0,Source VAT: 224242.00; source inclusive: 1470030.00; arithmetic delta: 0.00,docs/item details.csv
,ASM-NISSAN-PATROL-Y61-ZD30-ENGINE-WINDOW-REGULATORS,Standard Selling,748784.00,PCS,UGX,1,0,Source VAT: 134781.00; source inclusive: 883565.00; arithmetic delta: 0.00,docs/item details.csv
,ASM-NISSAN-PATROL-Y61-ZD30-ENGINE-WINDOW-MOTORS,Standard Selling,2778488.00,PCS,UGX,1,0,Source VAT: 500128.00; source inclusive: 3278616.00; arithmetic delta: 0.00,docs/item details.csv
,ASM-NISSAN-PATROL-Y61-ZD30-ENGINE-INDICATOR-BULBS,Standard Selling,34808.00,PCS,UGX,1,0,Source VAT: 6265.00; source inclusive: 41073.00; arithmetic delta: 0.00,docs/item details.csv
,ASM-NISSAN-PATROL-Y61-ZD30-ENGINE-STARTER-MOTOR-COMPLETE,Standard Selling,5903499.00,PCS,UGX,1,0,Source VAT: 1062630.00; source inclusive: 6966129.00; arithmetic delta: 0.00,docs/item details.csv
,ASM-NISSAN-PATROL-Y61-ZD30-ENGINE-TAIL-LIGHTS,Standard Selling,806313.00,PCS,UGX,1,0,Source VAT: 145136.00; source inclusive: 951449.00; arithmetic delta: 0.00,docs/item details.csv
,ASM-NISSAN-PATROL-Y61-ZD30-ENGINE-FLASHER-UNIT,Standard Selling,286741.00,PCS,UGX,1,0,Source VAT: 51613.00; source inclusive: 338354.00; arithmetic delta: 0.00,docs/item details.csv
,ASM-NISSAN-PATROL-Y61-ZD30-ENGINE-MAINTENANCE-FREE-BATTERY-N70-1,Standard Selling,745763.00,PCS,UGX,1,0,Source VAT: 134237.00; source inclusive: 880000.00; arithmetic delta: 0.00,docs/item details.csv
,ASM-NISSAN-PATROL-Y61-ZD30-ENGINE-DOOR-MIRROR-SWITCHES,Standard Selling,1245788.00,PCS,UGX,1,0,Source VAT: 224242.00; source inclusive: 1470030.00; arithmetic delta: 0.00,docs/item details.csv
,ASM-NISSAN-PATROL-Y61-ZD30-ENGINE-AUTO-BULBS,Standard Selling,196419.00,PCS,UGX,1,0,Source VAT: 35355.00; source inclusive: 231774.00; arithmetic delta: 0.00,docs/item details.csv
,ASM-NISSAN-PATROL-Y61-ZD30-ENGINE-RADIO-AS-SPECIFIED-IN-THE-VEHICLE,Standard Selling,9295022.00,PCS,UGX,1,0,Source VAT: 1673104.00; source inclusive: 10968126.00; arithmetic delta: 0.00,docs/item details.csv
,ASM-NISSAN-PATROL-Y61-ZD30-ENGINE-SIDE-MIRROR-ASSEMBLY-SET,Standard Selling,3186057.00,PCS,UGX,1,0,Source VAT: 573490.00; source inclusive: 3759547.00; arithmetic delta: 0.00,docs/item details.csv
,ASM-NISSAN-PATROL-Y61-ZD30-ENGINE-WIND-SCREEN,Standard Selling,3149474.00,PCS,UGX,1,0,Source VAT: 566905.00; source inclusive: 3716379.00; arithmetic delta: 0.00,docs/item details.csv
,ASM-NISSAN-PATROL-Y61-ZD30-ENGINE-MAD-FLAP,Standard Selling,791683.00,PCS,UGX,1,0,Source VAT: 142503.00; source inclusive: 934186.00; arithmetic delta: 0.00,docs/item details.csv
,ASM-NISSAN-PATROL-Y61-ZD30-ENGINE-DOOR-GLASS-DRIVER-CO-DRIVER-REA,Standard Selling,791683.00,PCS,UGX,1,0,Source VAT: 142503.00; source inclusive: 934186.00; arithmetic delta: 0.00,docs/item details.csv
,ASM-NISSAN-PATROL-Y61-ZD30-ENGINE-FRONT-GRILL,Standard Selling,1529388.00,PCS,UGX,1,0,Source VAT: 275290.00; source inclusive: 1804678.00; arithmetic delta: 0.00,docs/item details.csv
,ASM-NISSAN-PATROL-Y61-ZD30-ENGINE-DOOR-HANDLE,Standard Selling,594599.00,PCS,UGX,1,0,Source VAT: 107028.00; source inclusive: 701627.00; arithmetic delta: 0.00,docs/item details.csv
,ASM-NISSAN-PATROL-Y61-ZD30-ENGINE-RADIO-AERIAL,Standard Selling,794722.00,PCS,UGX,1,0,Source VAT: 143050.00; source inclusive: 937772.00; arithmetic delta: 0.00,docs/item details.csv
,ASM-NISSAN-PATROL-Y61-ZD30-ENGINE-DOOR-LOCKS,Standard Selling,358098.00,PCS,UGX,1,0,Source VAT: 64458.00; source inclusive: 422555.00; arithmetic delta: 1.00,docs/item details.csv
,ASM-NISSAN-PATROL-Y61-ZD30-ENGINE-FRONT-BUMPER,Standard Selling,2030779.00,PCS,UGX,1,0,Source VAT: 365540.00; source inclusive: 2396320.00; arithmetic delta: -1.00,docs/item details.csv
,ASM-NISSAN-PATROL-Y61-ZD30-ENGINE-REAR-BUMPER,Standard Selling,1726199.00,PCS,UGX,1,0,Source VAT: 310716.00; source inclusive: 2036915.00; arithmetic delta: 0.00,docs/item details.csv
,ASM-NISSAN-PATROL-Y61-ZD30-ENGINE-BONNET-CABLE,Standard Selling,335530.00,PCS,UGX,1,0,Source VAT: 60395.00; source inclusive: 395925.00; arithmetic delta: 0.00,docs/item details.csv
,ASM-NISSAN-PATROL-Y61-ZD30-ENGINE-REFLECTORS,Standard Selling,99355.00,Set,UGX,1,0,Source VAT: 17884.00; source inclusive: 117239.00; arithmetic delta: 0.00,docs/item details.csv
,ASM-NISSAN-PATROL-Y61-ZD30-ENGINE-DRIVING-MIRROR,Standard Selling,761980.00,PCS,UGX,1,0,Source VAT: 137156.00; source inclusive: 899136.00; arithmetic delta: 0.00,docs/item details.csv
,ASM-NISSAN-PATROL-Y61-ZD30-ENGINE-SUN-VISOR,Standard Selling,377490.00,PCS,UGX,1,0,Source VAT: 67948.00; source inclusive: 445439.00; arithmetic delta: -1.00,docs/item details.csv
,ASM-NISSAN-PATROL-Y61-ZD30-ENGINE-WATER-WASHERS,Standard Selling,71937.00,PCS,UGX,1,0,Source VAT: 12949.00; source inclusive: 84886.00; arithmetic delta: 0.00,docs/item details.csv
,ASM-NISSAN-PATROL-Y61-ZD30-ENGINE-JACK,Standard Selling,1433193.00,PCS,UGX,1,0,Source VAT: 257975.00; source inclusive: 1691168.00; arithmetic delta: 0.00,docs/item details.csv
,ASM-NISSAN-PATROL-Y61-ZD30-ENGINE-WHEEL-SPANNER,Standard Selling,216955.00,PCS,UGX,1,0,Source VAT: 39052.00; source inclusive: 256007.00; arithmetic delta: 0.00,docs/item details.csv
,ASM-NISSAN-PATROL-Y61-ZD30-ENGINE-JACK-HANDLE,Standard Selling,220301.00,PCS,UGX,1,0,Source VAT: 39654.00; source inclusive: 259955.00; arithmetic delta: 0.00,docs/item details.csv
,ASM-NISSAN-PATROL-Y61-ZD30-ENGINE-WARNING-TRIANGLE,Standard Selling,135484.00,PCS,UGX,1,0,Source VAT: 24387.00; source inclusive: 159871.00; arithmetic delta: 0.00,docs/item details.csv
,ASM-NISSAN-PATROL-Y61-ZD30-ENGINE-BODY-MOUNTINGS,Standard Selling,327421.00,PCS,UGX,1,0,Source VAT: 58936.00; source inclusive: 386357.00; arithmetic delta: 0.00,docs/item details.csv
,ASM-NISSAN-PATROL-Y61-ZD30-ENGINE-FLASHER-CIRCUIT,Standard Selling,286741.00,PCS,UGX,1,0,Source VAT: 51613.00; source inclusive: 338354.00; arithmetic delta: 0.00,docs/item details.csv
,ASM-NISSAN-PATROL-Y61-ZD30-ENGINE-DOOR-WINDING-MACHINE,Standard Selling,748784.00,PCS,UGX,1,0,Source VAT: 134781.00; source inclusive: 883565.00; arithmetic delta: 0.00,docs/item details.csv
,ASM-NISSAN-PATROL-Y61-ZD30-ENGINE-BONNET-MOUNTING,Standard Selling,38939.00,PCS,UGX,1,0,Source VAT: 7009.00; source inclusive: 45948.00; arithmetic delta: 0.00,docs/item details.csv
,ASM-NISSAN-PATROL-Y61-ZD30-ENGINE-BONNET-LOCK,Standard Selling,299613.00,PCS,UGX,1,0,Source VAT: 53930.00; source inclusive: 353543.00; arithmetic delta: 0.00,docs/item details.csv
,ASM-NISSAN-PATROL-Y61-ZD30-ENGINE-BULBS-12V-DOUBLE-FILAMENT,Standard Selling,31001.00,PCS,UGX,1,0,Source VAT: 5580.00; source inclusive: 36581.00; arithmetic delta: 0.00,docs/item details.csv
,ASM-NISSAN-PATROL-Y61-ZD30-ENGINE-BULBS-12V-SINGLE-FILAMENT,Standard Selling,6675.00,PCS,UGX,1,0,Source VAT: 1201.00; source inclusive: 7876.00; arithmetic delta: 0.00,docs/item details.csv
,ASM-NISSAN-PATROL-Y61-ZD30-ENGINE-BULBS-24V-DOUBLE-FILAMENT,Standard Selling,27097.00,PCS,UGX,1,0,Source VAT: 4877.00; source inclusive: 31974.00; arithmetic delta: 0.00,docs/item details.csv
,ASM-NISSAN-PATROL-Y61-ZD30-ENGINE-BULBS-24V-SINGLE-FILAMENT,Standard Selling,6774.00,PCS,UGX,1,0,Source VAT: 1219.00; source inclusive: 7994.00; arithmetic delta: -1.00,docs/item details.csv
,ASM-NISSAN-PATROL-Y61-ZD30-ENGINE-BULBS-HALOGEN-FOR-HEADLAMPS,Standard Selling,75488.00,PCS,UGX,1,0,Source VAT: 13588.00; source inclusive: 89076.00; arithmetic delta: 0.00,docs/item details.csv
,ASM-NISSAN-PATROL-Y61-ZD30-ENGINE-COTTER-PIN,Standard Selling,802.00,PCS,UGX,1,0,Source VAT: 144.00; source inclusive: 947.00; arithmetic delta: -1.00,docs/item details.csv
,ASM-NISSAN-PATROL-Y61-ZD30-ENGINE-DASHBOARD,Standard Selling,6074158.00,PCS,UGX,1,0,Source VAT: 1093348.00; source inclusive: 7167506.00; arithmetic delta: 0.00,docs/item details.csv
,ASM-NISSAN-PATROL-Y61-ZD30-ENGINE-DOOR-FRONT,Standard Selling,4676062.00,PCS,UGX,1,0,Source VAT: 841691.00; source inclusive: 5517754.00; arithmetic delta: -1.00,docs/item details.csv
,ASM-NISSAN-PATROL-Y61-ZD30-ENGINE-DOOR-HIND-GATE,Standard Selling,4629920.00,PCS,UGX,1,0,Source VAT: 833386.00; source inclusive: 5463305.00; arithmetic delta: 1.00,docs/item details.csv
,ASM-NISSAN-PATROL-Y61-ZD30-ENGINE-DOOR-REAR,Standard Selling,3759130.00,PCS,UGX,1,0,Source VAT: 676643.00; source inclusive: 4435773.00; arithmetic delta: 0.00,docs/item details.csv
,ASM-NISSAN-PATROL-Y61-ZD30-ENGINE-DRAG-LINK,Standard Selling,2288773.00,PCS,UGX,1,0,Source VAT: 411979.00; source inclusive: 2700752.00; arithmetic delta: 0.00,docs/item details.csv
,ASM-NISSAN-PATROL-Y61-ZD30-ENGINE-FLOOR-CARPETS,Standard Selling,1468547.00,Set,UGX,1,0,Source VAT: 264338.00; source inclusive: 1732886.00; arithmetic delta: -1.00,docs/item details.csv
,ASM-NISSAN-PATROL-Y61-ZD30-ENGINE-HORN,Standard Selling,518001.00,PCS,UGX,1,0,Source VAT: 93240.00; source inclusive: 611242.00; arithmetic delta: -1.00,docs/item details.csv
,ASM-NISSAN-PATROL-Y61-ZD30-ENGINE-RIVETS,Standard Selling,27638.00,PCS,UGX,1,0,Source VAT: 4975.00; source inclusive: 32613.00; arithmetic delta: 0.00,docs/item details.csv
,ASM-NISSAN-PATROL-Y61-ZD30-ENGINE-SEAT-COVERS,Standard Selling,5300000.00,Set,UGX,1,0,Source VAT: 954000.00; source inclusive: 6254000.00; arithmetic delta: 0.00,docs/item details.csv
,ASM-NISSAN-PATROL-Y61-ZD30-ENGINE-SHIMS,Standard Selling,42916.00,PCS,UGX,1,0,Source VAT: 7725.00; source inclusive: 50641.00; arithmetic delta: 0.00,docs/item details.csv
,ASM-NISSAN-PATROL-Y61-ZD30-ENGINE-STUDS,Standard Selling,27177.00,PCS,UGX,1,0,Source VAT: 4892.00; source inclusive: 32069.00; arithmetic delta: 0.00,docs/item details.csv
,ASM-NISSAN-PATROL-Y61-ZD30-ENGINE-BULL-BARS,Standard Selling,8028406.00,PCS,UGX,1,0,Source VAT: 1445113.00; source inclusive: 9473519.00; arithmetic delta: 0.00,docs/item details.csv
,ASM-NISSAN-PATROL-Y61-ZD30-ENGINE-TOW-BARS,Standard Selling,6640534.00,PCS,UGX,1,0,Source VAT: 1195296.00; source inclusive: 7835830.00; arithmetic delta: 0.00,docs/item details.csv
,ASM-NISSAN-PATROL-Y61-ZD30-ENGINE-BOOT-LOCK-AND-KEYS,Standard Selling,651035.00,PCS,UGX,1,0,Source VAT: 117186.00; source inclusive: 768222.00; arithmetic delta: -1.00,docs/item details.csv
,ASM-NISSAN-PATROL-Y61-ZD30-ENGINE-CENTRAL-LOCKING-SWITCH,Standard Selling,1580645.00,PCS,UGX,1,0,Source VAT: 284516.00; source inclusive: 1865161.00; arithmetic delta: 0.00,docs/item details.csv
,ASM-NISSAN-PATROL-Y61-ZD30-ENGINE-DRIVERS-SEAT-BELTS,Standard Selling,1670975.00,PCS,UGX,1,0,Source VAT: 300775.00; source inclusive: 1971750.00; arithmetic delta: 0.00,docs/item details.csv
,ASM-NISSAN-PATROL-Y61-ZD30-ENGINE-FIRST-AID-KIT,Standard Selling,135484.00,PCS,UGX,1,0,Source VAT: 24387.00; source inclusive: 159871.00; arithmetic delta: 0.00,docs/item details.csv
,ASM-NISSAN-PATROL-Y61-ZD30-ENGINE-DOOR-MIRROR-GLASSES,Standard Selling,312962.00,PCS,UGX,1,0,Source VAT: 56333.00; source inclusive: 369295.00; arithmetic delta: 0.00,docs/item details.csv
,ASM-NISSAN-PATROL-Y61-ZD30-ENGINE-DOOR-GLASSES,Standard Selling,2386914.00,PCS,UGX,1,0,Source VAT: 429645.00; source inclusive: 2816558.00; arithmetic delta: 1.00,docs/item details.csv
,ASM-NISSAN-PATROL-Y61-ZD30-ENGINE-REAR-VIEW-MIRRORS,Standard Selling,761980.00,PCS,UGX,1,0,Source VAT: 137156.00; source inclusive: 899136.00; arithmetic delta: 0.00,docs/item details.csv
,ASM-NISSAN-PATROL-Y61-ZD30-ENGINE-SUN-ROOF-GLASSES,Standard Selling,6099884.00,PCS,UGX,1,0,Source VAT: 1097979.00; source inclusive: 7197863.00; arithmetic delta: 0.00,docs/item details.csv
,ASM-NISSAN-PATROL-Y61-ZD30-ENGINE-BUMPERS,Standard Selling,2030779.00,PCS,UGX,1,0,Source VAT: 365540.00; source inclusive: 2396320.00; arithmetic delta: -1.00,docs/item details.csv
,ASM-NISSAN-PATROL-Y61-ZD30-ENGINE-BUMPER-CROSS-MEMBER,Standard Selling,2503253.00,PCS,UGX,1,0,Source VAT: 450585.00; source inclusive: 2953838.00; arithmetic delta: 0.00,docs/item details.csv
,ASM-NISSAN-PATROL-Y61-ZD30-ENGINE-SIDE-STEPS,Standard Selling,6760645.00,PCS,UGX,1,0,Source VAT: 1216916.00; source inclusive: 7977561.00; arithmetic delta: 0.00,docs/item details.csv
,ASM-NISSAN-PATROL-Y61-ZD30-ENGINE-FOUR-WHEEL-DRIVE-LOCKS,Standard Selling,3465748.00,PCS,UGX,1,0,Source VAT: 623835.00; source inclusive: 4089582.00; arithmetic delta: 1.00,docs/item details.csv
,ASM-NISSAN-PATROL-Y61-ZD30-ENGINE-TRANSPORT-CHARGES-IN-CASE-OF-BREA,Standard Selling,10000.00,Kilometer,UGX,1,0,Source VAT: 1800.00; source inclusive: 11800.00; arithmetic delta: 0.00,docs/item details.csv
,ASM-NISSAN-PATROL-Y61-ZD30-ENGINE-ENGINE-OIL-DIESEL-ENGINE-OIL,Standard Selling,237257.00,Litre,UGX,1,0,Source VAT: 42706.00; source inclusive: 279964.00; arithmetic delta: -1.00,docs/item details.csv
,ASM-NISSAN-PATROL-Y61-ZD30-ENGINE-BRAKE-FLUID,Standard Selling,19090.00,0.25L,UGX,1,0,Source VAT: 3436.00; source inclusive: 22526.00; arithmetic delta: 0.00,docs/item details.csv
,ASM-NISSAN-PATROL-Y61-ZD30-ENGINE-TRANSMISSION-OIL-GL4-75-W85,Standard Selling,205886.00,Litre,UGX,1,0,Source VAT: 37059.00; source inclusive: 242946.00; arithmetic delta: -1.00,docs/item details.csv
,ASM-NISSAN-PATROL-Y61-ZD30-ENGINE-COOLANT-TOTAL,Standard Selling,422592.00,Litre,UGX,1,0,Source VAT: 76067.00; source inclusive: 498659.00; arithmetic delta: 0.00,docs/item details.csv
,ASM-NISSAN-PATROL-Y61-ZD30-ENGINE-ATF-FLUIDMATIC-D2-1L,Standard Selling,70905.00,Litre,UGX,1,0,Source VAT: 12763.00; source inclusive: 83667.00; arithmetic delta: 1.00,docs/item details.csv
,ASM-NISSAN-PATROL-Y61-ZD30-ENGINE-FILTER-ASSY-OIL,Standard Selling,116319.00,PCS,UGX,1,0,Source VAT: 20937.00; source inclusive: 65231.00; arithmetic delta: 72025.00,docs/item details.csv
,ASM-NISSAN-PATROL-Y61-ZD30-ENGINE-FILTER-ASSY-FUE,Standard Selling,375647.00,PCS,UGX,1,0,Source VAT: 67616.00; source inclusive: 217276.00; arithmetic delta: 225987.00,docs/item details.csv
,ASM-NISSAN-PATROL-Y61-ZD30-ENGINE-ELEMENT-ASSY,Standard Selling,371854.00,PCS,UGX,1,0,Source VAT: 66934.00; source inclusive: 438788.00; arithmetic delta: 0.00,docs/item details.csv
,ASM-NISSAN-PATROL-Y61-ZD30-ENGINE-GEAR-OIL-HYPOID-1L-FR-DIFF,Standard Selling,300559.00,Litre,UGX,1,0,Source VAT: 54101.00; source inclusive: 89603.00; arithmetic delta: 265057.00,docs/item details.csv
,ASM-NISSAN-PATROL-Y61-ZD30-ENGINE-WASHER-DRAIN,Standard Selling,6273.00,PCS,UGX,1,0,Source VAT: 1129.00; source inclusive: 7403.00; arithmetic delta: -1.00,docs/item details.csv
,ASM-FORD-VEHICLES-T6-ABS-STEEL-PIN,Standard Selling,189532.00,PCS,UGX,1,0,Source VAT: 34116.00; source inclusive: 223648.00; arithmetic delta: 0.00,docs/item details.csv
,ASM-FORD-VEHICLES-T6-ABS-SENSOR-FRONT,Standard Selling,327226.00,PCS,UGX,1,0,Source VAT: 58901.00; source inclusive: 386126.00; arithmetic delta: 1.00,docs/item details.csv
,ASM-FORD-VEHICLES-T6-ABS-SENSOR-REAR,Standard Selling,346839.00,PCS,UGX,1,0,Source VAT: 62431.00; source inclusive: 409270.00; arithmetic delta: 0.00,docs/item details.csv
,ASM-FORD-VEHICLES-T6-BRAKE-BOOSTER,Standard Selling,1371613.00,PCS,UGX,1,0,Source VAT: 246890.00; source inclusive: 1618503.00; arithmetic delta: 0.00,docs/item details.csv
,ASM-FORD-VEHICLES-T6-CARRIER-CALIPER-BKT,Standard Selling,824387.00,PCS,UGX,1,0,Source VAT: 148390.00; source inclusive: 972777.00; arithmetic delta: 0.00,docs/item details.csv
,ASM-FORD-VEHICLES-T6-CALIPER-KIT-REPAIR,Standard Selling,824387.00,PCS,UGX,1,0,Source VAT: 148390.00; source inclusive: 972777.00; arithmetic delta: 0.00,docs/item details.csv
,ASM-FORD-VEHICLES-T6-BRAKE-CALIPER,Standard Selling,824387.00,PCS,UGX,1,0,Source VAT: 148390.00; source inclusive: 972777.00; arithmetic delta: 0.00,docs/item details.csv
,ASM-FORD-VEHICLES-T6-BRAKE-DISC,Standard Selling,794323.00,PCS,UGX,1,0,Source VAT: 142978.00; source inclusive: 937301.00; arithmetic delta: 0.00,docs/item details.csv
,ASM-FORD-VEHICLES-T6-BRAKE-DRUM,Standard Selling,1479355.00,PCS,UGX,1,0,Source VAT: 266284.00; source inclusive: 1745639.00; arithmetic delta: 0.00,docs/item details.csv
,ASM-FORD-VEHICLES-T6-BRAKE-LIGHT-SWITCHE,Standard Selling,193032.00,PCS,UGX,1,0,Source VAT: 34746.00; source inclusive: 227778.00; arithmetic delta: 0.00,docs/item details.csv
,ASM-FORD-VEHICLES-T6-BRAKE-SHOES,Standard Selling,1181032.00,PCS,UGX,1,0,Source VAT: 212586.00; source inclusive: 1393618.00; arithmetic delta: 0.00,docs/item details.csv
,ASM-FORD-VEHICLES-T6-BRAKE-PADS,Standard Selling,904387.00,PCS,UGX,1,0,Source VAT: 162790.00; source inclusive: 1067177.00; arithmetic delta: 0.00,docs/item details.csv
,ASM-FORD-VEHICLES-T6-BRAKE-SERVO,Standard Selling,1371613.00,PCS,UGX,1,0,Source VAT: 246890.00; source inclusive: 1618503.00; arithmetic delta: 0.00,docs/item details.csv
,ASM-FORD-VEHICLES-T6-BRAKE-PUMP,Standard Selling,6319355.00,PCS,UGX,1,0,Source VAT: 1137484.00; source inclusive: 7456839.00; arithmetic delta: 0.00,docs/item details.csv
,ASM-FORD-VEHICLES-T6-TUBE-SLAVE-CYLINDER,Standard Selling,623351.00,PCS,UGX,1,0,Source VAT: 112203.00; source inclusive: 735554.00; arithmetic delta: 0.00,docs/item details.csv
,ASM-FORD-VEHICLES-T6-PARK-BRAKE-LEVER-HANDLE,Standard Selling,97560.00,PCS,UGX,1,0,Source VAT: 17561.00; source inclusive: 115121.00; arithmetic delta: 0.00,docs/item details.csv
,ASM-FORD-VEHICLES-T6-HAND-BRAKE-CABLES,Standard Selling,658194.00,PCS,UGX,1,0,Source VAT: 118475.00; source inclusive: 776668.00; arithmetic delta: 1.00,docs/item details.csv
,ASM-FORD-VEHICLES-T6-MASTER-CYLINDER-KIT,Standard Selling,1153290.00,PCS,UGX,1,0,Source VAT: 207592.00; source inclusive: 1360883.00; arithmetic delta: -1.00,docs/item details.csv
,ASM-FORD-VEHICLES-T6-SKIMMING-DISC,Standard Selling,80645.00,Lump Sum,UGX,1,0,Source VAT: 14516.00; source inclusive: 95161.00; arithmetic delta: 0.00,docs/item details.csv
,ASM-FORD-VEHICLES-T6-SKIMMING-DRUM,Standard Selling,80645.00,Lump Sum,UGX,1,0,Source VAT: 14516.00; source inclusive: 95161.00; arithmetic delta: 0.00,docs/item details.csv
,ASM-FORD-VEHICLES-T6-WHEEL-CYLINDER-REPAIR-KIT,Standard Selling,432129.00,PCS,UGX,1,0,Source VAT: 77783.00; source inclusive: 509912.00; arithmetic delta: 0.00,docs/item details.csv
,ASM-FORD-VEHICLES-T6-RETURN-SPRING-BRAKES,Standard Selling,16522.00,PCS,UGX,1,0,Source VAT: 2974.00; source inclusive: 19496.00; arithmetic delta: 0.00,docs/item details.csv
,ASM-FORD-VEHICLES-T6-ARCHOR-PIN,Standard Selling,24727.00,PCS,UGX,1,0,Source VAT: 4451.00; source inclusive: 29178.00; arithmetic delta: 0.00,docs/item details.csv
,ASM-FORD-VEHICLES-T6-BRAKE-SHIMS,Standard Selling,22288.00,PCS,UGX,1,0,Source VAT: 4012.00; source inclusive: 26300.00; arithmetic delta: 0.00,docs/item details.csv
,ASM-FORD-VEHICLES-T6-BRAKE-BOLTS,Standard Selling,44636.00,PCS,UGX,1,0,Source VAT: 8035.00; source inclusive: 52671.00; arithmetic delta: 0.00,docs/item details.csv
,ASM-FORD-VEHICLES-T6-BRAKE-FLEXIBLE-PIPES,Standard Selling,194065.00,PCS,UGX,1,0,Source VAT: 34932.00; source inclusive: 228996.00; arithmetic delta: 1.00,docs/item details.csv
,ASM-FORD-VEHICLES-T6-WHEEL-BEARING-SEALS,Standard Selling,59233.00,PCS,UGX,1,0,Source VAT: 10662.00; source inclusive: 69895.00; arithmetic delta: 0.00,docs/item details.csv
,ASM-FORD-VEHICLES-T6-WHEEL-LOCKING-NUTS-WASHERS-AND-PIN,Standard Selling,132540.00,PCS,UGX,1,0,Source VAT: 23857.00; source inclusive: 156397.00; arithmetic delta: 0.00,docs/item details.csv
,ASM-FORD-VEHICLES-T6-WHEEL-BEARINGS,Standard Selling,483305.00,PCS,UGX,1,0,Source VAT: 86995.00; source inclusive: 570300.00; arithmetic delta: 0.00,docs/item details.csv
,ASM-FORD-VEHICLES-T6-WHEEL-CAP,Standard Selling,178036.00,PCS,UGX,1,0,Source VAT: 32046.00; source inclusive: 210082.00; arithmetic delta: 0.00,docs/item details.csv
,ASM-FORD-VEHICLES-T6-WHEEL-CYLINDER,Standard Selling,432129.00,PCS,UGX,1,0,Source VAT: 77783.00; source inclusive: 509912.00; arithmetic delta: 0.00,docs/item details.csv
,ASM-FORD-VEHICLES-T6-ENGINE-SERVICE-NEW-ENGINE-STATE-THE-COM,Standard Selling,35178741.00,PCS,UGX,1,0,Source VAT: 6332173.00; source inclusive: 41510914.00; arithmetic delta: 0.00,docs/item details.csv
,ASM-FORD-VEHICLES-T6-HOSE-OIL-COOLER,Standard Selling,492971.00,PCS,UGX,1,0,Source VAT: 88735.00; source inclusive: 581706.00; arithmetic delta: 0.00,docs/item details.csv
,ASM-FORD-VEHICLES-T6-OIL-SWITCH-T6,Standard Selling,44846.00,PCS,UGX,1,0,Source VAT: 8072.00; source inclusive: 52918.00; arithmetic delta: 0.00,docs/item details.csv
,ASM-FORD-VEHICLES-T6-PULLEY-ASY-TENSION,Standard Selling,199871.00,PCS,UGX,1,0,Source VAT: 35977.00; source inclusive: 235848.00; arithmetic delta: 0.00,docs/item details.csv
,ASM-FORD-VEHICLES-T6-TENSIONER-DRIVE-BELT,Standard Selling,789023.00,PCS,UGX,1,0,Source VAT: 142024.00; source inclusive: 931047.00; arithmetic delta: 0.00,docs/item details.csv
,ASM-FORD-VEHICLES-T6-TENSIONER-1,Standard Selling,104753.00,PCS,UGX,1,0,Source VAT: 18856.00; source inclusive: 123609.00; arithmetic delta: 0.00,docs/item details.csv
,ASM-FORD-VEHICLES-T6-TENSIONER-2,Standard Selling,211193.00,PCS,UGX,1,0,Source VAT: 38015.00; source inclusive: 249208.00; arithmetic delta: 0.00,docs/item details.csv
,ASM-FORD-VEHICLES-T6-GUIDE-1,Standard Selling,94638.00,PCS,UGX,1,0,Source VAT: 17035.00; source inclusive: 111673.00; arithmetic delta: 0.00,docs/item details.csv
,ASM-FORD-VEHICLES-T6-GUIDE-2,Standard Selling,94638.00,PCS,UGX,1,0,Source VAT: 17035.00; source inclusive: 111673.00; arithmetic delta: 0.00,docs/item details.csv
,ASM-FORD-VEHICLES-T6-RAIL-GUIDE,Standard Selling,76767.00,PCS,UGX,1,0,Source VAT: 13818.00; source inclusive: 90585.00; arithmetic delta: 0.00,docs/item details.csv
,ASM-FORD-VEHICLES-T6-HOS-ASY-HTR-INLET,Standard Selling,477548.00,PCS,UGX,1,0,Source VAT: 85959.00; source inclusive: 563507.00; arithmetic delta: 0.00,docs/item details.csv
,ASM-FORD-VEHICLES-T6-HOS-TUB-ASY-HTR-OL,Standard Selling,492971.00,PCS,UGX,1,0,Source VAT: 88735.00; source inclusive: 581706.00; arithmetic delta: 0.00,docs/item details.csv
,ASM-FORD-VEHICLES-T6-COMMON-RAIL-ASSY,Standard Selling,4493498.00,PCS,UGX,1,0,Source VAT: 808830.00; source inclusive: 5302327.00; arithmetic delta: 1.00,docs/item details.csv
,ASM-FORD-VEHICLES-T6-SENSOR-CAMSHAFT,Standard Selling,354993.00,PCS,UGX,1,0,Source VAT: 63899.00; source inclusive: 418891.00; arithmetic delta: 1.00,docs/item details.csv
,ASM-FORD-VEHICLES-T6-SENSOR-CANKSHAFT-POSIT,Standard Selling,356634.00,PCS,UGX,1,0,Source VAT: 64194.00; source inclusive: 420828.00; arithmetic delta: 0.00,docs/item details.csv
,ASM-FORD-VEHICLES-T6-SEAL-OIL-CRANKSHAFT-FRONT,Standard Selling,200628.00,PCS,UGX,1,0,Source VAT: 36113.00; source inclusive: 236741.00; arithmetic delta: 0.00,docs/item details.csv
,ASM-FORD-VEHICLES-T6-BELT-FAN-AC-PUMP-WATER-PUMP-ALTERNATO,Standard Selling,164548.00,PCS,UGX,1,0,Source VAT: 29619.00; source inclusive: 194167.00; arithmetic delta: 0.00,docs/item details.csv
,ASM-FORD-VEHICLES-T6-TIMING-CHAIN,Standard Selling,734623.00,PCS,UGX,1,0,Source VAT: 132232.00; source inclusive: 866855.00; arithmetic delta: 0.00,docs/item details.csv
,ASM-FORD-VEHICLES-T6-AIR-CONDITIONER-BELTS,Standard Selling,164548.00,PCS,UGX,1,0,Source VAT: 29619.00; source inclusive: 194167.00; arithmetic delta: 0.00,docs/item details.csv
,ASM-FORD-VEHICLES-T6-OIL-BALANCER-SEALS,Standard Selling,200628.00,PCS,UGX,1,0,Source VAT: 36113.00; source inclusive: 236741.00; arithmetic delta: 0.00,docs/item details.csv
,ASM-FORD-VEHICLES-T6-CAMSHAFT,Standard Selling,1546126.00,PCS,UGX,1,0,Source VAT: 278303.00; source inclusive: 1824428.00; arithmetic delta: 1.00,docs/item details.csv
,ASM-FORD-VEHICLES-T6-OIL-PUMP,Standard Selling,921426.00,PCS,UGX,1,0,Source VAT: 165857.00; source inclusive: 1087283.00; arithmetic delta: 0.00,docs/item details.csv
,ASM-FORD-VEHICLES-T6-OIL-FILTER-GASKET,Standard Selling,110598.00,PCS,UGX,1,0,Source VAT: 19908.00; source inclusive: 130506.00; arithmetic delta: 0.00,docs/item details.csv
,ASM-FORD-VEHICLES-T6-CAMSHAFT-FOLLOWER,Standard Selling,3929717.00,PCS,UGX,1,0,Source VAT: 707349.00; source inclusive: 4637066.00; arithmetic delta: 0.00,docs/item details.csv
,ASM-FORD-VEHICLES-T6-CAMSHAFT-LIFTER-KIT,Standard Selling,3929717.00,PCS,UGX,1,0,Source VAT: 707349.00; source inclusive: 4637066.00; arithmetic delta: 0.00,docs/item details.csv
,ASM-FORD-VEHICLES-T6-OIL-SEAL,Standard Selling,138581.00,PCS,UGX,1,0,Source VAT: 24945.00; source inclusive: 163525.00; arithmetic delta: 1.00,docs/item details.csv
,ASM-FORD-VEHICLES-T6-SEAL-OIL,Standard Selling,138581.00,PCS,UGX,1,0,Source VAT: 24945.00; source inclusive: 163525.00; arithmetic delta: 1.00,docs/item details.csv
,ASM-FORD-VEHICLES-T6-NEEDLE-BEARING,Standard Selling,197481.00,PCS,UGX,1,0,Source VAT: 35547.00; source inclusive: 233027.00; arithmetic delta: 1.00,docs/item details.csv
,ASM-FORD-VEHICLES-T6-BEARING-ASSY-NEEDLE,Standard Selling,250419.00,PCS,UGX,1,0,Source VAT: 45075.00; source inclusive: 295495.00; arithmetic delta: -1.00,docs/item details.csv
,ASM-FORD-VEHICLES-T6-SLAVE-TUBE,Standard Selling,765832.00,PCS,UGX,1,0,Source VAT: 137850.00; source inclusive: 903682.00; arithmetic delta: 0.00,docs/item details.csv
,ASM-FORD-VEHICLES-T6-OIL-COOLER,Standard Selling,1966713.00,PCS,UGX,1,0,Source VAT: 354008.00; source inclusive: 2320721.00; arithmetic delta: 0.00,docs/item details.csv
,ASM-FORD-VEHICLES-T6-CRANKSHAFT-OIL-SEAL,Standard Selling,200628.00,PCS,UGX,1,0,Source VAT: 36113.00; source inclusive: 236741.00; arithmetic delta: 0.00,docs/item details.csv
,ASM-FORD-VEHICLES-T6-CYLINDER-HEAD-COMPLETE,Standard Selling,10922575.00,PCS,UGX,1,0,Source VAT: 1966063.00; source inclusive: 12888638.00; arithmetic delta: 0.00,docs/item details.csv
,ASM-FORD-VEHICLES-T6-CYLINDER-HEAD-COVER,Standard Selling,1894779.00,PCS,UGX,1,0,Source VAT: 341060.00; source inclusive: 2235840.00; arithmetic delta: -1.00,docs/item details.csv
,ASM-FORD-VEHICLES-T6-CYLINDER-HEAD-GASKET,Standard Selling,319880.00,PCS,UGX,1,0,Source VAT: 57578.00; source inclusive: 377459.00; arithmetic delta: -1.00,docs/item details.csv
,ASM-FORD-VEHICLES-T6-INLET-MANIFOLD,Standard Selling,1394503.00,PCS,UGX,1,0,Source VAT: 251011.00; source inclusive: 1645513.00; arithmetic delta: 1.00,docs/item details.csv
,ASM-FORD-VEHICLES-T6-OIL-SUMP,Standard Selling,1069003.00,PCS,UGX,1,0,Source VAT: 192420.00; source inclusive: 1261423.00; arithmetic delta: 0.00,docs/item details.csv
,ASM-FORD-VEHICLES-T6-ENGINE-KNOCK-SENSORS,Standard Selling,356634.00,PCS,UGX,1,0,Source VAT: 64194.00; source inclusive: 420828.00; arithmetic delta: 0.00,docs/item details.csv
,ASM-FORD-VEHICLES-T6-OIL-STRAINER,Standard Selling,478500.00,PCS,UGX,1,0,Source VAT: 86130.00; source inclusive: 564630.00; arithmetic delta: 0.00,docs/item details.csv
,ASM-FORD-VEHICLES-T6-ENGINE-MOUNTINGS,Standard Selling,686760.00,PCS,UGX,1,0,Source VAT: 123617.00; source inclusive: 810377.00; arithmetic delta: 0.00,docs/item details.csv
,ASM-FORD-VEHICLES-T6-OIL-FILLER-CAPS,Standard Selling,49032.00,PCS,UGX,1,0,Source VAT: 8826.00; source inclusive: 57858.00; arithmetic delta: 0.00,docs/item details.csv
,ASM-FORD-VEHICLES-T6-OIL-CAP,Standard Selling,49032.00,PCS,UGX,1,0,Source VAT: 8826.00; source inclusive: 57858.00; arithmetic delta: 0.00,docs/item details.csv
,ASM-FORD-VEHICLES-T6-CYLINDER-HEAD-VALVES,Standard Selling,186968.00,PCS,UGX,1,0,Source VAT: 33654.00; source inclusive: 220622.00; arithmetic delta: 0.00,docs/item details.csv
,ASM-FORD-VEHICLES-T6-VALVE-SPRINGS,Standard Selling,30323.00,PCS,UGX,1,0,Source VAT: 5458.00; source inclusive: 35781.00; arithmetic delta: 0.00,docs/item details.csv
,ASM-FORD-VEHICLES-T6-HEATER-CONTROL-UNIT,Standard Selling,687097.00,PCS,UGX,1,0,Source VAT: 123677.00; source inclusive: 810774.00; arithmetic delta: 0.00,docs/item details.csv
,ASM-FORD-VEHICLES-T6-MOUNTING-BOLT,Standard Selling,16410.00,PCS,UGX,1,0,Source VAT: 2954.00; source inclusive: 19364.00; arithmetic delta: 0.00,docs/item details.csv
,ASM-FORD-VEHICLES-T6-STARTER-MOTOR,Standard Selling,2397416.00,PCS,UGX,1,0,Source VAT: 431535.00; source inclusive: 2828951.00; arithmetic delta: 0.00,docs/item details.csv
,ASM-FORD-VEHICLES-T6-STARTER-PINION,Standard Selling,2397416.00,PCS,UGX,1,0,Source VAT: 431535.00; source inclusive: 2828951.00; arithmetic delta: 0.00,docs/item details.csv
,ASM-FORD-VEHICLES-T6-TURBO-SENSOR,Standard Selling,5095226.00,PCS,UGX,1,0,Source VAT: 917141.00; source inclusive: 6012366.00; arithmetic delta: 1.00,docs/item details.csv
,ASM-FORD-VEHICLES-T6-TURBOCHARGER-ASY,Standard Selling,5095226.00,PCS,UGX,1,0,Source VAT: 917141.00; source inclusive: 6012366.00; arithmetic delta: 1.00,docs/item details.csv
,ASM-FORD-VEHICLES-T6-TENSIONER-BEARINGS,Standard Selling,677863.00,PCS,UGX,1,0,Source VAT: 122015.00; source inclusive: 799878.00; arithmetic delta: 0.00,docs/item details.csv
,ASM-FORD-VEHICLES-T6-PILOT-BEARING,Standard Selling,236595.00,PCS,UGX,1,0,Source VAT: 42587.00; source inclusive: 279182.00; arithmetic delta: 0.00,docs/item details.csv
,ASM-FORD-VEHICLES-T6-DRAIN-NUT,Standard Selling,11914.00,PCS,UGX,1,0,Source VAT: 2145.00; source inclusive: 14059.00; arithmetic delta: 0.00,docs/item details.csv
,ASM-FORD-VEHICLES-T6-IDS-COMPUTER-DIAGNOSTIC,Standard Selling,100000.00,Lump Sum,UGX,1,0,Source VAT: 18000.00; source inclusive: 118000.00; arithmetic delta: 0.00,docs/item details.csv
,ASM-FORD-VEHICLES-T6-THERMOSTAT-SWITCH,Standard Selling,423060.00,PCS,UGX,1,0,Source VAT: 76151.00; source inclusive: 499211.00; arithmetic delta: 0.00,docs/item details.csv
,ASM-FORD-VEHICLES-T6-SHAFT-RE-GRINDING,Standard Selling,50000.00,Lump Sum,UGX,1,0,Source VAT: 9000.00; source inclusive: 59000.00; arithmetic delta: 0.00,docs/item details.csv
,ASM-FORD-VEHICLES-T6-COOLANT-HOSE-PIPE,Standard Selling,249600.00,PCS,UGX,1,0,Source VAT: 44928.00; source inclusive: 294528.00; arithmetic delta: 0.00,docs/item details.csv
,ASM-FORD-VEHICLES-T6-COOLING-FAN,Standard Selling,1106768.00,PCS,UGX,1,0,Source VAT: 199218.00; source inclusive: 1305986.00; arithmetic delta: 0.00,docs/item details.csv
,ASM-FORD-VEHICLES-T6-COWEL-ASSY-FAN,Standard Selling,423365.00,PCS,UGX,1,0,Source VAT: 76206.00; source inclusive: 499570.00; arithmetic delta: 1.00,docs/item details.csv
,ASM-FORD-VEHICLES-T6-FAN-BLADE,Standard Selling,1106768.00,PCS,UGX,1,0,Source VAT: 199218.00; source inclusive: 1305986.00; arithmetic delta: 0.00,docs/item details.csv
,ASM-FORD-VEHICLES-T6-FAN-CLUTCH,Standard Selling,3068423.00,PCS,UGX,1,0,Source VAT: 552316.00; source inclusive: 3620739.00; arithmetic delta: 0.00,docs/item details.csv
,ASM-FORD-VEHICLES-T6-RADIATOR-COMPLETE,Standard Selling,2452603.00,PCS,UGX,1,0,Source VAT: 441469.00; source inclusive: 2894072.00; arithmetic delta: 0.00,docs/item details.csv
,ASM-FORD-VEHICLES-T6-RADIATOR-PRESSURE-CAP,Standard Selling,52258.00,PCS,UGX,1,0,Source VAT: 9406.00; source inclusive: 61665.00; arithmetic delta: -1.00,docs/item details.csv
,ASM-FORD-VEHICLES-T6-NOZZLE-WASHER,Standard Selling,106710.00,PCS,UGX,1,0,Source VAT: 19208.00; source inclusive: 125917.00; arithmetic delta: 1.00,docs/item details.csv
,ASM-FORD-VEHICLES-T6-RADIATOR-MOUNTINGS,Standard Selling,15174.00,PCS,UGX,1,0,Source VAT: 2731.00; source inclusive: 17905.00; arithmetic delta: 0.00,docs/item details.csv
,ASM-FORD-VEHICLES-T6-WATER-TANK,Standard Selling,2068774.00,PCS,UGX,1,0,Source VAT: 372379.00; source inclusive: 2441154.00; arithmetic delta: -1.00,docs/item details.csv
,ASM-FORD-VEHICLES-T6-RESERVOIR-TANK-PIPE,Standard Selling,250082.00,PCS,UGX,1,0,Source VAT: 45015.00; source inclusive: 295097.00; arithmetic delta: 0.00,docs/item details.csv
,ASM-FORD-VEHICLES-T6-RESERVOIR-TANK,Standard Selling,562452.00,PCS,UGX,1,0,Source VAT: 101241.00; source inclusive: 663693.00; arithmetic delta: 0.00,docs/item details.csv
,ASM-FORD-VEHICLES-T6-AIR-CLEANER-HOUSING,Standard Selling,1398323.00,PCS,UGX,1,0,Source VAT: 251698.00; source inclusive: 1650021.00; arithmetic delta: 0.00,docs/item details.csv
,ASM-FORD-VEHICLES-T6-WATER-PIPES,Standard Selling,89130.00,PCS,UGX,1,0,Source VAT: 16043.00; source inclusive: 105174.00; arithmetic delta: -1.00,docs/item details.csv
,ASM-FORD-VEHICLES-T6-WATER-PUMP,Standard Selling,1274351.00,PCS,UGX,1,0,Source VAT: 229383.00; source inclusive: 1503734.00; arithmetic delta: 0.00,docs/item details.csv
,ASM-FORD-VEHICLES-T6-WATER-TEMPERATURE-SWITCH,Standard Selling,423060.00,PCS,UGX,1,0,Source VAT: 76151.00; source inclusive: 499211.00; arithmetic delta: 0.00,docs/item details.csv
,ASM-FORD-VEHICLES-T6-CASTED-EXHAUST-MANIFOLD,Standard Selling,5819921.00,PCS,UGX,1,0,Source VAT: 1047586.00; source inclusive: 6867506.00; arithmetic delta: 1.00,docs/item details.csv
,ASM-FORD-VEHICLES-T6-EXHUAST-PIPE-COMPLETE-SILENCERS-PIPES-ETC,Standard Selling,3129904.00,PCS,UGX,1,0,Source VAT: 563383.00; source inclusive: 3693287.00; arithmetic delta: 0.00,docs/item details.csv
,ASM-FORD-VEHICLES-T6-COMPRESSOR-REPAIR-KIT,Standard Selling,2947226.00,PCS,UGX,1,0,Source VAT: 530501.00; source inclusive: 3477726.00; arithmetic delta: 1.00,docs/item details.csv
,ASM-FORD-VEHICLES-T6-EXHAUST-MOUNTING,Standard Selling,1633139.00,PCS,UGX,1,0,Source VAT: 293965.00; source inclusive: 1927104.00; arithmetic delta: 0.00,docs/item details.csv
,ASM-FORD-VEHICLES-T6-EXHAUST-PIPE,Standard Selling,1479226.00,PCS,UGX,1,0,Source VAT: 266261.00; source inclusive: 1745486.00; arithmetic delta: 1.00,docs/item details.csv
,ASM-FORD-VEHICLES-T6-EXHAUST-SILENCER,Standard Selling,1407097.00,PCS,UGX,1,0,Source VAT: 253277.00; source inclusive: 1660374.00; arithmetic delta: 0.00,docs/item details.csv
,ASM-FORD-VEHICLES-T6-PARKIN-GASKET,Standard Selling,137461.00,PCS,UGX,1,0,Source VAT: 24743.00; source inclusive: 162204.00; arithmetic delta: 0.00,docs/item details.csv
,ASM-FORD-VEHICLES-T6-EXHAUST-FLEXIBLE-PIPE,Standard Selling,3129904.00,PCS,UGX,1,0,Source VAT: 563383.00; source inclusive: 3693287.00; arithmetic delta: 0.00,docs/item details.csv
,ASM-FORD-VEHICLES-T6-FUEL-FILTER,Standard Selling,233548.00,PCS,UGX,1,0,Source VAT: 42039.00; source inclusive: 275587.00; arithmetic delta: 0.00,docs/item details.csv
,ASM-FORD-VEHICLES-T6-FUEL-INJECTOR-NOZZLE,Standard Selling,4053402.00,PCS,UGX,1,0,Source VAT: 729612.00; source inclusive: 4783015.00; arithmetic delta: -1.00,docs/item details.csv
,ASM-FORD-VEHICLES-T6-TUBE-FUEL-LEAK-OFF-PIPE,Standard Selling,1437326.00,PCS,UGX,1,0,Source VAT: 258719.00; source inclusive: 1696044.00; arithmetic delta: 1.00,docs/item details.csv
,ASM-FORD-VEHICLES-T6-FUEL-LIFT-PUMP,Standard Selling,3693816.00,PCS,UGX,1,0,Source VAT: 664887.00; source inclusive: 4358703.00; arithmetic delta: 0.00,docs/item details.csv
,ASM-FORD-VEHICLES-T6-FUEL-PRESSURE-REGULATOR,Standard Selling,8065273.00,PCS,UGX,1,0,Source VAT: 1451749.00; source inclusive: 9517022.00; arithmetic delta: 0.00,docs/item details.csv
,ASM-FORD-VEHICLES-T6-FUEL-PUMP-GASKET,Standard Selling,3693816.00,PCS,UGX,1,0,Source VAT: 664887.00; source inclusive: 4358703.00; arithmetic delta: 0.00,docs/item details.csv
,ASM-FORD-VEHICLES-T6-FUEL-RAIL-UNION-PIPES,Standard Selling,4493498.00,PCS,UGX,1,0,Source VAT: 808830.00; source inclusive: 5302327.00; arithmetic delta: 1.00,docs/item details.csv
,ASM-FORD-VEHICLES-T6-FUEL-TANK-COMPLETE,Standard Selling,3184516.00,PCS,UGX,1,0,Source VAT: 573213.00; source inclusive: 3757729.00; arithmetic delta: 0.00,docs/item details.csv
,ASM-FORD-VEHICLES-T6-FUEL-TANK-COVER,Standard Selling,993290.00,PCS,UGX,1,0,Source VAT: 178792.00; source inclusive: 1172083.00; arithmetic delta: -1.00,docs/item details.csv
,ASM-FORD-VEHICLES-T6-INJECTOR-PUMP,Standard Selling,8065273.00,PCS,UGX,1,0,Source VAT: 1451749.00; source inclusive: 9517022.00; arithmetic delta: 0.00,docs/item details.csv
,ASM-FORD-VEHICLES-T6-INTAKE-MANIFOLD,Standard Selling,4493498.00,PCS,UGX,1,0,Source VAT: 808830.00; source inclusive: 5302327.00; arithmetic delta: 1.00,docs/item details.csv
,ASM-FORD-VEHICLES-T6-BALL-JOINTS-LOWER,Standard Selling,440258.00,PCS,UGX,1,0,Source VAT: 79246.00; source inclusive: 519505.00; arithmetic delta: -1.00,docs/item details.csv
,ASM-FORD-VEHICLES-T6-BALL-JOINTS-UPPER-ARMS,Standard Selling,1357419.00,PCS,UGX,1,0,Source VAT: 244335.00; source inclusive: 1601754.00; arithmetic delta: 0.00,docs/item details.csv
,ASM-FORD-VEHICLES-T6-CHASSIS-MOUNTINGS,Standard Selling,194065.00,PCS,UGX,1,0,Source VAT: 34932.00; source inclusive: 228996.00; arithmetic delta: 1.00,docs/item details.csv
,ASM-FORD-VEHICLES-T6-COIL-SPRING,Standard Selling,448462.00,PCS,UGX,1,0,Source VAT: 80723.00; source inclusive: 529185.00; arithmetic delta: 0.00,docs/item details.csv
,ASM-FORD-VEHICLES-T6-CONTROL-ARM,Standard Selling,1058323.00,PCS,UGX,1,0,Source VAT: 190498.00; source inclusive: 1248821.00; arithmetic delta: 0.00,docs/item details.csv
,ASM-FORD-VEHICLES-T6-LEAF-SPRING,Standard Selling,2349548.00,PCS,UGX,1,0,Source VAT: 422919.00; source inclusive: 2772467.00; arithmetic delta: 0.00,docs/item details.csv
,ASM-FORD-VEHICLES-T6-LEAF-SPRING-BUSHES,Standard Selling,25806.00,PCS,UGX,1,0,Source VAT: 4645.00; source inclusive: 30451.00; arithmetic delta: 0.00,docs/item details.csv
,ASM-FORD-VEHICLES-T6-REAR-SPRING-METTALIC-BUSHES,Standard Selling,119742.00,PCS,UGX,1,0,Source VAT: 21554.00; source inclusive: 141295.00; arithmetic delta: 1.00,docs/item details.csv
,ASM-FORD-VEHICLES-T6-POWER-STEERING-ASSEMBLY,Standard Selling,12642968.00,PCS,UGX,1,0,Source VAT: 2275734.00; source inclusive: 14918702.00; arithmetic delta: 0.00,docs/item details.csv
,ASM-FORD-VEHICLES-T6-RACK-ENDS,Standard Selling,260647.00,PCS,UGX,1,0,Source VAT: 46917.00; source inclusive: 307564.00; arithmetic delta: 0.00,docs/item details.csv
,ASM-FORD-VEHICLES-T6-SHOCK-ABSORBERS-FRONT,Standard Selling,877254.00,PCS,UGX,1,0,Source VAT: 157906.00; source inclusive: 1035160.00; arithmetic delta: 0.00,docs/item details.csv
,ASM-FORD-VEHICLES-T6-SHOCK-ABSORBERS-REAR,Standard Selling,606581.00,PCS,UGX,1,0,Source VAT: 109185.00; source inclusive: 715765.00; arithmetic delta: 1.00,docs/item details.csv
,ASM-FORD-VEHICLES-T6-SPINDLE,Standard Selling,260647.00,PCS,UGX,1,0,Source VAT: 46917.00; source inclusive: 307564.00; arithmetic delta: 0.00,docs/item details.csv
,ASM-FORD-VEHICLES-T6-DAMPER-ASSY,Standard Selling,543546.00,PCS,UGX,1,0,Source VAT: 97838.00; source inclusive: 641384.00; arithmetic delta: 0.00,docs/item details.csv
,ASM-FORD-VEHICLES-T6-BUMPING-STOPPER,Standard Selling,146228.00,PCS,UGX,1,0,Source VAT: 26321.00; source inclusive: 172549.00; arithmetic delta: 0.00,docs/item details.csv
,ASM-FORD-VEHICLES-T6-STABILIZER-BAR-O-BUSHES,Standard Selling,119742.00,PCS,UGX,1,0,Source VAT: 21554.00; source inclusive: 141295.00; arithmetic delta: 1.00,docs/item details.csv
,ASM-FORD-VEHICLES-T6-STABILIZER-BAR-U-BUSHES,Standard Selling,119742.00,PCS,UGX,1,0,Source VAT: 21554.00; source inclusive: 141295.00; arithmetic delta: 1.00,docs/item details.csv
,ASM-FORD-VEHICLES-T6-STEERING-ARM,Standard Selling,679742.00,PCS,UGX,1,0,Source VAT: 122354.00; source inclusive: 802095.00; arithmetic delta: 1.00,docs/item details.csv
,ASM-FORD-VEHICLES-T6-STEERING-BOX,Standard Selling,2193290.00,PCS,UGX,1,0,Source VAT: 394792.00; source inclusive: 2588083.00; arithmetic delta: -1.00,docs/item details.csv
,ASM-FORD-VEHICLES-T6-STEERING-COLUMN-ASSEMBLY,Standard Selling,2135742.00,PCS,UGX,1,0,Source VAT: 384434.00; source inclusive: 2520175.00; arithmetic delta: 1.00,docs/item details.csv
,ASM-FORD-VEHICLES-T6-STEERING-COLUMN-KIT,Standard Selling,2193290.00,PCS,UGX,1,0,Source VAT: 394792.00; source inclusive: 2588083.00; arithmetic delta: -1.00,docs/item details.csv
,ASM-FORD-VEHICLES-T6-STEERING-RACK-AND-PINION,Standard Selling,12642968.00,PCS,UGX,1,0,Source VAT: 2275734.00; source inclusive: 14918702.00; arithmetic delta: 0.00,docs/item details.csv
,ASM-FORD-VEHICLES-T6-STEERING-SHAFT,Standard Selling,12642968.00,PCS,UGX,1,0,Source VAT: 2275734.00; source inclusive: 14918702.00; arithmetic delta: 0.00,docs/item details.csv
,ASM-FORD-VEHICLES-T6-STEERING-WHEEL,Standard Selling,3504129.00,PCS,UGX,1,0,Source VAT: 630743.00; source inclusive: 4134872.00; arithmetic delta: 0.00,docs/item details.csv
,ASM-FORD-VEHICLES-T6-STEERING-PUMP-T6,Standard Selling,1578968.00,PCS,UGX,1,0,Source VAT: 284214.00; source inclusive: 1863182.00; arithmetic delta: 0.00,docs/item details.csv
,ASM-FORD-VEHICLES-T6-Z-LINK,Standard Selling,583613.00,PCS,UGX,1,0,Source VAT: 105050.00; source inclusive: 688663.00; arithmetic delta: 0.00,docs/item details.csv
,ASM-FORD-VEHICLES-T6-STUB-AXLE,Standard Selling,1440516.00,PCS,UGX,1,0,Source VAT: 259293.00; source inclusive: 1699809.00; arithmetic delta: 0.00,docs/item details.csv
,ASM-FORD-VEHICLES-T6-SUSPENSION-LINKS-AND-BOLTS,Standard Selling,405414.00,PCS,UGX,1,0,Source VAT: 72975.00; source inclusive: 478389.00; arithmetic delta: 0.00,docs/item details.csv
,ASM-FORD-VEHICLES-T6-SUSPENSION-PLATE-LOWER,Standard Selling,1058323.00,PCS,UGX,1,0,Source VAT: 190498.00; source inclusive: 1248821.00; arithmetic delta: 0.00,docs/item details.csv
,ASM-FORD-VEHICLES-T6-SUSPENSION-PLATE-UPPER,Standard Selling,1310879.00,PCS,UGX,1,0,Source VAT: 235958.00; source inclusive: 1546837.00; arithmetic delta: 0.00,docs/item details.csv
,ASM-FORD-VEHICLES-T6-SUSPENSION-PLATE-BUSHES,Standard Selling,195345.00,PCS,UGX,1,0,Source VAT: 35162.00; source inclusive: 230507.00; arithmetic delta: 0.00,docs/item details.csv
,ASM-FORD-VEHICLES-T6-TIE-ROD-ENDS,Standard Selling,196774.00,PCS,UGX,1,0,Source VAT: 35419.00; source inclusive: 232194.00; arithmetic delta: -1.00,docs/item details.csv
,ASM-FORD-VEHICLES-T6-TRACK-ROD,Standard Selling,196774.00,PCS,UGX,1,0,Source VAT: 35419.00; source inclusive: 232194.00; arithmetic delta: -1.00,docs/item details.csv
,ASM-FORD-VEHICLES-T6-CENTRE-BEARING,Standard Selling,661548.00,PCS,UGX,1,0,Source VAT: 119079.00; source inclusive: 780627.00; arithmetic delta: 0.00,docs/item details.csv
,ASM-FORD-VEHICLES-T6-BELL-HOUSING,Standard Selling,24049918.00,PCS,UGX,1,0,Source VAT: 4328985.00; source inclusive: 28378904.00; arithmetic delta: -1.00,docs/item details.csv
,ASM-FORD-VEHICLES-T6-MOTOR-ASSY-TRANSFER-CASE,Standard Selling,2880258.00,PCS,UGX,1,0,Source VAT: 518446.00; source inclusive: 3398705.00; arithmetic delta: -1.00,docs/item details.csv
,ASM-FORD-VEHICLES-T6-KIT-PTO,Standard Selling,841290.00,PCS,UGX,1,0,Source VAT: 151432.00; source inclusive: 992723.00; arithmetic delta: -1.00,docs/item details.csv
,ASM-FORD-VEHICLES-T6-GEAR-1,Standard Selling,2723029.00,PCS,UGX,1,0,Source VAT: 490145.00; source inclusive: 3213174.00; arithmetic delta: 0.00,docs/item details.csv
,ASM-FORD-VEHICLES-T6-GEAR-2,Standard Selling,2723029.00,PCS,UGX,1,0,Source VAT: 490145.00; source inclusive: 3213174.00; arithmetic delta: 0.00,docs/item details.csv
,ASM-FORD-VEHICLES-T6-GEAR-3,Standard Selling,541189.00,PCS,UGX,1,0,Source VAT: 97414.00; source inclusive: 638603.00; arithmetic delta: 0.00,docs/item details.csv
,ASM-FORD-VEHICLES-T6-CONE-AND-GEAR,Standard Selling,2723029.00,PCS,UGX,1,0,Source VAT: 490145.00; source inclusive: 3213174.00; arithmetic delta: 0.00,docs/item details.csv
,ASM-FORD-VEHICLES-T6-GEAR-PLUG,Standard Selling,125996.00,PCS,UGX,1,0,Source VAT: 22679.00; source inclusive: 148676.00; arithmetic delta: -1.00,docs/item details.csv
,ASM-FORD-VEHICLES-T6-CLUTCH-CYLINDER-ASSEMBLY,Standard Selling,470829.00,PCS,UGX,1,0,Source VAT: 84749.00; source inclusive: 555578.00; arithmetic delta: 0.00,docs/item details.csv
,ASM-FORD-VEHICLES-T6-CLUTCH-CABLE,Standard Selling,2180379.00,PCS,UGX,1,0,Source VAT: 392468.00; source inclusive: 2572847.00; arithmetic delta: 0.00,docs/item details.csv
,ASM-FORD-VEHICLES-T6-CLUTCH-HORSE,Standard Selling,623351.00,PCS,UGX,1,0,Source VAT: 112203.00; source inclusive: 735554.00; arithmetic delta: 0.00,docs/item details.csv
,ASM-FORD-VEHICLES-T6-CLUTCH-KIT-CLUTCH-PLATE-AND-PRESSURE-PLATE,Standard Selling,2518467.00,PCS,UGX,1,0,Source VAT: 453324.00; source inclusive: 2971791.00; arithmetic delta: 0.00,docs/item details.csv
,ASM-FORD-VEHICLES-T6-CLUTCH-LEVER,Standard Selling,4155184.00,PCS,UGX,1,0,Source VAT: 747933.00; source inclusive: 4903118.00; arithmetic delta: -1.00,docs/item details.csv
,ASM-FORD-VEHICLES-T6-PILOT-BEARING-FLY-WHEEL-BUSH,Standard Selling,236595.00,PCS,UGX,1,0,Source VAT: 42587.00; source inclusive: 279182.00; arithmetic delta: 0.00,docs/item details.csv
,ASM-FORD-VEHICLES-T6-DIFFERENTIAL-BOLTS,Standard Selling,46839.00,PCS,UGX,1,0,Source VAT: 8431.00; source inclusive: 55270.00; arithmetic delta: 0.00,docs/item details.csv
,ASM-FORD-VEHICLES-T6-DIFFERENTIAL-CASE-HOUSING,Standard Selling,6081902.00,PCS,UGX,1,0,Source VAT: 1094742.00; source inclusive: 7176644.00; arithmetic delta: 0.00,docs/item details.csv
,ASM-FORD-VEHICLES-T6-DIFFERENTIAL-GEAR-SET,Standard Selling,27550323.00,PCS,UGX,1,0,Source VAT: 4959058.00; source inclusive: 32509381.00; arithmetic delta: 0.00,docs/item details.csv
,ASM-FORD-VEHICLES-T6-DIFFERENTIAL-SEAL,Standard Selling,21243.00,PCS,UGX,1,0,Source VAT: 3824.00; source inclusive: 25067.00; arithmetic delta: 0.00,docs/item details.csv
,ASM-FORD-VEHICLES-T6-DIFFERENTIAL-UNIT-COMPLETE,Standard Selling,27550323.00,PCS,UGX,1,0,Source VAT: 4959058.00; source inclusive: 32509381.00; arithmetic delta: 0.00,docs/item details.csv
,ASM-FORD-VEHICLES-T6-DRIVESHAFT-BOOTH,Standard Selling,587355.00,PCS,UGX,1,0,Source VAT: 105724.00; source inclusive: 693079.00; arithmetic delta: 0.00,docs/item details.csv
,ASM-FORD-VEHICLES-T6-DRIVESHAFT-AXLE-SHAFT,Standard Selling,4538968.00,PCS,UGX,1,0,Source VAT: 817014.00; source inclusive: 5355982.00; arithmetic delta: 0.00,docs/item details.csv
,ASM-FORD-VEHICLES-T6-FLYWHEEL,Standard Selling,3782815.00,PCS,UGX,1,0,Source VAT: 680907.00; source inclusive: 4463722.00; arithmetic delta: 0.00,docs/item details.csv
,ASM-FORD-VEHICLES-T6-FLYWHEEL-RING-GEARS,Standard Selling,3782815.00,PCS,UGX,1,0,Source VAT: 680907.00; source inclusive: 4463722.00; arithmetic delta: 0.00,docs/item details.csv
,ASM-FORD-VEHICLES-T6-FOUR-WHEEL-DRIVE-GEAR-COUPLING,Standard Selling,3249548.00,PCS,UGX,1,0,Source VAT: 584919.00; source inclusive: 3834467.00; arithmetic delta: 0.00,docs/item details.csv
,ASM-FORD-VEHICLES-T6-GEARBOX-OIL-SEAL,Standard Selling,138581.00,PCS,UGX,1,0,Source VAT: 24945.00; source inclusive: 163525.00; arithmetic delta: 1.00,docs/item details.csv
,ASM-FORD-VEHICLES-T6-RELEASE-BEARING,Standard Selling,453520.00,PCS,UGX,1,0,Source VAT: 81634.00; source inclusive: 535153.00; arithmetic delta: 1.00,docs/item details.csv
,ASM-FORD-VEHICLES-T6-SEALANT-STATE-BRAND-AND-QUANTITY,Standard Selling,48387.00,PCS,UGX,1,0,Source VAT: 8710.00; source inclusive: 57097.00; arithmetic delta: 0.00,docs/item details.csv
,ASM-FORD-VEHICLES-T6-GEAR-BOX-ASSEMBLY-COMPLETE,Standard Selling,24049918.00,PCS,UGX,1,0,Source VAT: 4328985.00; source inclusive: 28378904.00; arithmetic delta: -1.00,docs/item details.csv
,ASM-FORD-VEHICLES-T6-GEARBOX-MOUNTING,Standard Selling,529806.00,PCS,UGX,1,0,Source VAT: 95365.00; source inclusive: 625172.00; arithmetic delta: -1.00,docs/item details.csv
,ASM-FORD-VEHICLES-T6-KNUCKLE,Standard Selling,1440516.00,PCS,UGX,1,0,Source VAT: 259293.00; source inclusive: 1699809.00; arithmetic delta: 0.00,docs/item details.csv
,ASM-FORD-VEHICLES-T6-OUTPUT-SHAFT,Standard Selling,1045175.00,PCS,UGX,1,0,Source VAT: 188131.00; source inclusive: 1233306.00; arithmetic delta: 0.00,docs/item details.csv
,ASM-FORD-VEHICLES-T6-PROPELLER-SHAFT-COMPLETE,Standard Selling,5551598.00,PCS,UGX,1,0,Source VAT: 999288.00; source inclusive: 6550886.00; arithmetic delta: 0.00,docs/item details.csv
,ASM-FORD-VEHICLES-T6-SHIFT-CABLE,Standard Selling,2180379.00,PCS,UGX,1,0,Source VAT: 392468.00; source inclusive: 2572847.00; arithmetic delta: 0.00,docs/item details.csv
,ASM-FORD-VEHICLES-T6-SHIFT-KNOB,Standard Selling,471278.00,PCS,UGX,1,0,Source VAT: 84830.00; source inclusive: 556108.00; arithmetic delta: 0.00,docs/item details.csv
,ASM-FORD-VEHICLES-T6-SPEED-REDUCER,Standard Selling,4096387.00,PCS,UGX,1,0,Source VAT: 737350.00; source inclusive: 4833737.00; arithmetic delta: 0.00,docs/item details.csv
,ASM-FORD-VEHICLES-T6-SPEEDOMETER-GEARS,Standard Selling,4096387.00,PCS,UGX,1,0,Source VAT: 737350.00; source inclusive: 4833737.00; arithmetic delta: 0.00,docs/item details.csv
,ASM-FORD-VEHICLES-T6-TRANSFER-CASE,Standard Selling,15400903.00,PCS,UGX,1,0,Source VAT: 2772163.00; source inclusive: 18173066.00; arithmetic delta: 0.00,docs/item details.csv
,ASM-FORD-VEHICLES-T6-TRANSFER-GEARBOX-MOUNTING,Standard Selling,529806.00,PCS,UGX,1,0,Source VAT: 95365.00; source inclusive: 625172.00; arithmetic delta: -1.00,docs/item details.csv
,ASM-FORD-VEHICLES-T6-SYNCHRONIZER-3RD-AND-4TH,Standard Selling,2723029.00,PCS,UGX,1,0,Source VAT: 490145.00; source inclusive: 3213174.00; arithmetic delta: 0.00,docs/item details.csv
,ASM-FORD-VEHICLES-T6-SYNCHRONIZER-1ST-AND-2ND,Standard Selling,2723029.00,PCS,UGX,1,0,Source VAT: 490145.00; source inclusive: 3213174.00; arithmetic delta: 0.00,docs/item details.csv
,ASM-FORD-VEHICLES-T6-SYNCHRONISER,Standard Selling,197481.00,PCS,UGX,1,0,Source VAT: 35547.00; source inclusive: 233027.00; arithmetic delta: 1.00,docs/item details.csv
,ASM-FORD-VEHICLES-T6-GEAR-COUNTERSHAFT-CLUSTER,Standard Selling,494094.80,PCS,UGX,1,0,Source VAT: 88937.00; source inclusive: 583032.00; arithmetic delta: -0.20,docs/item details.csv
,ASM-FORD-VEHICLES-T6-GEAR-ASY-1ST-AND-REVERSE,Standard Selling,967733.45,PCS,UGX,1,0,Source VAT: 174192.00; source inclusive: 1141925.00; arithmetic delta: 0.45,docs/item details.csv
,ASM-FORD-VEHICLES-T6-GEAR-MAINSHAFT-2ND-SPEED,Standard Selling,1041240.73,PCS,UGX,1,0,Source VAT: 187423.00; source inclusive: 1228664.00; arithmetic delta: -0.27,docs/item details.csv
,ASM-FORD-VEHICLES-T6-NUT,Standard Selling,70022.99,PCS,UGX,1,0,Source VAT: 12604.00; source inclusive: 82627.00; arithmetic delta: -0.01,docs/item details.csv
,ASM-FORD-VEHICLES-T6-STIFFNER-ASSY,Standard Selling,112958.43,PCS,UGX,1,0,Source VAT: 20333.00; source inclusive: 133291.00; arithmetic delta: 0.43,docs/item details.csv
,ASM-FORD-VEHICLES-T6-GASKET-OIL-PAN,Standard Selling,312349.74,PCS,UGX,1,0,Source VAT: 56223.00; source inclusive: 368573.00; arithmetic delta: -0.26,docs/item details.csv
,ASM-FORD-VEHICLES-T6-HOSE-ASY,Standard Selling,150611.25,PCS,UGX,1,0,Source VAT: 27110.00; source inclusive: 177721.00; arithmetic delta: 0.25,docs/item details.csv
,ASM-FORD-VEHICLES-T6-SHIELD-NOZZLE-WASHER,Standard Selling,31358.61,PCS,UGX,1,0,Source VAT: 5645.00; source inclusive: 37003.00; arithmetic delta: 0.61,docs/item details.csv
,ASM-FORD-VEHICLES-T6-BOLT,Standard Selling,20680.95,PCS,UGX,1,0,Source VAT: 3723.00; source inclusive: 24404.00; arithmetic delta: -0.05,docs/item details.csv
,ASM-FORD-VEHICLES-T6-MANIFOLD-ASY-EXHAUST,Standard Selling,1896240.54,PCS,UGX,1,0,Source VAT: 341323.00; source inclusive: 2237564.00; arithmetic delta: -0.46,docs/item details.csv
,ASM-FORD-VEHICLES-T6-COVER-CYLINDER-FRONT,Standard Selling,1064506.79,PCS,UGX,1,0,Source VAT: 191611.00; source inclusive: 1256118.00; arithmetic delta: -0.21,docs/item details.csv
,ASM-FORD-VEHICLES-T6-ALUMINIUM-ALLOY-WHEEL-RIM,Standard Selling,2691097.00,PCS,UGX,1,0,Source VAT: 484397.00; source inclusive: 3175494.00; arithmetic delta: 0.00,docs/item details.csv
,ASM-FORD-VEHICLES-T6-HUB-CAP-AND-WHEEL-COVERS,Standard Selling,210968.00,PCS,UGX,1,0,Source VAT: 37974.00; source inclusive: 248942.00; arithmetic delta: 0.00,docs/item details.csv
,ASM-FORD-VEHICLES-T6-INNER-AND-OUTER-RINGS,Standard Selling,59233.00,PCS,UGX,1,0,Source VAT: 10662.00; source inclusive: 69895.00; arithmetic delta: 0.00,docs/item details.csv
,ASM-FORD-VEHICLES-T6-LOCKING-NUT-SETS,Standard Selling,452774.00,PCS,UGX,1,0,Source VAT: 81499.00; source inclusive: 534274.00; arithmetic delta: -1.00,docs/item details.csv
,ASM-FORD-VEHICLES-T6-WHEEL-SENSOR-FRONT,Standard Selling,327226.00,PCS,UGX,1,0,Source VAT: 58901.00; source inclusive: 386126.00; arithmetic delta: 1.00,docs/item details.csv
,ASM-FORD-VEHICLES-T6-TYRES-265-65R17,Standard Selling,886775.00,PCS,UGX,1,0,Source VAT: 159620.00; source inclusive: 1046395.00; arithmetic delta: 0.00,docs/item details.csv
,ASM-FORD-VEHICLES-T6-WHEEL-SPANNER-FOR-FORD-T6,Standard Selling,452774.00,PCS,UGX,1,0,Source VAT: 81499.00; source inclusive: 534274.00; arithmetic delta: -1.00,docs/item details.csv
,ASM-FORD-VEHICLES-T6-LOCKOUT-HUB,Standard Selling,422323.00,PCS,UGX,1,0,Source VAT: 76018.00; source inclusive: 498341.00; arithmetic delta: 0.00,docs/item details.csv
,ASM-FORD-VEHICLES-T6-JACK,Standard Selling,716000.00,PCS,UGX,1,0,Source VAT: 128880.00; source inclusive: 844880.00; arithmetic delta: 0.00,docs/item details.csv
,ASM-FORD-VEHICLES-T6-STEEL-WHEEL-RIM,Standard Selling,1057875.00,PCS,UGX,1,0,Source VAT: 190418.00; source inclusive: 1248293.00; arithmetic delta: 0.00,docs/item details.csv
,ASM-FORD-VEHICLES-T6-SPARE-TYRE-CARRIER,Standard Selling,822292.00,PCS,UGX,1,0,Source VAT: 148013.00; source inclusive: 970305.00; arithmetic delta: 0.00,docs/item details.csv
,ASM-FORD-VEHICLES-T6-ALLOY-CENTRE-CAPS,Standard Selling,178036.00,PCS,UGX,1,0,Source VAT: 32046.00; source inclusive: 210082.00; arithmetic delta: 0.00,docs/item details.csv
,ASM-FORD-VEHICLES-T6-WHEEL-NUTS,Standard Selling,42839.00,PCS,UGX,1,0,Source VAT: 7711.00; source inclusive: 50550.00; arithmetic delta: 0.00,docs/item details.csv
,ASM-FORD-VEHICLES-T6-WHEEL-STUD,Standard Selling,46839.00,PCS,UGX,1,0,Source VAT: 8431.00; source inclusive: 55270.00; arithmetic delta: 0.00,docs/item details.csv
,ASM-FORD-VEHICLES-T6-WHEEL-HUB-BEARING-INNER,Standard Selling,483305.00,PCS,UGX,1,0,Source VAT: 86995.00; source inclusive: 570300.00; arithmetic delta: 0.00,docs/item details.csv
,ASM-FORD-VEHICLES-T6-WHEEL-HUB-BEARING-OUTER,Standard Selling,422323.00,PCS,UGX,1,0,Source VAT: 76018.00; source inclusive: 498341.00; arithmetic delta: 0.00,docs/item details.csv
,ASM-FORD-VEHICLES-T6-HOSE-PIPE-GROMET-WATER,Standard Selling,492971.00,PCS,UGX,1,0,Source VAT: 88735.00; source inclusive: 581706.00; arithmetic delta: 0.00,docs/item details.csv
,ASM-FORD-VEHICLES-T6-A-C-COMPRESSOR,Standard Selling,2947226.00,PCS,UGX,1,0,Source VAT: 530501.00; source inclusive: 3477726.00; arithmetic delta: 1.00,docs/item details.csv
,ASM-FORD-VEHICLES-T6-VACUUMP-PUMP,Standard Selling,3482941.00,PCS,UGX,1,0,Source VAT: 626929.00; source inclusive: 4109871.00; arithmetic delta: -1.00,docs/item details.csv
,ASM-FORD-VEHICLES-T6-A-C-CONDENSER,Standard Selling,1874098.00,PCS,UGX,1,0,Source VAT: 337338.00; source inclusive: 2211436.00; arithmetic delta: 0.00,docs/item details.csv
,ASM-FORD-VEHICLES-T6-A-C-EXPANSION-VALVE,Standard Selling,269548.00,PCS,UGX,1,0,Source VAT: 48519.00; source inclusive: 318067.00; arithmetic delta: 0.00,docs/item details.csv
,ASM-FORD-VEHICLES-T6-A-C-HOSE,Standard Selling,492971.00,PCS,UGX,1,0,Source VAT: 88735.00; source inclusive: 581706.00; arithmetic delta: 0.00,docs/item details.csv
,ASM-FORD-VEHICLES-T6-POLLEN-AC-FRESH-AIR,Standard Selling,231058.00,PCS,UGX,1,0,Source VAT: 41590.00; source inclusive: 272648.00; arithmetic delta: 0.00,docs/item details.csv
,ASM-FORD-VEHICLES-T6-A-C-EVAPORATORS,Standard Selling,4915771.00,PCS,UGX,1,0,Source VAT: 884839.00; source inclusive: 5800610.00; arithmetic delta: 0.00,docs/item details.csv
,ASM-FORD-VEHICLES-T6-A-C-CONTROL-SWITCH,Standard Selling,1814839.00,PCS,UGX,1,0,Source VAT: 326671.00; source inclusive: 2141510.00; arithmetic delta: 0.00,docs/item details.csv
,ASM-FORD-VEHICLES-T6-A-C-LOW-PRESSURE-VALVE,Standard Selling,269548.00,PCS,UGX,1,0,Source VAT: 48519.00; source inclusive: 318067.00; arithmetic delta: 0.00,docs/item details.csv
,ASM-FORD-VEHICLES-T6-A-C-REFILLING-GAS,Standard Selling,227.00,Kg,UGX,1,0,Source VAT: 41.00; source inclusive: 268.00; arithmetic delta: 0.00,docs/item details.csv
,ASM-FORD-VEHICLES-T6-A-C-REGULATOR-SWITCH,Standard Selling,1814839.00,PCS,UGX,1,0,Source VAT: 326671.00; source inclusive: 2141510.00; arithmetic delta: 0.00,docs/item details.csv
,ASM-FORD-VEHICLES-T6-ASSY-STNG-COOLING-INTERM-A-C-PIPE,Standard Selling,546200.00,PCS,UGX,1,0,Source VAT: 98316.00; source inclusive: 644516.00; arithmetic delta: 0.00,docs/item details.csv
,ASM-FORD-VEHICLES-T6-A-C-PIPE,Standard Selling,320129.00,PCS,UGX,1,0,Source VAT: 57623.00; source inclusive: 377752.00; arithmetic delta: 0.00,docs/item details.csv
,ASM-FORD-VEHICLES-T6-WASHER-HOSE,Standard Selling,177032.00,PCS,UGX,1,0,Source VAT: 31866.00; source inclusive: 208898.00; arithmetic delta: 0.00,docs/item details.csv
,ASM-FORD-VEHICLES-T6-WIPER-ARM,Standard Selling,413548.00,PCS,UGX,1,0,Source VAT: 74439.00; source inclusive: 487987.00; arithmetic delta: 0.00,docs/item details.csv
,ASM-FORD-VEHICLES-T6-WIPER-BLADE-LEFT,Standard Selling,138129.00,PCS,UGX,1,0,Source VAT: 24863.00; source inclusive: 162992.00; arithmetic delta: 0.00,docs/item details.csv
,ASM-FORD-VEHICLES-T6-WIPER-LEVERS,Standard Selling,413548.00,PCS,UGX,1,0,Source VAT: 74439.00; source inclusive: 487987.00; arithmetic delta: 0.00,docs/item details.csv
,ASM-FORD-VEHICLES-T6-WIPER-LINKAGE,Standard Selling,810710.00,PCS,UGX,1,0,Source VAT: 145928.00; source inclusive: 956637.00; arithmetic delta: 1.00,docs/item details.csv
,ASM-FORD-VEHICLES-T6-WIPER-MOTOR,Standard Selling,1121161.00,PCS,UGX,1,0,Source VAT: 201809.00; source inclusive: 1322970.00; arithmetic delta: 0.00,docs/item details.csv
,ASM-FORD-VEHICLES-T6-ALTERNATOR-BRUSHES,Standard Selling,4485032.00,PCS,UGX,1,0,Source VAT: 807306.00; source inclusive: 5292338.00; arithmetic delta: 0.00,docs/item details.csv
,ASM-FORD-VEHICLES-T6-ALTERNATOR-COMPLETE,Standard Selling,4485032.00,PCS,UGX,1,0,Source VAT: 807306.00; source inclusive: 5292338.00; arithmetic delta: 0.00,docs/item details.csv
,ASM-FORD-VEHICLES-T6-FOG-LAMPS,Standard Selling,491397.00,PCS,UGX,1,0,Source VAT: 88452.00; source inclusive: 579849.00; arithmetic delta: 0.00,docs/item details.csv
,ASM-FORD-VEHICLES-T6-ELECTRICAL-FUEL-PUMP,Standard Selling,3693816.00,PCS,UGX,1,0,Source VAT: 664887.00; source inclusive: 4358703.00; arithmetic delta: 0.00,docs/item details.csv
,ASM-FORD-VEHICLES-T6-FUSE-BOX-COMPLETE,Standard Selling,2605032.00,PCS,UGX,1,0,Source VAT: 468906.00; source inclusive: 3073938.00; arithmetic delta: 0.00,docs/item details.csv
,ASM-FORD-VEHICLES-T6-FUEL-GAUGES,Standard Selling,4096387.00,PCS,UGX,1,0,Source VAT: 737350.00; source inclusive: 4833737.00; arithmetic delta: 0.00,docs/item details.csv
,ASM-FORD-VEHICLES-T6-DOOR-MIRROR-SWITCH,Standard Selling,576215.00,PCS,UGX,1,0,Source VAT: 103719.00; source inclusive: 679934.00; arithmetic delta: 0.00,docs/item details.csv
,ASM-FORD-VEHICLES-T6-DOOR-GLASS-SWITCH,Standard Selling,804073.00,PCS,UGX,1,0,Source VAT: 144733.00; source inclusive: 948806.00; arithmetic delta: 0.00,docs/item details.csv
,ASM-FORD-VEHICLES-T6-WINDOW-MOTORS,Standard Selling,2104375.00,PCS,UGX,1,0,Source VAT: 378788.00; source inclusive: 2483163.00; arithmetic delta: 0.00,docs/item details.csv
,ASM-FORD-VEHICLES-T6-WINDOW-REGULATORS,Standard Selling,2104375.00,PCS,UGX,1,0,Source VAT: 378788.00; source inclusive: 2483163.00; arithmetic delta: 0.00,docs/item details.csv
,ASM-FORD-VEHICLES-T6-LAMP,Standard Selling,4897677.00,PCS,UGX,1,0,Source VAT: 881582.00; source inclusive: 5779259.00; arithmetic delta: 0.00,docs/item details.csv
,ASM-FORD-VEHICLES-T6-WIPER-MOTOR-RELAYS,Standard Selling,1121161.00,PCS,UGX,1,0,Source VAT: 201809.00; source inclusive: 1322970.00; arithmetic delta: 0.00,docs/item details.csv
,ASM-FORD-VEHICLES-T6-HEADLAMP-RELAYS,Standard Selling,387097.00,PCS,UGX,1,0,Source VAT: 69677.00; source inclusive: 456774.00; arithmetic delta: 0.00,docs/item details.csv
,ASM-FORD-VEHICLES-T6-HEATER-RELAY,Standard Selling,876516.00,PCS,UGX,1,0,Source VAT: 157773.00; source inclusive: 1034289.00; arithmetic delta: 0.00,docs/item details.csv
,ASM-FORD-VEHICLES-T6-ELECTRICAL-WINDOW-MASTER-SWITCHES,Standard Selling,1656774.00,PCS,UGX,1,0,Source VAT: 298219.00; source inclusive: 1954994.00; arithmetic delta: -1.00,docs/item details.csv
,ASM-FORD-VEHICLES-T6-SINGLE-SWITCH,Standard Selling,804073.00,PCS,UGX,1,0,Source VAT: 144733.00; source inclusive: 948806.00; arithmetic delta: 0.00,docs/item details.csv
,ASM-FORD-VEHICLES-T6-HEAD-LAMP-SWITCHES,Standard Selling,500000.00,PCS,UGX,1,0,Source VAT: 90000.00; source inclusive: 590000.00; arithmetic delta: 0.00,docs/item details.csv
,ASM-FORD-VEHICLES-T6-NUMBER-PLATE-LAMPS,Standard Selling,11000.00,PCS,UGX,1,0,Source VAT: 1980.00; source inclusive: 12980.00; arithmetic delta: 0.00,docs/item details.csv
,ASM-FORD-VEHICLES-T6-HEATER-BLOWER-MOTORS,Standard Selling,993290.00,PCS,UGX,1,0,Source VAT: 178792.00; source inclusive: 1172083.00; arithmetic delta: -1.00,docs/item details.csv
,ASM-FORD-VEHICLES-T6-HEATER-CONTROL-VALVES,Standard Selling,1035226.00,PCS,UGX,1,0,Source VAT: 186341.00; source inclusive: 1221566.00; arithmetic delta: 1.00,docs/item details.csv
,ASM-FORD-VEHICLES-T6-BATTERY-DIN-80,Standard Selling,1040000.00,PCS,UGX,1,0,Source VAT: 187200.00; source inclusive: 1227200.00; arithmetic delta: 0.00,docs/item details.csv
,ASM-FORD-VEHICLES-T6-BATTERY-N45,Standard Selling,581613.00,PCS,UGX,1,0,Source VAT: 104690.00; source inclusive: 686303.00; arithmetic delta: 0.00,docs/item details.csv
,ASM-FORD-VEHICLES-T6-ELECTRONIC-CONTROL-UNIT-ECU,Standard Selling,6353434.00,PCS,UGX,1,0,Source VAT: 1143618.00; source inclusive: 7497052.00; arithmetic delta: 0.00,docs/item details.csv
,ASM-FORD-VEHICLES-T6-BODY-CONTROL-MODULE-BCM,Standard Selling,6353434.00,PCS,UGX,1,0,Source VAT: 1143618.00; source inclusive: 7497052.00; arithmetic delta: 0.00,docs/item details.csv
,ASM-FORD-VEHICLES-T6-BULB-HEAD-LAMP,Standard Selling,369110.00,PCS,UGX,1,0,Source VAT: 66440.00; source inclusive: 435550.00; arithmetic delta: 0.00,docs/item details.csv
,ASM-FORD-VEHICLES-T6-BRAKE-BULB-DOUBLE-FILAMENT,Standard Selling,78194.00,PCS,UGX,1,0,Source VAT: 14075.00; source inclusive: 92268.00; arithmetic delta: 1.00,docs/item details.csv
,ASM-FORD-VEHICLES-T6-BULB-SINGLE-FILAMENT,Standard Selling,132000.00,PCS,UGX,1,0,Source VAT: 23760.00; source inclusive: 155760.00; arithmetic delta: 0.00,docs/item details.csv
,ASM-FORD-VEHICLES-T6-BULB-NUMBER-PLATE,Standard Selling,11914.00,PCS,UGX,1,0,Source VAT: 2145.00; source inclusive: 14059.00; arithmetic delta: 0.00,docs/item details.csv
,ASM-FORD-VEHICLES-T6-BULB-INDICATOR-FRONT,Standard Selling,12265.00,PCS,UGX,1,0,Source VAT: 2208.00; source inclusive: 14472.00; arithmetic delta: 1.00,docs/item details.csv
,ASM-FORD-VEHICLES-T6-BULB-INDICATOR-REAR,Standard Selling,12265.00,PCS,UGX,1,0,Source VAT: 2208.00; source inclusive: 14472.00; arithmetic delta: 1.00,docs/item details.csv
,ASM-FORD-VEHICLES-T6-BULB-PARKING-FRONT,Standard Selling,308713.00,PCS,UGX,1,0,Source VAT: 55568.00; source inclusive: 364281.00; arithmetic delta: 0.00,docs/item details.csv
,ASM-FORD-VEHICLES-T6-HEAD-LAMP,Standard Selling,1021687.00,PCS,UGX,1,0,Source VAT: 183904.00; source inclusive: 1205591.00; arithmetic delta: 0.00,docs/item details.csv
,ASM-FORD-VEHICLES-T6-HIGH-TENSION-LEADS,Standard Selling,486740.00,PCS,UGX,1,0,Source VAT: 87613.00; source inclusive: 574353.00; arithmetic delta: 0.00,docs/item details.csv
,ASM-FORD-VEHICLES-T6-IGNITION-CONTROL-UNITS,Standard Selling,6353434.00,PCS,UGX,1,0,Source VAT: 1143618.00; source inclusive: 7497052.00; arithmetic delta: 0.00,docs/item details.csv
,ASM-FORD-VEHICLES-T6-IGNITION-SWITCH,Standard Selling,1958006.00,PCS,UGX,1,0,Source VAT: 352441.00; source inclusive: 2310447.00; arithmetic delta: 0.00,docs/item details.csv
,ASM-FORD-VEHICLES-T6-INDICATOR-LIGHTS,Standard Selling,12265.00,PCS,UGX,1,0,Source VAT: 2208.00; source inclusive: 14472.00; arithmetic delta: 1.00,docs/item details.csv
,ASM-FORD-VEHICLES-T6-PARKING-LIGHT,Standard Selling,286740.00,PCS,UGX,1,0,Source VAT: 51613.00; source inclusive: 338353.00; arithmetic delta: 0.00,docs/item details.csv
,ASM-FORD-VEHICLES-T6-50-AMPS,Standard Selling,120000.00,PCS,UGX,1,0,Source VAT: 21600.00; source inclusive: 141600.00; arithmetic delta: 0.00,docs/item details.csv
,ASM-FORD-VEHICLES-T6-10-AMPS,Standard Selling,76400.00,PCS,UGX,1,0,Source VAT: 13752.00; source inclusive: 90152.00; arithmetic delta: 0.00,docs/item details.csv
,ASM-FORD-VEHICLES-T6-15-AMPS,Standard Selling,892350.00,PCS,UGX,1,0,Source VAT: 160623.00; source inclusive: 1052973.00; arithmetic delta: 0.00,docs/item details.csv
,ASM-FORD-VEHICLES-T6-TAILS-LIGHTS-REAR-LIGHT,Standard Selling,1590581.00,PCS,UGX,1,0,Source VAT: 286305.00; source inclusive: 1876885.00; arithmetic delta: 1.00,docs/item details.csv
,ASM-FORD-VEHICLES-T6-THERMOSTAT-HOUSING,Standard Selling,423060.00,PCS,UGX,1,0,Source VAT: 76151.00; source inclusive: 499211.00; arithmetic delta: 0.00,docs/item details.csv
,ASM-FORD-VEHICLES-T6-DOOR-HANDLE-OUTER,Standard Selling,251355.00,PCS,UGX,1,0,Source VAT: 45244.00; source inclusive: 296599.00; arithmetic delta: 0.00,docs/item details.csv
,ASM-FORD-VEHICLES-T6-DOOR-HANDLES,Standard Selling,251355.00,PCS,UGX,1,0,Source VAT: 45244.00; source inclusive: 296599.00; arithmetic delta: 0.00,docs/item details.csv
,ASM-FORD-VEHICLES-T6-DOOR-LOCKS,Standard Selling,559097.00,PCS,UGX,1,0,Source VAT: 100637.00; source inclusive: 659734.00; arithmetic delta: 0.00,docs/item details.csv
,ASM-FORD-VEHICLES-T6-REAR-AND-FRONT-BUMPER,Standard Selling,4731355.00,PCS,UGX,1,0,Source VAT: 851644.00; source inclusive: 5582999.00; arithmetic delta: 0.00,docs/item details.csv
,ASM-FORD-VEHICLES-T6-DOOR-WINDING-MACHINE,Standard Selling,1656774.00,PCS,UGX,1,0,Source VAT: 298219.00; source inclusive: 1954994.00; arithmetic delta: -1.00,docs/item details.csv
,ASM-FORD-VEHICLES-T6-FRONT-GRILL,Standard Selling,2712903.00,PCS,UGX,1,0,Source VAT: 488323.00; source inclusive: 3201226.00; arithmetic delta: 0.00,docs/item details.csv
,ASM-FORD-VEHICLES-T6-BONNET-CABLE,Standard Selling,248284.00,PCS,UGX,1,0,Source VAT: 44691.00; source inclusive: 292975.00; arithmetic delta: 0.00,docs/item details.csv
,ASM-FORD-VEHICLES-T6-BONNET-MOUNTING,Standard Selling,56903.00,PCS,UGX,1,0,Source VAT: 10243.00; source inclusive: 67146.00; arithmetic delta: 0.00,docs/item details.csv
,ASM-FORD-VEHICLES-T6-REAR-LIGHTS-COMPLETE,Standard Selling,1590581.00,PCS,UGX,1,0,Source VAT: 286305.00; source inclusive: 1876885.00; arithmetic delta: 1.00,docs/item details.csv
,ASM-FORD-VEHICLES-T6-BONNET,Standard Selling,2097935.00,PCS,UGX,1,0,Source VAT: 377628.00; source inclusive: 2475564.00; arithmetic delta: -1.00,docs/item details.csv
,ASM-FORD-VEHICLES-T6-BONNET-LOCK,Standard Selling,441548.00,PCS,UGX,1,0,Source VAT: 79479.00; source inclusive: 521027.00; arithmetic delta: 0.00,docs/item details.csv
,ASM-FORD-VEHICLES-T6-REAR-CABIN-DOOR-LOCKS,Standard Selling,491397.00,PCS,UGX,1,0,Source VAT: 88452.00; source inclusive: 579849.00; arithmetic delta: 0.00,docs/item details.csv
,ASM-FORD-VEHICLES-T6-INDICATORS,Standard Selling,12265.00,PCS,UGX,1,0,Source VAT: 2208.00; source inclusive: 14472.00; arithmetic delta: 1.00,docs/item details.csv
,ASM-FORD-VEHICLES-T6-PARKING-LIGHTS,Standard Selling,993290.00,PCS,UGX,1,0,Source VAT: 178792.00; source inclusive: 1172083.00; arithmetic delta: -1.00,docs/item details.csv
,ASM-FORD-VEHICLES-T6-BULBS-12V-DOUBLE-FILAMENT,Standard Selling,78194.00,PCS,UGX,1,0,Source VAT: 14075.00; source inclusive: 92268.00; arithmetic delta: 1.00,docs/item details.csv
,ASM-FORD-VEHICLES-T6-BULBS-12V-SINGLE-FILAMENT,Standard Selling,78194.00,PCS,UGX,1,0,Source VAT: 14075.00; source inclusive: 92268.00; arithmetic delta: 1.00,docs/item details.csv
,ASM-FORD-VEHICLES-T6-BULBS-24V-DOUBLE-FILAMENT,Standard Selling,369110.00,PCS,UGX,1,0,Source VAT: 66440.00; source inclusive: 435550.00; arithmetic delta: 0.00,docs/item details.csv
,ASM-FORD-VEHICLES-T6-BULBS-24V-SINGLE-FILAMENT,Standard Selling,369110.00,PCS,UGX,1,0,Source VAT: 66440.00; source inclusive: 435550.00; arithmetic delta: 0.00,docs/item details.csv
,ASM-FORD-VEHICLES-T6-BULBS-HALOGEN-FOR-HEADLAMPS,Standard Selling,308713.00,PCS,UGX,1,0,Source VAT: 55568.00; source inclusive: 364281.00; arithmetic delta: 0.00,docs/item details.csv
,ASM-FORD-VEHICLES-T6-DASHBOARD,Standard Selling,3490065.00,PCS,UGX,1,0,Source VAT: 628212.00; source inclusive: 4118276.00; arithmetic delta: 1.00,docs/item details.csv
,ASM-FORD-VEHICLES-T6-DOOR-FRONT,Standard Selling,1918452.00,PCS,UGX,1,0,Source VAT: 345321.00; source inclusive: 2263773.00; arithmetic delta: 0.00,docs/item details.csv
,ASM-FORD-VEHICLES-T6-DOOR-HIND-GATE,Standard Selling,248000.00,PCS,UGX,1,0,Source VAT: 44640.00; source inclusive: 292640.00; arithmetic delta: 0.00,docs/item details.csv
,ASM-FORD-VEHICLES-T6-DOOR-REAR,Standard Selling,2323010.00,PCS,UGX,1,0,Source VAT: 418142.00; source inclusive: 2741152.00; arithmetic delta: 0.00,docs/item details.csv
,ASM-FORD-VEHICLES-T6-Z-LINK-2,Standard Selling,583613.00,PCS,UGX,1,0,Source VAT: 105050.00; source inclusive: 688663.00; arithmetic delta: 0.00,docs/item details.csv
,ASM-FORD-VEHICLES-T6-DRIVING-MIRROR,Standard Selling,695355.00,PCS,UGX,1,0,Source VAT: 125164.00; source inclusive: 820519.00; arithmetic delta: 0.00,docs/item details.csv
,ASM-FORD-VEHICLES-T6-FLOOR-CARPETS,Standard Selling,189600.00,PCS,UGX,1,0,Source VAT: 34128.00; source inclusive: 223728.00; arithmetic delta: 0.00,docs/item details.csv
,ASM-FORD-VEHICLES-T6-GRILL-RADIATOR,Standard Selling,2712903.00,PCS,UGX,1,0,Source VAT: 488323.00; source inclusive: 3201226.00; arithmetic delta: 0.00,docs/item details.csv
,ASM-FORD-VEHICLES-T6-HOOD-AND-TRUNK-RELEASE-CABLES,Standard Selling,248284.00,PCS,UGX,1,0,Source VAT: 44691.00; source inclusive: 292975.00; arithmetic delta: 0.00,docs/item details.csv
,ASM-FORD-VEHICLES-T6-HORN,Standard Selling,411355.00,PCS,UGX,1,0,Source VAT: 74044.00; source inclusive: 485399.00; arithmetic delta: 0.00,docs/item details.csv
,ASM-FORD-VEHICLES-T6-MAD-FLAPS,Standard Selling,174323.00,PCS,UGX,1,0,Source VAT: 31378.00; source inclusive: 205701.00; arithmetic delta: 0.00,docs/item details.csv
,ASM-FORD-VEHICLES-T6-NUTS,Standard Selling,46839.00,PCS,UGX,1,0,Source VAT: 8431.00; source inclusive: 55270.00; arithmetic delta: 0.00,docs/item details.csv
,ASM-FORD-VEHICLES-T6-RADIO-CD-PLAYER,Standard Selling,2502065.00,PCS,UGX,1,0,Source VAT: 450372.00; source inclusive: 2952436.00; arithmetic delta: 1.00,docs/item details.csv
,ASM-FORD-VEHICLES-T6-SIDE-MIRROR-ASSY,Standard Selling,3082697.00,PCS,UGX,1,0,Source VAT: 554886.00; source inclusive: 3637583.00; arithmetic delta: 0.00,docs/item details.csv
,ASM-FORD-VEHICLES-T6-WASHERS,Standard Selling,186710.00,PCS,UGX,1,0,Source VAT: 33608.00; source inclusive: 220317.00; arithmetic delta: 1.00,docs/item details.csv
,ASM-FORD-VEHICLES-T6-WHEEL-ALIGNMENT,Standard Selling,93500.00,PCS,UGX,1,0,Source VAT: 16830.00; source inclusive: 110330.00; arithmetic delta: 0.00,docs/item details.csv
,ASM-FORD-VEHICLES-T6-WHEEL-BALANCING,Standard Selling,13200.00,PCS,UGX,1,0,Source VAT: 2376.00; source inclusive: 15576.00; arithmetic delta: 0.00,docs/item details.csv
,ASM-FORD-VEHICLES-T6-SCREEN-WASHER-MOTOR,Standard Selling,1121161.00,PCS,UGX,1,0,Source VAT: 201809.00; source inclusive: 1322970.00; arithmetic delta: 0.00,docs/item details.csv
,ASM-FORD-VEHICLES-T6-TOW-BARS,Standard Selling,746194.00,PCS,UGX,1,0,Source VAT: 134315.00; source inclusive: 880508.00; arithmetic delta: 1.00,docs/item details.csv
,ASM-FORD-VEHICLES-T6-AERIAL-ASSEMBLY,Standard Selling,1024831.00,PCS,UGX,1,0,Source VAT: 184470.00; source inclusive: 1209300.00; arithmetic delta: 1.00,docs/item details.csv
,ASM-FORD-VEHICLES-T6-CENTRAL-LOCKING-SWITCH,Standard Selling,746194.00,PCS,UGX,1,0,Source VAT: 134315.00; source inclusive: 880508.00; arithmetic delta: 1.00,docs/item details.csv
,ASM-FORD-VEHICLES-T6-DRIVERS-SEATS,Standard Selling,10277337.00,PCS,UGX,1,0,Source VAT: 1849921.00; source inclusive: 12127257.00; arithmetic delta: 1.00,docs/item details.csv
,ASM-FORD-VEHICLES-T6-REAR-STEPS,Standard Selling,2013419.00,PCS,UGX,1,0,Source VAT: 362415.00; source inclusive: 2375835.00; arithmetic delta: -1.00,docs/item details.csv
,ASM-FORD-VEHICLES-T6-RUBBER-MATS,Standard Selling,189000.00,PCS,UGX,1,0,Source VAT: 34020.00; source inclusive: 223020.00; arithmetic delta: 0.00,docs/item details.csv
,ASM-FORD-VEHICLES-T6-WARNING-TRIANGLES,Standard Selling,175300.00,PCS,UGX,1,0,Source VAT: 31554.00; source inclusive: 206854.00; arithmetic delta: 0.00,docs/item details.csv
,ASM-FORD-VEHICLES-T6-WASHER-JETS,Standard Selling,106710.00,PCS,UGX,1,0,Source VAT: 19208.00; source inclusive: 125917.00; arithmetic delta: 1.00,docs/item details.csv
,ASM-FORD-VEHICLES-T6-DOOR-GLASSES,Standard Selling,320129.00,PCS,UGX,1,0,Source VAT: 57623.00; source inclusive: 377752.00; arithmetic delta: 0.00,docs/item details.csv
,ASM-FORD-VEHICLES-T6-REAR-VIEW-MIRRORS,Standard Selling,4466997.00,PCS,UGX,1,0,Source VAT: 804059.00; source inclusive: 5271056.00; arithmetic delta: 0.00,docs/item details.csv
,ASM-FORD-VEHICLES-T6-BUMPERS-COVER-FRONT-BUMPER,Standard Selling,2743742.00,PCS,UGX,1,0,Source VAT: 493874.00; source inclusive: 3237615.00; arithmetic delta: 1.00,docs/item details.csv
,ASM-FORD-VEHICLES-T6-SIDE-STEPS,Standard Selling,2013419.00,PCS,UGX,1,0,Source VAT: 362415.00; source inclusive: 2375835.00; arithmetic delta: -1.00,docs/item details.csv
,ASM-FORD-VEHICLES-T6-FOUR-WHEEL-DRIVE-LOCKS,Standard Selling,3249548.00,PCS,UGX,1,0,Source VAT: 584919.00; source inclusive: 3834467.00; arithmetic delta: 0.00,docs/item details.csv
,ASM-FORD-VEHICLES-T6-DUST-SEALS,Standard Selling,60976.00,PCS,UGX,1,0,Source VAT: 10976.00; source inclusive: 71952.00; arithmetic delta: 0.00,docs/item details.csv
,ASM-FORD-VEHICLES-T6-DRIVING-SHAFT-BOOT,Standard Selling,1054710.00,PCS,UGX,1,0,Source VAT: 189848.00; source inclusive: 1244557.00; arithmetic delta: 1.00,docs/item details.csv
,ASM-FORD-VEHICLES-T6-TARPAULIN-COVER,Standard Selling,1445161.00,PCS,UGX,1,0,Source VAT: 260129.00; source inclusive: 1705290.00; arithmetic delta: 0.00,docs/item details.csv
,ASM-FORD-VEHICLES-T6-TARPAULIN-ROPE,Standard Selling,262967.00,PCS,UGX,1,0,Source VAT: 47334.00; source inclusive: 310301.00; arithmetic delta: 0.00,docs/item details.csv
,ASM-FORD-VEHICLES-T6-DIESEL-ENGINE-OIL,Standard Selling,81069.00,Litre,UGX,1,0,Source VAT: 14592.00; source inclusive: 95662.00; arithmetic delta: -1.00,docs/item details.csv
,ASM-FORD-VEHICLES-T6-PETROL-ENGINE-OIL-15W40,Standard Selling,50016.00,Litre,UGX,1,0,Source VAT: 9003.00; source inclusive: 59018.00; arithmetic delta: 1.00,docs/item details.csv
,ASM-FORD-VEHICLES-T6-BRAKE-FLUID,Standard Selling,33871.00,Litre,UGX,1,0,Source VAT: 6097.00; source inclusive: 39968.00; arithmetic delta: 0.00,docs/item details.csv
,ASM-FORD-VEHICLES-T6-MANUAL-TRANSMISSION-OIL,Standard Selling,73531.00,Litre,UGX,1,0,Source VAT: 13236.00; source inclusive: 86766.00; arithmetic delta: 1.00,docs/item details.csv
,ASM-FORD-VEHICLES-T6-GEAR-OIL,Standard Selling,128237.00,Litre,UGX,1,0,Source VAT: 23083.00; source inclusive: 151320.00; arithmetic delta: 0.00,docs/item details.csv
,ASM-FORD-VEHICLES-T6-COOLANT,Standard Selling,88105.00,Litre,UGX,1,0,Source VAT: 15859.00; source inclusive: 103964.00; arithmetic delta: 0.00,docs/item details.csv
,ASM-FORD-VEHICLES-T6-GREASE,Standard Selling,24800.00,Kg,UGX,1,0,Source VAT: 4464.00; source inclusive: 29264.00; arithmetic delta: 0.00,docs/item details.csv
,ASM-FORD-VEHICLES-T6-HYDRAULIC-OIL,Standard Selling,63510.00,Litre,UGX,1,0,Source VAT: 11432.00; source inclusive: 74941.00; arithmetic delta: 1.00,docs/item details.csv
,ASM-FORD-VEHICLES-T6-OIL-FILTER,Standard Selling,114525.00,PCS,UGX,1,0,Source VAT: 20614.00; source inclusive: 135139.00; arithmetic delta: 0.00,docs/item details.csv
,ASM-FORD-VEHICLES-T6-FUEL-FILTER-2,Standard Selling,233548.00,PCS,UGX,1,0,Source VAT: 42039.00; source inclusive: 275587.00; arithmetic delta: 0.00,docs/item details.csv
,ASM-FORD-VEHICLES-T6-AIR-FILTER,Standard Selling,262967.00,PCS,UGX,1,0,Source VAT: 47334.00; source inclusive: 310301.00; arithmetic delta: 0.00,docs/item details.csv
,ASM-NISSAN-VANS-PAD-KIT-DISC-BRAKE-PADS-FRONT,Standard Selling,697166.00,PCS,UGX,1,0,Source VAT: 125490.00; source inclusive: 822656.00; arithmetic delta: 0.00,docs/item details.csv
,ASM-NISSAN-VANS-SHOE-SET-REAR-BRAKE-SHOES,Standard Selling,606081.00,PCS,UGX,1,0,Source VAT: 109094.00; source inclusive: 715175.00; arithmetic delta: 0.00,docs/item details.csv
,ASM-NISSAN-VANS-BOOSTER-ASSY-MA-BRAKE-BOOSTER,Standard Selling,5223460.00,PCS,UGX,1,0,Source VAT: 940223.00; source inclusive: 6163683.00; arithmetic delta: 0.00,docs/item details.csv
,ASM-NISSAN-VANS-ROTOR-DISC-BRAK-FRONT-ROTOR-DISCS,Standard Selling,1776554.00,Set,UGX,1,0,Source VAT: 319780.00; source inclusive: 2096333.00; arithmetic delta: 1.00,docs/item details.csv
,ASM-NISSAN-VANS-DISC-SKIMMING,Standard Selling,161290.00,Set,UGX,1,0,Source VAT: 29032.00; source inclusive: 190323.00; arithmetic delta: -1.00,docs/item details.csv
,ASM-NISSAN-VANS-DRUM-4X4-AND-HI-BRAKE-DRUM,Standard Selling,2174176.00,PCS,UGX,1,0,Source VAT: 391352.00; source inclusive: 2565527.00; arithmetic delta: 1.00,docs/item details.csv
,ASM-NISSAN-VANS-DRUM-SKIMMING,Standard Selling,161290.00,Set,UGX,1,0,Source VAT: 29032.00; source inclusive: 190323.00; arithmetic delta: -1.00,docs/item details.csv
,ASM-NISSAN-VANS-BOLT-PIN-CALIPPER-BOLTS,Standard Selling,189268.00,Set,UGX,1,0,Source VAT: 34068.00; source inclusive: 223337.00; arithmetic delta: -1.00,docs/item details.csv
,ASM-NISSAN-VANS-CYL-ASSY-CLUTCH,Standard Selling,404082.00,PCS,UGX,1,0,Source VAT: 72735.00; source inclusive: 476817.00; arithmetic delta: 0.00,docs/item details.csv
,ASM-NISSAN-VANS-CYL-ASSY-CLUTCH-2,Standard Selling,693682.00,PCS,UGX,1,0,Source VAT: 124863.00; source inclusive: 818545.00; arithmetic delta: 0.00,docs/item details.csv
,ASM-NISSAN-VANS-CALIPER-ASSY-BR-BRAKE-CALIPER,Standard Selling,2478939.00,PCS,UGX,1,0,Source VAT: 446209.00; source inclusive: 2925148.00; arithmetic delta: 0.00,docs/item details.csv
,ASM-NISSAN-VANS-CABLE-COMPL-P-HAND-BRAKE-CABLE-SHORT,Standard Selling,967567.00,PCS,UGX,1,0,Source VAT: 174162.00; source inclusive: 1141729.00; arithmetic delta: 0.00,docs/item details.csv
,ASM-NISSAN-VANS-DVC-ASSY-PKB-C-HANDBRAKE-CABLE-LONG,Standard Selling,939826.00,PCS,UGX,1,0,Source VAT: 169169.00; source inclusive: 1108995.00; arithmetic delta: 0.00,docs/item details.csv
,ASM-NISSAN-VANS-PACK-BRAKE-SHIMS,Standard Selling,145835.00,PCS,UGX,1,0,Source VAT: 26250.00; source inclusive: 172085.00; arithmetic delta: 0.00,docs/item details.csv
,ASM-NISSAN-VANS-SPACER-VACUUM-BOOST-BRAKE-SERVO-BOLT,Standard Selling,38424.00,PCS,UGX,1,0,Source VAT: 6916.00; source inclusive: 45341.00; arithmetic delta: -1.00,docs/item details.csv
,ASM-NISSAN-VANS-BRAKE-PAD-PLATES,Standard Selling,701783.00,Set,UGX,1,0,Source VAT: 126321.00; source inclusive: 828104.00; arithmetic delta: 0.00,docs/item details.csv
,ASM-NISSAN-VANS-ABS-SENSOR,Standard Selling,2895091.00,PCS,UGX,1,0,Source VAT: 521116.00; source inclusive: 3416207.00; arithmetic delta: 0.00,docs/item details.csv
,ASM-NISSAN-VANS-BRAKE-MASTER-CYLINDER,Standard Selling,1446716.00,PCS,UGX,1,0,Source VAT: 260409.00; source inclusive: 1707125.00; arithmetic delta: 0.00,docs/item details.csv
,ASM-NISSAN-VANS-DRIVE-SHAFT-BOOT,Standard Selling,575429.00,PCS,UGX,1,0,Source VAT: 103577.00; source inclusive: 679006.00; arithmetic delta: 0.00,docs/item details.csv
,ASM-NISSAN-VANS-SEAL-HUB-FRONT-FRONT-GREASE-SEALS,Standard Selling,145550.00,Set,UGX,1,0,Source VAT: 26199.00; source inclusive: 171748.00; arithmetic delta: 1.00,docs/item details.csv
,ASM-NISSAN-VANS-BEARING-ASSY-FR-WHEEL-BEARINGS-INNER,Standard Selling,699446.00,Set,UGX,1,0,Source VAT: 125900.00; source inclusive: 825347.00; arithmetic delta: -1.00,docs/item details.csv
,ASM-NISSAN-VANS-BEARING-KLM3008-WHEEL-BEARINGS-OUTER,Standard Selling,988031.00,Set,UGX,1,0,Source VAT: 177846.00; source inclusive: 1165877.00; arithmetic delta: 0.00,docs/item details.csv
,ASM-NISSAN-VANS-SHAFT-ASSY-FRON-DRIVE-SHAFT,Standard Selling,7649291.00,Set,UGX,1,0,Source VAT: 1376872.00; source inclusive: 9026163.00; arithmetic delta: 0.00,docs/item details.csv
,ASM-NISSAN-VANS-ORNAMENT-ROAD-C-HUB-CAP,Standard Selling,270274.00,PCS,UGX,1,0,Source VAT: 48649.00; source inclusive: 318924.00; arithmetic delta: -1.00,docs/item details.csv
,ASM-NISSAN-VANS-LEVER-COMPLETE-ACCELERATOR-PEDAL,Standard Selling,2540443.00,PCS,UGX,1,0,Source VAT: 457280.00; source inclusive: 2997723.00; arithmetic delta: 0.00,docs/item details.csv
,ASM-NISSAN-VANS-CYL-ASSY-RR-WHE-WHEEL-CYLINDER,Standard Selling,968153.00,Set,UGX,1,0,Source VAT: 174268.00; source inclusive: 1142421.00; arithmetic delta: 0.00,docs/item details.csv
,ASM-NISSAN-VANS-NUT-WHEEL-LOCK-NUT,Standard Selling,124118.00,PCS,UGX,1,0,Source VAT: 22341.00; source inclusive: 146459.00; arithmetic delta: 0.00,docs/item details.csv
,ASM-NISSAN-VANS-WASH-LOCK-WHEEL-WHEEL-HUB-WASHERS,Standard Selling,87057.00,PCS,UGX,1,0,Source VAT: 15670.00; source inclusive: 102727.00; arithmetic delta: 0.00,docs/item details.csv
,ASM-NISSAN-VANS-SCR-TRUSS-HD-WHEEL-HUB-SCREW,Standard Selling,22890.00,Set,UGX,1,0,Source VAT: 4120.00; source inclusive: 27010.00; arithmetic delta: 0.00,docs/item details.csv
,ASM-NISSAN-VANS-COMP-BRG-NEEDLE-WHEEL-HUB-LOCK-NUT,Standard Selling,178870.00,PCS,UGX,1,0,Source VAT: 32197.00; source inclusive: 211066.00; arithmetic delta: 1.00,docs/item details.csv
,ASM-NISSAN-VANS-HUB-ASSY-AUTO-F-FREE-RUNNING-HUB,Standard Selling,4881409.00,Set,UGX,1,0,Source VAT: 878654.00; source inclusive: 5760063.00; arithmetic delta: 0.00,docs/item details.csv
,ASM-NISSAN-VANS-BELT-ALTNTR,Standard Selling,355800.00,PCS,UGX,1,0,Source VAT: 64044.00; source inclusive: 419844.00; arithmetic delta: 0.00,docs/item details.csv
,ASM-NISSAN-VANS-BELT-COMPRESSOR,Standard Selling,102840.00,PCS,UGX,1,0,Source VAT: 18511.00; source inclusive: 121352.00; arithmetic delta: -1.00,docs/item details.csv
,ASM-NISSAN-VANS-BELT-POWER-STEE,Standard Selling,260259.00,PCS,UGX,1,0,Source VAT: 46847.00; source inclusive: 307106.00; arithmetic delta: 0.00,docs/item details.csv
,ASM-NISSAN-VANS-GUIDE-CHAIN-TEN-GUIDE-CHAIN-TENSIONER-SMAL,Standard Selling,129581.00,PCS,UGX,1,0,Source VAT: 23325.00; source inclusive: 152905.00; arithmetic delta: 1.00,docs/item details.csv
,ASM-NISSAN-VANS-GUIDE-CHAIN-TEN-GUIDE-CHAIN-TENSIONER-BIG,Standard Selling,379565.00,PCS,UGX,1,0,Source VAT: 68322.00; source inclusive: 447887.00; arithmetic delta: 0.00,docs/item details.csv
,ASM-NISSAN-VANS-CHAIN-TIMING-CA-TIMING-CHAIN-LOOSE-END,Standard Selling,623381.00,PCS,UGX,1,0,Source VAT: 112208.00; source inclusive: 735589.00; arithmetic delta: 0.00,docs/item details.csv
,ASM-NISSAN-VANS-CHAIN-TIMING-CA-TIMING-CHAIN-TENSION-END,Standard Selling,473963.00,PCS,UGX,1,0,Source VAT: 85313.00; source inclusive: 559277.00; arithmetic delta: -1.00,docs/item details.csv
,ASM-NISSAN-VANS-TENSION-CHAIN,Standard Selling,362812.00,PCS,UGX,1,0,Source VAT: 65306.00; source inclusive: 428118.00; arithmetic delta: 0.00,docs/item details.csv
,ASM-NISSAN-VANS-SEAL-OIL-CRANKS-CRANKSHAFT-OIL-SEAL-FRONT,Standard Selling,108552.00,PCS,UGX,1,0,Source VAT: 19539.00; source inclusive: 128091.00; arithmetic delta: 0.00,docs/item details.csv
,ASM-NISSAN-VANS-SEAL-OIL-CRANKS-CRANKSHAFT-OIL-SEAL-REAR,Standard Selling,187398.00,PCS,UGX,1,0,Source VAT: 33732.00; source inclusive: 221129.00; arithmetic delta: 1.00,docs/item details.csv
,ASM-NISSAN-VANS-HEAD-CYLINDER-CYLINDER-HEAD,Standard Selling,9640622.00,PCS,UGX,1,0,Source VAT: 1735312.00; source inclusive: 11375934.00; arithmetic delta: 0.00,docs/item details.csv
,ASM-NISSAN-VANS-CYLINDER-HEAD-REFACING,Standard Selling,1174194.00,PCS,UGX,1,0,Source VAT: 211355.00; source inclusive: 1385548.00; arithmetic delta: 1.00,docs/item details.csv
,ASM-NISSAN-VANS-GASKET-CYLINDER-CYLINDE-HEAD-GASKET,Standard Selling,336497.00,PCS,UGX,1,0,Source VAT: 60570.00; source inclusive: 397067.00; arithmetic delta: 0.00,docs/item details.csv
,ASM-NISSAN-VANS-GASKET-ROCKER-C-ROCKER-COVER-GASKET,Standard Selling,151351.00,PCS,UGX,1,0,Source VAT: 27243.00; source inclusive: 178594.00; arithmetic delta: 0.00,docs/item details.csv
,ASM-NISSAN-VANS-INSULATOR-ENGIN-ENGINE-MOUNTING-REAR,Standard Selling,751269.00,PCS,UGX,1,0,Source VAT: 135228.00; source inclusive: 886497.00; arithmetic delta: 0.00,docs/item details.csv
,ASM-NISSAN-VANS-INSULATOR-ENG-M-ENGINE-MOUNTING-FRONT,Standard Selling,477270.00,PCS,UGX,1,0,Source VAT: 85909.00; source inclusive: 563179.00; arithmetic delta: 0.00,docs/item details.csv
,ASM-NISSAN-VANS-PLUG-DRAIN,Standard Selling,19894.00,PCS,UGX,1,0,Source VAT: 3581.00; source inclusive: 23475.00; arithmetic delta: 0.00,docs/item details.csv
,ASM-NISSAN-VANS-ENGINE-BARE-COMPLETE-ENGINE-ASSY,Standard Selling,61521902.00,PCS,UGX,1,0,Source VAT: 11073942.00; source inclusive: 72595845.00; arithmetic delta: -1.00,docs/item details.csv
,ASM-NISSAN-VANS-RING-SET-PISTON-PISTON-RINGS,Standard Selling,1211051.00,Set,UGX,1,0,Source VAT: 217989.00; source inclusive: 1429040.00; arithmetic delta: 0.00,docs/item details.csv
,ASM-NISSAN-VANS-PISTON-WITH-PIN-PISTON,Standard Selling,4677811.00,Set,UGX,1,0,Source VAT: 842006.00; source inclusive: 5519817.00; arithmetic delta: 0.00,docs/item details.csv
,ASM-NISSAN-VANS-BEARING-SET-MAIN-BEARINGS,Standard Selling,254862.00,Set,UGX,1,0,Source VAT: 45875.00; source inclusive: 300737.00; arithmetic delta: 0.00,docs/item details.csv
,ASM-NISSAN-VANS-BUSHING-SET-CON-PIECE-BEARINGS,Standard Selling,480304.00,Set,UGX,1,0,Source VAT: 86455.00; source inclusive: 566759.00; arithmetic delta: 0.00,docs/item details.csv
,ASM-NISSAN-VANS-BLOCK-SLEEVE,Standard Selling,1612903.00,Set,UGX,1,0,Source VAT: 290323.00; source inclusive: 1903226.00; arithmetic delta: 0.00,docs/item details.csv
,ASM-NISSAN-VANS-GASKET-ENGINE-OVERHAUL-GASKET-KIT,Standard Selling,1286961.00,PCS,UGX,1,0,Source VAT: 231653.00; source inclusive: 1518614.00; arithmetic delta: 0.00,docs/item details.csv
,ASM-NISSAN-VANS-ROD-COMP-CON-CONNECTING-RODS,Standard Selling,3540870.00,Set,UGX,1,0,Source VAT: 637357.00; source inclusive: 4178226.00; arithmetic delta: 1.00,docs/item details.csv
,ASM-NISSAN-VANS-PUMP-INJECTION-INJECTOR-PUMP,Standard Selling,9990431.00,PCS,UGX,1,0,Source VAT: 1798278.00; source inclusive: 11788709.00; arithmetic delta: 0.00,docs/item details.csv
,ASM-NISSAN-VANS-INJECTOR-NOZZLES,Standard Selling,14188364.00,Set,UGX,1,0,Source VAT: 2553906.00; source inclusive: 16742270.00; arithmetic delta: 0.00,docs/item details.csv
,ASM-NISSAN-VANS-INJECTOR-PUMP-SERVICE,Standard Selling,1877119.00,PCS,UGX,1,0,Source VAT: 337881.00; source inclusive: 2215000.00; arithmetic delta: 0.00,docs/item details.csv
,ASM-NISSAN-VANS-FLUID-GASKET-SEALANT-TUBE,Standard Selling,525513.00,PCS,UGX,1,0,Source VAT: 94592.00; source inclusive: 620105.00; arithmetic delta: 0.00,docs/item details.csv
,ASM-NISSAN-VANS-FAN-COOLING,Standard Selling,1093420.00,PCS,UGX,1,0,Source VAT: 196816.00; source inclusive: 1290235.00; arithmetic delta: 1.00,docs/item details.csv
,ASM-NISSAN-VANS-CAMSHAFT-PULLEY,Standard Selling,453126.00,PCS,UGX,1,0,Source VAT: 81563.00; source inclusive: 534689.00; arithmetic delta: 0.00,docs/item details.csv
,ASM-NISSAN-VANS-CRANKSHAFT-PULLEY,Standard Selling,918630.00,PCS,UGX,1,0,Source VAT: 165353.00; source inclusive: 1083983.00; arithmetic delta: 0.00,docs/item details.csv
,ASM-NISSAN-VANS-FAN-COUPLING,Standard Selling,2041554.00,PCS,UGX,1,0,Source VAT: 367480.00; source inclusive: 2409033.00; arithmetic delta: 1.00,docs/item details.csv
,ASM-NISSAN-VANS-HOSE-AIR-INLET,Standard Selling,544917.00,PCS,UGX,1,0,Source VAT: 98085.00; source inclusive: 643003.00; arithmetic delta: -1.00,docs/item details.csv
,ASM-NISSAN-VANS-FAN-ASSY-COND-AC-FAN-SHROUD,Standard Selling,259570.00,PCS,UGX,1,0,Source VAT: 46723.00; source inclusive: 306293.00; arithmetic delta: 0.00,docs/item details.csv
,ASM-NISSAN-VANS-SHROUD-RAD-LOWE-COOLING-FAN-SHROUD,Standard Selling,841626.00,PCS,UGX,1,0,Source VAT: 151493.00; source inclusive: 993118.00; arithmetic delta: 1.00,docs/item details.csv
,ASM-NISSAN-VANS-RADIATOR-ASSY,Standard Selling,3234148.00,PCS,UGX,1,0,Source VAT: 582147.00; source inclusive: 3816294.00; arithmetic delta: 1.00,docs/item details.csv
,ASM-NISSAN-VANS-CAP-ASSY-PRESSU-RADIATOR-CAP,Standard Selling,62693.00,PCS,UGX,1,0,Source VAT: 11285.00; source inclusive: 73978.00; arithmetic delta: 0.00,docs/item details.csv
,ASM-NISSAN-VANS-MOUNTING-RUBBER-UPPER-RADIATOR-MOUNTINGS,Standard Selling,118985.00,Set,UGX,1,0,Source VAT: 21417.00; source inclusive: 140402.00; arithmetic delta: 0.00,docs/item details.csv
,ASM-NISSAN-VANS-RUBBER-MOUNTING-LOWER-RADIATOR-MOUNTING,Standard Selling,52722.00,Set,UGX,1,0,Source VAT: 9490.00; source inclusive: 62213.00; arithmetic delta: -1.00,docs/item details.csv
,ASM-NISSAN-VANS-HOSE-RESERVE-TA-RESERVE-TANK-PIPE,Standard Selling,108010.00,PCS,UGX,1,0,Source VAT: 19442.00; source inclusive: 127452.00; arithmetic delta: 0.00,docs/item details.csv
,ASM-NISSAN-VANS-NOZZLE-WASHER-WIPER-NOZZLES,Standard Selling,114322.00,Set,UGX,1,0,Source VAT: 20578.00; source inclusive: 134900.00; arithmetic delta: 0.00,docs/item details.csv
,ASM-NISSAN-VANS-TANK-ASSY-RESER-RESERVOIR-TANK,Standard Selling,674117.00,PCS,UGX,1,0,Source VAT: 121341.00; source inclusive: 795458.00; arithmetic delta: 0.00,docs/item details.csv
,ASM-NISSAN-VANS-BODY-CLEANER-AIR-CLEANER-HOUSING,Standard Selling,865213.00,PCS,UGX,1,0,Source VAT: 155738.00; source inclusive: 1020951.00; arithmetic delta: 0.00,docs/item details.csv
,ASM-NISSAN-VANS-PUMP-ASSY-WATER-WATER-PUMP,Standard Selling,1967835.00,PCS,UGX,1,0,Source VAT: 354210.00; source inclusive: 2322045.00; arithmetic delta: 0.00,docs/item details.csv
,ASM-NISSAN-VANS-GASKET-WATER-PU-WATER-PUMP-GASKET,Standard Selling,30181.00,PCS,UGX,1,0,Source VAT: 5433.00; source inclusive: 35614.00; arithmetic delta: 0.00,docs/item details.csv
,ASM-NISSAN-VANS-TANK-ASSY-WS-WASH-WIPER-TANK-TANK,Standard Selling,185083.00,PCS,UGX,1,0,Source VAT: 33315.00; source inclusive: 218398.00; arithmetic delta: 0.00,docs/item details.csv
,ASM-NISSAN-VANS-AIR-FILTER-ASSY,Standard Selling,231799.00,PCS,UGX,1,0,Source VAT: 41724.00; source inclusive: 273523.00; arithmetic delta: 0.00,docs/item details.csv
,ASM-NISSAN-VANS-INTRCOOLER-CHARGER-AIR-COOLER,Standard Selling,7088378.00,PCS,UGX,1,0,Source VAT: 1275908.00; source inclusive: 8364286.00; arithmetic delta: 0.00,docs/item details.csv
,ASM-NISSAN-VANS-CHARGER-TURBO,Standard Selling,9183925.00,PCS,UGX,1,0,Source VAT: 1653106.00; source inclusive: 10837031.00; arithmetic delta: 0.00,docs/item details.csv
,ASM-NISSAN-VANS-FILTER-ASSY-OIL-OIL-FILTER,Standard Selling,116319.00,PCS,UGX,1,0,Source VAT: 20937.00; source inclusive: 137257.00; arithmetic delta: -1.00,docs/item details.csv
,ASM-NISSAN-VANS-CAP-ASSY-OIL-FI-OIL-FILLER-CAP,Standard Selling,179513.00,PCS,UGX,1,0,Source VAT: 32312.00; source inclusive: 211826.00; arithmetic delta: -1.00,docs/item details.csv
,ASM-NISSAN-VANS-HOSE-WATER-OIL-COOLER-PIPE,Standard Selling,96727.00,PCS,UGX,1,0,Source VAT: 17411.00; source inclusive: 114137.00; arithmetic delta: 1.00,docs/item details.csv
,ASM-NISSAN-VANS-COOLER-OIL-OIL-COOLER,Standard Selling,1015637.00,PCS,UGX,1,0,Source VAT: 182815.00; source inclusive: 1198452.00; arithmetic delta: 0.00,docs/item details.csv
,ASM-NISSAN-VANS-STRAINER-OIL-OIL-STRAINER,Standard Selling,228786.00,PCS,UGX,1,0,Source VAT: 41182.00; source inclusive: 269968.00; arithmetic delta: 0.00,docs/item details.csv
,ASM-NISSAN-VANS-GAUGE-OIL-LEVEL-DIPSTICK,Standard Selling,86740.00,PCS,UGX,1,0,Source VAT: 15613.00; source inclusive: 102353.00; arithmetic delta: 0.00,docs/item details.csv
,ASM-NISSAN-VANS-PAN-ASSY-OIL-OIL-PAN,Standard Selling,858365.00,PCS,UGX,1,0,Source VAT: 154506.00; source inclusive: 1012871.00; arithmetic delta: 0.00,docs/item details.csv
,ASM-NISSAN-VANS-BRACKET-OIL-FIL-OIL-FILTER-BRACKET,Standard Selling,449710.00,PCS,UGX,1,0,Source VAT: 80948.00; source inclusive: 530658.00; arithmetic delta: 0.00,docs/item details.csv
,ASM-NISSAN-VANS-WASHER-DRAIN-DRAIN-PLUG-WASHER,Standard Selling,19894.00,PCS,UGX,1,0,Source VAT: 3581.00; source inclusive: 23475.00; arithmetic delta: 0.00,docs/item details.csv
,ASM-NISSAN-VANS-OIL-PRESSURE-SWITCH,Standard Selling,69881.00,PCS,UGX,1,0,Source VAT: 12579.00; source inclusive: 82460.00; arithmetic delta: 0.00,docs/item details.csv
,ASM-NISSAN-VANS-MFLR-ASSY-EXHAUST-PIPE-COMPLETE-SILENCERS-PIPES-ETC,Standard Selling,838477.00,PCS,UGX,1,0,Source VAT: 150926.00; source inclusive: 989403.00; arithmetic delta: 0.00,docs/item details.csv
,ASM-NISSAN-VANS-CONVERTER-ASSY-CATALYTIC-CONVERTER,Standard Selling,2875531.00,PCS,UGX,1,0,Source VAT: 517596.00; source inclusive: 3393127.00; arithmetic delta: 0.00,docs/item details.csv
,ASM-NISSAN-VANS-BOLT-HEX-HD-EXHAUST-BOLT,Standard Selling,104874.00,PCS,UGX,1,0,Source VAT: 18877.00; source inclusive: 123752.00; arithmetic delta: -1.00,docs/item details.csv
,ASM-NISSAN-VANS-SCR-HEX-HD-PP-W-EXHAUST-BOLT,Standard Selling,47745.00,Set,UGX,1,0,Source VAT: 8594.00; source inclusive: 56339.00; arithmetic delta: 0.00,docs/item details.csv
,ASM-NISSAN-VANS-CLAMP-EXH-MTG-EXHAUST-CLAMP,Standard Selling,187588.00,PCS,UGX,1,0,Source VAT: 33766.00; source inclusive: 221354.00; arithmetic delta: 0.00,docs/item details.csv
,ASM-NISSAN-VANS-GASKET-EXHAUST-BIG-EXHAUST-MANIFOLD-GASKET,Standard Selling,162857.00,PCS,UGX,1,0,Source VAT: 29314.00; source inclusive: 192171.00; arithmetic delta: 0.00,docs/item details.csv
,ASM-NISSAN-VANS-BRACKET-EXH-M-EXHAUST-MOUNTING-BRACKET,Standard Selling,151785.00,PCS,UGX,1,0,Source VAT: 27321.00; source inclusive: 179107.00; arithmetic delta: -1.00,docs/item details.csv
,ASM-NISSAN-VANS-INSUL-EXH-MTG-EXHAUST-MOUNTING,Standard Selling,176000.00,PCS,UGX,1,0,Source VAT: 31680.00; source inclusive: 207681.00; arithmetic delta: -1.00,docs/item details.csv
,ASM-NISSAN-VANS-MNTG-BRACKET-EXHAUST-MOUNTING-FRONT,Standard Selling,125830.00,PCS,UGX,1,0,Source VAT: 22649.00; source inclusive: 148480.00; arithmetic delta: -1.00,docs/item details.csv
,ASM-NISSAN-VANS-BRKT-EXH-MTG-EXHAUST-PIPE-BRACKET,Standard Selling,30150.00,PCS,UGX,1,0,Source VAT: 5427.00; source inclusive: 35577.00; arithmetic delta: 0.00,docs/item details.csv
,ASM-NISSAN-VANS-INSUL-HEAT-EXH-EXHAUST-INSULATOR,Standard Selling,155553.00,PCS,UGX,1,0,Source VAT: 28000.00; source inclusive: 183553.00; arithmetic delta: 0.00,docs/item details.csv
,ASM-NISSAN-VANS-INJECTOR-FUEL-INJECTOR-NOZZLE-COMPLETE,Standard Selling,9990431.00,Set,UGX,1,0,Source VAT: 1798278.00; source inclusive: 11788709.00; arithmetic delta: 0.00,docs/item details.csv
,ASM-NISSAN-VANS-16401-VC10C-COVER-UPPER-FUEL-LIFT-PUMP,Standard Selling,449783.00,PCS,UGX,1,0,Source VAT: 80961.00; source inclusive: 530744.00; arithmetic delta: 0.00,docs/item details.csv
,ASM-NISSAN-VANS-GASKET-NOZZLE-INJECTOR-NOZZLE-SEAL,Standard Selling,65689.00,Set,UGX,1,0,Source VAT: 11824.00; source inclusive: 77513.00; arithmetic delta: 0.00,docs/item details.csv
,ASM-NISSAN-VANS-TUBE-ASSY-FUEL-FUEL-RETURN-PIPE,Standard Selling,365819.00,PCS,UGX,1,0,Source VAT: 65847.00; source inclusive: 431666.00; arithmetic delta: 0.00,docs/item details.csv
,ASM-NISSAN-VANS-TUBE-ASSY-INJEC-FUEL-RAIL,Standard Selling,4790638.00,PCS,UGX,1,0,Source VAT: 862315.00; source inclusive: 5652953.00; arithmetic delta: 0.00,docs/item details.csv
,ASM-NISSAN-VANS-TUBE-INJECTION-FUEL-RAIL-PIPE1,Standard Selling,365819.00,PCS,UGX,1,0,Source VAT: 65847.00; source inclusive: 431666.00; arithmetic delta: 0.00,docs/item details.csv
,ASM-NISSAN-VANS-TUBE-ASSY-INJEC-FUEL-RAIL-PIPE2,Standard Selling,381628.00,PCS,UGX,1,0,Source VAT: 68693.00; source inclusive: 450321.00; arithmetic delta: 0.00,docs/item details.csv
,ASM-NISSAN-VANS-TUBE-ASSY-INJEC-FUEL-RAIL-PIPE3,Standard Selling,252056.00,PCS,UGX,1,0,Source VAT: 45370.00; source inclusive: 297427.00; arithmetic delta: -1.00,docs/item details.csv
,ASM-NISSAN-VANS-TUBE-ASSY-INJEC-FUEL-RAIL-PIPE4,Standard Selling,515796.00,PCS,UGX,1,0,Source VAT: 92843.00; source inclusive: 608639.00; arithmetic delta: 0.00,docs/item details.csv
,ASM-NISSAN-VANS-O-RING-TANK-BELT-CLAMP,Standard Selling,30990.00,PCS,UGX,1,0,Source VAT: 5578.00; source inclusive: 36568.00; arithmetic delta: 0.00,docs/item details.csv
,ASM-NISSAN-VANS-CAP-FILLER-SCRE-FUEL-TANK-CAP-RUBBER,Standard Selling,179773.00,PCS,UGX,1,0,Source VAT: 32359.00; source inclusive: 212132.00; arithmetic delta: 0.00,docs/item details.csv
,ASM-NISSAN-VANS-MANIFOLD-ASSY-I-INTAKE-MANIFOLD-ASS,Standard Selling,2666412.00,PCS,UGX,1,0,Source VAT: 479954.00; source inclusive: 3146366.00; arithmetic delta: 0.00,docs/item details.csv
,ASM-NISSAN-VANS-SUCTION-CONTROL-VALVE,Standard Selling,1300000.00,PCS,UGX,1,0,Source VAT: 234000.00; source inclusive: 1534000.00; arithmetic delta: 0.00,docs/item details.csv
,ASM-NISSAN-VANS-FUEL-FILTER-SENSOR,Standard Selling,516531.00,PCS,UGX,1,0,Source VAT: 92976.00; source inclusive: 609507.00; arithmetic delta: 0.00,docs/item details.csv
,ASM-NISSAN-VANS-GASKET-MANIFOLD,Standard Selling,239454.00,PCS,UGX,1,0,Source VAT: 43102.00; source inclusive: 282556.00; arithmetic delta: 0.00,docs/item details.csv
,ASM-NISSAN-VANS-INJECTOR-NOZZLE-SERVICE,Standard Selling,1054717.00,PCS,UGX,1,0,Source VAT: 189849.00; source inclusive: 1244566.00; arithmetic delta: 0.00,docs/item details.csv
,ASM-NISSAN-VANS-LINK-COMPL-FR-S-BALL-JOINT-UPPER-LH,Standard Selling,1378737.00,PCS,UGX,1,0,Source VAT: 248173.00; source inclusive: 1626909.00; arithmetic delta: 1.00,docs/item details.csv
,ASM-NISSAN-VANS-LINK-COMPL-RH-BALL-JOINT-UPPER-RH,Standard Selling,1378737.00,PCS,UGX,1,0,Source VAT: 248173.00; source inclusive: 1626909.00; arithmetic delta: 1.00,docs/item details.csv
,ASM-NISSAN-VANS-LINK-COMPL-FR-S-BALL-JOINT-LOWER-RH,Standard Selling,972216.00,PCS,UGX,1,0,Source VAT: 174999.00; source inclusive: 1147215.00; arithmetic delta: 0.00,docs/item details.csv
,ASM-NISSAN-VANS-LINK-COMPL-FR-S-BALL-JOINT-LOWER-LH,Standard Selling,972216.00,PCS,UGX,1,0,Source VAT: 174999.00; source inclusive: 1147215.00; arithmetic delta: 0.00,docs/item details.csv
,ASM-NISSAN-VANS-ROD-KIT-RELAY-TRACK-ROD,Standard Selling,1610048.00,PCS,UGX,1,0,Source VAT: 289809.00; source inclusive: 1899857.00; arithmetic delta: 0.00,docs/item details.csv
,ASM-NISSAN-VANS-ROD-KIT-TIE-TIE-ROD-ENDS,Standard Selling,1688863.00,Set,UGX,1,0,Source VAT: 303995.00; source inclusive: 1992858.00; arithmetic delta: 0.00,docs/item details.csv
,ASM-NISSAN-VANS-Z-LINK-ROD-CONN-RHS,Standard Selling,349894.00,PCS,UGX,1,0,Source VAT: 62981.00; source inclusive: 412875.00; arithmetic delta: 0.00,docs/item details.csv
,ASM-NISSAN-VANS-Z-LINK-ROD-CONN-LHS,Standard Selling,349894.00,PCS,UGX,1,0,Source VAT: 62981.00; source inclusive: 412875.00; arithmetic delta: 0.00,docs/item details.csv
,ASM-NISSAN-VANS-ABSORBER-SHOCK-FRONT-SHOCK-ABSORBERS,Standard Selling,1548507.00,Set,UGX,1,0,Source VAT: 278731.00; source inclusive: 1827239.00; arithmetic delta: -1.00,docs/item details.csv
,ASM-NISSAN-VANS-BUSH-TELEX-SHOCK-ABSORBER-BUSHES,Standard Selling,61282.00,Set,UGX,1,0,Source VAT: 11031.00; source inclusive: 72313.00; arithmetic delta: 0.00,docs/item details.csv
,ASM-NISSAN-VANS-SHOCK-RR-2WD-KA-REAR-SHOCK-ABSORBERS,Standard Selling,1769308.00,Set,UGX,1,0,Source VAT: 318475.00; source inclusive: 2087784.00; arithmetic delta: -1.00,docs/item details.csv
,ASM-NISSAN-VANS-BUSH-STAB-STABILISER-BAR-BUSHES-BIG,Standard Selling,129283.00,Set,UGX,1,0,Source VAT: 23271.00; source inclusive: 152555.00; arithmetic delta: -1.00,docs/item details.csv
,ASM-NISSAN-VANS-STABILISER-BAR-BUSHES-SMALL,Standard Selling,125398.00,Set,UGX,1,0,Source VAT: 22572.00; source inclusive: 147970.00; arithmetic delta: 0.00,docs/item details.csv
,ASM-NISSAN-VANS-BUSH-RR-SPR-RR-SPRING-BUSHES-SMALL,Standard Selling,224532.00,Set,UGX,1,0,Source VAT: 40416.00; source inclusive: 264948.00; arithmetic delta: 0.00,docs/item details.csv
,ASM-NISSAN-VANS-BUSH-SPRING-SPRING-BUSHES-BIG,Standard Selling,336005.00,Set,UGX,1,0,Source VAT: 60481.00; source inclusive: 396486.00; arithmetic delta: 0.00,docs/item details.csv
,ASM-NISSAN-VANS-SHOCK-ABSORBER-BUSHES,Standard Selling,126910.00,Set,UGX,1,0,Source VAT: 22844.00; source inclusive: 149754.00; arithmetic delta: 0.00,docs/item details.csv
,ASM-NISSAN-VANS-BUSH-FITTING,Standard Selling,96774.00,Set,UGX,1,0,Source VAT: 17419.00; source inclusive: 114194.00; arithmetic delta: -1.00,docs/item details.csv
,ASM-NISSAN-VANS-SPRING-ASSY-RR-LEAF-SPRING-COMPLETE,Standard Selling,5059640.00,Set,UGX,1,0,Source VAT: 910735.00; source inclusive: 5970375.00; arithmetic delta: 0.00,docs/item details.csv
,ASM-NISSAN-VANS-CLIP-RR-SPRING-LEAF-SPRING-CLAMPS,Standard Selling,394242.00,PCS,UGX,1,0,Source VAT: 70964.00; source inclusive: 465205.00; arithmetic delta: 1.00,docs/item details.csv
,ASM-NISSAN-VANS-SEAT-ASSY-RR-SP-U-BOLTS-MOUNTING-PLATES-SET,Standard Selling,686009.00,PCS,UGX,1,0,Source VAT: 123482.00; source inclusive: 809491.00; arithmetic delta: 0.00,docs/item details.csv
,ASM-NISSAN-VANS-PAD-ASSY-RR-SPR-LEAF-SPRING-SEAT,Standard Selling,170215.00,PCS,UGX,1,0,Source VAT: 30639.00; source inclusive: 200853.00; arithmetic delta: 1.00,docs/item details.csv
,ASM-NISSAN-VANS-ARM-ASSY-FR-SPR-ANCHOR-ARM,Standard Selling,213822.00,PCS,UGX,1,0,Source VAT: 38488.00; source inclusive: 252310.00; arithmetic delta: 0.00,docs/item details.csv
,ASM-NISSAN-VANS-ARM-ASSY-ANCHOR-ANCHOR-ARM,Standard Selling,221019.00,PCS,UGX,1,0,Source VAT: 39783.00; source inclusive: 260802.00; arithmetic delta: 0.00,docs/item details.csv
,ASM-NISSAN-VANS-PULLEY-PUMP-POWER-STEERING-PUMP-PULLEY,Standard Selling,564891.00,PCS,UGX,1,0,Source VAT: 101680.00; source inclusive: 666571.00; arithmetic delta: 0.00,docs/item details.csv
,ASM-NISSAN-VANS-POWER-PUMP-ASSY-STEERING-PUMP,Standard Selling,3117403.00,PCS,UGX,1,0,Source VAT: 561132.00; source inclusive: 3678535.00; arithmetic delta: 0.00,docs/item details.csv
,ASM-NISSAN-VANS-ARMKIT-PITMAN-PITMAN-ARM,Standard Selling,550447.00,PCS,UGX,1,0,Source VAT: 99081.00; source inclusive: 649528.00; arithmetic delta: 0.00,docs/item details.csv
,ASM-NISSAN-VANS-IDLER-KIT-TEL-IDLER-ARM,Standard Selling,770166.00,PCS,UGX,1,0,Source VAT: 138630.00; source inclusive: 908796.00; arithmetic delta: 0.00,docs/item details.csv
,ASM-NISSAN-VANS-COLUMN-ASSY-STE-STEERING-COLUMN,Standard Selling,889239.00,PCS,UGX,1,0,Source VAT: 160063.00; source inclusive: 1049302.00; arithmetic delta: 0.00,docs/item details.csv
,ASM-NISSAN-VANS-WHEEL-ASSY-STEE-STEERING-WHEEL,Standard Selling,2686336.00,PCS,UGX,1,0,Source VAT: 483541.00; source inclusive: 3169877.00; arithmetic delta: 0.00,docs/item details.csv
,ASM-NISSAN-VANS-TRANSFER-CASE-SEAL,Standard Selling,185994.00,PCS,UGX,1,0,Source VAT: 33479.00; source inclusive: 219473.00; arithmetic delta: 0.00,docs/item details.csv
,ASM-NISSAN-VANS-BRNG-KIT-CENTR-CENTER-BEARING,Standard Selling,791776.00,PCS,UGX,1,0,Source VAT: 142520.00; source inclusive: 934296.00; arithmetic delta: 0.00,docs/item details.csv
,ASM-NISSAN-VANS-CLUTCH-DISC-CLUTCH-PLATE,Standard Selling,2926647.00,PCS,UGX,1,0,Source VAT: 526796.00; source inclusive: 3453443.00; arithmetic delta: 0.00,docs/item details.csv
,ASM-NISSAN-VANS-COVER-CLUTCH-PRESSURE-PLATE,Standard Selling,2563803.00,PCS,UGX,1,0,Source VAT: 461485.00; source inclusive: 3025288.00; arithmetic delta: 0.00,docs/item details.csv
,ASM-NISSAN-VANS-BEARING-CLUTCH-RELEASE-BEARING,Standard Selling,176489.00,PCS,UGX,1,0,Source VAT: 31768.00; source inclusive: 208258.00; arithmetic delta: -1.00,docs/item details.csv
,ASM-NISSAN-VANS-SPRING-RETURN-RETURN-SPRING,Standard Selling,14766.00,PCS,UGX,1,0,Source VAT: 2658.00; source inclusive: 17424.00; arithmetic delta: 0.00,docs/item details.csv
,ASM-NISSAN-VANS-PEDAL-ASSY-CLUT-CLUTCH-PEDAL-ASSEMBLY,Standard Selling,955828.00,PCS,UGX,1,0,Source VAT: 172049.00; source inclusive: 1127877.00; arithmetic delta: 0.00,docs/item details.csv
,ASM-NISSAN-VANS-TRANSMISSION-GEARBOX-ASSEMBLY,Standard Selling,17720981.00,PCS,UGX,1,0,Source VAT: 3189777.00; source inclusive: 20910758.00; arithmetic delta: 0.00,docs/item details.csv
,ASM-NISSAN-VANS-RR-EXC-BRAKES-A,Standard Selling,2960155.00,PCS,UGX,1,0,Source VAT: 532828.00; source inclusive: 3492982.00; arithmetic delta: 1.00,docs/item details.csv
,ASM-NISSAN-VANS-SFT-RR-AXLE-RH-DIFFERENTIAL-SHAFT-RH,Standard Selling,3067398.00,PCS,UGX,1,0,Source VAT: 552132.00; source inclusive: 3619530.00; arithmetic delta: 0.00,docs/item details.csv
,ASM-NISSAN-VANS-SFT-RR-AXLE-DIFFERENTIAL-SHAFT-LH,Standard Selling,1154314.00,PCS,UGX,1,0,Source VAT: 207777.00; source inclusive: 1362091.00; arithmetic delta: 0.00,docs/item details.csv
,ASM-NISSAN-VANS-SEAL-GREASE-R-GREASE-SEAL,Standard Selling,75137.00,PCS,UGX,1,0,Source VAT: 13525.00; source inclusive: 88661.00; arithmetic delta: 1.00,docs/item details.csv
,ASM-NISSAN-VANS-BRG-ASSY-TAPE,Standard Selling,462962.00,Set,UGX,1,0,Source VAT: 83333.00; source inclusive: 546295.00; arithmetic delta: 0.00,docs/item details.csv
,ASM-NISSAN-VANS-FLYWHELL-ASSY,Standard Selling,5898067.00,PCS,UGX,1,0,Source VAT: 1061652.00; source inclusive: 6959720.00; arithmetic delta: -1.00,docs/item details.csv
,ASM-NISSAN-VANS-SEAL-TRANSFER-CASE-SEAL,Standard Selling,31164.00,PCS,UGX,1,0,Source VAT: 5610.00; source inclusive: 36774.00; arithmetic delta: 0.00,docs/item details.csv
,ASM-NISSAN-VANS-INSULATOR-ENGIN-GEARBOX-MOUNTINGS,Standard Selling,510580.00,Set,UGX,1,0,Source VAT: 91904.00; source inclusive: 602485.00; arithmetic delta: -1.00,docs/item details.csv
,ASM-NISSAN-VANS-CASE-TRANSFER-F-TRANSFER-CASE-FRONT,Standard Selling,2438248.00,PCS,UGX,1,0,Source VAT: 438885.00; source inclusive: 2877132.00; arithmetic delta: 1.00,docs/item details.csv
,ASM-NISSAN-VANS-CASE-TRANSFER-CASE-CENTER,Standard Selling,2587633.00,PCS,UGX,1,0,Source VAT: 465774.00; source inclusive: 3053407.00; arithmetic delta: 0.00,docs/item details.csv
,ASM-NISSAN-VANS-CASE-TRANSFER-DIFFERENTIAL-CASE,Standard Selling,3201059.00,PCS,UGX,1,0,Source VAT: 576191.00; source inclusive: 3777249.00; arithmetic delta: 1.00,docs/item details.csv
,ASM-NISSAN-VANS-HIGH-GEAR-COVER,Standard Selling,3551106.00,PCS,UGX,1,0,Source VAT: 639199.00; source inclusive: 4190305.00; arithmetic delta: 0.00,docs/item details.csv
,ASM-NISSAN-VANS-CROSS-BEARING,Standard Selling,791776.00,PCS,UGX,1,0,Source VAT: 142520.00; source inclusive: 934296.00; arithmetic delta: 0.00,docs/item details.csv
,ASM-NISSAN-VANS-ALLOY-WHEEL-RIM,Standard Selling,5677987.00,PCS,UGX,1,0,Source VAT: 1022038.00; source inclusive: 6700024.00; arithmetic delta: 1.00,docs/item details.csv
,ASM-NISSAN-VANS-TYRE-REPAIR-PER-TYRE,Standard Selling,33619.00,PCS,UGX,1,0,Source VAT: 6052.00; source inclusive: 39671.00; arithmetic delta: 0.00,docs/item details.csv
,ASM-NISSAN-VANS-WRENCH-WHL-NUT-WHEEL-SPANNER,Standard Selling,66545.00,PCS,UGX,1,0,Source VAT: 11978.00; source inclusive: 78523.00; arithmetic delta: 0.00,docs/item details.csv
,ASM-NISSAN-VANS-WHEEL-BOLT-WHEEL-STUD-FRONT,Standard Selling,130300.00,PCS,UGX,1,0,Source VAT: 23454.00; source inclusive: 153754.00; arithmetic delta: 0.00,docs/item details.csv
,ASM-NISSAN-VANS-BOLT-HUB-WHEEL-STUD-REAR,Standard Selling,144757.00,PCS,UGX,1,0,Source VAT: 26056.00; source inclusive: 170813.00; arithmetic delta: 0.00,docs/item details.csv
,ASM-NISSAN-VANS-NUT-WHEEL-WHEEL-NUT,Standard Selling,4560.00,PCS,UGX,1,0,Source VAT: 821.00; source inclusive: 5381.00; arithmetic delta: 0.00,docs/item details.csv
,ASM-NISSAN-VANS-COMPRESSOR-AC-PUMP,Standard Selling,7186390.00,PCS,UGX,1,0,Source VAT: 1293550.00; source inclusive: 8479940.00; arithmetic delta: 0.00,docs/item details.csv
,ASM-NISSAN-VANS-PIPE-ASSY-FR-COOLER-HIGH-CONDENSER,Standard Selling,2957313.00,PCS,UGX,1,0,Source VAT: 532316.00; source inclusive: 3489630.00; arithmetic delta: -1.00,docs/item details.csv
,ASM-NISSAN-VANS-VALVE-EXPANSION-EXPANSION-VALVE,Standard Selling,725497.00,PCS,UGX,1,0,Source VAT: 130589.00; source inclusive: 856086.00; arithmetic delta: 0.00,docs/item details.csv
,ASM-NISSAN-VANS-EVAPORATOR-ASSY-AC-EVAPORATOR,Standard Selling,5268680.00,PCS,UGX,1,0,Source VAT: 948362.00; source inclusive: 6217042.00; arithmetic delta: 0.00,docs/item details.csv
,ASM-NISSAN-VANS-RELAY-LIGHT-AC-RELAY,Standard Selling,143980.00,PCS,UGX,1,0,Source VAT: 25916.00; source inclusive: 169897.00; arithmetic delta: -1.00,docs/item details.csv
,ASM-NISSAN-VANS-CONT-ASSY-AIR-C-AC-SELECTOR-KNOB-ASSY,Standard Selling,1237615.00,PCS,UGX,1,0,Source VAT: 222771.00; source inclusive: 1460385.00; arithmetic delta: 1.00,docs/item details.csv
,ASM-NISSAN-VANS-AC-GAS,Standard Selling,390.00,Gram,UGX,1,0,Source VAT: 70.00; source inclusive: 460.00; arithmetic delta: 0.00,docs/item details.csv
,ASM-NISSAN-VANS-LIQUID-TANK,Standard Selling,795410.00,PCS,UGX,1,0,Source VAT: 143174.00; source inclusive: 938583.00; arithmetic delta: 1.00,docs/item details.csv
,ASM-NISSAN-VANS-FRONT-EVAPORATOR,Standard Selling,3449713.00,PCS,UGX,1,0,Source VAT: 620948.00; source inclusive: 4070662.00; arithmetic delta: -1.00,docs/item details.csv
,ASM-NISSAN-VANS-REAR-EVAPORATOR,Standard Selling,3449713.00,PCS,UGX,1,0,Source VAT: 620948.00; source inclusive: 4070662.00; arithmetic delta: -1.00,docs/item details.csv
,ASM-NISSAN-VANS-HOSE-FLEXIBLE,Standard Selling,867351.00,PCS,UGX,1,0,Source VAT: 156123.00; source inclusive: 1023475.00; arithmetic delta: -1.00,docs/item details.csv
,ASM-NISSAN-VANS-O-RINGS,Standard Selling,12437.00,PCS,UGX,1,0,Source VAT: 2239.00; source inclusive: 14676.00; arithmetic delta: 0.00,docs/item details.csv
,ASM-NISSAN-VANS-EXPANSION-BLOCK,Standard Selling,455356.00,PCS,UGX,1,0,Source VAT: 81964.00; source inclusive: 537320.00; arithmetic delta: 0.00,docs/item details.csv
,ASM-NISSAN-VANS-SINGLE-WIPER-BLADE-21-WIPER-BLADE,Standard Selling,41348.00,PCS,UGX,1,0,Source VAT: 7443.00; source inclusive: 48791.00; arithmetic delta: 0.00,docs/item details.csv
,ASM-NISSAN-VANS-BLADE-WIPER,Standard Selling,157004.00,PCS,UGX,1,0,Source VAT: 28261.00; source inclusive: 185265.00; arithmetic delta: 0.00,docs/item details.csv
,ASM-NISSAN-VANS-MOTOR-A-WIPER-WIPER-MOTOR,Standard Selling,873168.00,PCS,UGX,1,0,Source VAT: 157170.00; source inclusive: 1030338.00; arithmetic delta: 0.00,docs/item details.csv
,ASM-NISSAN-VANS-WIPER-ARM,Standard Selling,268770.00,PCS,UGX,1,0,Source VAT: 48379.00; source inclusive: 317149.00; arithmetic delta: 0.00,docs/item details.csv
,ASM-NISSAN-VANS-WIPER-HOSE,Standard Selling,233226.00,PCS,UGX,1,0,Source VAT: 41981.00; source inclusive: 275207.00; arithmetic delta: 0.00,docs/item details.csv
,ASM-NISSAN-VANS-WIPER-WATER-SENSOR,Standard Selling,156614.00,PCS,UGX,1,0,Source VAT: 28191.00; source inclusive: 184804.00; arithmetic delta: 1.00,docs/item details.csv
,ASM-NISSAN-VANS-WIPER-WATER-PUMP,Standard Selling,176941.00,PCS,UGX,1,0,Source VAT: 31849.00; source inclusive: 208790.00; arithmetic delta: 0.00,docs/item details.csv
,ASM-NISSAN-VANS-WIPER-WATER-TANK,Standard Selling,795897.00,PCS,UGX,1,0,Source VAT: 143262.00; source inclusive: 939159.00; arithmetic delta: 0.00,docs/item details.csv
,ASM-NISSAN-VANS-WIPER-NOZZLE,Standard Selling,216850.00,PCS,UGX,1,0,Source VAT: 39033.00; source inclusive: 255883.00; arithmetic delta: 0.00,docs/item details.csv
,ASM-NISSAN-VANS-BULB-HEAD-LAMP,Standard Selling,465135.00,PCS,UGX,1,0,Source VAT: 83724.00; source inclusive: 548859.00; arithmetic delta: 0.00,docs/item details.csv
,ASM-NISSAN-VANS-LAMP-ASSY-LH-HEADLAMP-LHS,Standard Selling,1602342.00,PCS,UGX,1,0,Source VAT: 288422.00; source inclusive: 1890764.00; arithmetic delta: 0.00,docs/item details.csv
,ASM-NISSAN-VANS-LAMP-ASSY-HEAD-HEADLAMP-RHS,Standard Selling,1289943.00,PCS,UGX,1,0,Source VAT: 232190.00; source inclusive: 1522133.00; arithmetic delta: 0.00,docs/item details.csv
,ASM-NISSAN-VANS-PLUG-GLOW-GLOW-PLUGS,Standard Selling,1470981.00,Set,UGX,1,0,Source VAT: 264777.00; source inclusive: 1735757.00; arithmetic delta: 1.00,docs/item details.csv
,ASM-NISSAN-VANS-BULB-12V5W-PARKING-BULB,Standard Selling,51613.00,PCS,UGX,1,0,Source VAT: 9290.00; source inclusive: 60903.00; arithmetic delta: 0.00,docs/item details.csv
,ASM-NISSAN-VANS-DOUBLE-FILAMENT-ROUND-BASED-BRAKE-BULB,Standard Selling,83871.00,PCS,UGX,1,0,Source VAT: 15097.00; source inclusive: 98968.00; arithmetic delta: 0.00,docs/item details.csv
,ASM-NISSAN-VANS-BULB-BRAKE-BULB-SINGLE-FILAMENT,Standard Selling,6848.00,PCS,UGX,1,0,Source VAT: 1233.00; source inclusive: 8081.00; arithmetic delta: 0.00,docs/item details.csv
,ASM-NISSAN-VANS-TURN-SIGNAL-SWITCH,Standard Selling,1040549.00,PCS,UGX,1,0,Source VAT: 187299.00; source inclusive: 1227847.00; arithmetic delta: 1.00,docs/item details.csv
,ASM-NISSAN-VANS-BODY-COMB-SW-SPIRAL-CABLE,Standard Selling,700288.00,PCS,UGX,1,0,Source VAT: 126052.00; source inclusive: 826339.00; arithmetic delta: 1.00,docs/item details.csv
,ASM-NISSAN-VANS-FUSE-MINI-10A,Standard Selling,1918.00,PCS,UGX,1,0,Source VAT: 345.00; source inclusive: 2263.00; arithmetic delta: 0.00,docs/item details.csv
,ASM-NISSAN-VANS-FUSE-MINI-15AM,Standard Selling,9828.00,PCS,UGX,1,0,Source VAT: 1769.00; source inclusive: 11597.00; arithmetic delta: 0.00,docs/item details.csv
,ASM-NISSAN-VANS-FUSE-MINI,Standard Selling,9828.00,PCS,UGX,1,0,Source VAT: 1769.00; source inclusive: 11597.00; arithmetic delta: 0.00,docs/item details.csv
,ASM-NISSAN-VANS-ALTERNATOR-ASSY,Standard Selling,9823537.00,PCS,UGX,1,0,Source VAT: 1768237.00; source inclusive: 11591774.00; arithmetic delta: 0.00,docs/item details.csv
,ASM-NISSAN-VANS-LAMP-ASSY-FOG-L,Standard Selling,2944864.00,PCS,UGX,1,0,Source VAT: 530075.00; source inclusive: 3474939.00; arithmetic delta: 0.00,docs/item details.csv
,ASM-NISSAN-VANS-LAMP-ASSY-FOG-R,Standard Selling,2944864.00,PCS,UGX,1,0,Source VAT: 530075.00; source inclusive: 3474939.00; arithmetic delta: 0.00,docs/item details.csv
,ASM-NISSAN-VANS-BULB-FOG-LAMP,Standard Selling,368928.00,Set,UGX,1,0,Source VAT: 66407.00; source inclusive: 435335.00; arithmetic delta: 0.00,docs/item details.csv
,ASM-NISSAN-VANS-SW-AUTO-POWER-W-POWER-WINDOW-SWITCH-MAIN,Standard Selling,896128.00,PCS,UGX,1,0,Source VAT: 161303.00; source inclusive: 1057431.00; arithmetic delta: 0.00,docs/item details.csv
,ASM-NISSAN-VANS-SW-ASSY-P-WINDW-POWER-WINDOW-SWITCH-CO-DRIVER-S-DOOR,Standard Selling,460711.00,PCS,UGX,1,0,Source VAT: 82928.00; source inclusive: 543639.00; arithmetic delta: 0.00,docs/item details.csv
,ASM-NISSAN-VANS-REGULATOR-ASSY-DRIVER-S-DOOR-REGULATOR,Standard Selling,1120185.00,PCS,UGX,1,0,Source VAT: 201633.00; source inclusive: 1321818.00; arithmetic delta: 0.00,docs/item details.csv
,ASM-NISSAN-VANS-REGULATOR-DOOR-CO-DRIVER-S-DOOR-REGULATOR,Standard Selling,1120185.00,PCS,UGX,1,0,Source VAT: 201633.00; source inclusive: 1321818.00; arithmetic delta: 0.00,docs/item details.csv
,ASM-NISSAN-VANS-DOOR-REGULATOR-WINDOW-REGULATOR-REAR-DOOR,Standard Selling,1215380.00,PCS,UGX,1,0,Source VAT: 218768.00; source inclusive: 1434148.00; arithmetic delta: 0.00,docs/item details.csv
,ASM-NISSAN-VANS-STARTER-MOTOR,Standard Selling,6013261.00,PCS,UGX,1,0,Source VAT: 1082387.00; source inclusive: 7095647.00; arithmetic delta: 1.00,docs/item details.csv
,ASM-NISSAN-VANS-LAMP-ASSY-RR-TAIL-LAMP-RHS,Standard Selling,800726.00,PCS,UGX,1,0,Source VAT: 144131.00; source inclusive: 944857.00; arithmetic delta: 0.00,docs/item details.csv
,ASM-NISSAN-VANS-LAMP-ASSY-RR-TAIL-LAMP-LHS,Standard Selling,682692.00,PCS,UGX,1,0,Source VAT: 122885.00; source inclusive: 805577.00; arithmetic delta: 0.00,docs/item details.csv
,ASM-NISSAN-VANS-70-AMP-MAINTENANCE-FREE-BATTERY,Standard Selling,784308.00,PCS,UGX,1,0,Source VAT: 141176.00; source inclusive: 925484.00; arithmetic delta: 0.00,docs/item details.csv
,ASM-NISSAN-VANS-RADIO,Standard Selling,1887097.00,PCS,UGX,1,0,Source VAT: 339677.00; source inclusive: 2226774.00; arithmetic delta: 0.00,docs/item details.csv
,ASM-NISSAN-VANS-MIRROR-ASSY-DR-SIDE-MIRROR-COMPLETE,Standard Selling,806969.00,PCS,UGX,1,0,Source VAT: 145254.00; source inclusive: 952223.00; arithmetic delta: 0.00,docs/item details.csv
,ASM-NISSAN-VANS-GLASS-FR-WIND-WINDSCREEN,Standard Selling,3981364.00,PCS,UGX,1,0,Source VAT: 716646.00; source inclusive: 4698010.00; arithmetic delta: 0.00,docs/item details.csv
,ASM-NISSAN-VANS-RUBBER-SEALANT,Standard Selling,137624.00,PCS,UGX,1,0,Source VAT: 24772.00; source inclusive: 162396.00; arithmetic delta: 0.00,docs/item details.csv
,ASM-NISSAN-VANS-MLDG-WS-UPPER-UPPER-WINDSCREEN-MOLDING,Standard Selling,151129.00,PCS,UGX,1,0,Source VAT: 27203.00; source inclusive: 178333.00; arithmetic delta: -1.00,docs/item details.csv
,ASM-NISSAN-VANS-RUBBER-DUMDUM-RUBBER,Standard Selling,689434.00,PCS,UGX,1,0,Source VAT: 124098.00; source inclusive: 813532.00; arithmetic delta: 0.00,docs/item details.csv
,ASM-NISSAN-VANS-MUD-FLAP-FRONT,Standard Selling,465903.00,PCS,UGX,1,0,Source VAT: 83863.00; source inclusive: 549766.00; arithmetic delta: 0.00,docs/item details.csv
,ASM-NISSAN-VANS-MUD-GUARD-RR-RH,Standard Selling,465903.00,PCS,UGX,1,0,Source VAT: 83863.00; source inclusive: 549766.00; arithmetic delta: 0.00,docs/item details.csv
,ASM-NISSAN-VANS-MUD-GUARD-RR-LH,Standard Selling,465903.00,PCS,UGX,1,0,Source VAT: 83863.00; source inclusive: 549766.00; arithmetic delta: 0.00,docs/item details.csv
,ASM-NISSAN-VANS-GLASS-FR-DR-LH,Standard Selling,1627997.00,PCS,UGX,1,0,Source VAT: 293040.00; source inclusive: 1921037.00; arithmetic delta: 0.00,docs/item details.csv
,ASM-NISSAN-VANS-GLASS-FR-DR-RH,Standard Selling,1627997.00,PCS,UGX,1,0,Source VAT: 293040.00; source inclusive: 1921037.00; arithmetic delta: 0.00,docs/item details.csv
,ASM-NISSAN-VANS-GRILLE-RADIATOR,Standard Selling,1647775.00,PCS,UGX,1,0,Source VAT: 296600.00; source inclusive: 1944375.00; arithmetic delta: 0.00,docs/item details.csv
,ASM-NISSAN-VANS-WINDOW-GLASS,Standard Selling,4174564.00,PCS,UGX,1,0,Source VAT: 751421.00; source inclusive: 4925985.00; arithmetic delta: 0.00,docs/item details.csv
,ASM-NISSAN-VANS-ASSY-FR-DOOR-OUTS-OUTER-DOOR-HANDLE-DRIVER-S-DOOR,Standard Selling,152699.00,PCS,UGX,1,0,Source VAT: 27486.00; source inclusive: 180184.00; arithmetic delta: 1.00,docs/item details.csv
,ASM-NISSAN-VANS-HANDLE-ASSY-FR-OUTER-DOOR-HANDLE-CO-DRIVER-S-DOOR,Standard Selling,152699.00,PCS,UGX,1,0,Source VAT: 27486.00; source inclusive: 180184.00; arithmetic delta: 1.00,docs/item details.csv
,ASM-NISSAN-VANS-ASY-FR-DR-INS-L-INNER-DOOR-HANDLE-LH,Standard Selling,162305.00,PCS,UGX,1,0,Source VAT: 29215.00; source inclusive: 191519.00; arithmetic delta: 1.00,docs/item details.csv
,ASM-NISSAN-VANS-ASY-FR-DR-INS-R-INNER-DOOR-HANDE-RH,Standard Selling,162305.00,PCS,UGX,1,0,Source VAT: 29215.00; source inclusive: 191519.00; arithmetic delta: 1.00,docs/item details.csv
,ASM-NISSAN-VANS-ANTENNA,Standard Selling,519140.00,PCS,UGX,1,0,Source VAT: 93445.00; source inclusive: 612586.00; arithmetic delta: -1.00,docs/item details.csv
,ASM-NISSAN-VANS-LOCK-ASSY-FR-DO-DOOR-LOCK,Standard Selling,748196.00,PCS,UGX,1,0,Source VAT: 134675.00; source inclusive: 882871.00; arithmetic delta: 0.00,docs/item details.csv
,ASM-NISSAN-VANS-VAD-D22-FRT-MOULDED-BMPR-FRONT-BUMPER,Standard Selling,1732033.00,PCS,UGX,1,0,Source VAT: 311766.00; source inclusive: 2043798.00; arithmetic delta: 1.00,docs/item details.csv
,ASM-NISSAN-VANS-REINF-ASSY-FRNT-FRONT-REINFORCEMENT-BUMPER,Standard Selling,1407623.00,PCS,UGX,1,0,Source VAT: 253372.00; source inclusive: 1660995.00; arithmetic delta: 0.00,docs/item details.csv
,ASM-NISSAN-VANS-BUMPER-REAR-REAR-BUMPER,Standard Selling,2071806.00,PCS,UGX,1,0,Source VAT: 372925.00; source inclusive: 2444731.00; arithmetic delta: 0.00,docs/item details.csv
,ASM-NISSAN-VANS-CABLE-COMPL-HOO-BONNET-CABLE,Standard Selling,217405.00,PCS,UGX,1,0,Source VAT: 39133.00; source inclusive: 256538.00; arithmetic delta: 0.00,docs/item details.csv
,ASM-NISSAN-VANS-REFLECTOR-PAIR,Standard Selling,75484.00,Set,UGX,1,0,Source VAT: 13587.00; source inclusive: 89071.00; arithmetic delta: 0.00,docs/item details.csv
,ASM-NISSAN-VANS-MIR-ASSY-INSIDE-DRIVING-MIRROR,Standard Selling,547863.00,PCS,UGX,1,0,Source VAT: 98615.00; source inclusive: 646479.00; arithmetic delta: -1.00,docs/item details.csv
,ASM-NISSAN-VANS-SUNVISOR-LH,Standard Selling,300034.00,PCS,UGX,1,0,Source VAT: 54006.00; source inclusive: 354041.00; arithmetic delta: -1.00,docs/item details.csv
,ASM-NISSAN-VANS-SUNVISOR-RH,Standard Selling,196671.00,PCS,UGX,1,0,Source VAT: 35401.00; source inclusive: 232072.00; arithmetic delta: 0.00,docs/item details.csv
,ASM-NISSAN-VANS-JACK-COMPL-JACK,Standard Selling,765887.00,PCS,UGX,1,0,Source VAT: 137860.00; source inclusive: 903746.00; arithmetic delta: 1.00,docs/item details.csv
,ASM-NISSAN-VANS-ROD-ASSY-JACK-JACK-HANDLE,Standard Selling,128203.00,PCS,UGX,1,0,Source VAT: 23077.00; source inclusive: 151280.00; arithmetic delta: 0.00,docs/item details.csv
,ASM-NISSAN-VANS-WARNING-TRIANGLE,Standard Selling,167742.00,Set,UGX,1,0,Source VAT: 30194.00; source inclusive: 197935.00; arithmetic delta: 1.00,docs/item details.csv
,ASM-NISSAN-VANS-LAMP-STOP,Standard Selling,964705.00,PCS,UGX,1,0,Source VAT: 173647.00; source inclusive: 1138352.00; arithmetic delta: 0.00,docs/item details.csv
,ASM-NISSAN-VANS-CARPET-FLOOR-COVERING,Standard Selling,766667.00,Set,UGX,1,0,Source VAT: 138000.00; source inclusive: 904667.00; arithmetic delta: 0.00,docs/item details.csv
,ASM-NISSAN-VANS-SEAT-COVERS-E26,Standard Selling,2366667.00,Set,UGX,1,0,Source VAT: 426000.00; source inclusive: 2792667.00; arithmetic delta: 0.00,docs/item details.csv
,ASM-NISSAN-VANS-LOWER-DOOR-BEARING-ROLLER-A-S-DOOR,Standard Selling,281104.00,PCS,UGX,1,0,Source VAT: 50599.00; source inclusive: 331702.00; arithmetic delta: 1.00,docs/item details.csv
,ASM-NISSAN-VANS-DOOR-HINGE1,Standard Selling,281104.00,PCS,UGX,1,0,Source VAT: 50599.00; source inclusive: 331702.00; arithmetic delta: 1.00,docs/item details.csv
,ASM-NISSAN-VANS-TAIL-GATE,Standard Selling,4354839.00,PCS,UGX,1,0,Source VAT: 783871.00; source inclusive: 5138710.00; arithmetic delta: 0.00,docs/item details.csv
,ASM-NISSAN-VANS-BACK-DOOR-LOCK-AND-HANDLE,Standard Selling,2325932.00,PCS,UGX,1,0,Source VAT: 418668.00; source inclusive: 2744599.00; arithmetic delta: 1.00,docs/item details.csv
,ASM-NISSAN-VANS-DOOR-LOCK-ACTUATOR,Standard Selling,643649.00,PCS,UGX,1,0,Source VAT: 115857.00; source inclusive: 759505.00; arithmetic delta: 1.00,docs/item details.csv
,ASM-NISSAN-VANS-LOCK-AND-REMOTE-CONTROL,Standard Selling,638747.00,PCS,UGX,1,0,Source VAT: 114974.00; source inclusive: 753721.00; arithmetic delta: 0.00,docs/item details.csv
,ASM-NISSAN-VANS-ROLLER-ASSY-LH,Standard Selling,414471.00,PCS,UGX,1,0,Source VAT: 74605.00; source inclusive: 489076.00; arithmetic delta: 0.00,docs/item details.csv
,ASM-NISSAN-VANS-ROLLER,Standard Selling,256723.00,PCS,UGX,1,0,Source VAT: 46210.00; source inclusive: 302933.00; arithmetic delta: 0.00,docs/item details.csv
,ASM-NISSAN-VANS-ROLLER-A-S-DOOR,Standard Selling,281104.00,PCS,UGX,1,0,Source VAT: 50599.00; source inclusive: 331702.00; arithmetic delta: 1.00,docs/item details.csv
,ASM-NISSAN-VANS-INSUL-BODY-MTG-MIDDLE-CABIN-MOUNTINGS,Standard Selling,987120.00,Set,UGX,1,0,Source VAT: 177682.00; source inclusive: 1164802.00; arithmetic delta: 0.00,docs/item details.csv
,ASM-NISSAN-VANS-INSULATOR-3RD-FRONT-BODY-MOUNTINGS,Standard Selling,520409.00,Set,UGX,1,0,Source VAT: 93674.00; source inclusive: 614083.00; arithmetic delta: 0.00,docs/item details.csv
,ASM-NISSAN-VANS-RUB-BODY-MTG-4T-REAR-BODY-MOUNTINGS,Standard Selling,520409.00,Set,UGX,1,0,Source VAT: 93674.00; source inclusive: 614083.00; arithmetic delta: 0.00,docs/item details.csv
,ASM-NISSAN-VANS-MALE-ASSY-HOOD-BONNET-LOCK,Standard Selling,224142.00,PCS,UGX,1,0,Source VAT: 40346.00; source inclusive: 264487.00; arithmetic delta: 1.00,docs/item details.csv
,ASM-NISSAN-VANS-RUB-BMPR-HOOD-FRONT-BONNET-RUBBERS,Standard Selling,7260.00,PCS,UGX,1,0,Source VAT: 1307.00; source inclusive: 8567.00; arithmetic delta: 0.00,docs/item details.csv
,ASM-NISSAN-VANS-BMPR-HOODLEDGE-BONNET-SIDE-RUBBERS,Standard Selling,9606.00,PCS,UGX,1,0,Source VAT: 1729.00; source inclusive: 11335.00; arithmetic delta: 0.00,docs/item details.csv
,ASM-NISSAN-VANS-PANEL-ASSY-INST-BONNET,Standard Selling,2014249.00,PCS,UGX,1,0,Source VAT: 362565.00; source inclusive: 2376813.00; arithmetic delta: 1.00,docs/item details.csv
,ASM-NISSAN-VANS-FLOOR-MATS-RUBBER,Standard Selling,167742.00,Set,UGX,1,0,Source VAT: 30194.00; source inclusive: 197935.00; arithmetic delta: 1.00,docs/item details.csv
,ASM-NISSAN-VANS-CHECK-LINK-FR-D-SEAL,Standard Selling,327875.00,PCS,UGX,1,0,Source VAT: 59017.00; source inclusive: 386892.00; arithmetic delta: 0.00,docs/item details.csv
,ASM-NISSAN-VANS-HORN-ASSY-LOW-TONE-HORN,Standard Selling,432099.00,PCS,UGX,1,0,Source VAT: 77778.00; source inclusive: 509877.00; arithmetic delta: 0.00,docs/item details.csv
,ASM-NISSAN-VANS-HORN-ASSY-HIGH-HIGH-TONE-HORN,Standard Selling,361972.00,PCS,UGX,1,0,Source VAT: 65155.00; source inclusive: 427126.00; arithmetic delta: 1.00,docs/item details.csv
,ASM-NISSAN-VANS-BASE-FLAT-GASKET,Standard Selling,22747.00,PCS,UGX,1,0,Source VAT: 4094.00; source inclusive: 26842.00; arithmetic delta: -1.00,docs/item details.csv
,ASM-NISSAN-VANS-VAD-ROLL-BAR-D-CENTRAL-LOCK-SWITCH,Standard Selling,3674864.00,PCS,UGX,1,0,Source VAT: 661475.00; source inclusive: 4336339.00; arithmetic delta: 0.00,docs/item details.csv
,ASM-NISSAN-VANS-FIRST-AID-KIT,Standard Selling,629032.00,PCS,UGX,1,0,Source VAT: 113226.00; source inclusive: 742258.00; arithmetic delta: 0.00,docs/item details.csv
,ASM-NISSAN-VANS-VAD-CMPL-SLIDE-SIDE-STEP-RH,Standard Selling,1091954.00,PCS,UGX,1,0,Source VAT: 196552.00; source inclusive: 1288506.00; arithmetic delta: 0.00,docs/item details.csv
,ASM-NISSAN-VANS-VAD-CMPL-SLIDE-SIDE-STEP-LH,Standard Selling,1092049.00,PCS,UGX,1,0,Source VAT: 196569.00; source inclusive: 1288618.00; arithmetic delta: 0.00,docs/item details.csv
,ASM-NISSAN-VANS-BOLT-STOP-STOPPER-BOLT,Standard Selling,96251.00,PCS,UGX,1,0,Source VAT: 17325.00; source inclusive: 113576.00; arithmetic delta: 0.00,docs/item details.csv
,ASM-NISSAN-VANS-CAP-BOLT-STRG-S,Standard Selling,67147.00,PCS,UGX,1,0,Source VAT: 12087.00; source inclusive: 79234.00; arithmetic delta: 0.00,docs/item details.csv
,ASM-NISSAN-VANS-FIRE-EXTINGUISHER,Standard Selling,170968.00,PCS,UGX,1,0,Source VAT: 30774.00; source inclusive: 201742.00; arithmetic delta: 0.00,docs/item details.csv
,ASM-NISSAN-VANS-ENGINE-OIL-DIESEL-ENGINE-OIL,Standard Selling,224119.00,Litre,UGX,1,0,Source VAT: 40341.00; source inclusive: 264460.00; arithmetic delta: 0.00,docs/item details.csv
,ASM-NISSAN-VANS-BRAKE-FLUID,Standard Selling,19090.00,0.25L,UGX,1,0,Source VAT: 3436.00; source inclusive: 22526.00; arithmetic delta: 0.00,docs/item details.csv
,ASM-NISSAN-VANS-TRANSMISSION-OIL-GL4-75-W85,Standard Selling,397066.00,Litre,UGX,1,0,Source VAT: 71472.00; source inclusive: 468538.00; arithmetic delta: 0.00,docs/item details.csv
,ASM-NISSAN-VANS-COOLANT-TOTAL,Standard Selling,221895.00,Litre,UGX,1,0,Source VAT: 39941.00; source inclusive: 261837.00; arithmetic delta: -1.00,docs/item details.csv
,ASM-NISSAN-VANS-ATF-FLUIDMATIC-D2-1L,Standard Selling,151374.00,Litre,UGX,1,0,Source VAT: 27247.00; source inclusive: 178622.00; arithmetic delta: -1.00,docs/item details.csv
,ASM-NISSAN-VANS-SUNDRY,Standard Selling,27342.00,Lump Sum,UGX,1,0,Source VAT: 4922.00; source inclusive: 32264.00; arithmetic delta: 0.00,docs/item details.csv
,ASM-NISSAN-VANS-FILTER-ASSY-OIL,Standard Selling,103218.00,PCS,UGX,1,0,Source VAT: 18579.00; source inclusive: 121798.00; arithmetic delta: -1.00,docs/item details.csv
,ASM-NISSAN-VANS-FILTER-ASSY-FUE,Standard Selling,265527.00,PCS,UGX,1,0,Source VAT: 47795.00; source inclusive: 313322.00; arithmetic delta: 0.00,docs/item details.csv
,ASM-NISSAN-VANS-FUEL-STRAINER,Standard Selling,658135.00,PCS,UGX,1,0,Source VAT: 118464.00; source inclusive: 776599.00; arithmetic delta: 0.00,docs/item details.csv
,ASM-NISSAN-VANS-ELEMENT-ASSY-AIR-CLEANER,Standard Selling,282951.00,PCS,UGX,1,0,Source VAT: 50931.00; source inclusive: 333883.00; arithmetic delta: -1.00,docs/item details.csv
,ASM-NISSAN-VANS-GEAR-OIL-HYPOID-1L-75-W90,Standard Selling,307017.00,Litre,UGX,1,0,Source VAT: 55263.00; source inclusive: 362280.00; arithmetic delta: 0.00,docs/item details.csv
,ASM-NISSAN-VANS-DETRON-6,Standard Selling,112903.00,PCS,UGX,1,0,Source VAT: 20323.00; source inclusive: 133226.00; arithmetic delta: 0.00,docs/item details.csv
,ASM-NISSAN-VANS-LABOUR,Standard Selling,45000.00,Hour,UGX,1,0,Source VAT: 8100.00; source inclusive: 53100.00; arithmetic delta: 0.00,docs/item details.csv
,ASM-NISSAN-VANS-WHEEL-ALIGNMENT,Standard Selling,55000.00,Unit,UGX,1,0,Source VAT: 9900.00; source inclusive: 64900.00; arithmetic delta: 0.00,docs/item details.csv
,ASM-NISSAN-VANS-WHEEL-BALANCING-PER-TYRE,Standard Selling,52800.00,Unit,UGX,1,0,Source VAT: 9504.00; source inclusive: 62304.00; arithmetic delta: 0.00,docs/item details.csv
