source_row,vehicle_group,source_full_item_name,source_item_name,system_category,source_item_group,source_unit,normalized_uom,item_code,item_name,catalog_type,stock_item,source_exclusive,source_vat,source_inclusive,vat_arithmetic_delta,price_status,status,review_reason
2,Nissan vehicles – YD25 engine,Nissan vehicles – YD25 engine Pad Kit-disc (Brake pads front),Pad Kit-disc (Brake pads front),Brake System,Auto Parts,PC,PCS,ASM-NISSAN-VEHICLES-YD25-ENGINE-PAD-KIT-DISC-BRAKE-PADS-FRONT,Nissan vehicles – YD25 engine - Pad Kit-disc (Brake pads front),stock,1,739947.00,133191.00,873138.00,0.00,ready,ready,
3,Nissan vehicles – YD25 engine,Nissan vehicles – YD25 engine SHOE SET-REAR (Brake shoes),SHOE SET-REAR (Brake shoes),Brake System,Auto Parts,PC,PCS,ASM-NISSAN-VEHICLES-YD25-ENGINE-SHOE-SET-REAR-BRAKE-SHOES,Nissan vehicles – YD25 engine - SHOE SET-REAR (Brake shoes),stock,1,696803.00,125424.00,822227.00,0.00,ready,ready,
4,Nissan vehicles – YD25 engine,Nissan vehicles – YD25 engine BOOSTER ASSY MA (brake booster),BOOSTER ASSY MA (brake booster),Brake System,Auto Parts,PC,PCS,ASM-NISSAN-VEHICLES-YD25-ENGINE-BOOSTER-ASSY-MA-BRAKE-BOOSTER,Nissan vehicles – YD25 engine - BOOSTER ASSY MA (brake booster),stock,1,5998438.00,1079719.00,7078157.00,0.00,ready,ready,
5,Nissan vehicles – YD25 engine,Nissan vehicles – YD25 engine Rotor Disc Brak (Front Rotor Discs),Rotor Disc Brak (Front Rotor Discs),Brake System,Auto Parts,Set,Set,ASM-NISSAN-VEHICLES-YD25-ENGINE-ROTOR-DISC-BRAK-FRONT-ROTOR-DISCS,Nissan vehicles – YD25 engine - Rotor Disc Brak (Front Rotor Discs),stock,1,2096333.00,377340.00,2473673.00,0.00,ready,ready,
6,Nissan vehicles – YD25 engine,Nissan vehicles – YD25 engine Disc skimming,Disc skimming,Brake System,Auto Parts,Set,Set,ASM-NISSAN-VEHICLES-YD25-ENGINE-DISC-SKIMMING,Nissan vehicles – YD25 engine - Disc skimming,service,0,247419.00,44535.00,291955.00,-1.00,ready,ready,
7,Nissan vehicles – YD25 engine,Nissan vehicles – YD25 engine DRUM 4X4 and hi (Brake drum),DRUM 4X4 and hi (Brake drum),Brake System,Auto Parts,PC,PCS,ASM-NISSAN-VEHICLES-YD25-ENGINE-DRUM-4X4-AND-HI-BRAKE-DRUM,Nissan vehicles – YD25 engine - DRUM 4X4 and hi (Brake drum),stock,1,2565527.00,461795.00,3027322.00,0.00,ready,ready,
8,Nissan vehicles – YD25 engine,Nissan vehicles – YD25 engine Drum Skimming,Drum Skimming,Brake System,Auto Parts,Set,Set,ASM-NISSAN-VEHICLES-YD25-ENGINE-DRUM-SKIMMING,Nissan vehicles – YD25 engine - Drum Skimming,service,0,247419.00,44535.00,291955.00,-1.00,ready,ready,
9,Nissan vehicles – YD25 engine,Nissan vehicles – YD25 engine BOLT-PIN (Calipper bolts),BOLT-PIN (Calipper bolts),Brake System,Auto Parts,Set,Set,ASM-NISSAN-VEHICLES-YD25-ENGINE-BOLT-PIN-CALIPPER-BOLTS,Nissan vehicles – YD25 engine - BOLT-PIN (Calipper bolts),stock,1,223337.00,40201.00,263537.00,1.00,ready,ready,
10,Nissan vehicles – YD25 engine,Nissan vehicles – YD25 engine CYL ASSY CLUTCH,CYL ASSY CLUTCH,Brake System,Auto Parts,PC,PCS,ASM-NISSAN-VEHICLES-YD25-ENGINE-CYL-ASSY-CLUTCH,Nissan vehicles – YD25 engine - CYL ASSY CLUTCH,stock,1,421103.00,75799.00,496902.00,0.00,ready,ready,
11,Nissan vehicles – YD25 engine,Nissan vehicles – YD25 engine CYL ASSY-CLUTCH,CYL ASSY-CLUTCH,Brake System,Auto Parts,PC,PCS,ASM-NISSAN-VEHICLES-YD25-ENGINE-CYL-ASSY-CLUTCH-2,Nissan vehicles – YD25 engine - CYL ASSY-CLUTCH,stock,1,818545.00,147338.00,965883.00,0.00,ready,ready,
12,Nissan vehicles – YD25 engine,Nissan vehicles – YD25 engine CALIPER ASSY-BR (Brake caliper),CALIPER ASSY-BR (Brake caliper),Brake System,Auto Parts,PC,PCS,ASM-NISSAN-VEHICLES-YD25-ENGINE-CALIPER-ASSY-BR-BRAKE-CALIPER,Nissan vehicles – YD25 engine - CALIPER ASSY-BR (Brake caliper),stock,1,2925148.00,526527.00,3451674.00,1.00,ready,ready,
13,Nissan vehicles – YD25 engine,"Nissan vehicles – YD25 engine CABLE COMPL - P (Hand brake cable, short)","CABLE COMPL - P (Hand brake cable, short)",Brake System,Auto Parts,PC,PCS,ASM-NISSAN-VEHICLES-YD25-ENGINE-CABLE-COMPL-P-HAND-BRAKE-CABLE-SHORT,"Nissan vehicles – YD25 engine - CABLE COMPL - P (Hand brake cable, short)",stock,1,1141729.00,205511.00,1347240.00,0.00,ready,ready,
14,Nissan vehicles – YD25 engine,"Nissan vehicles – YD25 engine DVC ASSY-PKB C (handbrake cable, long)","DVC ASSY-PKB C (handbrake cable, long)",Brake System,Auto Parts,PC,PCS,ASM-NISSAN-VEHICLES-YD25-ENGINE-DVC-ASSY-PKB-C-HANDBRAKE-CABLE-LONG,"Nissan vehicles – YD25 engine - DVC ASSY-PKB C (handbrake cable, long)",stock,1,1108995.00,199619.00,1308614.00,0.00,ready,ready,
15,Nissan vehicles – YD25 engine,Nissan vehicles – YD25 engine PACK (brake shims),PACK (brake shims),Brake System,Auto Parts,PC,PCS,ASM-NISSAN-VEHICLES-YD25-ENGINE-PACK-BRAKE-SHIMS,Nissan vehicles – YD25 engine - PACK (brake shims),stock,1,172085.00,30975.00,203060.00,0.00,ready,ready,
16,Nissan vehicles – YD25 engine,Nissan vehicles – YD25 engine SPACER VACUUM BOOST (brake servo bolt),SPACER VACUUM BOOST (brake servo bolt),Brake System,Auto Parts,PC,PCS,ASM-NISSAN-VEHICLES-YD25-ENGINE-SPACER-VACUUM-BOOST-BRAKE-SERVO-BOLT,Nissan vehicles – YD25 engine - SPACER VACUUM BOOST (brake servo bolt),stock,1,45341.00,8161.00,53502.00,0.00,ready,ready,
17,Nissan vehicles – YD25 engine,Nissan vehicles – YD25 engine Brake pad plates,Brake pad plates,Brake System,Auto Parts,Set,Set,ASM-NISSAN-VEHICLES-YD25-ENGINE-BRAKE-PAD-PLATES,Nissan vehicles – YD25 engine - Brake pad plates,stock,1,828104.00,149059.00,977163.00,0.00,ready,ready,
18,Nissan vehicles – YD25 engine,Nissan vehicles – YD25 engine ABS sensor,ABS sensor,Brake System,Auto Parts,PC,PCS,ASM-NISSAN-VEHICLES-YD25-ENGINE-ABS-SENSOR,Nissan vehicles – YD25 engine - ABS sensor,stock,1,3416207.00,614917.00,4031125.00,-1.00,ready,ready,
19,Nissan vehicles – YD25 engine,Nissan vehicles – YD25 engine Drive shaft boot,Drive shaft boot,Axle,Auto Parts,PC,PCS,ASM-NISSAN-VEHICLES-YD25-ENGINE-DRIVE-SHAFT-BOOT,Nissan vehicles – YD25 engine - Drive shaft boot,stock,1,679006.00,122221.00,801227.00,0.00,ready,ready,
20,Nissan vehicles – YD25 engine,Nissan vehicles – YD25 engine SEAL HUB FRONT (Front grease seals),SEAL HUB FRONT (Front grease seals),Axle,Auto Parts,Set,Set,ASM-NISSAN-VEHICLES-YD25-ENGINE-SEAL-HUB-FRONT-FRONT-GREASE-SEALS,Nissan vehicles – YD25 engine - SEAL HUB FRONT (Front grease seals),stock,1,171748.00,30915.00,202663.00,0.00,ready,ready,
21,Nissan vehicles – YD25 engine,Nissan vehicles – YD25 engine BEARING ASSY-FR (Wheel bearings inner),BEARING ASSY-FR (Wheel bearings inner),Axle,Auto Parts,Set,Set,ASM-NISSAN-VEHICLES-YD25-ENGINE-BEARING-ASSY-FR-WHEEL-BEARINGS-INNER,Nissan vehicles – YD25 engine - BEARING ASSY-FR (Wheel bearings inner),stock,1,523363.00,94205.00,617569.00,-1.00,ready,ready,
22,Nissan vehicles – YD25 engine,Nissan vehicles – YD25 engine Bearing KLM3008 (Wheel bearings outer),Bearing KLM3008 (Wheel bearings outer),Axle,Auto Parts,Set,Set,ASM-NISSAN-VEHICLES-YD25-ENGINE-BEARING-KLM3008-WHEEL-BEARINGS-OUTER,Nissan vehicles – YD25 engine - Bearing KLM3008 (Wheel bearings outer),stock,1,1165877.00,209858.00,1375735.00,0.00,ready,ready,
23,Nissan vehicles – YD25 engine,Nissan vehicles – YD25 engine SHAFT ASSY FRON (Drive shaft),SHAFT ASSY FRON (Drive shaft),Axle,Auto Parts,Set,Set,ASM-NISSAN-VEHICLES-YD25-ENGINE-SHAFT-ASSY-FRON-DRIVE-SHAFT,Nissan vehicles – YD25 engine - SHAFT ASSY FRON (Drive shaft),stock,1,9026163.00,1624709.00,10650873.00,-1.00,ready,ready,
24,Nissan vehicles – YD25 engine,Nissan vehicles – YD25 engine ORNAMENT ROAD C (Hub cap),ORNAMENT ROAD C (Hub cap),Axle,Auto Parts,PC,PCS,ASM-NISSAN-VEHICLES-YD25-ENGINE-ORNAMENT-ROAD-C-HUB-CAP,Nissan vehicles – YD25 engine - ORNAMENT ROAD C (Hub cap),stock,1,207924.00,37426.00,245350.00,0.00,ready,ready,
25,Nissan vehicles – YD25 engine,Nissan vehicles – YD25 engine LEVER-COMPLETE (*Accelerator pedal),LEVER-COMPLETE (*Accelerator pedal),Axle,Auto Parts,PC,PCS,ASM-NISSAN-VEHICLES-YD25-ENGINE-LEVER-COMPLETE-ACCELERATOR-PEDAL,Nissan vehicles – YD25 engine - LEVER-COMPLETE (*Accelerator pedal),stock,1,2997723.00,539590.00,3537313.00,0.00,ready,ready,
26,Nissan vehicles – YD25 engine,Nissan vehicles – YD25 engine CYL ASSY-RR WHE (Wheel cylinder),CYL ASSY-RR WHE (Wheel cylinder),Axle,Auto Parts,Set,Set,ASM-NISSAN-VEHICLES-YD25-ENGINE-CYL-ASSY-RR-WHE-WHEEL-CYLINDER,Nissan vehicles – YD25 engine - CYL ASSY-RR WHE (Wheel cylinder),stock,1,1142421.00,205636.00,1348056.00,1.00,ready,ready,
27,Nissan vehicles – YD25 engine,Nissan vehicles – YD25 engine Nut (Wheel lock nut),Nut (Wheel lock nut),Axle,Auto Parts,PC,PCS,ASM-NISSAN-VEHICLES-YD25-ENGINE-NUT-WHEEL-LOCK-NUT,Nissan vehicles – YD25 engine - Nut (Wheel lock nut),stock,1,146459.00,26363.00,172822.00,0.00,ready,ready,
28,Nissan vehicles – YD25 engine,Nissan vehicles – YD25 engine Wash-lock Wheel (Wheel hub washers),Wash-lock Wheel (Wheel hub washers),Axle,Auto Parts,PC,PCS,ASM-NISSAN-VEHICLES-YD25-ENGINE-WASH-LOCK-WHEEL-WHEEL-HUB-WASHERS,Nissan vehicles – YD25 engine - Wash-lock Wheel (Wheel hub washers),stock,1,102727.00,18491.00,121218.00,0.00,ready,ready,
29,Nissan vehicles – YD25 engine,Nissan vehicles – YD25 engine Scr-truss HD (Wheel hub screw),Scr-truss HD (Wheel hub screw),Axle,Auto Parts,Set,Set,ASM-NISSAN-VEHICLES-YD25-ENGINE-SCR-TRUSS-HD-WHEEL-HUB-SCREW,Nissan vehicles – YD25 engine - Scr-truss HD (Wheel hub screw),stock,1,27010.00,4862.00,31872.00,0.00,ready,ready,
30,Nissan vehicles – YD25 engine,Nissan vehicles – YD25 engine COMP BRG NEEDLE (Wheel hub lock nut),COMP BRG NEEDLE (Wheel hub lock nut),Axle,Auto Parts,PC,PCS,ASM-NISSAN-VEHICLES-YD25-ENGINE-COMP-BRG-NEEDLE-WHEEL-HUB-LOCK-NUT,Nissan vehicles – YD25 engine - COMP BRG NEEDLE (Wheel hub lock nut),stock,1,211066.00,37992.00,249058.00,0.00,ready,ready,
31,Nissan vehicles – YD25 engine,Nissan vehicles – YD25 engine HUB ASSY-AUTO F (Free running hub),HUB ASSY-AUTO F (Free running hub),Axle,Auto Parts,Set,Set,ASM-NISSAN-VEHICLES-YD25-ENGINE-HUB-ASSY-AUTO-F-FREE-RUNNING-HUB,Nissan vehicles – YD25 engine - HUB ASSY-AUTO F (Free running hub),stock,1,5760063.00,1036811.00,6796874.00,0.00,ready,ready,
32,Nissan vehicles – YD25 engine,Nissan vehicles – YD25 engine BELT-ALTNTR,BELT-ALTNTR,Engine Components,Auto Parts,PC,PCS,ASM-NISSAN-VEHICLES-YD25-ENGINE-BELT-ALTNTR,Nissan vehicles – YD25 engine - BELT-ALTNTR,stock,1,419844.00,75572.00,495416.00,0.00,ready,ready,
33,Nissan vehicles – YD25 engine,Nissan vehicles – YD25 engine BELT-COMPRESSOR,BELT-COMPRESSOR,Engine Components,Auto Parts,PC,PCS,ASM-NISSAN-VEHICLES-YD25-ENGINE-BELT-COMPRESSOR,Nissan vehicles – YD25 engine - BELT-COMPRESSOR,stock,1,105608.00,19009.00,124617.00,0.00,ready,ready,
34,Nissan vehicles – YD25 engine,Nissan vehicles – YD25 engine BELT-POWER STEE,BELT-POWER STEE,Engine Components,Auto Parts,PC,PCS,ASM-NISSAN-VEHICLES-YD25-ENGINE-BELT-POWER-STEE,Nissan vehicles – YD25 engine - BELT-POWER STEE,stock,1,84565.00,15222.00,99787.00,0.00,ready,ready,
35,Nissan vehicles – YD25 engine,"Nissan vehicles – YD25 engine GUIDE-CHAIN TEN (Guide chain tensioner, small)","GUIDE-CHAIN TEN (Guide chain tensioner, small)",Engine Components,Auto Parts,PC,PCS,ASM-NISSAN-VEHICLES-YD25-ENGINE-GUIDE-CHAIN-TEN-GUIDE-CHAIN-TENSIONER-SMALL,"Nissan vehicles – YD25 engine - GUIDE-CHAIN TEN (Guide chain tensioner, small)",stock,1,49998.00,9000.00,58998.00,0.00,ready,ready,
36,Nissan vehicles – YD25 engine,"Nissan vehicles – YD25 engine GUIDE-CHAIN TEN (Guide chain tensioner, big)","GUIDE-CHAIN TEN (Guide chain tensioner, big)",Engine Components,Auto Parts,PC,PCS,ASM-NISSAN-VEHICLES-YD25-ENGINE-GUIDE-CHAIN-TEN-GUIDE-CHAIN-TENSIONER-BIG,"Nissan vehicles – YD25 engine - GUIDE-CHAIN TEN (Guide chain tensioner, big)",stock,1,79739.00,14353.00,94092.00,0.00,ready,ready,
37,Nissan vehicles – YD25 engine,Nissan vehicles – YD25 engine CHAIN-TIMING CA (Timing chain loose end),CHAIN-TIMING CA (Timing chain loose end),Engine Components,Auto Parts,PC,PCS,ASM-NISSAN-VEHICLES-YD25-ENGINE-CHAIN-TIMING-CA-TIMING-CHAIN-LOOSE-END,Nissan vehicles – YD25 engine - CHAIN-TIMING CA (Timing chain loose end),stock,1,735589.00,132406.00,867995.00,0.00,ready,ready,
38,Nissan vehicles – YD25 engine,Nissan vehicles – YD25 engine CHAIN-TIMING CA (Timing chain tension end),CHAIN-TIMING CA (Timing chain tension end),Engine Components,Auto Parts,PC,PCS,ASM-NISSAN-VEHICLES-YD25-ENGINE-CHAIN-TIMING-CA-TIMING-CHAIN-TENSION-END,Nissan vehicles – YD25 engine - CHAIN-TIMING CA (Timing chain tension end),stock,1,559277.00,100670.00,659946.00,1.00,ready,ready,
39,Nissan vehicles – YD25 engine,Nissan vehicles – YD25 engine Tension Chain,Tension Chain,Engine Components,Auto Parts,PC,PCS,ASM-NISSAN-VEHICLES-YD25-ENGINE-TENSION-CHAIN,Nissan vehicles – YD25 engine - Tension Chain,stock,1,428118.00,77061.00,505179.00,0.00,ready,ready,
40,Nissan vehicles – YD25 engine,"Nissan vehicles – YD25 engine SEAL-OIL CRANKS (Crankshaft oil seal, front)","SEAL-OIL CRANKS (Crankshaft oil seal, front)",Engine Components,Auto Parts,PC,PCS,ASM-NISSAN-VEHICLES-YD25-ENGINE-SEAL-OIL-CRANKS-CRANKSHAFT-OIL-SEAL-FRONT,"Nissan vehicles – YD25 engine - SEAL-OIL CRANKS (Crankshaft oil seal, front)",stock,1,128091.00,23056.00,151148.00,-1.00,ready,ready,
41,Nissan vehicles – YD25 engine,"Nissan vehicles – YD25 engine SEAL-OIL CRANKS (Crankshaft oil seal, rear))","SEAL-OIL CRANKS (Crankshaft oil seal, rear))",Engine Components,Auto Parts,PC,PCS,ASM-NISSAN-VEHICLES-YD25-ENGINE-SEAL-OIL-CRANKS-CRANKSHAFT-OIL-SEAL-REAR,"Nissan vehicles – YD25 engine - SEAL-OIL CRANKS (Crankshaft oil seal, rear))",stock,1,221129.00,39803.00,260933.00,-1.00,ready,ready,
42,Nissan vehicles – YD25 engine,Nissan vehicles – YD25 engine HEAD CYLINDER (Cylinder head),HEAD CYLINDER (Cylinder head),Engine Components,Auto Parts,PC,PCS,ASM-NISSAN-VEHICLES-YD25-ENGINE-HEAD-CYLINDER-CYLINDER-HEAD,Nissan vehicles – YD25 engine - HEAD CYLINDER (Cylinder head),stock,1,8376766.00,1507818.00,9884584.00,0.00,ready,ready,
43,Nissan vehicles – YD25 engine,Nissan vehicles – YD25 engine Cylinder head refacing,Cylinder head refacing,Engine Components,Auto Parts,PC,PCS,ASM-NISSAN-VEHICLES-YD25-ENGINE-CYLINDER-HEAD-REFACING,Nissan vehicles – YD25 engine - Cylinder head refacing,stock,1,1385548.00,249399.00,1634947.00,0.00,ready,ready,
44,Nissan vehicles – YD25 engine,Nissan vehicles – YD25 engine Gasket Cylinder (Cylinde head gasket),Gasket Cylinder (Cylinde head gasket),Engine Components,Auto Parts,PC,PCS,ASM-NISSAN-VEHICLES-YD25-ENGINE-GASKET-CYLINDER-CYLINDE-HEAD-GASKET,Nissan vehicles – YD25 engine - Gasket Cylinder (Cylinde head gasket),stock,1,397067.00,71472.00,468539.00,0.00,ready,ready,
45,Nissan vehicles – YD25 engine,Nissan vehicles – YD25 engine GASKET-ROCKER C (Rocker cover gasket),GASKET-ROCKER C (Rocker cover gasket),Engine Components,Auto Parts,PC,PCS,ASM-NISSAN-VEHICLES-YD25-ENGINE-GASKET-ROCKER-C-ROCKER-COVER-GASKET,Nissan vehicles – YD25 engine - GASKET-ROCKER C (Rocker cover gasket),stock,1,178594.00,32147.00,210741.00,0.00,ready,ready,
46,Nissan vehicles – YD25 engine,"Nissan vehicles – YD25 engine INSULATOR-ENGIN (Engine mounting, rear)","INSULATOR-ENGIN (Engine mounting, rear)",Engine Components,Auto Parts,PC,PCS,ASM-NISSAN-VEHICLES-YD25-ENGINE-INSULATOR-ENGIN-ENGINE-MOUNTING-REAR,"Nissan vehicles – YD25 engine - INSULATOR-ENGIN (Engine mounting, rear)",stock,1,3414805.00,614665.00,4029469.00,1.00,ready,ready,
47,Nissan vehicles – YD25 engine,"Nissan vehicles – YD25 engine INSULATOR-ENG M (Engine mounting, front)","INSULATOR-ENG M (Engine mounting, front)",Engine Components,Auto Parts,PC,PCS,ASM-NISSAN-VEHICLES-YD25-ENGINE-INSULATOR-ENG-M-ENGINE-MOUNTING-FRONT,"Nissan vehicles – YD25 engine - INSULATOR-ENG M (Engine mounting, front)",stock,1,763179.00,137372.00,900551.00,0.00,ready,ready,
48,Nissan vehicles – YD25 engine,Nissan vehicles – YD25 engine Plug Drain,Plug Drain,Engine Components,Auto Parts,PC,PCS,ASM-NISSAN-VEHICLES-YD25-ENGINE-PLUG-DRAIN,Nissan vehicles – YD25 engine - Plug Drain,stock,1,23475.00,4225.00,27700.00,0.00,ready,ready,
49,Nissan vehicles – YD25 engine,"Nissan vehicles – YD25 engine ENGINE BARE, complete engine assy","ENGINE BARE, complete engine assy",Engine Components,Auto Parts,PC,PCS,ASM-NISSAN-VEHICLES-YD25-ENGINE-ENGINE-BARE-COMPLETE-ENGINE-ASSY,"Nissan vehicles – YD25 engine - ENGINE BARE, complete engine assy",stock,1,99984273.00,17997169.00,117981442.00,0.00,ready,ready,
50,Nissan vehicles – YD25 engine,Nissan vehicles – YD25 engine RING SET-PISTON (Piston rings),RING SET-PISTON (Piston rings),Engine Components,Auto Parts,Set,Set,ASM-NISSAN-VEHICLES-YD25-ENGINE-RING-SET-PISTON-PISTON-RINGS,Nissan vehicles – YD25 engine - RING SET-PISTON (Piston rings),stock,1,2175137.00,391525.00,2566662.00,0.00,ready,ready,
51,Nissan vehicles – YD25 engine,Nissan vehicles – YD25 engine PISTON WITH PIN (Piston),PISTON WITH PIN (Piston),Engine Components,Auto Parts,Set,Set,ASM-NISSAN-VEHICLES-YD25-ENGINE-PISTON-WITH-PIN-PISTON,Nissan vehicles – YD25 engine - PISTON WITH PIN (Piston),stock,1,5519817.00,993567.00,6513384.00,0.00,ready,ready,
52,Nissan vehicles – YD25 engine,Nissan vehicles – YD25 engine Bearing Set (Main bearings),Bearing Set (Main bearings),Engine Components,Auto Parts,Set,Set,ASM-NISSAN-VEHICLES-YD25-ENGINE-BEARING-SET-MAIN-BEARINGS,Nissan vehicles – YD25 engine - Bearing Set (Main bearings),stock,1,300737.00,54133.00,354870.00,0.00,ready,ready,
53,Nissan vehicles – YD25 engine,Nissan vehicles – YD25 engine BUSHING SET-CON (Piece bearings),BUSHING SET-CON (Piece bearings),Engine Components,Auto Parts,Set,Set,ASM-NISSAN-VEHICLES-YD25-ENGINE-BUSHING-SET-CON-PIECE-BEARINGS,Nissan vehicles – YD25 engine - BUSHING SET-CON (Piece bearings),stock,1,125211.00,22538.00,147749.00,0.00,ready,ready,
54,Nissan vehicles – YD25 engine,Nissan vehicles – YD25 engine Block Sleeve,Block Sleeve,Engine Components,Auto Parts,Set,Set,ASM-NISSAN-VEHICLES-YD25-ENGINE-BLOCK-SLEEVE,Nissan vehicles – YD25 engine - Block Sleeve,stock,1,1484516.00,267213.00,1751729.00,0.00,ready,ready,
55,Nissan vehicles – YD25 engine,Nissan vehicles – YD25 engine GASKET-ENGINE (Overhaul gasket kit),GASKET-ENGINE (Overhaul gasket kit),Engine Components,Auto Parts,PC,PCS,ASM-NISSAN-VEHICLES-YD25-ENGINE-GASKET-ENGINE-OVERHAUL-GASKET-KIT,Nissan vehicles – YD25 engine - GASKET-ENGINE (Overhaul gasket kit),stock,1,1518614.00,273350.00,1791964.00,0.00,ready,ready,
56,Nissan vehicles – YD25 engine,Nissan vehicles – YD25 engine PUMP ASSY OIL D (Oil pump),PUMP ASSY OIL D (Oil pump),Engine Components,Auto Parts,PC,PCS,,,review,,1231333.00,221640.00,1452973.00,0.00,ready,review_duplicate_conflict,"Conflicting category, unit, or price variants"
57,Nissan vehicles – YD25 engine,Nissan vehicles – YD25 engine ROD COMP-CON (Connecting rods),ROD COMP-CON (Connecting rods),Engine Components,Auto Parts,Set,Set,ASM-NISSAN-VEHICLES-YD25-ENGINE-ROD-COMP-CON-CONNECTING-RODS,Nissan vehicles – YD25 engine - ROD COMP-CON (Connecting rods),stock,1,4178226.00,752081.00,4930307.00,0.00,ready,ready,
58,Nissan vehicles – YD25 engine,Nissan vehicles – YD25 engine PUMP INJECTION (Injector pump),PUMP INJECTION (Injector pump),Engine Components,Auto Parts,PC,PCS,ASM-NISSAN-VEHICLES-YD25-ENGINE-PUMP-INJECTION-INJECTOR-PUMP,Nissan vehicles – YD25 engine - PUMP INJECTION (Injector pump),stock,1,11788709.00,2121968.00,13910677.00,0.00,ready,ready,
59,Nissan vehicles – YD25 engine,Nissan vehicles – YD25 engine injector pump service,injector pump service,Engine Components,Auto Parts,PC,PCS,ASM-NISSAN-VEHICLES-YD25-ENGINE-INJECTOR-PUMP-SERVICE,Nissan vehicles – YD25 engine - injector pump service,stock,1,9154516.00,1647813.00,10802329.00,0.00,ready,ready,
60,Nissan vehicles – YD25 engine,Nissan vehicles – YD25 engine Fluid Gasket (Sealant tube),Fluid Gasket (Sealant tube),Engine Components,Auto Parts,PC,PCS,ASM-NISSAN-VEHICLES-YD25-ENGINE-FLUID-GASKET-SEALANT-TUBE,Nissan vehicles – YD25 engine - Fluid Gasket (Sealant tube),stock,1,620105.00,111619.00,731724.00,0.00,ready,ready,
61,Nissan vehicles – YD25 engine,Nissan vehicles – YD25 engine FAN COOLING,FAN COOLING,Engine Components,Auto Parts,PC,PCS,ASM-NISSAN-VEHICLES-YD25-ENGINE-FAN-COOLING,Nissan vehicles – YD25 engine - FAN COOLING,stock,1,779171.00,140251.00,919422.00,0.00,ready,ready,
62,Nissan vehicles – YD25 engine,Nissan vehicles – YD25 engine Canshaft pulley,Canshaft pulley,Engine Components,Auto Parts,PC,PCS,ASM-NISSAN-VEHICLES-YD25-ENGINE-CANSHAFT-PULLEY,Nissan vehicles – YD25 engine - Canshaft pulley,stock,1,534689.00,96244.00,630933.00,0.00,ready,ready,
63,Nissan vehicles – YD25 engine,Nissan vehicles – YD25 engine Crankshaft pulley,Crankshaft pulley,Engine Components,Auto Parts,PC,PCS,ASM-NISSAN-VEHICLES-YD25-ENGINE-CRANKSHAFT-PULLEY,Nissan vehicles – YD25 engine - Crankshaft pulley,stock,1,1083983.00,195117.00,1279100.00,0.00,ready,ready,
64,Nissan vehicles – YD25 engine,Nissan vehicles – YD25 engine FAN ASSY-COND (AC fan shroud),FAN ASSY-COND (AC fan shroud),Engine Cooling System,Auto Parts,PC,PCS,ASM-NISSAN-VEHICLES-YD25-ENGINE-FAN-ASSY-COND-AC-FAN-SHROUD,Nissan vehicles – YD25 engine - FAN ASSY-COND (AC fan shroud),stock,1,306293.00,55133.00,361425.00,1.00,ready,ready,
65,Nissan vehicles – YD25 engine,Nissan vehicles – YD25 engine Shroud-rad.lowe (Cooling fan shroud),Shroud-rad.lowe (Cooling fan shroud),Engine Cooling System,Auto Parts,PC,PCS,ASM-NISSAN-VEHICLES-YD25-ENGINE-SHROUD-RAD-LOWE-COOLING-FAN-SHROUD,Nissan vehicles – YD25 engine - Shroud-rad.lowe (Cooling fan shroud),stock,1,993118.00,178761.00,1171879.00,0.00,ready,ready,
66,Nissan vehicles – YD25 engine,Nissan vehicles – YD25 engine Radiator assy,Radiator assy,Engine Cooling System,Auto Parts,PC,PCS,ASM-NISSAN-VEHICLES-YD25-ENGINE-RADIATOR-ASSY,Nissan vehicles – YD25 engine - Radiator assy,stock,1,5570553.00,1002699.00,6573252.00,0.00,ready,ready,
67,Nissan vehicles – YD25 engine,Nissan vehicles – YD25 engine CAP ASSY-PRESSU (Radiator cap),CAP ASSY-PRESSU (Radiator cap),Engine Cooling System,Auto Parts,PC,PCS,ASM-NISSAN-VEHICLES-YD25-ENGINE-CAP-ASSY-PRESSU-RADIATOR-CAP,Nissan vehicles – YD25 engine - CAP ASSY-PRESSU (Radiator cap),stock,1,73978.00,13316.00,87294.00,0.00,ready,ready,
68,Nissan vehicles – YD25 engine,Nissan vehicles – YD25 engine MOUNTING RUBBER (Upper radiator mountings),MOUNTING RUBBER (Upper radiator mountings),Engine Cooling System,Auto Parts,Set,Set,ASM-NISSAN-VEHICLES-YD25-ENGINE-MOUNTING-RUBBER-UPPER-RADIATOR-MOUNTINGS,Nissan vehicles – YD25 engine - MOUNTING RUBBER (Upper radiator mountings),stock,1,77700.00,13986.00,91686.00,0.00,ready,ready,
69,Nissan vehicles – YD25 engine,Nissan vehicles – YD25 engine RUBBER-MOUNTING (Lower radiator mounting),RUBBER-MOUNTING (Lower radiator mounting),Engine Cooling System,Auto Parts,Set,Set,ASM-NISSAN-VEHICLES-YD25-ENGINE-RUBBER-MOUNTING-LOWER-RADIATOR-MOUNTING,Nissan vehicles – YD25 engine - RUBBER-MOUNTING (Lower radiator mounting),stock,1,62213.00,11198.00,73411.00,0.00,ready,ready,
70,Nissan vehicles – YD25 engine,Nissan vehicles – YD25 engine HOSE-RESERVE TA (Reserve tank pipe),HOSE-RESERVE TA (Reserve tank pipe),Engine Cooling System,Auto Parts,PC,PCS,ASM-NISSAN-VEHICLES-YD25-ENGINE-HOSE-RESERVE-TA-RESERVE-TANK-PIPE,Nissan vehicles – YD25 engine - HOSE-RESERVE TA (Reserve tank pipe),stock,1,32958.00,5932.00,38890.00,0.00,ready,ready,
71,Nissan vehicles – YD25 engine,Nissan vehicles – YD25 engine Nozzle Washer (Wiper nozzles),Nozzle Washer (Wiper nozzles),Engine Cooling System,Auto Parts,Set,Set,ASM-NISSAN-VEHICLES-YD25-ENGINE-NOZZLE-WASHER-WIPER-NOZZLES,Nissan vehicles – YD25 engine - Nozzle Washer (Wiper nozzles),stock,1,134900.00,24282.00,159182.00,0.00,ready,ready,
72,Nissan vehicles – YD25 engine,Nissan vehicles – YD25 engine TANK ASSY-RESER (Reservoir tank),TANK ASSY-RESER (Reservoir tank),Engine Cooling System,Auto Parts,PC,PCS,ASM-NISSAN-VEHICLES-YD25-ENGINE-TANK-ASSY-RESER-RESERVOIR-TANK,Nissan vehicles – YD25 engine - TANK ASSY-RESER (Reservoir tank),stock,1,437190.00,78694.00,515884.00,0.00,ready,ready,
73,Nissan vehicles – YD25 engine,Nissan vehicles – YD25 engine BODY-CLEANER (Air cleaner housing),BODY-CLEANER (Air cleaner housing),Engine Cooling System,Auto Parts,PC,PCS,ASM-NISSAN-VEHICLES-YD25-ENGINE-BODY-CLEANER-AIR-CLEANER-HOUSING,Nissan vehicles – YD25 engine - BODY-CLEANER (Air cleaner housing),stock,1,1020951.00,183771.00,1204722.00,0.00,ready,ready,
74,Nissan vehicles – YD25 engine,Nissan vehicles – YD25 engine PUMP ASSY-WATER (Water pump),PUMP ASSY-WATER (Water pump),Engine Cooling System,Auto Parts,PC,PCS,ASM-NISSAN-VEHICLES-YD25-ENGINE-PUMP-ASSY-WATER-WATER-PUMP,Nissan vehicles – YD25 engine - PUMP ASSY-WATER (Water pump),stock,1,2322045.00,417968.00,2740014.00,-1.00,ready,ready,
75,Nissan vehicles – YD25 engine,Nissan vehicles – YD25 engine Water temperature sensor,Water temperature sensor,Engine Cooling System,Auto Parts,PC,PCS,ASM-NISSAN-VEHICLES-YD25-ENGINE-WATER-TEMPERATURE-SENSOR,Nissan vehicles – YD25 engine - Water temperature sensor,stock,1,183242.00,32984.00,216226.00,0.00,ready,ready,
76,Nissan vehicles – YD25 engine,Nissan vehicles – YD25 engine ENGINE COOLANT,ENGINE COOLANT,Engine Cooling System,Auto Parts,PC,PCS,ASM-NISSAN-VEHICLES-YD25-ENGINE-ENGINE-COOLANT,Nissan vehicles – YD25 engine - ENGINE COOLANT,stock,1,235813.00,42446.00,278259.00,0.00,ready,ready,
77,Nissan vehicles – YD25 engine,Nissan vehicles – YD25 engine GASKET-WATER PU (Water pump gasket),GASKET-WATER PU (Water pump gasket),Engine Cooling System,Auto Parts,PC,PCS,ASM-NISSAN-VEHICLES-YD25-ENGINE-GASKET-WATER-PU-WATER-PUMP-GASKET,Nissan vehicles – YD25 engine - GASKET-WATER PU (Water pump gasket),stock,1,35614.00,6411.00,42025.00,0.00,ready,ready,
78,Nissan vehicles – YD25 engine,Nissan vehicles – YD25 engine TANK ASSY -WS WASH (Wiper tank tank),TANK ASSY -WS WASH (Wiper tank tank),Engine Cooling System,Auto Parts,PC,PCS,ASM-NISSAN-VEHICLES-YD25-ENGINE-TANK-ASSY-WS-WASH-WIPER-TANK-TANK,Nissan vehicles – YD25 engine - TANK ASSY -WS WASH (Wiper tank tank),stock,1,218398.00,39312.00,257710.00,0.00,ready,ready,
79,Nissan vehicles – YD25 engine,Nissan vehicles – YD25 engine FILTER ASSY-OIL (Oil filter),FILTER ASSY-OIL (Oil filter),Engine Oil System,Auto Parts,PC,PCS,ASM-NISSAN-VEHICLES-YD25-ENGINE-FILTER-ASSY-OIL-OIL-FILTER,Nissan vehicles – YD25 engine - FILTER ASSY-OIL (Oil filter),stock,1,137257.00,24706.00,161963.00,0.00,ready,ready,
80,Nissan vehicles – YD25 engine,Nissan vehicles – YD25 engine CAP ASSY-OIL FI (Oil filler cap),CAP ASSY-OIL FI (Oil filler cap),Engine Oil System,Auto Parts,PC,PCS,ASM-NISSAN-VEHICLES-YD25-ENGINE-CAP-ASSY-OIL-FI-OIL-FILLER-CAP,Nissan vehicles – YD25 engine - CAP ASSY-OIL FI (Oil filler cap),stock,1,18350.00,3303.00,21652.00,1.00,ready,ready,
81,Nissan vehicles – YD25 engine,Nissan vehicles – YD25 engine PUMP ASSY OIL D (Oil pump),PUMP ASSY OIL D (Oil pump),Engine Oil System,Auto Parts,PC,PCS,,,review,,1231333.00,221640.00,1452973.00,0.00,ready,review_duplicate_conflict,"Conflicting category, unit, or price variants"
82,Nissan vehicles – YD25 engine,Nissan vehicles – YD25 engine HOSE-WATER (Oil cooler pipe),HOSE-WATER (Oil cooler pipe),Engine Oil System,Auto Parts,PC,PCS,ASM-NISSAN-VEHICLES-YD25-ENGINE-HOSE-WATER-OIL-COOLER-PIPE,Nissan vehicles – YD25 engine - HOSE-WATER (Oil cooler pipe),stock,1,114137.00,20545.00,134682.00,0.00,ready,ready,
83,Nissan vehicles – YD25 engine,Nissan vehicles – YD25 engine COOLER OIL (Oil cooler),COOLER OIL (Oil cooler),Engine Oil System,Auto Parts,PC,PCS,ASM-NISSAN-VEHICLES-YD25-ENGINE-COOLER-OIL-OIL-COOLER,Nissan vehicles – YD25 engine - COOLER OIL (Oil cooler),stock,1,7577188.00,1363894.00,8941082.00,0.00,ready,ready,
84,Nissan vehicles – YD25 engine,Nissan vehicles – YD25 engine STRAINER OIL (Oil strainer),STRAINER OIL (Oil strainer),Engine Oil System,Auto Parts,PC,PCS,ASM-NISSAN-VEHICLES-YD25-ENGINE-STRAINER-OIL-OIL-STRAINER,Nissan vehicles – YD25 engine - STRAINER OIL (Oil strainer),stock,1,269968.00,48594.00,318562.00,0.00,ready,ready,
85,Nissan vehicles – YD25 engine,Nissan vehicles – YD25 engine GAUGE OIL LEVEL (Dipstick),GAUGE OIL LEVEL (Dipstick),Engine Oil System,Auto Parts,PC,PCS,ASM-NISSAN-VEHICLES-YD25-ENGINE-GAUGE-OIL-LEVEL-DIPSTICK,Nissan vehicles – YD25 engine - GAUGE OIL LEVEL (Dipstick),stock,1,102353.00,18424.00,120777.00,0.00,ready,ready,
86,Nissan vehicles – YD25 engine,Nissan vehicles – YD25 engine PAN ASSY-OIL (Oil pan),PAN ASSY-OIL (Oil pan),Engine Oil System,Auto Parts,PC,PCS,ASM-NISSAN-VEHICLES-YD25-ENGINE-PAN-ASSY-OIL-OIL-PAN,Nissan vehicles – YD25 engine - PAN ASSY-OIL (Oil pan),stock,1,1012871.00,182317.00,1195187.00,1.00,ready,ready,
87,Nissan vehicles – YD25 engine,Nissan vehicles – YD25 engine BRACKET-OIL FIL (Oil filter bracket),BRACKET-OIL FIL (Oil filter bracket),Engine Oil System,Auto Parts,PC,PCS,ASM-NISSAN-VEHICLES-YD25-ENGINE-BRACKET-OIL-FIL-OIL-FILTER-BRACKET,Nissan vehicles – YD25 engine - BRACKET-OIL FIL (Oil filter bracket),stock,1,530658.00,95518.00,626177.00,-1.00,ready,ready,
88,Nissan vehicles – YD25 engine,Nissan vehicles – YD25 engine WASHER DRAIN (Drain plug washer),WASHER DRAIN (Drain plug washer),Engine Oil System,Auto Parts,PC,PCS,ASM-NISSAN-VEHICLES-YD25-ENGINE-WASHER-DRAIN-DRAIN-PLUG-WASHER,Nissan vehicles – YD25 engine - WASHER DRAIN (Drain plug washer),stock,1,8155.00,1468.00,9623.00,0.00,ready,ready,
89,Nissan vehicles – YD25 engine,Nissan vehicles – YD25 engine SPARK PLUGS,SPARK PLUGS,Engine Oil System,Auto Parts,PC,PCS,ASM-NISSAN-VEHICLES-YD25-ENGINE-SPARK-PLUGS,Nissan vehicles – YD25 engine - SPARK PLUGS,stock,1,114180.50,20552.00,134733.00,-0.50,ready,ready,
90,Nissan vehicles – YD25 engine,"Nissan vehicles – YD25 engine MFLR ASSY (Exhaust pipe complete( Silencers,pipes etc))","MFLR ASSY (Exhaust pipe complete( Silencers,pipes etc))",Exhaust System,Auto Parts,PC,PCS,ASM-NISSAN-VEHICLES-YD25-ENGINE-MFLR-ASSY-EXHAUST-PIPE-COMPLETE-SILENCERS-PIPES-ETC,"Nissan vehicles – YD25 engine - MFLR ASSY (Exhaust pipe complete( Silencers,pipes etc))",stock,1,1300084.00,234015.00,1534099.00,0.00,ready,ready,
91,Nissan vehicles – YD25 engine,Nissan vehicles – YD25 engine CONVERTER ASSY (Catalytic converter),CONVERTER ASSY (Catalytic converter),Exhaust System,Auto Parts,PC,PCS,ASM-NISSAN-VEHICLES-YD25-ENGINE-CONVERTER-ASSY-CATALYTIC-CONVERTER,Nissan vehicles – YD25 engine - CONVERTER ASSY (Catalytic converter),stock,1,6177855.00,1112014.00,7289869.00,0.00,ready,ready,
92,Nissan vehicles – YD25 engine,Nissan vehicles – YD25 engine BOLT (Exhaust bolt),BOLT (Exhaust bolt),Exhaust System,Auto Parts,PC,PCS,,,review,,8268.00,1488.00,9756.00,0.00,ready,review_duplicate_conflict,"Conflicting category, unit, or price variants"
93,Nissan vehicles – YD25 engine,Nissan vehicles – YD25 engine BOLT HEX HD (Exhaust bolt),BOLT HEX HD (Exhaust bolt),Exhaust System,Auto Parts,PC,PCS,ASM-NISSAN-VEHICLES-YD25-ENGINE-BOLT-HEX-HD-EXHAUST-BOLT,Nissan vehicles – YD25 engine - BOLT HEX HD (Exhaust bolt),stock,1,123752.00,22275.00,146027.00,0.00,ready,ready,
94,Nissan vehicles – YD25 engine,Nissan vehicles – YD25 engine BOLT (Exhaust bolt),BOLT (Exhaust bolt),Exhaust System,Auto Parts,PC,PCS,,,review,,49605.00,8929.00,58534.00,0.00,ready,review_duplicate_conflict,"Conflicting category, unit, or price variants"
95,Nissan vehicles – YD25 engine,Nissan vehicles – YD25 engine SCR-HEX HD PP W (Exhaust bolt),SCR-HEX HD PP W (Exhaust bolt),Exhaust System,Auto Parts,Set,Set,ASM-NISSAN-VEHICLES-YD25-ENGINE-SCR-HEX-HD-PP-W-EXHAUST-BOLT,Nissan vehicles – YD25 engine - SCR-HEX HD PP W (Exhaust bolt),stock,1,56339.00,10141.00,66480.00,0.00,ready,ready,
96,Nissan vehicles – YD25 engine,Nissan vehicles – YD25 engine CLAMP-EXH MTG (exhaust clamp),CLAMP-EXH MTG (exhaust clamp),Exhaust System,Auto Parts,PC,PCS,ASM-NISSAN-VEHICLES-YD25-ENGINE-CLAMP-EXH-MTG-EXHAUST-CLAMP,Nissan vehicles – YD25 engine - CLAMP-EXH MTG (exhaust clamp),stock,1,221354.00,39844.00,261198.00,0.00,ready,ready,
97,Nissan vehicles – YD25 engine,"Nissan vehicles – YD25 engine Gasket, exhaust Big (Exhaust manifold gasket)","Gasket, exhaust Big (Exhaust manifold gasket)",Exhaust System,Auto Parts,PC,PCS,ASM-NISSAN-VEHICLES-YD25-ENGINE-GASKET-EXHAUST-BIG-EXHAUST-MANIFOLD-GASKET,"Nissan vehicles – YD25 engine - Gasket, exhaust Big (Exhaust manifold gasket)",stock,1,28488.00,5128.00,33615.00,1.00,ready,ready,
98,Nissan vehicles – YD25 engine,Nissan vehicles – YD25 engine Bracket - Exh M (Exhaust mounting bracket),Bracket - Exh M (Exhaust mounting bracket),Exhaust System,Auto Parts,PC,PCS,ASM-NISSAN-VEHICLES-YD25-ENGINE-BRACKET-EXH-M-EXHAUST-MOUNTING-BRACKET,Nissan vehicles – YD25 engine - Bracket - Exh M (Exhaust mounting bracket),stock,1,124126.00,22343.00,146468.00,1.00,ready,ready,
99,Nissan vehicles – YD25 engine,Nissan vehicles – YD25 engine INSUL EXH MTG (Exhaust mounting),INSUL EXH MTG (Exhaust mounting),Exhaust System,Auto Parts,PC,PCS,ASM-NISSAN-VEHICLES-YD25-ENGINE-INSUL-EXH-MTG-EXHAUST-MOUNTING,Nissan vehicles – YD25 engine - INSUL EXH MTG (Exhaust mounting),stock,1,207681.00,37382.00,245063.00,0.00,ready,ready,
100,Nissan vehicles – YD25 engine,"Nissan vehicles – YD25 engine MNTG Bracket (Exhaust mounting, front)","MNTG Bracket (Exhaust mounting, front)",Exhaust System,Auto Parts,PC,PCS,ASM-NISSAN-VEHICLES-YD25-ENGINE-MNTG-BRACKET-EXHAUST-MOUNTING-FRONT,"Nissan vehicles – YD25 engine - MNTG Bracket (Exhaust mounting, front)",stock,1,148480.00,26726.00,175206.00,0.00,ready,ready,
101,Nissan vehicles – YD25 engine,Nissan vehicles – YD25 engine BRKT EXH MTG (Exhaust pipe bracket),BRKT EXH MTG (Exhaust pipe bracket),Exhaust System,Auto Parts,PC,PCS,ASM-NISSAN-VEHICLES-YD25-ENGINE-BRKT-EXH-MTG-EXHAUST-PIPE-BRACKET,Nissan vehicles – YD25 engine - BRKT EXH MTG (Exhaust pipe bracket),stock,1,35577.00,6404.00,41981.00,0.00,ready,ready,
102,Nissan vehicles – YD25 engine,Nissan vehicles – YD25 engine Insul-heat Exh (Exhaust insulator),Insul-heat Exh (Exhaust insulator),Exhaust System,Auto Parts,PC,PCS,ASM-NISSAN-VEHICLES-YD25-ENGINE-INSUL-HEAT-EXH-EXHAUST-INSULATOR,Nissan vehicles – YD25 engine - Insul-heat Exh (Exhaust insulator),stock,1,41693.00,7505.00,49198.00,0.00,ready,ready,
103,Nissan vehicles – YD25 engine,"Nissan vehicles – YD25 engine INJECTOR-FUEL (Injector Nozzle, complete)","INJECTOR-FUEL (Injector Nozzle, complete)",Fuel Supply System,Auto Parts,Set,Set,ASM-NISSAN-VEHICLES-YD25-ENGINE-INJECTOR-FUEL-INJECTOR-NOZZLE-COMPLETE,"Nissan vehicles – YD25 engine - INJECTOR-FUEL (Injector Nozzle, complete)",stock,1,20764687.00,3737644.00,24502331.00,0.00,ready,ready,
104,Nissan vehicles – YD25 engine,Nissan vehicles – YD25 engine 16401-VC10C COVER-UPPER (Fuel Lift pump),16401-VC10C COVER-UPPER (Fuel Lift pump),Fuel Supply System,Auto Parts,PC,PCS,ASM-NISSAN-VEHICLES-YD25-ENGINE-16401-VC10C-COVER-UPPER-FUEL-LIFT-PUMP,Nissan vehicles – YD25 engine - 16401-VC10C COVER-UPPER (Fuel Lift pump),stock,1,319325.00,57478.00,376803.00,0.00,ready,ready,
105,Nissan vehicles – YD25 engine,Nissan vehicles – YD25 engine Gasket-nozzle (Injector Nozzle seal),Gasket-nozzle (Injector Nozzle seal),Fuel Supply System,Auto Parts,Set,Set,ASM-NISSAN-VEHICLES-YD25-ENGINE-GASKET-NOZZLE-INJECTOR-NOZZLE-SEAL,Nissan vehicles – YD25 engine - Gasket-nozzle (Injector Nozzle seal),stock,1,77513.00,13952.00,91465.00,0.00,ready,ready,
106,Nissan vehicles – YD25 engine,Nissan vehicles – YD25 engine TUBE ASSY-FUEL (Fuel return pipe),TUBE ASSY-FUEL (Fuel return pipe),Fuel Supply System,Auto Parts,PC,PCS,ASM-NISSAN-VEHICLES-YD25-ENGINE-TUBE-ASSY-FUEL-FUEL-RETURN-PIPE,Nissan vehicles – YD25 engine - TUBE ASSY-FUEL (Fuel return pipe),stock,1,5720165.00,1029630.00,6749795.00,0.00,ready,ready,
107,Nissan vehicles – YD25 engine,Nissan vehicles – YD25 engine TUBE ASSY-INJEC (Fuel rail),TUBE ASSY-INJEC (Fuel rail),Fuel Supply System,Auto Parts,PC,PCS,ASM-NISSAN-VEHICLES-YD25-ENGINE-TUBE-ASSY-INJEC-FUEL-RAIL,Nissan vehicles – YD25 engine - TUBE ASSY-INJEC (Fuel rail),stock,1,454772.00,81859.00,536631.00,0.00,ready,ready,
108,Nissan vehicles – YD25 engine,Nissan vehicles – YD25 engine TUBE-INJECTION (Fuel rail pipe1),TUBE-INJECTION (Fuel rail pipe1),Fuel Supply System,Auto Parts,PC,PCS,ASM-NISSAN-VEHICLES-YD25-ENGINE-TUBE-INJECTION-FUEL-RAIL-PIPE1,Nissan vehicles – YD25 engine - TUBE-INJECTION (Fuel rail pipe1),stock,1,293330.00,52799.00,346130.00,-1.00,ready,ready,
109,Nissan vehicles – YD25 engine,Nissan vehicles – YD25 engine TUBE ASSY-INJEC (Fuel rail pipe2),TUBE ASSY-INJEC (Fuel rail pipe2),Fuel Supply System,Auto Parts,PC,PCS,ASM-NISSAN-VEHICLES-YD25-ENGINE-TUBE-ASSY-INJEC-FUEL-RAIL-PIPE2,Nissan vehicles – YD25 engine - TUBE ASSY-INJEC (Fuel rail pipe2),stock,1,450321.00,81058.00,531378.00,1.00,ready,ready,
110,Nissan vehicles – YD25 engine,Nissan vehicles – YD25 engine TUBE ASSY-INJEC (Fuel rail pipe3),TUBE ASSY-INJEC (Fuel rail pipe3),Fuel Supply System,Auto Parts,PC,PCS,ASM-NISSAN-VEHICLES-YD25-ENGINE-TUBE-ASSY-INJEC-FUEL-RAIL-PIPE3,Nissan vehicles – YD25 engine - TUBE ASSY-INJEC (Fuel rail pipe3),stock,1,297427.00,53537.00,350963.00,1.00,ready,ready,
111,Nissan vehicles – YD25 engine,Nissan vehicles – YD25 engine TUBE ASSY-INJEC (Fuel rail pipe4),TUBE ASSY-INJEC (Fuel rail pipe4),Fuel Supply System,Auto Parts,PC,PCS,ASM-NISSAN-VEHICLES-YD25-ENGINE-TUBE-ASSY-INJEC-FUEL-RAIL-PIPE4,Nissan vehicles – YD25 engine - TUBE ASSY-INJEC (Fuel rail pipe4),stock,1,608639.00,109555.00,718194.00,0.00,ready,ready,
112,Nissan vehicles – YD25 engine,Nissan vehicles – YD25 engine O RING (Tank belt clamp),O RING (Tank belt clamp),Fuel Supply System,Auto Parts,PC,PCS,ASM-NISSAN-VEHICLES-YD25-ENGINE-O-RING-TANK-BELT-CLAMP,Nissan vehicles – YD25 engine - O RING (Tank belt clamp),stock,1,36568.00,6582.00,43150.00,0.00,ready,ready,
113,Nissan vehicles – YD25 engine,Nissan vehicles – YD25 engine Cap-filler-scre (Fuel tank cap - rubber),Cap-filler-scre (Fuel tank cap - rubber),Fuel Supply System,Auto Parts,PC,PCS,ASM-NISSAN-VEHICLES-YD25-ENGINE-CAP-FILLER-SCRE-FUEL-TANK-CAP-RUBBER,Nissan vehicles – YD25 engine - Cap-filler-scre (Fuel tank cap - rubber),stock,1,212132.00,38184.00,250316.00,0.00,ready,ready,
114,Nissan vehicles – YD25 engine,Nissan vehicles – YD25 engine Manifold Assy-I (Intake manifold ass),Manifold Assy-I (Intake manifold ass),Fuel Supply System,Auto Parts,PC,PCS,ASM-NISSAN-VEHICLES-YD25-ENGINE-MANIFOLD-ASSY-I-INTAKE-MANIFOLD-ASS,Nissan vehicles – YD25 engine - Manifold Assy-I (Intake manifold ass),stock,1,3442376.00,619628.00,4062003.00,1.00,ready,ready,
115,Nissan vehicles – YD25 engine,Nissan vehicles – YD25 engine Suction control valve,Suction control valve,Fuel Supply System,Auto Parts,PC,PCS,ASM-NISSAN-VEHICLES-YD25-ENGINE-SUCTION-CONTROL-VALVE,Nissan vehicles – YD25 engine - Suction control valve,stock,1,1534000.00,276120.00,1810120.00,0.00,ready,ready,
116,Nissan vehicles – YD25 engine,Nissan vehicles – YD25 engine Fuel filter sensor,Fuel filter sensor,Fuel Supply System,Auto Parts,PC,PCS,ASM-NISSAN-VEHICLES-YD25-ENGINE-FUEL-FILTER-SENSOR,Nissan vehicles – YD25 engine - Fuel filter sensor,stock,1,609507.00,109711.00,719218.00,0.00,ready,ready,
117,Nissan vehicles – YD25 engine,Nissan vehicles – YD25 engine Gasket-manifold,Gasket-manifold,Fuel Supply System,Auto Parts,PC,PCS,ASM-NISSAN-VEHICLES-YD25-ENGINE-GASKET-MANIFOLD,Nissan vehicles – YD25 engine - Gasket-manifold,stock,1,282556.00,50860.00,333416.00,0.00,ready,ready,
118,Nissan vehicles – YD25 engine,Nissan vehicles – YD25 engine Injector nozzle service,Injector nozzle service,Fuel Supply System,Auto Parts,PC,PCS,ASM-NISSAN-VEHICLES-YD25-ENGINE-INJECTOR-NOZZLE-SERVICE,Nissan vehicles – YD25 engine - Injector nozzle service,stock,1,1244566.00,224022.00,1468588.00,0.00,ready,ready,
119,Nissan vehicles – YD25 engine,Nissan vehicles – YD25 engine Injector pump service,Injector pump service,Fuel Supply System,Auto Parts,PC,PCS,ASM-NISSAN-VEHICLES-YD25-ENGINE-INJECTOR-PUMP-SERVICE-2,Nissan vehicles – YD25 engine - Injector pump service,stock,1,3800000.00,6840000.00,4484000.00,6156000.00,ready,ready,
120,Nissan vehicles – YD25 engine,Nissan vehicles – YD25 engine Link Compl-fr S (Ball joint - upper LH),Link Compl-fr S (Ball joint - upper LH),Suspension & Steering System,Auto Parts,PC,PCS,ASM-NISSAN-VEHICLES-YD25-ENGINE-LINK-COMPL-FR-S-BALL-JOINT-UPPER-LH,Nissan vehicles – YD25 engine - Link Compl-fr S (Ball joint - upper LH),stock,1,1116122.00,200902.00,1317023.00,1.00,ready,ready,
121,Nissan vehicles – YD25 engine,Nissan vehicles – YD25 engine LINK COMPL RH (Ball joint - upper RH),LINK COMPL RH (Ball joint - upper RH),Suspension & Steering System,Auto Parts,PC,PCS,ASM-NISSAN-VEHICLES-YD25-ENGINE-LINK-COMPL-RH-BALL-JOINT-UPPER-RH,Nissan vehicles – YD25 engine - LINK COMPL RH (Ball joint - upper RH),stock,1,1116122.00,200902.00,1317023.00,1.00,ready,ready,
122,Nissan vehicles – YD25 engine,Nissan vehicles – YD25 engine Link Compl-fr S (Ball joint - lower RH),Link Compl-fr S (Ball joint - lower RH),Suspension & Steering System,Auto Parts,PC,PCS,ASM-NISSAN-VEHICLES-YD25-ENGINE-LINK-COMPL-FR-S-BALL-JOINT-LOWER-RH,Nissan vehicles – YD25 engine - Link Compl-fr S (Ball joint - lower RH),stock,1,1129683.00,203343.00,1333026.00,0.00,ready,ready,
123,Nissan vehicles – YD25 engine,Nissan vehicles – YD25 engine Link Compl-fr S (Ball joint - lower LH),Link Compl-fr S (Ball joint - lower LH),Suspension & Steering System,Auto Parts,PC,PCS,ASM-NISSAN-VEHICLES-YD25-ENGINE-LINK-COMPL-FR-S-BALL-JOINT-LOWER-LH,Nissan vehicles – YD25 engine - Link Compl-fr S (Ball joint - lower LH),stock,1,1129683.00,203343.00,1333026.00,0.00,ready,ready,
124,Nissan vehicles – YD25 engine,Nissan vehicles – YD25 engine Rod Kit-relay * (Track rod),Rod Kit-relay * (Track rod),Suspension & Steering System,Auto Parts,PC,PCS,ASM-NISSAN-VEHICLES-YD25-ENGINE-ROD-KIT-RELAY-TRACK-ROD,Nissan vehicles – YD25 engine - Rod Kit-relay * (Track rod),stock,1,1899857.00,341974.00,2241831.00,0.00,ready,ready,
125,Nissan vehicles – YD25 engine,Nissan vehicles – YD25 engine Rod Kit - Tie; (Tie rod ends),Rod Kit - Tie; (Tie rod ends),Suspension & Steering System,Auto Parts,Set,Set,ASM-NISSAN-VEHICLES-YD25-ENGINE-ROD-KIT-TIE-TIE-ROD-ENDS,Nissan vehicles – YD25 engine - Rod Kit - Tie; (Tie rod ends),stock,1,1992858.00,358714.00,2351572.00,0.00,ready,ready,
126,Nissan vehicles – YD25 engine,Nissan vehicles – YD25 engine ABSORBER-SHOCK (Front shock absorbers),ABSORBER-SHOCK (Front shock absorbers),Suspension & Steering System,Auto Parts,Set,Set,ASM-NISSAN-VEHICLES-YD25-ENGINE-ABSORBER-SHOCK-FRONT-SHOCK-ABSORBERS,Nissan vehicles – YD25 engine - ABSORBER-SHOCK (Front shock absorbers),stock,1,809834.00,145770.00,955604.00,0.00,ready,ready,
127,Nissan vehicles – YD25 engine,Nissan vehicles – YD25 engine Bush *telex* (Shock absorber bushes),Bush *telex* (Shock absorber bushes),Suspension & Steering System,Auto Parts,Set,Set,ASM-NISSAN-VEHICLES-YD25-ENGINE-BUSH-TELEX-SHOCK-ABSORBER-BUSHES,Nissan vehicles – YD25 engine - Bush *telex* (Shock absorber bushes),stock,1,72313.00,13016.00,85330.00,-1.00,ready,ready,
128,Nissan vehicles – YD25 engine,Nissan vehicles – YD25 engine Shock RR 2WD KA (rear shock absorbers),Shock RR 2WD KA (rear shock absorbers),Suspension & Steering System,Auto Parts,Set,Set,ASM-NISSAN-VEHICLES-YD25-ENGINE-SHOCK-RR-2WD-KA-REAR-SHOCK-ABSORBERS,Nissan vehicles – YD25 engine - Shock RR 2WD KA (rear shock absorbers),stock,1,766003.00,137881.00,903884.00,0.00,ready,ready,
129,Nissan vehicles – YD25 engine,"Nissan vehicles – YD25 engine BUSH STAB (Stabiliser bar bushes, big)","BUSH STAB (Stabiliser bar bushes, big)",Suspension & Steering System,Auto Parts,Set,Set,ASM-NISSAN-VEHICLES-YD25-ENGINE-BUSH-STAB-STABILISER-BAR-BUSHES-BIG,"Nissan vehicles – YD25 engine - BUSH STAB (Stabiliser bar bushes, big)",stock,1,152555.00,27460.00,180014.00,1.00,ready,ready,
130,Nissan vehicles – YD25 engine,"Nissan vehicles – YD25 engine Stabiliser bar bushes, small","Stabiliser bar bushes, small",Suspension & Steering System,Auto Parts,Set,Set,ASM-NISSAN-VEHICLES-YD25-ENGINE-STABILISER-BAR-BUSHES-SMALL,"Nissan vehicles – YD25 engine - Stabiliser bar bushes, small",stock,1,275946.00,49670.00,325617.00,-1.00,ready,ready,
131,Nissan vehicles – YD25 engine,"Nissan vehicles – YD25 engine BUSH RR SPR RR (Spring bushes, small)","BUSH RR SPR RR (Spring bushes, small)",Suspension & Steering System,Auto Parts,Set,Set,ASM-NISSAN-VEHICLES-YD25-ENGINE-BUSH-RR-SPR-RR-SPRING-BUSHES-SMALL,"Nissan vehicles – YD25 engine - BUSH RR SPR RR (Spring bushes, small)",stock,1,101935.00,18348.00,120283.00,0.00,ready,ready,
132,Nissan vehicles – YD25 engine,"Nissan vehicles – YD25 engine Bush-spring (Spring bushes, big)","Bush-spring (Spring bushes, big)",Suspension & Steering System,Auto Parts,Set,Set,ASM-NISSAN-VEHICLES-YD25-ENGINE-BUSH-SPRING-SPRING-BUSHES-BIG,"Nissan vehicles – YD25 engine - Bush-spring (Spring bushes, big)",stock,1,62269.00,11209.00,73478.00,0.00,ready,ready,
133,Nissan vehicles – YD25 engine,"Nissan vehicles – YD25 engine SPRING ASSY RR (Leaf spring, complete)","SPRING ASSY RR (Leaf spring, complete)",Suspension & Steering System,Auto Parts,Set,Set,ASM-NISSAN-VEHICLES-YD25-ENGINE-SPRING-ASSY-RR-LEAF-SPRING-COMPLETE,"Nissan vehicles – YD25 engine - SPRING ASSY RR (Leaf spring, complete)",stock,1,6638782.00,1194981.00,7833762.00,1.00,ready,ready,
134,Nissan vehicles – YD25 engine,Nissan vehicles – YD25 engine Clip RR Spring (leaf spring clamps),Clip RR Spring (leaf spring clamps),Suspension & Steering System,Auto Parts,PC,PCS,ASM-NISSAN-VEHICLES-YD25-ENGINE-CLIP-RR-SPRING-LEAF-SPRING-CLAMPS,Nissan vehicles – YD25 engine - Clip RR Spring (leaf spring clamps),stock,1,215780.00,38840.00,254620.00,0.00,ready,ready,
135,Nissan vehicles – YD25 engine,Nissan vehicles – YD25 engine SEAT ASSY-RR SP U - bolts mounting plates - set,SEAT ASSY-RR SP U - bolts mounting plates - set,Suspension & Steering System,Auto Parts,PC,PCS,ASM-NISSAN-VEHICLES-YD25-ENGINE-SEAT-ASSY-RR-SP-U-BOLTS-MOUNTING-PLATES-SET,Nissan vehicles – YD25 engine - SEAT ASSY-RR SP U - bolts mounting plates - set,stock,1,447010.00,80462.00,527472.00,0.00,ready,ready,
136,Nissan vehicles – YD25 engine,Nissan vehicles – YD25 engine PAD ASSY-RR SPR (Leaf spring seat),PAD ASSY-RR SPR (Leaf spring seat),Suspension & Steering System,Auto Parts,PC,PCS,ASM-NISSAN-VEHICLES-YD25-ENGINE-PAD-ASSY-RR-SPR-LEAF-SPRING-SEAT,Nissan vehicles – YD25 engine - PAD ASSY-RR SPR (Leaf spring seat),stock,1,200853.00,36154.00,237007.00,0.00,ready,ready,
137,Nissan vehicles – YD25 engine,Nissan vehicles – YD25 engine ARM ASSY FR SPR (Anchor arm),ARM ASSY FR SPR (Anchor arm),Suspension & Steering System,Auto Parts,PC,PCS,ASM-NISSAN-VEHICLES-YD25-ENGINE-ARM-ASSY-FR-SPR-ANCHOR-ARM,Nissan vehicles – YD25 engine - ARM ASSY FR SPR (Anchor arm),stock,1,252310.00,45416.00,297726.00,0.00,ready,ready,
138,Nissan vehicles – YD25 engine,Nissan vehicles – YD25 engine ARM ASSY ANCHOR (Anchor arm),ARM ASSY ANCHOR (Anchor arm),Suspension & Steering System,Auto Parts,PC,PCS,ASM-NISSAN-VEHICLES-YD25-ENGINE-ARM-ASSY-ANCHOR-ANCHOR-ARM,Nissan vehicles – YD25 engine - ARM ASSY ANCHOR (Anchor arm),stock,1,260802.00,46944.00,307747.00,-1.00,ready,ready,
139,Nissan vehicles – YD25 engine,Nissan vehicles – YD25 engine PULLEY-PUMP (Power steering pump pulley),PULLEY-PUMP (Power steering pump pulley),Suspension & Steering System,Auto Parts,PC,PCS,ASM-NISSAN-VEHICLES-YD25-ENGINE-PULLEY-PUMP-POWER-STEERING-PUMP-PULLEY,Nissan vehicles – YD25 engine - PULLEY-PUMP (Power steering pump pulley),stock,1,751133.00,135204.00,886337.00,0.00,ready,ready,
140,Nissan vehicles – YD25 engine,Nissan vehicles – YD25 engine Power Pump assy (Steering pump),Power Pump assy (Steering pump),Suspension & Steering System,Auto Parts,PC,PCS,ASM-NISSAN-VEHICLES-YD25-ENGINE-POWER-PUMP-ASSY-STEERING-PUMP,Nissan vehicles – YD25 engine - Power Pump assy (Steering pump),stock,1,3701495.00,666269.00,4367764.00,0.00,ready,ready,
141,Nissan vehicles – YD25 engine,Nissan vehicles – YD25 engine ArmKit-Pitman+- (Pitman arm),ArmKit-Pitman+- (Pitman arm),Suspension & Steering System,Auto Parts,PC,PCS,ASM-NISSAN-VEHICLES-YD25-ENGINE-ARMKIT-PITMAN-PITMAN-ARM,Nissan vehicles – YD25 engine - ArmKit-Pitman+- (Pitman arm),stock,1,649528.00,116915.00,766443.00,0.00,ready,ready,
142,Nissan vehicles – YD25 engine,Nissan vehicles – YD25 engine Idler Kit **tel (Idler arm),Idler Kit **tel (Idler arm),Suspension & Steering System,Auto Parts,PC,PCS,ASM-NISSAN-VEHICLES-YD25-ENGINE-IDLER-KIT-TEL-IDLER-ARM,Nissan vehicles – YD25 engine - Idler Kit **tel (Idler arm),stock,1,908796.00,163583.00,1072380.00,-1.00,ready,ready,
143,Nissan vehicles – YD25 engine,Nissan vehicles – YD25 engine COLUMN ASSY-STE (steering column),COLUMN ASSY-STE (steering column),Suspension & Steering System,Auto Parts,PC,PCS,ASM-NISSAN-VEHICLES-YD25-ENGINE-COLUMN-ASSY-STE-STEERING-COLUMN,Nissan vehicles – YD25 engine - COLUMN ASSY-STE (steering column),stock,1,3747209.00,674498.00,4421707.00,0.00,ready,ready,
144,Nissan vehicles – YD25 engine,Nissan vehicles – YD25 engine WHEEL ASSY-STEE (Steering wheel),WHEEL ASSY-STEE (Steering wheel),Suspension & Steering System,Auto Parts,PC,PCS,ASM-NISSAN-VEHICLES-YD25-ENGINE-WHEEL-ASSY-STEE-STEERING-WHEEL,Nissan vehicles – YD25 engine - WHEEL ASSY-STEE (Steering wheel),stock,1,6429623.00,1157332.00,7586956.00,-1.00,ready,ready,
145,Nissan vehicles – YD25 engine,Nissan vehicles – YD25 engine Transfer case seal,Transfer case seal,Suspension & Steering System,Auto Parts,PC,PCS,ASM-NISSAN-VEHICLES-YD25-ENGINE-TRANSFER-CASE-SEAL,Nissan vehicles – YD25 engine - Transfer case seal,stock,1,219473.00,39505.00,258978.00,0.00,ready,ready,
146,Nissan vehicles – YD25 engine,Nissan vehicles – YD25 engine BRNG. Kit Centr (Center bearing),BRNG. Kit Centr (Center bearing),Transmission System,Auto Parts,PC,PCS,ASM-NISSAN-VEHICLES-YD25-ENGINE-BRNG-KIT-CENTR-CENTER-BEARING,Nissan vehicles – YD25 engine - BRNG. Kit Centr (Center bearing),stock,1,635332.00,114360.00,749691.00,1.00,ready,ready,
147,Nissan vehicles – YD25 engine,Nissan vehicles – YD25 engine Clutch Disc (Clutch plate),Clutch Disc (Clutch plate),Transmission System,Auto Parts,PC,PCS,ASM-NISSAN-VEHICLES-YD25-ENGINE-CLUTCH-DISC-CLUTCH-PLATE,Nissan vehicles – YD25 engine - Clutch Disc (Clutch plate),stock,1,1663745.00,299474.00,1963219.00,0.00,ready,ready,
148,Nissan vehicles – YD25 engine,Nissan vehicles – YD25 engine Cover-Clutch (Pressure plate),Cover-Clutch (Pressure plate),Transmission System,Auto Parts,PC,PCS,ASM-NISSAN-VEHICLES-YD25-ENGINE-COVER-CLUTCH-PRESSURE-PLATE,Nissan vehicles – YD25 engine - Cover-Clutch (Pressure plate),stock,1,1781735.00,320712.00,2102447.00,0.00,ready,ready,
149,Nissan vehicles – YD25 engine,Nissan vehicles – YD25 engine Bearing Clutch (Release bearing),Bearing Clutch (Release bearing),Transmission System,Auto Parts,PC,PCS,ASM-NISSAN-VEHICLES-YD25-ENGINE-BEARING-CLUTCH-RELEASE-BEARING,Nissan vehicles – YD25 engine - Bearing Clutch (Release bearing),stock,1,575800.00,103644.00,679444.00,0.00,ready,ready,
150,Nissan vehicles – YD25 engine,Nissan vehicles – YD25 engine Spring-return (Return spring),Spring-return (Return spring),Transmission System,Auto Parts,PC,PCS,ASM-NISSAN-VEHICLES-YD25-ENGINE-SPRING-RETURN-RETURN-SPRING,Nissan vehicles – YD25 engine - Spring-return (Return spring),stock,1,11504.00,2071.00,13574.00,1.00,ready,ready,
151,Nissan vehicles – YD25 engine,Nissan vehicles – YD25 engine Pedal Assy Clut (Clutch pedal assembly),Pedal Assy Clut (Clutch pedal assembly),Transmission System,Auto Parts,PC,PCS,ASM-NISSAN-VEHICLES-YD25-ENGINE-PEDAL-ASSY-CLUT-CLUTCH-PEDAL-ASSEMBLY,Nissan vehicles – YD25 engine - Pedal Assy Clut (Clutch pedal assembly),stock,1,1186209.00,213518.00,1399726.00,1.00,ready,ready,
152,Nissan vehicles – YD25 engine,Nissan vehicles – YD25 engine TRANSMISSION (Gearbox assembly),TRANSMISSION (Gearbox assembly),Transmission System,Auto Parts,PC,PCS,ASM-NISSAN-VEHICLES-YD25-ENGINE-TRANSMISSION-GEARBOX-ASSEMBLY,Nissan vehicles – YD25 engine - TRANSMISSION (Gearbox assembly),stock,1,26388429.00,4749917.00,31138346.00,0.00,ready,ready,
153,Nissan vehicles – YD25 engine,Nissan vehicles – YD25 engine RR EXC BRAKES A (,RR EXC BRAKES A (,Transmission System,Auto Parts,PC,PCS,ASM-NISSAN-VEHICLES-YD25-ENGINE-RR-EXC-BRAKES-A,Nissan vehicles – YD25 engine - RR EXC BRAKES A (,stock,1,55282061.00,9950771.00,65232832.00,0.00,ready,ready,
154,Nissan vehicles – YD25 engine,Nissan vehicles – YD25 engine SFT-RR AXLE RH (Differential shaft RH),SFT-RR AXLE RH (Differential shaft RH),Transmission System,Auto Parts,PC,PCS,ASM-NISSAN-VEHICLES-YD25-ENGINE-SFT-RR-AXLE-RH-DIFFERENTIAL-SHAFT-RH,Nissan vehicles – YD25 engine - SFT-RR AXLE RH (Differential shaft RH),stock,1,3619530.00,651515.00,4271045.00,0.00,ready,ready,
155,Nissan vehicles – YD25 engine,Nissan vehicles – YD25 engine SFT-RR Axle (Differential shaft LH),SFT-RR Axle (Differential shaft LH),Transmission System,Auto Parts,PC,PCS,ASM-NISSAN-VEHICLES-YD25-ENGINE-SFT-RR-AXLE-DIFFERENTIAL-SHAFT-LH,Nissan vehicles – YD25 engine - SFT-RR Axle (Differential shaft LH),stock,1,1362091.00,245176.00,1607267.00,0.00,ready,ready,
156,Nissan vehicles – YD25 engine,Nissan vehicles – YD25 engine Seal - Grease R (Grease seal),Seal - Grease R (Grease seal),Transmission System,Auto Parts,PC,PCS,ASM-NISSAN-VEHICLES-YD25-ENGINE-SEAL-GREASE-R-GREASE-SEAL,Nissan vehicles – YD25 engine - Seal - Grease R (Grease seal),stock,1,88661.00,15959.00,104620.00,0.00,ready,ready,
157,Nissan vehicles – YD25 engine,Nissan vehicles – YD25 engine BRG Assy - Tape,BRG Assy - Tape,Transmission System,Auto Parts,Set,Set,ASM-NISSAN-VEHICLES-YD25-ENGINE-BRG-ASSY-TAPE,Nissan vehicles – YD25 engine - BRG Assy - Tape,stock,1,546295.00,98333.00,644629.00,-1.00,ready,ready,
158,Nissan vehicles – YD25 engine,Nissan vehicles – YD25 engine FLYWHELL ASSY,FLYWHELL ASSY,Transmission System,Auto Parts,PC,PCS,ASM-NISSAN-VEHICLES-YD25-ENGINE-FLYWHELL-ASSY,Nissan vehicles – YD25 engine - FLYWHELL ASSY,stock,1,6669720.00,1200550.00,7870269.00,1.00,ready,ready,
159,Nissan vehicles – YD25 engine,Nissan vehicles – YD25 engine Seal (Transfer case seal),Seal (Transfer case seal),Transmission System,Auto Parts,PC,PCS,ASM-NISSAN-VEHICLES-YD25-ENGINE-SEAL-TRANSFER-CASE-SEAL,Nissan vehicles – YD25 engine - Seal (Transfer case seal),stock,1,36774.00,6619.00,43393.00,0.00,ready,ready,
160,Nissan vehicles – YD25 engine,Nissan vehicles – YD25 engine INSULATOR-ENGIN (Gearbox mountings),INSULATOR-ENGIN (Gearbox mountings),Transmission System,Auto Parts,Set,Set,ASM-NISSAN-VEHICLES-YD25-ENGINE-INSULATOR-ENGIN-GEARBOX-MOUNTINGS,Nissan vehicles – YD25 engine - INSULATOR-ENGIN (Gearbox mountings),stock,1,602485.00,108447.00,710932.00,0.00,ready,ready,
161,Nissan vehicles – YD25 engine,"Nissan vehicles – YD25 engine Case Transfer F (Transfer case, front)","Case Transfer F (Transfer case, front)",Transmission System,Auto Parts,PC,PCS,ASM-NISSAN-VEHICLES-YD25-ENGINE-CASE-TRANSFER-F-TRANSFER-CASE-FRONT,"Nissan vehicles – YD25 engine - Case Transfer F (Transfer case, front)",stock,1,2877132.00,517884.00,3395016.00,0.00,ready,ready,
162,Nissan vehicles – YD25 engine,"Nissan vehicles – YD25 engine Case (Transfer case, center)","Case (Transfer case, center)",Transmission System,Auto Parts,PC,PCS,ASM-NISSAN-VEHICLES-YD25-ENGINE-CASE-TRANSFER-CASE-CENTER,"Nissan vehicles – YD25 engine - Case (Transfer case, center)",stock,1,3053407.00,549613.00,3603020.00,0.00,ready,ready,
163,Nissan vehicles – YD25 engine,Nissan vehicles – YD25 engine CASE-TRANSFER (Differential case),CASE-TRANSFER (Differential case),Transmission System,Auto Parts,PC,PCS,ASM-NISSAN-VEHICLES-YD25-ENGINE-CASE-TRANSFER-DIFFERENTIAL-CASE,Nissan vehicles – YD25 engine - CASE-TRANSFER (Differential case),stock,1,3777249.00,679905.00,4457154.00,0.00,ready,ready,
164,Nissan vehicles – YD25 engine,Nissan vehicles – YD25 engine High gear cover,High gear cover,Transmission System,Auto Parts,PC,PCS,ASM-NISSAN-VEHICLES-YD25-ENGINE-HIGH-GEAR-COVER,Nissan vehicles – YD25 engine - High gear cover,stock,1,4190305.00,754255.00,4944559.00,1.00,ready,ready,
165,Nissan vehicles – YD25 engine,Nissan vehicles – YD25 engine Cross bearing,Cross bearing,Transmission System,Auto Parts,PC,PCS,ASM-NISSAN-VEHICLES-YD25-ENGINE-CROSS-BEARING,Nissan vehicles – YD25 engine - Cross bearing,stock,1,520981.00,93777.00,614758.00,0.00,ready,ready,
166,Nissan vehicles – YD25 engine,Nissan vehicles – YD25 engine Alloy Wheel (Rim),Alloy Wheel (Rim),Transmission System,Auto Parts,PC,PCS,ASM-NISSAN-VEHICLES-YD25-ENGINE-ALLOY-WHEEL-RIM,Nissan vehicles – YD25 engine - Alloy Wheel (Rim),stock,1,7871023.00,1416784.00,9287807.00,0.00,ready,ready,
167,Nissan vehicles – YD25 engine,Nissan vehicles – YD25 engine Tyre repair (per tyre),Tyre repair (per tyre),Transmission System,Auto Parts,PC,PCS,ASM-NISSAN-VEHICLES-YD25-ENGINE-TYRE-REPAIR-PER-TYRE,Nissan vehicles – YD25 engine - Tyre repair (per tyre),stock,1,39671.00,7141.00,46812.00,0.00,ready,ready,
168,Nissan vehicles – YD25 engine,Nissan vehicles – YD25 engine WRENCH WHL NUT (Wheel spanner),WRENCH WHL NUT (Wheel spanner),Transmission System,Auto Parts,PC,PCS,ASM-NISSAN-VEHICLES-YD25-ENGINE-WRENCH-WHL-NUT-WHEEL-SPANNER,Nissan vehicles – YD25 engine - WRENCH WHL NUT (Wheel spanner),stock,1,78523.00,14134.00,92657.00,0.00,ready,ready,
169,Nissan vehicles – YD25 engine,"Nissan vehicles – YD25 engine WHEEL BOLT (Wheel stud, front)","WHEEL BOLT (Wheel stud, front)",Transmission System,Auto Parts,PC,PCS,ASM-NISSAN-VEHICLES-YD25-ENGINE-WHEEL-BOLT-WHEEL-STUD-FRONT,"Nissan vehicles – YD25 engine - WHEEL BOLT (Wheel stud, front)",stock,1,153754.00,27676.00,181430.00,0.00,ready,ready,
170,Nissan vehicles – YD25 engine,"Nissan vehicles – YD25 engine BOLT-HUB (Wheel stud,rear)","BOLT-HUB (Wheel stud,rear)",Transmission System,Auto Parts,PC,PCS,ASM-NISSAN-VEHICLES-YD25-ENGINE-BOLT-HUB-WHEEL-STUD-REAR,"Nissan vehicles – YD25 engine - BOLT-HUB (Wheel stud,rear)",stock,1,170813.00,30746.00,201560.00,-1.00,ready,ready,
171,Nissan vehicles – YD25 engine,Nissan vehicles – YD25 engine Compressor (AC pump),Compressor (AC pump),Air Conditioning System,Auto Parts,PC,PCS,ASM-NISSAN-VEHICLES-YD25-ENGINE-COMPRESSOR-AC-PUMP,Nissan vehicles – YD25 engine - Compressor (AC pump),stock,1,8446667.00,1520400.00,9967067.00,0.00,ready,ready,
172,Nissan vehicles – YD25 engine,Nissan vehicles – YD25 engine Pipe Assy-Fr cooler High (Condenser),Pipe Assy-Fr cooler High (Condenser),Air Conditioning System,Auto Parts,PC,PCS,ASM-NISSAN-VEHICLES-YD25-ENGINE-PIPE-ASSY-FR-COOLER-HIGH-CONDENSER,Nissan vehicles – YD25 engine - Pipe Assy-Fr cooler High (Condenser),stock,1,1215127.00,218723.00,1433849.00,1.00,ready,ready,
173,Nissan vehicles – YD25 engine,Nissan vehicles – YD25 engine VALVE-EXPANSION (Expansion valve),VALVE-EXPANSION (Expansion valve),Air Conditioning System,Auto Parts,PC,PCS,ASM-NISSAN-VEHICLES-YD25-ENGINE-VALVE-EXPANSION-EXPANSION-VALVE,Nissan vehicles – YD25 engine - VALVE-EXPANSION (Expansion valve),stock,1,856086.00,154095.00,1010181.00,0.00,ready,ready,
174,Nissan vehicles – YD25 engine,Nissan vehicles – YD25 engine Evaporator Assy (Ac evaporator),Evaporator Assy (Ac evaporator),Air Conditioning System,Auto Parts,PC,PCS,ASM-NISSAN-VEHICLES-YD25-ENGINE-EVAPORATOR-ASSY-AC-EVAPORATOR,Nissan vehicles – YD25 engine - Evaporator Assy (Ac evaporator),stock,1,6217042.00,1119068.00,7336110.00,0.00,ready,ready,
175,Nissan vehicles – YD25 engine,Nissan vehicles – YD25 engine RELAY-LIGHT (AC relay),RELAY-LIGHT (AC relay),Air Conditioning System,Auto Parts,PC,PCS,ASM-NISSAN-VEHICLES-YD25-ENGINE-RELAY-LIGHT-AC-RELAY,Nissan vehicles – YD25 engine - RELAY-LIGHT (AC relay),stock,1,169897.00,30581.00,200478.00,0.00,ready,ready,
176,Nissan vehicles – YD25 engine,Nissan vehicles – YD25 engine CONT ASSY-AIR C (AC selector knob assy),CONT ASSY-AIR C (AC selector knob assy),Air Conditioning System,Auto Parts,PC,PCS,ASM-NISSAN-VEHICLES-YD25-ENGINE-CONT-ASSY-AIR-C-AC-SELECTOR-KNOB-ASSY,Nissan vehicles – YD25 engine - CONT ASSY-AIR C (AC selector knob assy),stock,1,1460385.00,262869.00,1723255.00,-1.00,ready,ready,
177,Nissan vehicles – YD25 engine,Nissan vehicles – YD25 engine Ac gas,Ac gas,Air Conditioning System,Auto Parts,Gram,Gram,ASM-NISSAN-VEHICLES-YD25-ENGINE-AC-GAS,Nissan vehicles – YD25 engine - Ac gas,stock,1,460.00,83.00,543.00,0.00,ready,ready,
178,Nissan vehicles – YD25 engine,Nissan vehicles – YD25 engine single wiper blade 19 (Wiper balde),single wiper blade 19 (Wiper balde),Wiper System,Auto Parts,PC,PCS,ASM-NISSAN-VEHICLES-YD25-ENGINE-SINGLE-WIPER-BLADE-19-WIPER-BALDE,Nissan vehicles – YD25 engine - single wiper blade 19 (Wiper balde),stock,1,137855.00,24814.00,162669.00,0.00,ready,ready,
179,Nissan vehicles – YD25 engine,Nissan vehicles – YD25 engine MOTOR A-WIPER (Wiper motor),MOTOR A-WIPER (Wiper motor),Wiper System,Auto Parts,PC,PCS,ASM-NISSAN-VEHICLES-YD25-ENGINE-MOTOR-A-WIPER-WIPER-MOTOR,Nissan vehicles – YD25 engine - MOTOR A-WIPER (Wiper motor),stock,1,2054079.00,369734.00,2423813.00,0.00,ready,ready,
180,Nissan vehicles – YD25 engine,Nissan vehicles – YD25 engine Wiper Arm,Wiper Arm,Wiper System,Auto Parts,PC,PCS,ASM-NISSAN-VEHICLES-YD25-ENGINE-WIPER-ARM,Nissan vehicles – YD25 engine - Wiper Arm,stock,1,306798.00,55224.00,362021.00,1.00,ready,ready,
181,Nissan vehicles – YD25 engine,Nissan vehicles – YD25 engine Wiper hose,Wiper hose,Wiper System,Auto Parts,PC,PCS,ASM-NISSAN-VEHICLES-YD25-ENGINE-WIPER-HOSE,Nissan vehicles – YD25 engine - Wiper hose,stock,1,365507.00,65791.00,431298.00,0.00,ready,ready,
182,Nissan vehicles – YD25 engine,Nissan vehicles – YD25 engine Bulb Head Lamp,Bulb Head Lamp,Electrical System,Auto Parts,PC,PCS,ASM-NISSAN-VEHICLES-YD25-ENGINE-BULB-HEAD-LAMP,Nissan vehicles – YD25 engine - Bulb Head Lamp,stock,1,478064.00,86052.00,564116.00,0.00,ready,ready,
183,Nissan vehicles – YD25 engine,Nissan vehicles – YD25 engine LAMP ASSY-LH (Headlamp LHS),LAMP ASSY-LH (Headlamp LHS),Electrical System,Auto Parts,PC,PCS,ASM-NISSAN-VEHICLES-YD25-ENGINE-LAMP-ASSY-LH-HEADLAMP-LHS,Nissan vehicles – YD25 engine - LAMP ASSY-LH (Headlamp LHS),stock,1,1124632.00,202434.00,1327066.00,0.00,ready,ready,
184,Nissan vehicles – YD25 engine,Nissan vehicles – YD25 engine LAMP ASSY-HEAD (Headlamp RHS),LAMP ASSY-HEAD (Headlamp RHS),Electrical System,Auto Parts,PC,PCS,ASM-NISSAN-VEHICLES-YD25-ENGINE-LAMP-ASSY-HEAD-HEADLAMP-RHS,Nissan vehicles – YD25 engine - LAMP ASSY-HEAD (Headlamp RHS),stock,1,1124632.00,202434.00,1327066.00,0.00,ready,ready,
185,Nissan vehicles – YD25 engine,Nissan vehicles – YD25 engine Plug-glow (Glow plugs),Plug-glow (Glow plugs),Electrical System,Auto Parts,Set,Set,ASM-NISSAN-VEHICLES-YD25-ENGINE-PLUG-GLOW-GLOW-PLUGS,Nissan vehicles – YD25 engine - Plug-glow (Glow plugs),stock,1,1659499.00,298710.00,1958209.00,0.00,ready,ready,
186,Nissan vehicles – YD25 engine,Nissan vehicles – YD25 engine Bulb 12V5W (Parking bulb),Bulb 12V5W (Parking bulb),Electrical System,Auto Parts,PC,PCS,ASM-NISSAN-VEHICLES-YD25-ENGINE-BULB-12V5W-PARKING-BULB,Nissan vehicles – YD25 engine - Bulb 12V5W (Parking bulb),stock,1,27337.00,4921.00,32258.00,0.00,ready,ready,
187,Nissan vehicles – YD25 engine,Nissan vehicles – YD25 engine Double filament round based (Brake bulb),Double filament round based (Brake bulb),Electrical System,Auto Parts,PC,PCS,ASM-NISSAN-VEHICLES-YD25-ENGINE-DOUBLE-FILAMENT-ROUND-BASED-BRAKE-BULB,Nissan vehicles – YD25 engine - Double filament round based (Brake bulb),stock,1,98968.00,17814.00,116782.00,0.00,ready,ready,
188,Nissan vehicles – YD25 engine,"Nissan vehicles – YD25 engine BULB (Brake bulb, single filament)","BULB (Brake bulb, single filament)",Electrical System,Auto Parts,PC,PCS,ASM-NISSAN-VEHICLES-YD25-ENGINE-BULB-BRAKE-BULB-SINGLE-FILAMENT,"Nissan vehicles – YD25 engine - BULB (Brake bulb, single filament)",stock,1,8081.00,1454.00,9535.00,0.00,ready,ready,
189,Nissan vehicles – YD25 engine,Nissan vehicles – YD25 engine BODY-COMB SW (Spiral cable),BODY-COMB SW (Spiral cable),Electrical System,Auto Parts,PC,PCS,ASM-NISSAN-VEHICLES-YD25-ENGINE-BODY-COMB-SW-SPIRAL-CABLE,Nissan vehicles – YD25 engine - BODY-COMB SW (Spiral cable),stock,1,190827.00,34349.00,225176.00,0.00,ready,ready,
190,Nissan vehicles – YD25 engine,Nissan vehicles – YD25 engine Fuse-mini 10A,Fuse-mini 10A,Electrical System,Auto Parts,PC,PCS,ASM-NISSAN-VEHICLES-YD25-ENGINE-FUSE-MINI-10A,Nissan vehicles – YD25 engine - Fuse-mini 10A,stock,1,2263.00,407.00,2671.00,-1.00,ready,ready,
191,Nissan vehicles – YD25 engine,Nissan vehicles – YD25 engine Fuse-mini 15AM,Fuse-mini 15AM,Electrical System,Auto Parts,PC,PCS,ASM-NISSAN-VEHICLES-YD25-ENGINE-FUSE-MINI-15AM,Nissan vehicles – YD25 engine - Fuse-mini 15AM,stock,1,11597.00,2087.00,13685.00,-1.00,ready,ready,
192,Nissan vehicles – YD25 engine,Nissan vehicles – YD25 engine Fuse-mini,Fuse-mini,Electrical System,Auto Parts,PC,PCS,ASM-NISSAN-VEHICLES-YD25-ENGINE-FUSE-MINI,Nissan vehicles – YD25 engine - Fuse-mini,stock,1,11597.00,2087.00,13685.00,-1.00,ready,ready,
193,Nissan vehicles – YD25 engine,Nissan vehicles – YD25 engine ALTERNATOR ASSY,ALTERNATOR ASSY,Electrical System,Auto Parts,PC,PCS,ASM-NISSAN-VEHICLES-YD25-ENGINE-ALTERNATOR-ASSY,Nissan vehicles – YD25 engine - ALTERNATOR ASSY,stock,1,4620239.00,831643.00,5451882.00,0.00,ready,ready,
194,Nissan vehicles – YD25 engine,Nissan vehicles – YD25 engine LAMP ASSY-FOG L,LAMP ASSY-FOG L,Electrical System,Auto Parts,PC,PCS,ASM-NISSAN-VEHICLES-YD25-ENGINE-LAMP-ASSY-FOG-L,Nissan vehicles – YD25 engine - LAMP ASSY-FOG L,stock,1,1633163.00,293969.00,1927132.00,0.00,ready,ready,
195,Nissan vehicles – YD25 engine,"Nissan vehicles – YD25 engine LAMP ASSY-FOG,R","LAMP ASSY-FOG,R",Electrical System,Auto Parts,PC,PCS,ASM-NISSAN-VEHICLES-YD25-ENGINE-LAMP-ASSY-FOG-R,"Nissan vehicles – YD25 engine - LAMP ASSY-FOG,R",stock,1,1633163.00,293969.00,1927132.00,0.00,ready,ready,
196,Nissan vehicles – YD25 engine,Nissan vehicles – YD25 engine Bulb-fog Lamp,Bulb-fog Lamp,Electrical System,Auto Parts,Set,Set,ASM-NISSAN-VEHICLES-YD25-ENGINE-BULB-FOG-LAMP,Nissan vehicles – YD25 engine - Bulb-fog Lamp,stock,1,313083.00,56355.00,369438.00,0.00,ready,ready,
197,Nissan vehicles – YD25 engine,"Nissan vehicles – YD25 engine SW-AUTO-POWER-W (Power window switch, main)","SW-AUTO-POWER-W (Power window switch, main)",Electrical System,Auto Parts,PC,PCS,ASM-NISSAN-VEHICLES-YD25-ENGINE-SW-AUTO-POWER-W-POWER-WINDOW-SWITCH-MAIN,"Nissan vehicles – YD25 engine - SW-AUTO-POWER-W (Power window switch, main)",stock,1,1150389.00,207070.00,1357459.00,0.00,ready,ready,
198,Nissan vehicles – YD25 engine,"Nissan vehicles – YD25 engine SITCH ASSY (Power window switch, rear)","SITCH ASSY (Power window switch, rear)",Electrical System,Auto Parts,Set,Set,ASM-NISSAN-VEHICLES-YD25-ENGINE-SITCH-ASSY-POWER-WINDOW-SWITCH-REAR,"Nissan vehicles – YD25 engine - SITCH ASSY (Power window switch, rear)",stock,1,794472.00,143005.00,937477.00,0.00,ready,ready,
199,Nissan vehicles – YD25 engine,"Nissan vehicles – YD25 engine SW ASSY-P/WINDW (Power window switch, co- driver's door)","SW ASSY-P/WINDW (Power window switch, co- driver's door)",Electrical System,Auto Parts,PC,PCS,ASM-NISSAN-VEHICLES-YD25-ENGINE-SW-ASSY-P-WINDW-POWER-WINDOW-SWITCH-CO-DRIVER-S-DOOR,"Nissan vehicles – YD25 engine - SW ASSY-P/WINDW (Power window switch, co- driver's door)",stock,1,543639.00,97855.00,641494.00,0.00,ready,ready,
200,Nissan vehicles – YD25 engine,Nissan vehicles – YD25 engine Regulator Assy- (Driver's door regulator),Regulator Assy- (Driver's door regulator),Electrical System,Auto Parts,PC,PCS,ASM-NISSAN-VEHICLES-YD25-ENGINE-REGULATOR-ASSY-DRIVER-S-DOOR-REGULATOR,Nissan vehicles – YD25 engine - Regulator Assy- (Driver's door regulator),stock,1,611295.00,110033.00,721328.00,0.00,ready,ready,
201,Nissan vehicles – YD25 engine,Nissan vehicles – YD25 engine REGULATOR-DOOR (Co-driver's door regulator),REGULATOR-DOOR (Co-driver's door regulator),Electrical System,Auto Parts,PC,PCS,ASM-NISSAN-VEHICLES-YD25-ENGINE-REGULATOR-DOOR-CO-DRIVER-S-DOOR-REGULATOR,Nissan vehicles – YD25 engine - REGULATOR-DOOR (Co-driver's door regulator),stock,1,561652.00,101097.00,662750.00,-1.00,ready,ready,
202,Nissan vehicles – YD25 engine,"Nissan vehicles – YD25 engine Door regulator (Window regulator, rear door)","Door regulator (Window regulator, rear door)",Electrical System,Auto Parts,PC,PCS,ASM-NISSAN-VEHICLES-YD25-ENGINE-DOOR-REGULATOR-WINDOW-REGULATOR-REAR-DOOR,"Nissan vehicles – YD25 engine - Door regulator (Window regulator, rear door)",stock,1,611295.00,110033.00,721328.00,0.00,ready,ready,
203,Nissan vehicles – YD25 engine,Nissan vehicles – YD25 engine Starter Motor,Starter Motor,Electrical System,Auto Parts,PC,PCS,ASM-NISSAN-VEHICLES-YD25-ENGINE-STARTER-MOTOR,Nissan vehicles – YD25 engine - Starter Motor,stock,1,4709857.00,847774.00,5557632.00,-1.00,ready,ready,
204,Nissan vehicles – YD25 engine,Nissan vehicles – YD25 engine Lamp Assy Rr.** (Tail lamp RHS),Lamp Assy Rr.** (Tail lamp RHS),Electrical System,Auto Parts,PC,PCS,ASM-NISSAN-VEHICLES-YD25-ENGINE-LAMP-ASSY-RR-TAIL-LAMP-RHS,Nissan vehicles – YD25 engine - Lamp Assy Rr.** (Tail lamp RHS),stock,1,774252.00,139365.00,913617.00,0.00,ready,ready,
205,Nissan vehicles – YD25 engine,Nissan vehicles – YD25 engine Lamp Assy Rr.** (Tail lamp LHS),Lamp Assy Rr.** (Tail lamp LHS),Electrical System,Auto Parts,PC,PCS,ASM-NISSAN-VEHICLES-YD25-ENGINE-LAMP-ASSY-RR-TAIL-LAMP-LHS,Nissan vehicles – YD25 engine - Lamp Assy Rr.** (Tail lamp LHS),stock,1,819256.00,147466.00,966722.00,0.00,ready,ready,
206,Nissan vehicles – YD25 engine,Nissan vehicles – YD25 engine 70 Amp Maintenance free battery,70 Amp Maintenance free battery,Electrical System,Auto Parts,PC,PCS,ASM-NISSAN-VEHICLES-YD25-ENGINE-70-AMP-MAINTENANCE-FREE-BATTERY,Nissan vehicles – YD25 engine - 70 Amp Maintenance free battery,stock,1,709716.00,127749.00,837465.00,0.00,ready,ready,
207,Nissan vehicles – YD25 engine,Nissan vehicles – YD25 engine Radio,Radio,Electrical System,Auto Parts,PC,PCS,ASM-NISSAN-VEHICLES-YD25-ENGINE-RADIO,Nissan vehicles – YD25 engine - Radio,stock,1,2226774.00,400819.00,2627594.00,-1.00,ready,ready,
208,Nissan vehicles – YD25 engine,"Nissan vehicles – YD25 engine Mirror Assy DR (Side mirror, complete)","Mirror Assy DR (Side mirror, complete)",Electrical System,Auto Parts,PC,PCS,ASM-NISSAN-VEHICLES-YD25-ENGINE-MIRROR-ASSY-DR-SIDE-MIRROR-COMPLETE,"Nissan vehicles – YD25 engine - Mirror Assy DR (Side mirror, complete)",stock,1,1195823.00,215248.00,1411071.00,0.00,ready,ready,
209,Nissan vehicles – YD25 engine,Nissan vehicles – YD25 engine GLASS-FR WIND (Windscreen),GLASS-FR WIND (Windscreen),Electrical System,Auto Parts,PC,PCS,ASM-NISSAN-VEHICLES-YD25-ENGINE-GLASS-FR-WIND-WINDSCREEN,Nissan vehicles – YD25 engine - GLASS-FR WIND (Windscreen),stock,1,1592520.00,286654.00,1879174.00,0.00,ready,ready,
210,Nissan vehicles – YD25 engine,Nissan vehicles – YD25 engine Rubber Sealant,Rubber Sealant,Electrical System,Auto Parts,PC,PCS,ASM-NISSAN-VEHICLES-YD25-ENGINE-RUBBER-SEALANT,Nissan vehicles – YD25 engine - Rubber Sealant,stock,1,162396.00,29231.00,191627.00,0.00,ready,ready,
211,Nissan vehicles – YD25 engine,Nissan vehicles – YD25 engine MLDG WS UPPER (Upper windscreen molding),MLDG WS UPPER (Upper windscreen molding),Electrical System,Auto Parts,PC,PCS,ASM-NISSAN-VEHICLES-YD25-ENGINE-MLDG-WS-UPPER-UPPER-WINDSCREEN-MOLDING,Nissan vehicles – YD25 engine - MLDG WS UPPER (Upper windscreen molding),stock,1,178333.00,32100.00,210432.00,1.00,ready,ready,
212,Nissan vehicles – YD25 engine,Nissan vehicles – YD25 engine RUBBER-DUMDum rubber,RUBBER-DUMDum rubber,Electrical System,Auto Parts,PC,PCS,ASM-NISSAN-VEHICLES-YD25-ENGINE-RUBBER-DUMDUM-RUBBER,Nissan vehicles – YD25 engine - RUBBER-DUMDum rubber,stock,1,813532.00,146436.00,959968.00,0.00,ready,ready,
213,Nissan vehicles – YD25 engine,Nissan vehicles – YD25 engine MUD FLAP-FRONT,MUD FLAP-FRONT,Electrical System,Auto Parts,PC,PCS,ASM-NISSAN-VEHICLES-YD25-ENGINE-MUD-FLAP-FRONT,Nissan vehicles – YD25 engine - MUD FLAP-FRONT,stock,1,467230.00,84101.00,551331.00,0.00,ready,ready,
214,Nissan vehicles – YD25 engine,Nissan vehicles – YD25 engine MUD GUARD-RR RH,MUD GUARD-RR RH,Electrical System,Auto Parts,PC,PCS,ASM-NISSAN-VEHICLES-YD25-ENGINE-MUD-GUARD-RR-RH,Nissan vehicles – YD25 engine - MUD GUARD-RR RH,stock,1,884630.00,159233.00,1043863.00,0.00,ready,ready,
215,Nissan vehicles – YD25 engine,Nissan vehicles – YD25 engine MUD GUARD-RR LH,MUD GUARD-RR LH,Electrical System,Auto Parts,PC,PCS,ASM-NISSAN-VEHICLES-YD25-ENGINE-MUD-GUARD-RR-LH,Nissan vehicles – YD25 engine - MUD GUARD-RR LH,stock,1,884630.00,159233.00,1043863.00,0.00,ready,ready,
216,Nissan vehicles – YD25 engine,Nissan vehicles – YD25 engine GLASS FR DR LH,GLASS FR DR LH,Electrical System,Auto Parts,PC,PCS,ASM-NISSAN-VEHICLES-YD25-ENGINE-GLASS-FR-DR-LH,Nissan vehicles – YD25 engine - GLASS FR DR LH,stock,1,2266959.00,408053.00,2675012.00,0.00,ready,ready,
217,Nissan vehicles – YD25 engine,Nissan vehicles – YD25 engine GLASS FR DR RH,GLASS FR DR RH,Electrical System,Auto Parts,PC,PCS,ASM-NISSAN-VEHICLES-YD25-ENGINE-GLASS-FR-DR-RH,Nissan vehicles – YD25 engine - GLASS FR DR RH,stock,1,2645191.00,476134.00,3121326.00,-1.00,ready,ready,
218,Nissan vehicles – YD25 engine,Nissan vehicles – YD25 engine glaSS RR DR LH,glaSS RR DR LH,Electrical System,Auto Parts,PC,PCS,ASM-NISSAN-VEHICLES-YD25-ENGINE-GLASS-RR-DR-LH,Nissan vehicles – YD25 engine - glaSS RR DR LH,stock,1,957523.00,172354.00,1129877.00,0.00,ready,ready,
219,Nissan vehicles – YD25 engine,Nissan vehicles – YD25 engine GLASS RR DR RH,GLASS RR DR RH,Electrical System,Auto Parts,PC,PCS,ASM-NISSAN-VEHICLES-YD25-ENGINE-GLASS-RR-DR-RH,Nissan vehicles – YD25 engine - GLASS RR DR RH,stock,1,884761.00,159257.00,1044018.00,0.00,ready,ready,
220,Nissan vehicles – YD25 engine,Nissan vehicles – YD25 engine GRILLE-RADIATOR,GRILLE-RADIATOR,Electrical System,Auto Parts,PC,PCS,ASM-NISSAN-VEHICLES-YD25-ENGINE-GRILLE-RADIATOR,Nissan vehicles – YD25 engine - GRILLE-RADIATOR,stock,1,1944375.00,349987.00,2294362.00,0.00,ready,ready,
221,Nissan vehicles – YD25 engine,"Nissan vehicles – YD25 engine Assy- Fr Door outs (Outer door handle, driver's door)","Assy- Fr Door outs (Outer door handle, driver's door)",Electrical System,Auto Parts,PC,PCS,ASM-NISSAN-VEHICLES-YD25-ENGINE-ASSY-FR-DOOR-OUTS-OUTER-DOOR-HANDLE-DRIVER-S-DOOR,"Nissan vehicles – YD25 engine - Assy- Fr Door outs (Outer door handle, driver's door)",stock,1,180184.00,32433.00,212618.00,-1.00,ready,ready,
222,Nissan vehicles – YD25 engine,"Nissan vehicles – YD25 engine HANDLE ASSY-FR (Outer door handle, co- driver's door)","HANDLE ASSY-FR (Outer door handle, co- driver's door)",Electrical System,Auto Parts,PC,PCS,ASM-NISSAN-VEHICLES-YD25-ENGINE-HANDLE-ASSY-FR-OUTER-DOOR-HANDLE-CO-DRIVER-S-DOOR,"Nissan vehicles – YD25 engine - HANDLE ASSY-FR (Outer door handle, co- driver's door)",stock,1,180184.00,32433.00,212618.00,-1.00,ready,ready,
223,Nissan vehicles – YD25 engine,"Nissan vehicles – YD25 engine ASY FR DR INS L (Inner door handle, LH)","ASY FR DR INS L (Inner door handle, LH)",Electrical System,Auto Parts,PC,PCS,ASM-NISSAN-VEHICLES-YD25-ENGINE-ASY-FR-DR-INS-L-INNER-DOOR-HANDLE-LH,"Nissan vehicles – YD25 engine - ASY FR DR INS L (Inner door handle, LH)",stock,1,191519.00,34474.00,225993.00,0.00,ready,ready,
224,Nissan vehicles – YD25 engine,"Nissan vehicles – YD25 engine ASY FR DR INS R (Inner door hande, RH)","ASY FR DR INS R (Inner door hande, RH)",Electrical System,Auto Parts,PC,PCS,ASM-NISSAN-VEHICLES-YD25-ENGINE-ASY-FR-DR-INS-R-INNER-DOOR-HANDE-RH,"Nissan vehicles – YD25 engine - ASY FR DR INS R (Inner door hande, RH)",stock,1,191519.00,34474.00,225993.00,0.00,ready,ready,
225,Nissan vehicles – YD25 engine,Nissan vehicles – YD25 engine Antenna,Antenna,Electrical System,Auto Parts,PC,PCS,ASM-NISSAN-VEHICLES-YD25-ENGINE-ANTENNA,Nissan vehicles – YD25 engine - Antenna,stock,1,612586.00,110265.00,722851.00,0.00,ready,ready,
226,Nissan vehicles – YD25 engine,Nissan vehicles – YD25 engine LOCK ASSY-FR DO (door lock),LOCK ASSY-FR DO (door lock),Electrical System,Auto Parts,PC,PCS,ASM-NISSAN-VEHICLES-YD25-ENGINE-LOCK-ASSY-FR-DO-DOOR-LOCK,Nissan vehicles – YD25 engine - LOCK ASSY-FR DO (door lock),stock,1,779714.00,140348.00,920062.00,0.00,ready,ready,
227,Nissan vehicles – YD25 engine,Nissan vehicles – YD25 engine VAD D22 FRT MOULDED BMPR (Front bumper),VAD D22 FRT MOULDED BMPR (Front bumper),Electrical System,Auto Parts,PC,PCS,ASM-NISSAN-VEHICLES-YD25-ENGINE-VAD-D22-FRT-MOULDED-BMPR-FRONT-BUMPER,Nissan vehicles – YD25 engine - VAD D22 FRT MOULDED BMPR (Front bumper),stock,1,1596314.00,287336.00,1883650.00,0.00,ready,ready,
228,Nissan vehicles – YD25 engine,Nissan vehicles – YD25 engine Reinf assy frnt (Front reinforcement bumper),Reinf assy frnt (Front reinforcement bumper),Electrical System,Auto Parts,PC,PCS,ASM-NISSAN-VEHICLES-YD25-ENGINE-REINF-ASSY-FRNT-FRONT-REINFORCEMENT-BUMPER,Nissan vehicles – YD25 engine - Reinf assy frnt (Front reinforcement bumper),stock,1,1660995.00,298979.00,1959975.00,-1.00,ready,ready,
229,Nissan vehicles – YD25 engine,Nissan vehicles – YD25 engine BUMPER-REAR (Rear bumper),BUMPER-REAR (Rear bumper),Electrical System,Auto Parts,PC,PCS,ASM-NISSAN-VEHICLES-YD25-ENGINE-BUMPER-REAR-REAR-BUMPER,Nissan vehicles – YD25 engine - BUMPER-REAR (Rear bumper),stock,1,2444731.00,440052.00,2884782.00,1.00,ready,ready,
230,Nissan vehicles – YD25 engine,Nissan vehicles – YD25 engine CABLE COMPL HOO (Bonnet cable),CABLE COMPL HOO (Bonnet cable),Electrical System,Auto Parts,PC,PCS,ASM-NISSAN-VEHICLES-YD25-ENGINE-CABLE-COMPL-HOO-BONNET-CABLE,Nissan vehicles – YD25 engine - CABLE COMPL HOO (Bonnet cable),stock,1,256538.00,46177.00,302715.00,0.00,ready,ready,
231,Nissan vehicles – YD25 engine,"Nissan vehicles – YD25 engine Reflector, pair","Reflector, pair",Electrical System,Auto Parts,Set,Set,ASM-NISSAN-VEHICLES-YD25-ENGINE-REFLECTOR-PAIR,"Nissan vehicles – YD25 engine - Reflector, pair",stock,1,89071.00,16033.00,105104.00,0.00,ready,ready,
232,Nissan vehicles – YD25 engine,Nissan vehicles – YD25 engine MIR ASSY INSIDE (Driving mirror),MIR ASSY INSIDE (Driving mirror),Electrical System,Auto Parts,PC,PCS,ASM-NISSAN-VEHICLES-YD25-ENGINE-MIR-ASSY-INSIDE-DRIVING-MIRROR,Nissan vehicles – YD25 engine - MIR ASSY INSIDE (Driving mirror),stock,1,646479.00,116366.00,762845.00,0.00,ready,ready,
233,Nissan vehicles – YD25 engine,Nissan vehicles – YD25 engine SUNVISOR LH,SUNVISOR LH,Electrical System,Auto Parts,PC,PCS,ASM-NISSAN-VEHICLES-YD25-ENGINE-SUNVISOR-LH,Nissan vehicles – YD25 engine - SUNVISOR LH,stock,1,252591.00,45466.00,298057.00,0.00,ready,ready,
234,Nissan vehicles – YD25 engine,Nissan vehicles – YD25 engine SUNVISOR RH,SUNVISOR RH,Electrical System,Auto Parts,PC,PCS,ASM-NISSAN-VEHICLES-YD25-ENGINE-SUNVISOR-RH,Nissan vehicles – YD25 engine - SUNVISOR RH,stock,1,232072.00,41773.00,273845.00,0.00,ready,ready,
235,Nissan vehicles – YD25 engine,Nissan vehicles – YD25 engine JACK COMPL (Jack),JACK COMPL (Jack),Electrical System,Auto Parts,PC,PCS,ASM-NISSAN-VEHICLES-YD25-ENGINE-JACK-COMPL-JACK,Nissan vehicles – YD25 engine - JACK COMPL (Jack),stock,1,903746.00,162674.00,1066420.00,0.00,ready,ready,
236,Nissan vehicles – YD25 engine,Nissan vehicles – YD25 engine ROD ASSY JACK (Jack handle),ROD ASSY JACK (Jack handle),Electrical System,Auto Parts,PC,PCS,ASM-NISSAN-VEHICLES-YD25-ENGINE-ROD-ASSY-JACK-JACK-HANDLE,Nissan vehicles – YD25 engine - ROD ASSY JACK (Jack handle),stock,1,109218.00,19659.00,128877.00,0.00,ready,ready,
237,Nissan vehicles – YD25 engine,Nissan vehicles – YD25 engine Warning triangle,Warning triangle,Electrical System,Auto Parts,Set,Set,ASM-NISSAN-VEHICLES-YD25-ENGINE-WARNING-TRIANGLE,Nissan vehicles – YD25 engine - Warning triangle,stock,1,197935.00,35628.00,233564.00,-1.00,ready,ready,
238,Nissan vehicles – YD25 engine,Nissan vehicles – YD25 engine KEY SET & LOCK,KEY SET & LOCK,Electrical System,Auto Parts,Set,Set,ASM-NISSAN-VEHICLES-YD25-ENGINE-KEY-SET-AND-LOCK,Nissan vehicles – YD25 engine - KEY SET & LOCK,stock,1,3493081.00,628755.00,4121836.00,0.00,ready,ready,
239,Nissan vehicles – YD25 engine,Nissan vehicles – YD25 engine SEAT BELT FR LH,SEAT BELT FR LH,Electrical System,Auto Parts,PC,PCS,ASM-NISSAN-VEHICLES-YD25-ENGINE-SEAT-BELT-FR-LH,Nissan vehicles – YD25 engine - SEAT BELT FR LH,stock,1,975923.00,175666.00,1151589.00,0.00,ready,ready,
240,Nissan vehicles – YD25 engine,Nissan vehicles – YD25 engine SEAT BELT FR RHS,SEAT BELT FR RHS,Electrical System,Auto Parts,PC,PCS,ASM-NISSAN-VEHICLES-YD25-ENGINE-SEAT-BELT-FR-RHS,Nissan vehicles – YD25 engine - SEAT BELT FR RHS,stock,1,975923.00,175666.00,1151589.00,0.00,ready,ready,
241,Nissan vehicles – YD25 engine,Nissan vehicles – YD25 engine SEAT BELT REAR LH,SEAT BELT REAR LH,Electrical System,Auto Parts,PC,PCS,ASM-NISSAN-VEHICLES-YD25-ENGINE-SEAT-BELT-REAR-LH,Nissan vehicles – YD25 engine - SEAT BELT REAR LH,stock,1,1066131.00,191904.00,1258035.00,0.00,ready,ready,
242,Nissan vehicles – YD25 engine,Nissan vehicles – YD25 engine SEAT BELT REAR RHS,SEAT BELT REAR RHS,Electrical System,Auto Parts,PC,PCS,ASM-NISSAN-VEHICLES-YD25-ENGINE-SEAT-BELT-REAR-RHS,Nissan vehicles – YD25 engine - SEAT BELT REAR RHS,stock,1,1066131.00,191904.00,1258035.00,0.00,ready,ready,
243,Nissan vehicles – YD25 engine,Nissan vehicles – YD25 engine DOOR HINGE FR L,DOOR HINGE FR L,Electrical System,Auto Parts,PC,PCS,ASM-NISSAN-VEHICLES-YD25-ENGINE-DOOR-HINGE-FR-L,Nissan vehicles – YD25 engine - DOOR HINGE FR L,stock,1,131729.00,23711.00,155440.00,0.00,ready,ready,
244,Nissan vehicles – YD25 engine,Nissan vehicles – YD25 engine DOOR HINGE F UPR,DOOR HINGE F UPR,Electrical System,Auto Parts,PC,PCS,ASM-NISSAN-VEHICLES-YD25-ENGINE-DOOR-HINGE-F-UPR,Nissan vehicles – YD25 engine - DOOR HINGE F UPR,stock,1,240993.00,43379.00,284372.00,0.00,ready,ready,
245,Nissan vehicles – YD25 engine,Nissan vehicles – YD25 engine HINGE RR LWR L,HINGE RR LWR L,Electrical System,Auto Parts,PC,PCS,ASM-NISSAN-VEHICLES-YD25-ENGINE-HINGE-RR-LWR-L,Nissan vehicles – YD25 engine - HINGE RR LWR L,stock,1,131729.00,23711.00,155440.00,0.00,ready,ready,
246,Nissan vehicles – YD25 engine,Nissan vehicles – YD25 engine HINGE RR LWR R,HINGE RR LWR R,Electrical System,Auto Parts,PC,PCS,ASM-NISSAN-VEHICLES-YD25-ENGINE-HINGE-RR-LWR-R,Nissan vehicles – YD25 engine - HINGE RR LWR R,stock,1,231729.00,41711.00,273440.00,0.00,ready,ready,
247,Nissan vehicles – YD25 engine,Nissan vehicles – YD25 engine HINGE RR DR UPR L,HINGE RR DR UPR L,Electrical System,Auto Parts,PC,PCS,ASM-NISSAN-VEHICLES-YD25-ENGINE-HINGE-RR-DR-UPR-L,Nissan vehicles – YD25 engine - HINGE RR DR UPR L,stock,1,197206.00,35497.00,232703.00,0.00,ready,ready,
248,Nissan vehicles – YD25 engine,Nissan vehicles – YD25 engine HINGE RR DR UPR R,HINGE RR DR UPR R,Electrical System,Auto Parts,PC,PCS,ASM-NISSAN-VEHICLES-YD25-ENGINE-HINGE-RR-DR-UPR-R,Nissan vehicles – YD25 engine - HINGE RR DR UPR R,stock,1,197206.00,35497.00,232703.00,0.00,ready,ready,
249,Nissan vehicles – YD25 engine,Nissan vehicles – YD25 engine HINGE RR DR LWR,HINGE RR DR LWR,Electrical System,Auto Parts,PC,PCS,ASM-NISSAN-VEHICLES-YD25-ENGINE-HINGE-RR-DR-LWR,Nissan vehicles – YD25 engine - HINGE RR DR LWR,stock,1,197206.00,35497.00,232703.00,0.00,ready,ready,
250,Nissan vehicles – YD25 engine,Nissan vehicles – YD25 engine Door-front RH,Door-front RH,Electrical System,Auto Parts,PC,PCS,ASM-NISSAN-VEHICLES-YD25-ENGINE-DOOR-FRONT-RH,Nissan vehicles – YD25 engine - Door-front RH,stock,1,1887850.00,339813.00,2227663.00,0.00,ready,ready,
251,Nissan vehicles – YD25 engine,Nissan vehicles – YD25 engine INSUL BODY MTG (middle cabin mountings),INSUL BODY MTG (middle cabin mountings),Other Miscellaneous Parts,Auto Parts,Set,Set,ASM-NISSAN-VEHICLES-YD25-ENGINE-INSUL-BODY-MTG-MIDDLE-CABIN-MOUNTINGS,Nissan vehicles – YD25 engine - INSUL BODY MTG (middle cabin mountings),stock,1,1164802.00,209664.00,1374466.00,0.00,ready,ready,
252,Nissan vehicles – YD25 engine,Nissan vehicles – YD25 engine INSULATOR-3RD (Front body mountings),INSULATOR-3RD (Front body mountings),Other Miscellaneous Parts,Auto Parts,Set,Set,ASM-NISSAN-VEHICLES-YD25-ENGINE-INSULATOR-3RD-FRONT-BODY-MOUNTINGS,Nissan vehicles – YD25 engine - INSULATOR-3RD (Front body mountings),stock,1,614083.00,110535.00,724618.00,0.00,ready,ready,
253,Nissan vehicles – YD25 engine,Nissan vehicles – YD25 engine RUB-BODY MTG 4T (Rear body mountings),RUB-BODY MTG 4T (Rear body mountings),Other Miscellaneous Parts,Auto Parts,Set,Set,ASM-NISSAN-VEHICLES-YD25-ENGINE-RUB-BODY-MTG-4T-REAR-BODY-MOUNTINGS,Nissan vehicles – YD25 engine - RUB-BODY MTG 4T (Rear body mountings),stock,1,614083.00,110535.00,724618.00,0.00,ready,ready,
254,Nissan vehicles – YD25 engine,Nissan vehicles – YD25 engine MALE ASSY-HOOD (Bonnet lock),MALE ASSY-HOOD (Bonnet lock),Other Miscellaneous Parts,Auto Parts,PC,PCS,ASM-NISSAN-VEHICLES-YD25-ENGINE-MALE-ASSY-HOOD-BONNET-LOCK,Nissan vehicles – YD25 engine - MALE ASSY-HOOD (Bonnet lock),stock,1,264487.00,47608.00,312095.00,0.00,ready,ready,
255,Nissan vehicles – YD25 engine,Nissan vehicles – YD25 engine RUB BMPR HOOD (Front bonnet rubbers),RUB BMPR HOOD (Front bonnet rubbers),Other Miscellaneous Parts,Auto Parts,PC,PCS,ASM-NISSAN-VEHICLES-YD25-ENGINE-RUB-BMPR-HOOD-FRONT-BONNET-RUBBERS,Nissan vehicles – YD25 engine - RUB BMPR HOOD (Front bonnet rubbers),stock,1,8567.00,1542.00,10109.00,0.00,ready,ready,
256,Nissan vehicles – YD25 engine,Nissan vehicles – YD25 engine BMPR HOODLEDGE (Bonnet side rubbers),BMPR HOODLEDGE (Bonnet side rubbers),Other Miscellaneous Parts,Auto Parts,PC,PCS,ASM-NISSAN-VEHICLES-YD25-ENGINE-BMPR-HOODLEDGE-BONNET-SIDE-RUBBERS,Nissan vehicles – YD25 engine - BMPR HOODLEDGE (Bonnet side rubbers),stock,1,11335.00,2040.00,13375.00,0.00,ready,ready,
257,Nissan vehicles – YD25 engine,Nissan vehicles – YD25 engine Panel assy-inst (Bonnet),Panel assy-inst (Bonnet),Other Miscellaneous Parts,Auto Parts,PC,PCS,ASM-NISSAN-VEHICLES-YD25-ENGINE-PANEL-ASSY-INST-BONNET,Nissan vehicles – YD25 engine - Panel assy-inst (Bonnet),stock,1,2376813.00,427826.00,2804640.00,-1.00,ready,ready,
258,Nissan vehicles – YD25 engine,"Nissan vehicles – YD25 engine Floor mats, rubber","Floor mats, rubber",Other Miscellaneous Parts,Auto Parts,Set,Set,ASM-NISSAN-VEHICLES-YD25-ENGINE-FLOOR-MATS-RUBBER,"Nissan vehicles – YD25 engine - Floor mats, rubber",stock,1,197935.00,35628.00,233564.00,-1.00,ready,ready,
259,Nissan vehicles – YD25 engine,Nissan vehicles – YD25 engine CHECK LINK FR D (Seal),CHECK LINK FR D (Seal),Other Miscellaneous Parts,Auto Parts,PC,PCS,ASM-NISSAN-VEHICLES-YD25-ENGINE-CHECK-LINK-FR-D-SEAL,Nissan vehicles – YD25 engine - CHECK LINK FR D (Seal),stock,1,386892.00,69641.00,456533.00,0.00,ready,ready,
260,Nissan vehicles – YD25 engine,Nissan vehicles – YD25 engine HORN ASSY (Low tone horn),HORN ASSY (Low tone horn),Other Miscellaneous Parts,Auto Parts,PC,PCS,ASM-NISSAN-VEHICLES-YD25-ENGINE-HORN-ASSY-LOW-TONE-HORN,Nissan vehicles – YD25 engine - HORN ASSY (Low tone horn),stock,1,509877.00,91778.00,601655.00,0.00,ready,ready,
261,Nissan vehicles – YD25 engine,Nissan vehicles – YD25 engine HORN ASSY-HIGH (High tone horn),HORN ASSY-HIGH (High tone horn),Other Miscellaneous Parts,Auto Parts,PC,PCS,ASM-NISSAN-VEHICLES-YD25-ENGINE-HORN-ASSY-HIGH-HIGH-TONE-HORN,Nissan vehicles – YD25 engine - HORN ASSY-HIGH (High tone horn),stock,1,427126.00,76883.00,504009.00,0.00,ready,ready,
262,Nissan vehicles – YD25 engine,Nissan vehicles – YD25 engine Base (Flat gasket),Base (Flat gasket),Other Miscellaneous Parts,Auto Parts,PC,PCS,ASM-NISSAN-VEHICLES-YD25-ENGINE-BASE-FLAT-GASKET,Nissan vehicles – YD25 engine - Base (Flat gasket),stock,1,26842.00,4831.00,31673.00,0.00,ready,ready,
263,Nissan vehicles – YD25 engine,Nissan vehicles – YD25 engine VAD Roll Bar D/ (Central lock switch),VAD Roll Bar D/ (Central lock switch),Other Miscellaneous Parts,Auto Parts,PC,PCS,ASM-NISSAN-VEHICLES-YD25-ENGINE-VAD-ROLL-BAR-D-CENTRAL-LOCK-SWITCH,Nissan vehicles – YD25 engine - VAD Roll Bar D/ (Central lock switch),stock,1,4336339.00,780541.00,5116880.00,0.00,ready,ready,
264,Nissan vehicles – YD25 engine,Nissan vehicles – YD25 engine First aid kit,First aid kit,Other Miscellaneous Parts,Auto Parts,PC,PCS,ASM-NISSAN-VEHICLES-YD25-ENGINE-FIRST-AID-KIT,Nissan vehicles – YD25 engine - First aid kit,stock,1,742258.00,133606.00,875865.00,-1.00,ready,ready,
265,Nissan vehicles – YD25 engine,Nissan vehicles – YD25 engine VAD CMPL-SLIDE (Side step RH),VAD CMPL-SLIDE (Side step RH),Other Miscellaneous Parts,Auto Parts,PC,PCS,ASM-NISSAN-VEHICLES-YD25-ENGINE-VAD-CMPL-SLIDE-SIDE-STEP-RH,Nissan vehicles – YD25 engine - VAD CMPL-SLIDE (Side step RH),stock,1,1288506.00,231931.00,1520437.00,0.00,ready,ready,
266,Nissan vehicles – YD25 engine,Nissan vehicles – YD25 engine VAD CMPL-SLIDE (Side step LH),VAD CMPL-SLIDE (Side step LH),Other Miscellaneous Parts,Auto Parts,PC,PCS,ASM-NISSAN-VEHICLES-YD25-ENGINE-VAD-CMPL-SLIDE-SIDE-STEP-LH,Nissan vehicles – YD25 engine - VAD CMPL-SLIDE (Side step LH),stock,1,1288618.00,231951.00,1520569.00,0.00,ready,ready,
267,Nissan vehicles – YD25 engine,Nissan vehicles – YD25 engine BOLT STOP (Stopper bolt),BOLT STOP (Stopper bolt),Other Miscellaneous Parts,Auto Parts,PC,PCS,ASM-NISSAN-VEHICLES-YD25-ENGINE-BOLT-STOP-STOPPER-BOLT,Nissan vehicles – YD25 engine - BOLT STOP (Stopper bolt),stock,1,113576.00,20444.00,134020.00,0.00,ready,ready,
268,Nissan vehicles – YD25 engine,Nissan vehicles – YD25 engine Cap-bolt STRG S,Cap-bolt STRG S,Other Miscellaneous Parts,Auto Parts,PC,PCS,ASM-NISSAN-VEHICLES-YD25-ENGINE-CAP-BOLT-STRG-S,Nissan vehicles – YD25 engine - Cap-bolt STRG S,stock,1,79234.00,14262.00,93496.00,0.00,ready,ready,
269,Nissan vehicles – YD25 engine,Nissan vehicles – YD25 engine Fire Extinguisher,Fire Extinguisher,Other Miscellaneous Parts,Auto Parts,PC,PCS,ASM-NISSAN-VEHICLES-YD25-ENGINE-FIRE-EXTINGUISHER,Nissan vehicles – YD25 engine - Fire Extinguisher,stock,1,170968.00,30774.00,201742.00,0.00,ready,ready,
270,Nissan vehicles – YD25 engine,Nissan vehicles – YD25 engine Engine oil (Diesel engine oil),Engine oil (Diesel engine oil),Service,Auto Parts,Litre,Litre,ASM-NISSAN-VEHICLES-YD25-ENGINE-ENGINE-OIL-DIESEL-ENGINE-OIL,Nissan vehicles – YD25 engine - Engine oil (Diesel engine oil),stock,1,126849.00,22833.00,149682.00,0.00,ready,ready,
271,Nissan vehicles – YD25 engine,Nissan vehicles – YD25 engine Brake fluid,Brake fluid,Service,Auto Parts,0.25L,0.25L,ASM-NISSAN-VEHICLES-YD25-ENGINE-BRAKE-FLUID,Nissan vehicles – YD25 engine - Brake fluid,stock,1,19090.00,3436.00,22526.00,0.00,ready,ready,
272,Nissan vehicles – YD25 engine,Nissan vehicles – YD25 engine Transmission oil GL4 75-W85,Transmission oil GL4 75-W85,Service,Auto Parts,Litre,Litre,ASM-NISSAN-VEHICLES-YD25-ENGINE-TRANSMISSION-OIL-GL4-75-W85,Nissan vehicles – YD25 engine - Transmission oil GL4 75-W85,stock,1,468538.00,84337.00,552875.00,0.00,ready,ready,
273,Nissan vehicles – YD25 engine,Nissan vehicles – YD25 engine Coolant Total,Coolant Total,Service,Auto Parts,Litre,Litre,ASM-NISSAN-VEHICLES-YD25-ENGINE-COOLANT-TOTAL,Nissan vehicles – YD25 engine - Coolant Total,stock,1,422592.00,76067.00,498659.00,0.00,ready,ready,
274,Nissan vehicles – YD25 engine,Nissan vehicles – YD25 engine ATF FLUIDMATIC D2 1L,ATF FLUIDMATIC D2 1L,Service,Auto Parts,Litre,Litre,ASM-NISSAN-VEHICLES-YD25-ENGINE-ATF-FLUIDMATIC-D2-1L,Nissan vehicles – YD25 engine - ATF FLUIDMATIC D2 1L,stock,1,178621.00,32152.00,210773.00,0.00,ready,ready,
275,Nissan vehicles – YD25 engine,Nissan vehicles – YD25 engine SUNDRY,SUNDRY,Service,Auto Parts,,Unit,ASM-NISSAN-VEHICLES-YD25-ENGINE-SUNDRY,Nissan vehicles – YD25 engine - SUNDRY,stock,1,32264.00,5808.00,38072.00,0.00,ready,ready,
276,Nissan vehicles – YD25 engine,Nissan vehicles – YD25 engine FILTER ASSY-OIL,FILTER ASSY-OIL,Service,Auto Parts,PC,PCS,ASM-NISSAN-VEHICLES-YD25-ENGINE-FILTER-ASSY-OIL,Nissan vehicles – YD25 engine - FILTER ASSY-OIL,stock,1,116319.00,20938.00,137257.00,0.00,ready,ready,
277,Nissan vehicles – YD25 engine,Nissan vehicles – YD25 engine FILTER ASSY-FUE,FILTER ASSY-FUE,Service,Auto Parts,PC,PCS,ASM-NISSAN-VEHICLES-YD25-ENGINE-FILTER-ASSY-FUE,Nissan vehicles – YD25 engine - FILTER ASSY-FUE,stock,1,147770.00,26599.00,174369.00,0.00,ready,ready,
278,Nissan vehicles – YD25 engine,Nissan vehicles – YD25 engine ELEMENT ASSY,ELEMENT ASSY,Service,Auto Parts,PC,PCS,ASM-NISSAN-VEHICLES-YD25-ENGINE-ELEMENT-ASSY,Nissan vehicles – YD25 engine - ELEMENT ASSY,stock,1,212551.00,38259.00,250810.00,0.00,ready,ready,
279,Nissan vehicles – YD25 engine,Nissan vehicles – YD25 engine GEAR OIL-HYPOID 1L,GEAR OIL-HYPOID 1L,Service,Auto Parts,Litre,Litre,ASM-NISSAN-VEHICLES-YD25-ENGINE-GEAR-OIL-HYPOID-1L,Nissan vehicles – YD25 engine - GEAR OIL-HYPOID 1L,stock,1,300559.00,54101.00,354660.00,0.00,ready,ready,
280,Nissan vehicles – YD25 engine,Nissan vehicles – YD25 engine WASHER DRAIN,WASHER DRAIN,Service,Auto Parts,PC,PCS,ASM-NISSAN-VEHICLES-YD25-ENGINE-WASHER-DRAIN,Nissan vehicles – YD25 engine - WASHER DRAIN,stock,1,6274.00,1129.00,7403.00,0.00,ready,ready,
281,Nissan vehicles – YD25 engine,Nissan vehicles – YD25 engine YD 25 Service kit,YD 25 Service kit,Service,Auto Parts,Set,Set,ASM-NISSAN-VEHICLES-YD25-ENGINE-YD-25-SERVICE-KIT,Nissan vehicles – YD25 engine - YD 25 Service kit,stock,1,,,385947.00,,review_missing_exclusive_price,review_missing_exclusive_price,Missing VAT-exclusive price
282,Nissan vehicles – YD25 engine,Nissan vehicles – YD25 engine Labour,Labour,Service,Auto Parts,Hour,Hour,ASM-NISSAN-VEHICLES-YD25-ENGINE-LABOUR,Nissan vehicles – YD25 engine - Labour,service,0,53100.00,9558.00,62658.00,0.00,ready,ready,
283,Nissan vehicles – YD25 engine,Nissan vehicles – YD25 engine Wheel alignment,Wheel alignment,Service,Auto Parts,,Unit,ASM-NISSAN-VEHICLES-YD25-ENGINE-WHEEL-ALIGNMENT,Nissan vehicles – YD25 engine - Wheel alignment,service,0,64900.00,11682.00,76582.00,0.00,ready,ready,
284,Nissan vehicles – YD25 engine,Nissan vehicles – YD25 engine Wheel balancing per tyre,Wheel balancing per tyre,Service,Auto Parts,,Unit,ASM-NISSAN-VEHICLES-YD25-ENGINE-WHEEL-BALANCING-PER-TYRE,Nissan vehicles – YD25 engine - Wheel balancing per tyre,service,0,62304.00,11215.00,73519.00,0.00,ready,ready,
285,Nissan vehicles – KA24 engine,Nissan vehicles – KA24 engine Pad Kit-disc (Brake pads front),Pad Kit-disc (Brake pads front),Brake System,Auto Parts,PC,PCS,ASM-NISSAN-VEHICLES-KA24-ENGINE-PAD-KIT-DISC-BRAKE-PADS-FRONT,Nissan vehicles – KA24 engine - Pad Kit-disc (Brake pads front),stock,1,627074.09,112873.34,739947.43,-0.00,ready,ready,
286,Nissan vehicles – KA24 engine,Nissan vehicles – KA24 engine SHOE SET-REAR (Brake shoes),SHOE SET-REAR (Brake shoes),Brake System,Auto Parts,PC,PCS,ASM-NISSAN-VEHICLES-KA24-ENGINE-SHOE-SET-REAR-BRAKE-SHOES,Nissan vehicles – KA24 engine - SHOE SET-REAR (Brake shoes),stock,1,590510.77,106291.94,696802.70,0.01,ready,ready,
287,Nissan vehicles – KA24 engine,Nissan vehicles – KA24 engine BOOSTER ASSY MA (brake booster),BOOSTER ASSY MA (brake booster),Brake System,Auto Parts,PC,PCS,ASM-NISSAN-VEHICLES-KA24-ENGINE-BOOSTER-ASSY-MA-BRAKE-BOOSTER,Nissan vehicles – KA24 engine - BOOSTER ASSY MA (brake booster),stock,1,5083422.05,915015.97,5998438.02,0.00,ready,ready,
288,Nissan vehicles – KA24 engine,Nissan vehicles – KA24 engine Rotor Disc Brak (Front Rotor Discs),Rotor Disc Brak (Front Rotor Discs),Brake System,Auto Parts,Set,Set,ASM-NISSAN-VEHICLES-KA24-ENGINE-ROTOR-DISC-BRAK-FRONT-ROTOR-DISCS,Nissan vehicles – KA24 engine - Rotor Disc Brak (Front Rotor Discs),stock,1,1776553.66,319779.66,2096333.32,-0.00,ready,ready,
289,Nissan vehicles – KA24 engine,Nissan vehicles – KA24 engine Disc skimming,Disc skimming,Brake System,Auto Parts,Set,Set,ASM-NISSAN-VEHICLES-KA24-ENGINE-DISC-SKIMMING,Nissan vehicles – KA24 engine - Disc skimming,service,0,209677.42,37741.94,247419.35,0.01,ready,ready,
290,Nissan vehicles – KA24 engine,Nissan vehicles – KA24 engine DRUM 4X4 and hi (Brake drum),DRUM 4X4 and hi (Brake drum),Brake System,Auto Parts,PC,PCS,ASM-NISSAN-VEHICLES-KA24-ENGINE-DRUM-4X4-AND-HI-BRAKE-DRUM,Nissan vehicles – KA24 engine - DRUM 4X4 and hi (Brake drum),stock,1,2174175.53,391351.59,2565527.12,-0.00,ready,ready,
291,Nissan vehicles – KA24 engine,Nissan vehicles – KA24 engine Drum Skimming,Drum Skimming,Brake System,Auto Parts,Set,Set,ASM-NISSAN-VEHICLES-KA24-ENGINE-DRUM-SKIMMING,Nissan vehicles – KA24 engine - Drum Skimming,service,0,209677.42,37741.94,247419.35,0.01,ready,ready,
292,Nissan vehicles – KA24 engine,Nissan vehicles – KA24 engine BOLT-PIN (Calipper bolts),BOLT-PIN (Calipper bolts),Brake System,Auto Parts,Set,Set,ASM-NISSAN-VEHICLES-KA24-ENGINE-BOLT-PIN-CALIPPER-BOLTS,Nissan vehicles – KA24 engine - BOLT-PIN (Calipper bolts),stock,1,189268.26,34068.29,223336.54,0.01,ready,ready,
293,Nissan vehicles – KA24 engine,Nissan vehicles – KA24 engine CYL ASSY CLUTCH,CYL ASSY CLUTCH,Brake System,Auto Parts,PC,PCS,ASM-NISSAN-VEHICLES-KA24-ENGINE-CYL-ASSY-CLUTCH,Nissan vehicles – KA24 engine - CYL ASSY CLUTCH,stock,1,356867.35,64236.12,421103.48,-0.01,ready,ready,
294,Nissan vehicles – KA24 engine,Nissan vehicles – KA24 engine CYL ASSY-CLUTCH,CYL ASSY-CLUTCH,Brake System,Auto Parts,PC,PCS,ASM-NISSAN-VEHICLES-KA24-ENGINE-CYL-ASSY-CLUTCH-2,Nissan vehicles – KA24 engine - CYL ASSY-CLUTCH,stock,1,693682.43,124862.84,818545.27,0.00,ready,ready,
295,Nissan vehicles – KA24 engine,Nissan vehicles – KA24 engine CALIPER ASSY-BR (Brake caliper),CALIPER ASSY-BR (Brake caliper),Brake System,Auto Parts,PC,PCS,ASM-NISSAN-VEHICLES-KA24-ENGINE-CALIPER-ASSY-BR-BRAKE-CALIPER,Nissan vehicles – KA24 engine - CALIPER ASSY-BR (Brake caliper),stock,1,2478938.63,446208.95,2925147.59,-0.01,ready,ready,
296,Nissan vehicles – KA24 engine,"Nissan vehicles – KA24 engine CABLE COMPL - P (Hand brake cable, short)","CABLE COMPL - P (Hand brake cable, short)",Brake System,Auto Parts,PC,PCS,ASM-NISSAN-VEHICLES-KA24-ENGINE-CABLE-COMPL-P-HAND-BRAKE-CABLE-SHORT,"Nissan vehicles – KA24 engine - CABLE COMPL - P (Hand brake cable, short)",stock,1,967566.60,174161.99,1141728.59,-0.00,ready,ready,
297,Nissan vehicles – KA24 engine,"Nissan vehicles – KA24 engine DVC ASSY-PKB C (handbrake cable, long)","DVC ASSY-PKB C (handbrake cable, long)",Brake System,Auto Parts,PC,PCS,ASM-NISSAN-VEHICLES-KA24-ENGINE-DVC-ASSY-PKB-C-HANDBRAKE-CABLE-LONG,"Nissan vehicles – KA24 engine - DVC ASSY-PKB C (handbrake cable, long)",stock,1,939826.27,169168.73,1108995.00,0.00,ready,ready,
298,Nissan vehicles – KA24 engine,Nissan vehicles – KA24 engine PACK (brake shims),PACK (brake shims),Brake System,Auto Parts,PC,PCS,ASM-NISSAN-VEHICLES-KA24-ENGINE-PACK-BRAKE-SHIMS,Nissan vehicles – KA24 engine - PACK (brake shims),stock,1,145834.85,26250.27,172085.12,0.00,ready,ready,
299,Nissan vehicles – KA24 engine,Nissan vehicles – KA24 engine SPACER VACUUM BOOST (brake servo bolt),SPACER VACUUM BOOST (brake servo bolt),Brake System,Auto Parts,PC,PCS,ASM-NISSAN-VEHICLES-KA24-ENGINE-SPACER-VACUUM-BOOST-BRAKE-SERVO-BOLT,Nissan vehicles – KA24 engine - SPACER VACUUM BOOST (brake servo bolt),stock,1,38424.31,6916.38,45340.69,-0.00,ready,ready,
300,Nissan vehicles – KA24 engine,Nissan vehicles – KA24 engine Brake pad plates,Brake pad plates,Brake System,Auto Parts,Set,Set,ASM-NISSAN-VEHICLES-KA24-ENGINE-BRAKE-PAD-PLATES,Nissan vehicles – KA24 engine - Brake pad plates,stock,1,701783.38,126321.01,828104.39,0.00,ready,ready,
301,Nissan vehicles – KA24 engine,Nissan vehicles – KA24 engine ABS sensor,ABS sensor,Brake System,Auto Parts,PC,PCS,ASM-NISSAN-VEHICLES-KA24-ENGINE-ABS-SENSOR,Nissan vehicles – KA24 engine - ABS sensor,stock,1,2895091.03,521116.39,3416207.42,0.00,ready,ready,
302,Nissan vehicles – KA24 engine,Nissan vehicles – KA24 engine Drive shaft boot,Drive shaft boot,Axle,Auto Parts,PC,PCS,ASM-NISSAN-VEHICLES-KA24-ENGINE-DRIVE-SHAFT-BOOT,Nissan vehicles – KA24 engine - Drive shaft boot,stock,1,575429.08,103577.23,679006.32,-0.01,ready,ready,
303,Nissan vehicles – KA24 engine,Nissan vehicles – KA24 engine SEAL HUB FRONT (Front grease seals),SEAL HUB FRONT (Front grease seals),Axle,Auto Parts,Set,Set,ASM-NISSAN-VEHICLES-KA24-ENGINE-SEAL-HUB-FRONT-FRONT-GREASE-SEALS,Nissan vehicles – KA24 engine - SEAL HUB FRONT (Front grease seals),stock,1,145549.51,26198.91,171748.42,0.00,ready,ready,
304,Nissan vehicles – KA24 engine,Nissan vehicles – KA24 engine BEARING ASSY-FR (Wheel bearings inner),BEARING ASSY-FR (Wheel bearings inner),Axle,Auto Parts,Set,Set,ASM-NISSAN-VEHICLES-KA24-ENGINE-BEARING-ASSY-FR-WHEEL-BEARINGS-INNER,Nissan vehicles – KA24 engine - BEARING ASSY-FR (Wheel bearings inner),stock,1,443528.13,79835.06,523363.19,0.00,ready,ready,
305,Nissan vehicles – KA24 engine,Nissan vehicles – KA24 engine Bearing KLM3008 (Wheel bearings outer),Bearing KLM3008 (Wheel bearings outer),Axle,Auto Parts,Set,Set,ASM-NISSAN-VEHICLES-KA24-ENGINE-BEARING-KLM3008-WHEEL-BEARINGS-OUTER,Nissan vehicles – KA24 engine - Bearing KLM3008 (Wheel bearings outer),stock,1,988031.37,177845.65,1165877.01,0.01,ready,ready,
306,Nissan vehicles – KA24 engine,Nissan vehicles – KA24 engine SHAFT ASSY FRON (Drive shaft),SHAFT ASSY FRON (Drive shaft),Axle,Auto Parts,Set,Set,ASM-NISSAN-VEHICLES-KA24-ENGINE-SHAFT-ASSY-FRON-DRIVE-SHAFT,Nissan vehicles – KA24 engine - SHAFT ASSY FRON (Drive shaft),stock,1,7649290.92,1376872.37,9026163.29,0.00,ready,ready,
307,Nissan vehicles – KA24 engine,Nissan vehicles – KA24 engine ORNAMENT ROAD C (Hub cap),ORNAMENT ROAD C (Hub cap),Axle,Auto Parts,PC,PCS,ASM-NISSAN-VEHICLES-KA24-ENGINE-ORNAMENT-ROAD-C-HUB-CAP,Nissan vehicles – KA24 engine - ORNAMENT ROAD C (Hub cap),stock,1,176206.53,31717.18,207923.70,0.01,ready,ready,
308,Nissan vehicles – KA24 engine,Nissan vehicles – KA24 engine LEVER-COMPLETE (*Accelerator pedal),LEVER-COMPLETE (*Accelerator pedal),Axle,Auto Parts,PC,PCS,ASM-NISSAN-VEHICLES-KA24-ENGINE-LEVER-COMPLETE-ACCELERATOR-PEDAL,Nissan vehicles – KA24 engine - LEVER-COMPLETE (*Accelerator pedal),stock,1,2540442.89,457279.72,2997722.61,0.00,ready,ready,
309,Nissan vehicles – KA24 engine,Nissan vehicles – KA24 engine CYL ASSY-RR WHE (Wheel cylinder),CYL ASSY-RR WHE (Wheel cylinder),Axle,Auto Parts,Set,Set,ASM-NISSAN-VEHICLES-KA24-ENGINE-CYL-ASSY-RR-WHE-WHEEL-CYLINDER,Nissan vehicles – KA24 engine - CYL ASSY-RR WHE (Wheel cylinder),stock,1,968153.11,174267.56,1142420.67,0.00,ready,ready,
310,Nissan vehicles – KA24 engine,Nissan vehicles – KA24 engine Nut (Wheel lock nut),Nut (Wheel lock nut),Axle,Auto Parts,PC,PCS,ASM-NISSAN-VEHICLES-KA24-ENGINE-NUT-WHEEL-LOCK-NUT,Nissan vehicles – KA24 engine - Nut (Wheel lock nut),stock,1,124118.13,22341.26,146459.39,0.00,ready,ready,
311,Nissan vehicles – KA24 engine,Nissan vehicles – KA24 engine Wash-lock Wheel (Wheel hub washers),Wash-lock Wheel (Wheel hub washers),Axle,Auto Parts,PC,PCS,ASM-NISSAN-VEHICLES-KA24-ENGINE-WASH-LOCK-WHEEL-WHEEL-HUB-WASHERS,Nissan vehicles – KA24 engine - Wash-lock Wheel (Wheel hub washers),stock,1,87057.06,15670.27,102727.33,0.00,ready,ready,
312,Nissan vehicles – KA24 engine,Nissan vehicles – KA24 engine Scr-truss HD (Wheel hub screw),Scr-truss HD (Wheel hub screw),Axle,Auto Parts,Set,Set,ASM-NISSAN-VEHICLES-KA24-ENGINE-SCR-TRUSS-HD-WHEEL-HUB-SCREW,Nissan vehicles – KA24 engine - Scr-truss HD (Wheel hub screw),stock,1,22889.73,4120.15,27009.88,-0.00,ready,ready,
313,Nissan vehicles – KA24 engine,Nissan vehicles – KA24 engine COMP BRG NEEDLE (Wheel hub lock nut),COMP BRG NEEDLE (Wheel hub lock nut),Axle,Auto Parts,PC,PCS,ASM-NISSAN-VEHICLES-KA24-ENGINE-COMP-BRG-NEEDLE-WHEEL-HUB-LOCK-NUT,Nissan vehicles – KA24 engine - COMP BRG NEEDLE (Wheel hub lock nut),stock,1,178869.60,32196.53,211066.13,0.00,ready,ready,
314,Nissan vehicles – KA24 engine,Nissan vehicles – KA24 engine HUB ASSY-AUTO F (Free running hub),HUB ASSY-AUTO F (Free running hub),Axle,Auto Parts,Set,Set,ASM-NISSAN-VEHICLES-KA24-ENGINE-HUB-ASSY-AUTO-F-FREE-RUNNING-HUB,Nissan vehicles – KA24 engine - HUB ASSY-AUTO F (Free running hub),stock,1,4881409.08,878653.63,5760062.71,0.00,ready,ready,
315,Nissan vehicles – KA24 engine,Nissan vehicles – KA24 engine BELT-ALTNTR,BELT-ALTNTR,Engine Components,Auto Parts,PC,PCS,ASM-NISSAN-VEHICLES-KA24-ENGINE-BELT-ALTNTR,Nissan vehicles – KA24 engine - BELT-ALTNTR,stock,1,355800.18,64044.03,419844.22,-0.01,ready,ready,
316,Nissan vehicles – KA24 engine,Nissan vehicles – KA24 engine BELT-COMPRESSOR,BELT-COMPRESSOR,Engine Components,Auto Parts,PC,PCS,ASM-NISSAN-VEHICLES-KA24-ENGINE-BELT-COMPRESSOR,Nissan vehicles – KA24 engine - BELT-COMPRESSOR,stock,1,89498.20,16109.68,105607.88,0.00,ready,ready,
317,Nissan vehicles – KA24 engine,Nissan vehicles – KA24 engine BELT-POWER STEE,BELT-POWER STEE,Engine Components,Auto Parts,PC,PCS,ASM-NISSAN-VEHICLES-KA24-ENGINE-BELT-POWER-STEE,Nissan vehicles – KA24 engine - BELT-POWER STEE,stock,1,71665.14,12899.73,84564.87,0.00,ready,ready,
318,Nissan vehicles – KA24 engine,"Nissan vehicles – KA24 engine GUIDE-CHAIN TEN (Guide chain tensioner, sm","GUIDE-CHAIN TEN (Guide chain tensioner, sm",Engine Components,Auto Parts,PC,PCS,ASM-NISSAN-VEHICLES-KA24-ENGINE-GUIDE-CHAIN-TEN-GUIDE-CHAIN-TENSIONER-SM,"Nissan vehicles – KA24 engine - GUIDE-CHAIN TEN (Guide chain tensioner, sm",stock,1,42371.35,7626.84,49998.20,-0.01,ready,ready,
319,Nissan vehicles – KA24 engine,"Nissan vehicles – KA24 engine GUIDE-CHAIN TEN (Guide chain tensioner, bi","GUIDE-CHAIN TEN (Guide chain tensioner, bi",Engine Components,Auto Parts,PC,PCS,ASM-NISSAN-VEHICLES-KA24-ENGINE-GUIDE-CHAIN-TEN-GUIDE-CHAIN-TENSIONER-BI,"Nissan vehicles – KA24 engine - GUIDE-CHAIN TEN (Guide chain tensioner, bi",stock,1,67575.43,12163.58,79739.01,0.00,ready,ready,
320,Nissan vehicles – KA24 engine,Nissan vehicles – KA24 engine CHAIN-TIMING CA (Timing chain loose end),CHAIN-TIMING CA (Timing chain loose end),Engine Components,Auto Parts,PC,PCS,ASM-NISSAN-VEHICLES-KA24-ENGINE-CHAIN-TIMING-CA-TIMING-CHAIN-LOOSE-END,Nissan vehicles – KA24 engine - CHAIN-TIMING CA (Timing chain loose end),stock,1,623380.53,112208.50,735589.02,0.01,ready,ready,
321,Nissan vehicles – KA24 engine,Nissan vehicles – KA24 engine CHAIN-TIMING CA (Timing chain tension end,CHAIN-TIMING CA (Timing chain tension end,Engine Components,Auto Parts,PC,PCS,ASM-NISSAN-VEHICLES-KA24-ENGINE-CHAIN-TIMING-CA-TIMING-CHAIN-TENSION-END,Nissan vehicles – KA24 engine - CHAIN-TIMING CA (Timing chain tension end,stock,1,473963.23,85313.38,559276.61,0.00,ready,ready,
322,Nissan vehicles – KA24 engine,Nissan vehicles – KA24 engine Tension Chain,Tension Chain,Engine Components,Auto Parts,PC,PCS,ASM-NISSAN-VEHICLES-KA24-ENGINE-TENSION-CHAIN,Nissan vehicles – KA24 engine - Tension Chain,stock,1,362811.72,65306.11,428117.83,-0.00,ready,ready,
323,Nissan vehicles – KA24 engine,"Nissan vehicles – KA24 engine SEAL-OIL CRANKS (Crankshaft oil seal, front)","SEAL-OIL CRANKS (Crankshaft oil seal, front)",Engine Components,Auto Parts,PC,PCS,ASM-NISSAN-VEHICLES-KA24-ENGINE-SEAL-OIL-CRANKS-CRANKSHAFT-OIL-SEAL-FRONT,"Nissan vehicles – KA24 engine - SEAL-OIL CRANKS (Crankshaft oil seal, front)",stock,1,108551.85,19539.33,128091.18,0.00,ready,ready,
324,Nissan vehicles – KA24 engine,"Nissan vehicles – KA24 engine SEAL-OIL CRANKS (Crankshaft oil seal, rear))","SEAL-OIL CRANKS (Crankshaft oil seal, rear))",Engine Components,Auto Parts,PC,PCS,ASM-NISSAN-VEHICLES-KA24-ENGINE-SEAL-OIL-CRANKS-CRANKSHAFT-OIL-SEAL-REAR,"Nissan vehicles – KA24 engine - SEAL-OIL CRANKS (Crankshaft oil seal, rear))",stock,1,187397.77,33731.60,221129.36,0.01,ready,ready,
325,Nissan vehicles – KA24 engine,Nissan vehicles – KA24 engine HEAD CYLINDER (Cylinder head),HEAD CYLINDER (Cylinder head),Engine Components,Auto Parts,PC,PCS,ASM-NISSAN-VEHICLES-KA24-ENGINE-HEAD-CYLINDER-CYLINDER-HEAD,Nissan vehicles – KA24 engine - HEAD CYLINDER (Cylinder head),stock,1,7098954.62,1277811.83,8376766.45,0.00,ready,ready,
326,Nissan vehicles – KA24 engine,Nissan vehicles – KA24 engine Cylinder head refacing,Cylinder head refacing,Engine Components,Auto Parts,PC,PCS,ASM-NISSAN-VEHICLES-KA24-ENGINE-CYLINDER-HEAD-REFACING,Nissan vehicles – KA24 engine - Cylinder head refacing,stock,1,1174193.56,211354.84,1385548.40,0.00,ready,ready,
327,Nissan vehicles – KA24 engine,Nissan vehicles – KA24 engine Gasket Cylinder (Cylinde head gasket),Gasket Cylinder (Cylinde head gasket),Engine Components,Auto Parts,PC,PCS,ASM-NISSAN-VEHICLES-KA24-ENGINE-GASKET-CYLINDER-CYLINDE-HEAD-GASKET,Nissan vehicles – KA24 engine - Gasket Cylinder (Cylinde head gasket),stock,1,336497.29,60569.51,397066.80,0.00,ready,ready,
328,Nissan vehicles – KA24 engine,Nissan vehicles – KA24 engine GASKET-ROCKER C (Rocker cover gasket),GASKET-ROCKER C (Rocker cover gasket),Engine Components,Auto Parts,PC,PCS,ASM-NISSAN-VEHICLES-KA24-ENGINE-GASKET-ROCKER-C-ROCKER-COVER-GASKET,Nissan vehicles – KA24 engine - GASKET-ROCKER C (Rocker cover gasket),stock,1,151351.20,27243.22,178594.42,0.00,ready,ready,
329,Nissan vehicles – KA24 engine,"Nissan vehicles – KA24 engine INSULATOR-ENGIN (Engine mounting, rear)","INSULATOR-ENGIN (Engine mounting, rear)",Engine Components,Auto Parts,PC,PCS,ASM-NISSAN-VEHICLES-KA24-ENGINE-INSULATOR-ENGIN-ENGINE-MOUNTING-REAR,"Nissan vehicles – KA24 engine - INSULATOR-ENGIN (Engine mounting, rear)",stock,1,2893902.15,520902.39,3414804.54,0.00,ready,ready,
330,Nissan vehicles – KA24 engine,"Nissan vehicles – KA24 engine INSULATOR-ENG M (Engine mounting, front)","INSULATOR-ENG M (Engine mounting, front)",Engine Components,Auto Parts,PC,PCS,ASM-NISSAN-VEHICLES-KA24-ENGINE-INSULATOR-ENG-M-ENGINE-MOUNTING-FRONT,"Nissan vehicles – KA24 engine - INSULATOR-ENG M (Engine mounting, front)",stock,1,646761.66,116417.10,763178.75,0.01,ready,ready,
331,Nissan vehicles – KA24 engine,Nissan vehicles – KA24 engine Plug Drain,Plug Drain,Engine Components,Auto Parts,PC,PCS,ASM-NISSAN-VEHICLES-KA24-ENGINE-PLUG-DRAIN,Nissan vehicles – KA24 engine - Plug Drain,stock,1,19893.77,3580.88,23474.65,0.00,ready,ready,
332,Nissan vehicles – KA24 engine,"Nissan vehicles – KA24 engine ENGINE BARE, complete engine assy","ENGINE BARE, complete engine assy",Engine Components,Auto Parts,PC,PCS,ASM-NISSAN-VEHICLES-KA24-ENGINE-ENGINE-BARE-COMPLETE-ENGINE-ASSY,"Nissan vehicles – KA24 engine - ENGINE BARE, complete engine assy",stock,1,84732434.88,15251838.28,99984273.16,0.00,ready,ready,
333,Nissan vehicles – KA24 engine,Nissan vehicles – KA24 engine RING SET-PISTON (Piston rings),RING SET-PISTON (Piston rings),Engine Components,Auto Parts,Set,Set,ASM-NISSAN-VEHICLES-KA24-ENGINE-RING-SET-PISTON-PISTON-RINGS,Nissan vehicles – KA24 engine - RING SET-PISTON (Piston rings),stock,1,1843336.51,331800.57,2175137.08,0.00,ready,ready,
334,Nissan vehicles – KA24 engine,Nissan vehicles – KA24 engine PISTON WITH PIN (Piston),PISTON WITH PIN (Piston),Engine Components,Auto Parts,Set,Set,ASM-NISSAN-VEHICLES-KA24-ENGINE-PISTON-WITH-PIN-PISTON,Nissan vehicles – KA24 engine - PISTON WITH PIN (Piston),stock,1,4677810.97,842005.97,5519816.94,-0.00,ready,ready,
335,Nissan vehicles – KA24 engine,Nissan vehicles – KA24 engine Bearing Set (Main bearings),Bearing Set (Main bearings),Engine Components,Auto Parts,Set,Set,ASM-NISSAN-VEHICLES-KA24-ENGINE-BEARING-SET-MAIN-BEARINGS,Nissan vehicles – KA24 engine - Bearing Set (Main bearings),stock,1,254862.23,45875.20,300737.44,-0.01,ready,ready,
336,Nissan vehicles – KA24 engine,Nissan vehicles – KA24 engine BUSHING SET-CON (Piece bearings),BUSHING SET-CON (Piece bearings),Engine Components,Auto Parts,Set,Set,ASM-NISSAN-VEHICLES-KA24-ENGINE-BUSHING-SET-CON-PIECE-BEARINGS,Nissan vehicles – KA24 engine - BUSHING SET-CON (Piece bearings),stock,1,106110.69,19099.92,125210.62,-0.01,ready,ready,
337,Nissan vehicles – KA24 engine,Nissan vehicles – KA24 engine Block Sleeve,Block Sleeve,Engine Components,Auto Parts,Set,Set,ASM-NISSAN-VEHICLES-KA24-ENGINE-BLOCK-SLEEVE,Nissan vehicles – KA24 engine - Block Sleeve,stock,1,1258064.52,226451.61,1484516.14,-0.01,ready,ready,
338,Nissan vehicles – KA24 engine,Nissan vehicles – KA24 engine GASKET-ENGINE (Overhaul gasket kit),GASKET-ENGINE (Overhaul gasket kit),Engine Components,Auto Parts,PC,PCS,ASM-NISSAN-VEHICLES-KA24-ENGINE-GASKET-ENGINE-OVERHAUL-GASKET-KIT,Nissan vehicles – KA24 engine - GASKET-ENGINE (Overhaul gasket kit),stock,1,1286960.76,231652.94,1518613.69,0.01,ready,ready,
339,Nissan vehicles – KA24 engine,Nissan vehicles – KA24 engine PUMP ASSY OIL D (Oil pump),PUMP ASSY OIL D (Oil pump),Engine Components,Auto Parts,PC,PCS,,,review,,1043502.35,187830.42,1231332.78,-0.01,ready,review_duplicate_conflict,"Conflicting category, unit, or price variants"
340,Nissan vehicles – KA24 engine,Nissan vehicles – KA24 engine ROD COMP-CON (Connecting rods),ROD COMP-CON (Connecting rods),Engine Components,Auto Parts,Set,Set,ASM-NISSAN-VEHICLES-KA24-ENGINE-ROD-COMP-CON-CONNECTING-RODS,Nissan vehicles – KA24 engine - ROD COMP-CON (Connecting rods),stock,1,3540869.88,637356.58,4178226.46,0.00,ready,ready,
341,Nissan vehicles – KA24 engine,Nissan vehicles – KA24 engine PUMP INJECTION (Injector pump),PUMP INJECTION (Injector pump),Engine Components,Auto Parts,PC,PCS,ASM-NISSAN-VEHICLES-KA24-ENGINE-PUMP-INJECTION-INJECTOR-PUMP,Nissan vehicles – KA24 engine - PUMP INJECTION (Injector pump),stock,1,9990431.47,1798277.67,11788709.14,0.00,ready,ready,
342,Nissan vehicles – KA24 engine,Nissan vehicles – KA24 engine injector pump service,injector pump service,Engine Components,Auto Parts,PC,PCS,ASM-NISSAN-VEHICLES-KA24-ENGINE-INJECTOR-PUMP-SERVICE,Nissan vehicles – KA24 engine - injector pump service,stock,1,7758064.52,1396451.61,9154516.14,-0.01,ready,ready,
343,Nissan vehicles – KA24 engine,Nissan vehicles – KA24 engine Fluid Gasket (Sealant tube),Fluid Gasket (Sealant tube),Engine Components,Auto Parts,PC,PCS,ASM-NISSAN-VEHICLES-KA24-ENGINE-FLUID-GASKET-SEALANT-TUBE,Nissan vehicles – KA24 engine - Fluid Gasket (Sealant tube),stock,1,525512.67,94592.28,620104.95,0.00,ready,ready,
344,Nissan vehicles – KA24 engine,Nissan vehicles – KA24 engine FAN COOLING,FAN COOLING,Engine Components,Auto Parts,PC,PCS,ASM-NISSAN-VEHICLES-KA24-ENGINE-FAN-COOLING,Nissan vehicles – KA24 engine - FAN COOLING,stock,1,660314.78,118856.66,779171.45,-0.01,ready,ready,
345,Nissan vehicles – KA24 engine,Nissan vehicles – KA24 engine Canshaft pulley,Canshaft pulley,Engine Components,Auto Parts,PC,PCS,ASM-NISSAN-VEHICLES-KA24-ENGINE-CANSHAFT-PULLEY,Nissan vehicles – KA24 engine - Canshaft pulley,stock,1,453126.14,81562.70,534688.84,0.00,ready,ready,
346,Nissan vehicles – KA24 engine,Nissan vehicles – KA24 engine Crankshaft pulley,Crankshaft pulley,Engine Components,Auto Parts,PC,PCS,ASM-NISSAN-VEHICLES-KA24-ENGINE-CRANKSHAFT-PULLEY,Nissan vehicles – KA24 engine - Crankshaft pulley,stock,1,918629.97,165353.40,1083983.37,-0.00,ready,ready,
347,Nissan vehicles – KA24 engine,Nissan vehicles – KA24 engine FAN ASSY-COND (AC fan shroud),FAN ASSY-COND (AC fan shroud),Engine Cooling System,Auto Parts,PC,PCS,ASM-NISSAN-VEHICLES-KA24-ENGINE-FAN-ASSY-COND-AC-FAN-SHROUD,Nissan vehicles – KA24 engine - FAN ASSY-COND (AC fan shroud),stock,1,259570.15,46722.63,306292.78,-0.00,ready,ready,
348,Nissan vehicles – KA24 engine,Nissan vehicles – KA24 engine Shroud-rad.lowe (Cooling fan shroud),Shroud-rad.lowe (Cooling fan shroud),Engine Cooling System,Auto Parts,PC,PCS,ASM-NISSAN-VEHICLES-KA24-ENGINE-SHROUD-RAD-LOWE-COOLING-FAN-SHROUD,Nissan vehicles – KA24 engine - Shroud-rad.lowe (Cooling fan shroud),stock,1,841625.54,151492.60,993118.14,0.00,ready,ready,
349,Nissan vehicles – KA24 engine,Nissan vehicles – KA24 engine Radiator assy,Radiator assy,Engine Cooling System,Auto Parts,PC,PCS,ASM-NISSAN-VEHICLES-KA24-ENGINE-RADIATOR-ASSY,Nissan vehicles – KA24 engine - Radiator assy,stock,1,4720807.36,849745.33,5570552.69,0.00,ready,ready,
350,Nissan vehicles – KA24 engine,Nissan vehicles – KA24 engine CAP ASSY-PRESSU (Radiator cap),CAP ASSY-PRESSU (Radiator cap),Engine Cooling System,Auto Parts,PC,PCS,ASM-NISSAN-VEHICLES-KA24-ENGINE-CAP-ASSY-PRESSU-RADIATOR-CAP,Nissan vehicles – KA24 engine - CAP ASSY-PRESSU (Radiator cap),stock,1,62693.13,11284.76,73977.89,0.00,ready,ready,
351,Nissan vehicles – KA24 engine,Nissan vehicles – KA24 engine MOUNTING RUBBER (Upper radiator mounti,MOUNTING RUBBER (Upper radiator mounti,Engine Cooling System,Auto Parts,Set,Set,ASM-NISSAN-VEHICLES-KA24-ENGINE-MOUNTING-RUBBER-UPPER-RADIATOR-MOUNTI,Nissan vehicles – KA24 engine - MOUNTING RUBBER (Upper radiator mounti,stock,1,65847.60,11852.57,77700.17,0.00,ready,ready,
352,Nissan vehicles – KA24 engine,Nissan vehicles – KA24 engine RUBBER-MOUNTING (Lower radiator mounti,RUBBER-MOUNTING (Lower radiator mounti,Engine Cooling System,Auto Parts,Set,Set,ASM-NISSAN-VEHICLES-KA24-ENGINE-RUBBER-MOUNTING-LOWER-RADIATOR-MOUNTI,Nissan vehicles – KA24 engine - RUBBER-MOUNTING (Lower radiator mounti,stock,1,52722.46,9490.04,62212.50,0.00,ready,ready,
353,Nissan vehicles – KA24 engine,Nissan vehicles – KA24 engine HOSE-RESERVE TA (Reserve tank pipe),HOSE-RESERVE TA (Reserve tank pipe),Engine Cooling System,Auto Parts,PC,PCS,ASM-NISSAN-VEHICLES-KA24-ENGINE-HOSE-RESERVE-TA-RESERVE-TANK-PIPE,Nissan vehicles – KA24 engine - HOSE-RESERVE TA (Reserve tank pipe),stock,1,27930.54,5027.50,32958.04,0.00,ready,ready,
354,Nissan vehicles – KA24 engine,Nissan vehicles – KA24 engine Nozzle Washer (Wiper nozzles),Nozzle Washer (Wiper nozzles),Engine Cooling System,Auto Parts,Set,Set,ASM-NISSAN-VEHICLES-KA24-ENGINE-NOZZLE-WASHER-WIPER-NOZZLES,Nissan vehicles – KA24 engine - Nozzle Washer (Wiper nozzles),stock,1,114321.83,20577.93,134899.77,-0.01,ready,ready,
355,Nissan vehicles – KA24 engine,Nissan vehicles – KA24 engine TANK ASSY-RESER (Reservoir tank),TANK ASSY-RESER (Reservoir tank),Engine Cooling System,Auto Parts,PC,PCS,ASM-NISSAN-VEHICLES-KA24-ENGINE-TANK-ASSY-RESER-RESERVOIR-TANK,Nissan vehicles – KA24 engine - TANK ASSY-RESER (Reservoir tank),stock,1,370499.76,66689.96,437189.71,0.01,ready,ready,
356,Nissan vehicles – KA24 engine,Nissan vehicles – KA24 engine BODY-CLEANER (Air cleaner housing),BODY-CLEANER (Air cleaner housing),Engine Cooling System,Auto Parts,PC,PCS,ASM-NISSAN-VEHICLES-KA24-ENGINE-BODY-CLEANER-AIR-CLEANER-HOUSING,Nissan vehicles – KA24 engine - BODY-CLEANER (Air cleaner housing),stock,1,865212.74,155738.29,1020951.04,-0.01,ready,ready,
357,Nissan vehicles – KA24 engine,Nissan vehicles – KA24 engine PUMP ASSY-WATER (Water pump),PUMP ASSY-WATER (Water pump),Engine Cooling System,Auto Parts,PC,PCS,ASM-NISSAN-VEHICLES-KA24-ENGINE-PUMP-ASSY-WATER-WATER-PUMP,Nissan vehicles – KA24 engine - PUMP ASSY-WATER (Water pump),stock,1,1967835.07,354210.31,2322045.39,-0.01,ready,ready,
358,Nissan vehicles – KA24 engine,Nissan vehicles – KA24 engine Water temperature sensor,Water temperature sensor,Engine Cooling System,Auto Parts,PC,PCS,ASM-NISSAN-VEHICLES-KA24-ENGINE-WATER-TEMPERATURE-SENSOR,Nissan vehicles – KA24 engine - Water temperature sensor,stock,1,166293.00,29932.74,196225.74,0.00,ready,ready,
359,Nissan vehicles – KA24 engine,Nissan vehicles – KA24 engine ENGINE COOLANT,ENGINE COOLANT,Engine Cooling System,Auto Parts,PC,PCS,ASM-NISSAN-VEHICLES-KA24-ENGINE-ENGINE-COOLANT,Nissan vehicles – KA24 engine - ENGINE COOLANT,stock,1,199841.28,35971.43,235812.71,0.00,ready,ready,
360,Nissan vehicles – KA24 engine,Nissan vehicles – KA24 engine GASKET-WATER PU (Water pump gasket),GASKET-WATER PU (Water pump gasket),Engine Cooling System,Auto Parts,PC,PCS,ASM-NISSAN-VEHICLES-KA24-ENGINE-GASKET-WATER-PU-WATER-PUMP-GASKET,Nissan vehicles – KA24 engine - GASKET-WATER PU (Water pump gasket),stock,1,30181.47,5432.66,35614.14,-0.01,ready,ready,
361,Nissan vehicles – KA24 engine,Nissan vehicles – KA24 engine TANK ASSY -WS WASH (Wiper tank tank),TANK ASSY -WS WASH (Wiper tank tank),Engine Cooling System,Auto Parts,PC,PCS,ASM-NISSAN-VEHICLES-KA24-ENGINE-TANK-ASSY-WS-WASH-WIPER-TANK-TANK,Nissan vehicles – KA24 engine - TANK ASSY -WS WASH (Wiper tank tank),stock,1,185083.43,33315.02,218398.45,-0.00,ready,ready,
362,Nissan vehicles – KA24 engine,Nissan vehicles – KA24 engine FILTER ASSY-OIL (Oil filter),FILTER ASSY-OIL (Oil filter),Engine Oil System,Auto Parts,PC,PCS,,,review,,116319.14,20937.45,137256.59,0.00,ready,review_duplicate_conflict,"Conflicting category, unit, or price variants"
363,Nissan vehicles – KA24 engine,Nissan vehicles – KA24 engine CAP ASSY-OIL FI (Oil filler cap),CAP ASSY-OIL FI (Oil filler cap),Engine Oil System,Auto Parts,PC,PCS,ASM-NISSAN-VEHICLES-KA24-ENGINE-CAP-ASSY-OIL-FI-OIL-FILLER-CAP,Nissan vehicles – KA24 engine - CAP ASSY-OIL FI (Oil filler cap),stock,1,29615.86,5330.85,34946.71,0.00,ready,ready,
364,Nissan vehicles – KA24 engine,Nissan vehicles – KA24 engine PUMP ASSY OIL D (Oil pump),PUMP ASSY OIL D (Oil pump),Engine Oil System,Auto Parts,PC,PCS,,,review,,1043502.35,187830.42,1231332.78,-0.01,ready,review_duplicate_conflict,"Conflicting category, unit, or price variants"
365,Nissan vehicles – KA24 engine,Nissan vehicles – KA24 engine HOSE-WATER (Oil cooler pipe),HOSE-WATER (Oil cooler pipe),Engine Oil System,Auto Parts,PC,PCS,ASM-NISSAN-VEHICLES-KA24-ENGINE-HOSE-WATER-OIL-COOLER-PIPE,Nissan vehicles – KA24 engine - HOSE-WATER (Oil cooler pipe),stock,1,96726.54,17410.78,114137.32,-0.00,ready,ready,
366,Nissan vehicles – KA24 engine,Nissan vehicles – KA24 engine COOLER OIL (Oil cooler),COOLER OIL (Oil cooler),Engine Oil System,Auto Parts,PC,PCS,ASM-NISSAN-VEHICLES-KA24-ENGINE-COOLER-OIL-OIL-COOLER,Nissan vehicles – KA24 engine - COOLER OIL (Oil cooler),stock,1,6421345.73,1155842.23,7577187.96,0.00,ready,ready,
367,Nissan vehicles – KA24 engine,Nissan vehicles – KA24 engine STRAINER OIL (Oil strainer),STRAINER OIL (Oil strainer),Engine Oil System,Auto Parts,PC,PCS,ASM-NISSAN-VEHICLES-KA24-ENGINE-STRAINER-OIL-OIL-STRAINER,Nissan vehicles – KA24 engine - STRAINER OIL (Oil strainer),stock,1,228786.33,41181.54,269967.87,0.00,ready,ready,
368,Nissan vehicles – KA24 engine,Nissan vehicles – KA24 engine GAUGE OIL LEVEL (Dipstick),GAUGE OIL LEVEL (Dipstick),Engine Oil System,Auto Parts,PC,PCS,ASM-NISSAN-VEHICLES-KA24-ENGINE-GAUGE-OIL-LEVEL-DIPSTICK,Nissan vehicles – KA24 engine - GAUGE OIL LEVEL (Dipstick),stock,1,86740.03,15613.21,102353.24,-0.00,ready,ready,
369,Nissan vehicles – KA24 engine,Nissan vehicles – KA24 engine PAN ASSY-OIL (Oil pan),PAN ASSY-OIL (Oil pan),Engine Oil System,Auto Parts,PC,PCS,ASM-NISSAN-VEHICLES-KA24-ENGINE-PAN-ASSY-OIL-OIL-PAN,Nissan vehicles – KA24 engine - PAN ASSY-OIL (Oil pan),stock,1,858364.85,154505.67,1012870.52,0.00,ready,ready,
370,Nissan vehicles – KA24 engine,Nissan vehicles – KA24 engine BRACKET-OIL FIL (Oil filter bracket),BRACKET-OIL FIL (Oil filter bracket),Engine Oil System,Auto Parts,PC,PCS,ASM-NISSAN-VEHICLES-KA24-ENGINE-BRACKET-OIL-FIL-OIL-FILTER-BRACKET,Nissan vehicles – KA24 engine - BRACKET-OIL FIL (Oil filter bracket),stock,1,449710.26,80947.85,530658.10,0.01,ready,ready,
371,Nissan vehicles – KA24 engine,Nissan vehicles – KA24 engine WASHER DRAIN (Drain plug washer),WASHER DRAIN (Drain plug washer),Engine Oil System,Auto Parts,PC,PCS,ASM-NISSAN-VEHICLES-KA24-ENGINE-WASHER-DRAIN-DRAIN-PLUG-WASHER,Nissan vehicles – KA24 engine - WASHER DRAIN (Drain plug washer),stock,1,6911.31,1244.04,8155.34,0.01,ready,ready,
372,Nissan vehicles – KA24 engine,Nissan vehicles – KA24 engine SPARK PLUGS,SPARK PLUGS,Engine Oil System,Auto Parts,PC,PCS,ASM-NISSAN-VEHICLES-KA24-ENGINE-SPARK-PLUGS,Nissan vehicles – KA24 engine - SPARK PLUGS,stock,1,114180.50,20552.49,134732.99,0.00,ready,ready,
373,Nissan vehicles – KA24 engine,"Nissan vehicles – KA24 engine MFLR ASSY (Exhaust pipe complete( Silencers,pipes etc))","MFLR ASSY (Exhaust pipe complete( Silencers,pipes etc))",Exhaust System,Auto Parts,PC,PCS,ASM-NISSAN-VEHICLES-KA24-ENGINE-MFLR-ASSY-EXHAUST-PIPE-COMPLETE-SILENCERS-PIPES-ETC,"Nissan vehicles – KA24 engine - MFLR ASSY (Exhaust pipe complete( Silencers,pipes etc))",stock,1,1101766.35,198317.94,1300084.29,0.00,ready,ready,
374,Nissan vehicles – KA24 engine,Nissan vehicles – KA24 engine CONVERTER ASSY (Catalytic converter),CONVERTER ASSY (Catalytic converter),Exhaust System,Auto Parts,PC,PCS,ASM-NISSAN-VEHICLES-KA24-ENGINE-CONVERTER-ASSY-CATALYTIC-CONVERTER,Nissan vehicles – KA24 engine - CONVERTER ASSY (Catalytic converter),stock,1,5235470.71,942384.73,6177855.44,-0.00,ready,ready,
375,Nissan vehicles – KA24 engine,Nissan vehicles – KA24 engine Exhaust tube(Tube Exhaust Fr),Exhaust tube(Tube Exhaust Fr),Exhaust System,Auto Parts,PC,PCS,ASM-NISSAN-VEHICLES-KA24-ENGINE-EXHAUST-TUBE-TUBE-EXHAUST-FR,Nissan vehicles – KA24 engine - Exhaust tube(Tube Exhaust Fr),stock,1,1551474.84,279265.47,1830740.31,0.00,ready,ready,
376,Nissan vehicles – KA24 engine,Nissan vehicles – KA24 engine BOLT (Exhaust bolt),BOLT (Exhaust bolt),Exhaust System,Auto Parts,PC,PCS,,,review,,7006.42,1261.15,8267.57,0.00,ready,review_duplicate_conflict,"Conflicting category, unit, or price variants"
377,Nissan vehicles – KA24 engine,Nissan vehicles – KA24 engine BOLT HEX HD (Exhaust bolt),BOLT HEX HD (Exhaust bolt),Exhaust System,Auto Parts,PC,PCS,ASM-NISSAN-VEHICLES-KA24-ENGINE-BOLT-HEX-HD-EXHAUST-BOLT,Nissan vehicles – KA24 engine - BOLT HEX HD (Exhaust bolt),stock,1,104874.27,18877.37,123751.64,0.00,ready,ready,
378,Nissan vehicles – KA24 engine,Nissan vehicles – KA24 engine BOLT (Exhaust bolt),BOLT (Exhaust bolt),Exhaust System,Auto Parts,PC,PCS,,,review,,42038.47,7566.93,49605.40,0.00,ready,review_duplicate_conflict,"Conflicting category, unit, or price variants"
379,Nissan vehicles – KA24 engine,Nissan vehicles – KA24 engine SCR-HEX HD PP W (Exhaust bolt),SCR-HEX HD PP W (Exhaust bolt),Exhaust System,Auto Parts,Set,Set,ASM-NISSAN-VEHICLES-KA24-ENGINE-SCR-HEX-HD-PP-W-EXHAUST-BOLT,Nissan vehicles – KA24 engine - SCR-HEX HD PP W (Exhaust bolt),stock,1,47745.06,8594.11,56339.17,0.00,ready,ready,
380,Nissan vehicles – KA24 engine,Nissan vehicles – KA24 engine CLAMP-EXH MTG (exhaust clamp),CLAMP-EXH MTG (exhaust clamp),Exhaust System,Auto Parts,PC,PCS,ASM-NISSAN-VEHICLES-KA24-ENGINE-CLAMP-EXH-MTG-EXHAUST-CLAMP,Nissan vehicles – KA24 engine - CLAMP-EXH MTG (exhaust clamp),stock,1,187587.98,33765.84,221353.82,0.00,ready,ready,
381,Nissan vehicles – KA24 engine,"Nissan vehicles – KA24 engine Gasket, exhaust Big (Exhaust manifold gasket)","Gasket, exhaust Big (Exhaust manifold gasket)",Exhaust System,Auto Parts,PC,PCS,ASM-NISSAN-VEHICLES-KA24-ENGINE-GASKET-EXHAUST-BIG-EXHAUST-MANIFOLD-GASKET,"Nissan vehicles – KA24 engine - Gasket, exhaust Big (Exhaust manifold gasket)",stock,1,203341.93,36601.55,239943.48,-0.00,ready,ready,
382,Nissan vehicles – KA24 engine,"Nissan vehicles – KA24 engine Gasket, exhaust (Pipe connector gasket)","Gasket, exhaust (Pipe connector gasket)",Exhaust System,Auto Parts,PC,PCS,ASM-NISSAN-VEHICLES-KA24-ENGINE-GASKET-EXHAUST-PIPE-CONNECTOR-GASKET,"Nissan vehicles – KA24 engine - Gasket, exhaust (Pipe connector gasket)",stock,1,63666.82,11460.03,53954.93,21171.92,ready,ready,
383,Nissan vehicles – KA24 engine,Nissan vehicles – KA24 engine Bracket - Exh M (Exhaust mounting bracket),Bracket - Exh M (Exhaust mounting bracket),Exhaust System,Auto Parts,PC,PCS,ASM-NISSAN-VEHICLES-KA24-ENGINE-BRACKET-EXH-M-EXHAUST-MOUNTING-BRACKET,Nissan vehicles – KA24 engine - Bracket - Exh M (Exhaust mounting bracket),stock,1,105191.31,18934.44,124125.74,0.01,ready,ready,
384,Nissan vehicles – KA24 engine,Nissan vehicles – KA24 engine INSUL EXH MTG (Exhaust mounting),INSUL EXH MTG (Exhaust mounting),Exhaust System,Auto Parts,PC,PCS,ASM-NISSAN-VEHICLES-KA24-ENGINE-INSUL-EXH-MTG-EXHAUST-MOUNTING,Nissan vehicles – KA24 engine - INSUL EXH MTG (Exhaust mounting),stock,1,176000.46,31680.08,207680.54,-0.00,ready,ready,
385,Nissan vehicles – KA24 engine,"Nissan vehicles – KA24 engine MNTG Bracket (Exhaust mounting, front)","MNTG Bracket (Exhaust mounting, front)",Exhaust System,Auto Parts,PC,PCS,ASM-NISSAN-VEHICLES-KA24-ENGINE-MNTG-BRACKET-EXHAUST-MOUNTING-FRONT,"Nissan vehicles – KA24 engine - MNTG Bracket (Exhaust mounting, front)",stock,1,125830.11,22649.42,148479.53,0.00,ready,ready,
386,Nissan vehicles – KA24 engine,Nissan vehicles – KA24 engine BRKT EXH MTG (Exhaust pipe bracket),BRKT EXH MTG (Exhaust pipe bracket),Exhaust System,Auto Parts,PC,PCS,ASM-NISSAN-VEHICLES-KA24-ENGINE-BRKT-EXH-MTG-EXHAUST-PIPE-BRACKET,Nissan vehicles – KA24 engine - BRKT EXH MTG (Exhaust pipe bracket),stock,1,30149.77,5426.96,35576.72,0.01,ready,ready,
387,Nissan vehicles – KA24 engine,Nissan vehicles – KA24 engine Insul-heat Exh (Exhaust insulator),Insul-heat Exh (Exhaust insulator),Exhaust System,Auto Parts,PC,PCS,ASM-NISSAN-VEHICLES-KA24-ENGINE-INSUL-HEAT-EXH-EXHAUST-INSULATOR,Nissan vehicles – KA24 engine - Insul-heat Exh (Exhaust insulator),stock,1,35333.25,6359.99,41693.24,0.00,ready,ready,
388,Nissan vehicles – KA24 engine,"Nissan vehicles – KA24 engine INJECTOR-FUEL (Injector Nozzle, complete)","INJECTOR-FUEL (Injector Nozzle, complete)",Fuel Supply System,Auto Parts,Set,Set,ASM-NISSAN-VEHICLES-KA24-ENGINE-INJECTOR-FUEL-INJECTOR-NOZZLE-COMPLETE,"Nissan vehicles – KA24 engine - INJECTOR-FUEL (Injector Nozzle, complete)",stock,1,17597192.52,3167494.65,20764687.18,-0.01,ready,ready,
389,Nissan vehicles – KA24 engine,Nissan vehicles – KA24 engine 16401-VC10C COVER-UPPER (Fuel Lift pump),16401-VC10C COVER-UPPER (Fuel Lift pump),Fuel Supply System,Auto Parts,PC,PCS,ASM-NISSAN-VEHICLES-KA24-ENGINE-16401-VC10C-COVER-UPPER-FUEL-LIFT-PUMP,Nissan vehicles – KA24 engine - 16401-VC10C COVER-UPPER (Fuel Lift pump),stock,1,270614.16,48710.55,319324.71,-0.00,ready,ready,
390,Nissan vehicles – KA24 engine,Nissan vehicles – KA24 engine Gasket-nozzle (Injector Nozzle seal),Gasket-nozzle (Injector Nozzle seal),Fuel Supply System,Auto Parts,Set,Set,ASM-NISSAN-VEHICLES-KA24-ENGINE-GASKET-NOZZLE-INJECTOR-NOZZLE-SEAL,Nissan vehicles – KA24 engine - Gasket-nozzle (Injector Nozzle seal),stock,1,65689.08,11824.03,77513.11,0.00,ready,ready,
391,Nissan vehicles – KA24 engine,Nissan vehicles – KA24 engine TUBE ASSY-FUEL (Fuel return pipe),TUBE ASSY-FUEL (Fuel return pipe),Fuel Supply System,Auto Parts,PC,PCS,ASM-NISSAN-VEHICLES-KA24-ENGINE-TUBE-ASSY-FUEL-FUEL-RETURN-PIPE,Nissan vehicles – KA24 engine - TUBE ASSY-FUEL (Fuel return pipe),stock,1,4847597.60,872567.57,5720165.17,0.00,ready,ready,
392,Nissan vehicles – KA24 engine,Nissan vehicles – KA24 engine TUBE ASSY-INJEC (Fuel rail),TUBE ASSY-INJEC (Fuel rail),Fuel Supply System,Auto Parts,PC,PCS,ASM-NISSAN-VEHICLES-KA24-ENGINE-TUBE-ASSY-INJEC-FUEL-RAIL,Nissan vehicles – KA24 engine - TUBE ASSY-INJEC (Fuel rail),stock,1,385400.26,69372.05,454772.31,0.00,ready,ready,
393,Nissan vehicles – KA24 engine,Nissan vehicles – KA24 engine TUBE-INJECTION (Fuel rail pipe1),TUBE-INJECTION (Fuel rail pipe1),Fuel Supply System,Auto Parts,PC,PCS,ASM-NISSAN-VEHICLES-KA24-ENGINE-TUBE-INJECTION-FUEL-RAIL-PIPE1,Nissan vehicles – KA24 engine - TUBE-INJECTION (Fuel rail pipe1),stock,1,248585.00,44745.30,293330.30,0.00,ready,ready,
394,Nissan vehicles – KA24 engine,Nissan vehicles – KA24 engine TUBE ASSY-INJEC (Fuel rail pipe2),TUBE ASSY-INJEC (Fuel rail pipe2),Fuel Supply System,Auto Parts,PC,PCS,ASM-NISSAN-VEHICLES-KA24-ENGINE-TUBE-ASSY-INJEC-FUEL-RAIL-PIPE2,Nissan vehicles – KA24 engine - TUBE ASSY-INJEC (Fuel rail pipe2),stock,1,381627.58,68692.96,450320.55,-0.01,ready,ready,
395,Nissan vehicles – KA24 engine,Nissan vehicles – KA24 engine TUBE ASSY-INJEC (Fuel rail pipe3),TUBE ASSY-INJEC (Fuel rail pipe3),Fuel Supply System,Auto Parts,PC,PCS,ASM-NISSAN-VEHICLES-KA24-ENGINE-TUBE-ASSY-INJEC-FUEL-RAIL-PIPE3,Nissan vehicles – KA24 engine - TUBE ASSY-INJEC (Fuel rail pipe3),stock,1,252056.49,45370.17,297426.66,0.00,ready,ready,
396,Nissan vehicles – KA24 engine,Nissan vehicles – KA24 engine TUBE ASSY-INJEC (Fuel rail pipe4),TUBE ASSY-INJEC (Fuel rail pipe4),Fuel Supply System,Auto Parts,PC,PCS,ASM-NISSAN-VEHICLES-KA24-ENGINE-TUBE-ASSY-INJEC-FUEL-RAIL-PIPE4,Nissan vehicles – KA24 engine - TUBE ASSY-INJEC (Fuel rail pipe4),stock,1,515795.63,92843.21,608638.85,-0.01,ready,ready,
397,Nissan vehicles – KA24 engine,Nissan vehicles – KA24 engine O RING (Tank belt clamp),O RING (Tank belt clamp),Fuel Supply System,Auto Parts,PC,PCS,ASM-NISSAN-VEHICLES-KA24-ENGINE-O-RING-TANK-BELT-CLAMP,Nissan vehicles – KA24 engine - O RING (Tank belt clamp),stock,1,30989.91,5578.18,36568.09,0.00,ready,ready,
398,Nissan vehicles – KA24 engine,Nissan vehicles – KA24 engine Cap-filler-scre (Fuel tank cap - rubber),Cap-filler-scre (Fuel tank cap - rubber),Fuel Supply System,Auto Parts,PC,PCS,ASM-NISSAN-VEHICLES-KA24-ENGINE-CAP-FILLER-SCRE-FUEL-TANK-CAP-RUBBER,Nissan vehicles – KA24 engine - Cap-filler-scre (Fuel tank cap - rubber),stock,1,179773.14,32359.17,212132.31,0.00,ready,ready,
399,Nissan vehicles – KA24 engine,Nissan vehicles – KA24 engine Manifold Assy-I (Intake manifold ass),Manifold Assy-I (Intake manifold ass),Fuel Supply System,Auto Parts,PC,PCS,ASM-NISSAN-VEHICLES-KA24-ENGINE-MANIFOLD-ASSY-I-INTAKE-MANIFOLD-ASS,Nissan vehicles – KA24 engine - Manifold Assy-I (Intake manifold ass),stock,1,2917267.43,525108.14,3442375.57,0.00,ready,ready,
400,Nissan vehicles – KA24 engine,Nissan vehicles – KA24 engine Suction control valve,Suction control valve,Fuel Supply System,Auto Parts,PC,PCS,ASM-NISSAN-VEHICLES-KA24-ENGINE-SUCTION-CONTROL-VALVE,Nissan vehicles – KA24 engine - Suction control valve,stock,1,1300000.00,234000.00,1534000.00,0.00,ready,ready,
401,Nissan vehicles – KA24 engine,Nissan vehicles – KA24 engine Fuel filter senosr,Fuel filter senosr,Fuel Supply System,Auto Parts,PC,PCS,ASM-NISSAN-VEHICLES-KA24-ENGINE-FUEL-FILTER-SENOSR,Nissan vehicles – KA24 engine - Fuel filter senosr,stock,1,516531.08,92975.59,609506.68,-0.01,ready,ready,
402,Nissan vehicles – KA24 engine,Nissan vehicles – KA24 engine Gasket-manifold,Gasket-manifold,Fuel Supply System,Auto Parts,PC,PCS,ASM-NISSAN-VEHICLES-KA24-ENGINE-GASKET-MANIFOLD,Nissan vehicles – KA24 engine - Gasket-manifold,stock,1,239454.46,43101.80,282556.26,0.00,ready,ready,
403,Nissan vehicles – KA24 engine,Nissan vehicles – KA24 engine Link Compl-fr S (Ball joint - upper LH),Link Compl-fr S (Ball joint - upper LH),Suspension & Steering System,Auto Parts,PC,PCS,ASM-NISSAN-VEHICLES-KA24-ENGINE-LINK-COMPL-FR-S-BALL-JOINT-UPPER-LH,Nissan vehicles – KA24 engine - Link Compl-fr S (Ball joint - upper LH),stock,1,945865.74,170255.83,1116121.58,-0.01,ready,ready,
404,Nissan vehicles – KA24 engine,Nissan vehicles – KA24 engine LINK COMPL RH (Ball joint - upper RH),LINK COMPL RH (Ball joint - upper RH),Suspension & Steering System,Auto Parts,PC,PCS,ASM-NISSAN-VEHICLES-KA24-ENGINE-LINK-COMPL-RH-BALL-JOINT-UPPER-RH,Nissan vehicles – KA24 engine - LINK COMPL RH (Ball joint - upper RH),stock,1,945865.74,170255.83,1116121.58,-0.01,ready,ready,
405,Nissan vehicles – KA24 engine,Nissan vehicles – KA24 engine Link Compl-fr S (Ball joint - lower RH),Link Compl-fr S (Ball joint - lower RH),Suspension & Steering System,Auto Parts,PC,PCS,ASM-NISSAN-VEHICLES-KA24-ENGINE-LINK-COMPL-FR-S-BALL-JOINT-LOWER-RH,Nissan vehicles – KA24 engine - Link Compl-fr S (Ball joint - lower RH),stock,1,957358.16,172324.47,1129682.63,0.00,ready,ready,
406,Nissan vehicles – KA24 engine,Nissan vehicles – KA24 engine Link Compl-fr S (Ball joint - lower LH),Link Compl-fr S (Ball joint - lower LH),Suspension & Steering System,Auto Parts,PC,PCS,ASM-NISSAN-VEHICLES-KA24-ENGINE-LINK-COMPL-FR-S-BALL-JOINT-LOWER-LH,Nissan vehicles – KA24 engine - Link Compl-fr S (Ball joint - lower LH),stock,1,957358.16,172324.47,1129682.63,0.00,ready,ready,
407,Nissan vehicles – KA24 engine,Nissan vehicles – KA24 engine Rod Kit-relay * (Track rod),Rod Kit-relay * (Track rod),Suspension & Steering System,Auto Parts,PC,PCS,ASM-NISSAN-VEHICLES-KA24-ENGINE-ROD-KIT-RELAY-TRACK-ROD,Nissan vehicles – KA24 engine - Rod Kit-relay * (Track rod),stock,1,1610048.33,289808.70,1899857.02,0.01,ready,ready,
408,Nissan vehicles – KA24 engine,Nissan vehicles – KA24 engine Rod Kit - Tie; (Tie rod ends),Rod Kit - Tie; (Tie rod ends),Suspension & Steering System,Auto Parts,Set,Set,ASM-NISSAN-VEHICLES-KA24-ENGINE-ROD-KIT-TIE-TIE-ROD-ENDS,Nissan vehicles – KA24 engine - Rod Kit - Tie; (Tie rod ends),stock,1,1688862.54,303995.26,1992857.80,0.00,ready,ready,
409,Nissan vehicles – KA24 engine,Nissan vehicles – KA24 engine ABSORBER-SHOCK (Front shock absorbers),ABSORBER-SHOCK (Front shock absorbers),Suspension & Steering System,Auto Parts,Set,Set,ASM-NISSAN-VEHICLES-KA24-ENGINE-ABSORBER-SHOCK-FRONT-SHOCK-ABSORBERS,Nissan vehicles – KA24 engine - ABSORBER-SHOCK (Front shock absorbers),stock,1,686300.23,123534.04,809834.27,0.00,ready,ready,
410,Nissan vehicles – KA24 engine,Nissan vehicles – KA24 engine Bush *telex* (Shock absorber bushes),Bush *telex* (Shock absorber bushes),Suspension & Steering System,Auto Parts,Set,Set,ASM-NISSAN-VEHICLES-KA24-ENGINE-BUSH-TELEX-SHOCK-ABSORBER-BUSHES,Nissan vehicles – KA24 engine - Bush *telex* (Shock absorber bushes),stock,1,61282.34,11030.82,72313.16,0.00,ready,ready,
411,Nissan vehicles – KA24 engine,Nissan vehicles – KA24 engine Shock RR 2WD KA (rear shock absorbers),Shock RR 2WD KA (rear shock absorbers),Suspension & Steering System,Auto Parts,Set,Set,ASM-NISSAN-VEHICLES-KA24-ENGINE-SHOCK-RR-2WD-KA-REAR-SHOCK-ABSORBERS,Nissan vehicles – KA24 engine - Shock RR 2WD KA (rear shock absorbers),stock,1,649155.24,116847.94,766003.19,-0.01,ready,ready,
412,Nissan vehicles – KA24 engine,"Nissan vehicles – KA24 engine BUSH STAB (Stabiliser bar bushes, big)","BUSH STAB (Stabiliser bar bushes, big)",Suspension & Steering System,Auto Parts,Set,Set,ASM-NISSAN-VEHICLES-KA24-ENGINE-BUSH-STAB-STABILISER-BAR-BUSHES-BIG,"Nissan vehicles – KA24 engine - BUSH STAB (Stabiliser bar bushes, big)",stock,1,129283.48,23271.03,152554.51,0.00,ready,ready,
413,Nissan vehicles – KA24 engine,"Nissan vehicles – KA24 engine Stabiliser bar bushes, small","Stabiliser bar bushes, small",Suspension & Steering System,Auto Parts,Set,Set,ASM-NISSAN-VEHICLES-KA24-ENGINE-STABILISER-BAR-BUSHES-SMALL,"Nissan vehicles – KA24 engine - Stabiliser bar bushes, small",stock,1,233852.74,42093.49,275946.23,0.00,ready,ready,
414,Nissan vehicles – KA24 engine,"Nissan vehicles – KA24 engine BUSH RR SPR RR (Spring bushes, small)","BUSH RR SPR RR (Spring bushes, small)",Suspension & Steering System,Auto Parts,Set,Set,ASM-NISSAN-VEHICLES-KA24-ENGINE-BUSH-RR-SPR-RR-SPRING-BUSHES-SMALL,"Nissan vehicles – KA24 engine - BUSH RR SPR RR (Spring bushes, small)",stock,1,86385.33,15549.36,101934.69,0.00,ready,ready,
415,Nissan vehicles – KA24 engine,"Nissan vehicles – KA24 engine Bush-spring (Spring bushes, big)","Bush-spring (Spring bushes, big)",Suspension & Steering System,Auto Parts,Set,Set,ASM-NISSAN-VEHICLES-KA24-ENGINE-BUSH-SPRING-SPRING-BUSHES-BIG,"Nissan vehicles – KA24 engine - Bush-spring (Spring bushes, big)",stock,1,52770.76,9498.74,62269.49,0.01,ready,ready,
416,Nissan vehicles – KA24 engine,"Nissan vehicles – KA24 engine SPRING ASSY RR (Leaf spring, complete)","SPRING ASSY RR (Leaf spring, complete)",Suspension & Steering System,Auto Parts,Set,Set,ASM-NISSAN-VEHICLES-KA24-ENGINE-SPRING-ASSY-RR-LEAF-SPRING-COMPLETE,"Nissan vehicles – KA24 engine - SPRING ASSY RR (Leaf spring, complete)",stock,1,5626086.15,1012695.51,6638781.66,0.00,ready,ready,
417,Nissan vehicles – KA24 engine,Nissan vehicles – KA24 engine Clip RR Spring (leaf spring clamps),Clip RR Spring (leaf spring clamps),Suspension & Steering System,Auto Parts,PC,PCS,ASM-NISSAN-VEHICLES-KA24-ENGINE-CLIP-RR-SPRING-LEAF-SPRING-CLAMPS,Nissan vehicles – KA24 engine - Clip RR Spring (leaf spring clamps),stock,1,182864.20,32915.56,215779.76,0.00,ready,ready,
418,Nissan vehicles – KA24 engine,Nissan vehicles – KA24 engine SEAT ASSY-RR SP U - bolts mounting plates - set,SEAT ASSY-RR SP U - bolts mounting plates - set,Suspension & Steering System,Auto Parts,PC,PCS,ASM-NISSAN-VEHICLES-KA24-ENGINE-SEAT-ASSY-RR-SP-U-BOLTS-MOUNTING-PLATES-SET,Nissan vehicles – KA24 engine - SEAT ASSY-RR SP U - bolts mounting plates - set,stock,1,378821.85,68187.93,447009.78,-0.00,ready,ready,
419,Nissan vehicles – KA24 engine,Nissan vehicles – KA24 engine PAD ASSY-RR SPR (Leaf spring seat),PAD ASSY-RR SPR (Leaf spring seat),Suspension & Steering System,Auto Parts,PC,PCS,ASM-NISSAN-VEHICLES-KA24-ENGINE-PAD-ASSY-RR-SPR-LEAF-SPRING-SEAT,Nissan vehicles – KA24 engine - PAD ASSY-RR SPR (Leaf spring seat),stock,1,170214.62,30638.63,200853.25,0.00,ready,ready,
420,Nissan vehicles – KA24 engine,Nissan vehicles – KA24 engine ARM ASSY FR SPR (Anchor arm),ARM ASSY FR SPR (Anchor arm),Suspension & Steering System,Auto Parts,PC,PCS,ASM-NISSAN-VEHICLES-KA24-ENGINE-ARM-ASSY-FR-SPR-ANCHOR-ARM,Nissan vehicles – KA24 engine - ARM ASSY FR SPR (Anchor arm),stock,1,213822.40,38488.03,252310.44,-0.01,ready,ready,
421,Nissan vehicles – KA24 engine,Nissan vehicles – KA24 engine ARM ASSY ANCHOR (Anchor arm),ARM ASSY ANCHOR (Anchor arm),Suspension & Steering System,Auto Parts,PC,PCS,ASM-NISSAN-VEHICLES-KA24-ENGINE-ARM-ASSY-ANCHOR-ANCHOR-ARM,Nissan vehicles – KA24 engine - ARM ASSY ANCHOR (Anchor arm),stock,1,221019.05,39783.43,260802.48,-0.00,ready,ready,
422,Nissan vehicles – KA24 engine,Nissan vehicles – KA24 engine PULLEY-PUMP (Power steering pump pulley),PULLEY-PUMP (Power steering pump pulley),Suspension & Steering System,Auto Parts,PC,PCS,ASM-NISSAN-VEHICLES-KA24-ENGINE-PULLEY-PUMP-POWER-STEERING-PUMP-PULLEY,Nissan vehicles – KA24 engine - PULLEY-PUMP (Power steering pump pulley),stock,1,636553.22,114579.58,751132.80,-0.00,ready,ready,
423,Nissan vehicles – KA24 engine,Nissan vehicles – KA24 engine Power Pump assy (Steering pump),Power Pump assy (Steering pump),Suspension & Steering System,Auto Parts,PC,PCS,ASM-NISSAN-VEHICLES-KA24-ENGINE-POWER-PUMP-ASSY-STEERING-PUMP,Nissan vehicles – KA24 engine - Power Pump assy (Steering pump),stock,1,3136859.83,564634.77,3701494.60,0.00,ready,ready,
424,Nissan vehicles – KA24 engine,Nissan vehicles – KA24 engine ArmKit-Pitman+- (Pitman arm),ArmKit-Pitman+- (Pitman arm),Suspension & Steering System,Auto Parts,PC,PCS,ASM-NISSAN-VEHICLES-KA24-ENGINE-ARMKIT-PITMAN-PITMAN-ARM,Nissan vehicles – KA24 engine - ArmKit-Pitman+- (Pitman arm),stock,1,550447.26,99080.51,649527.76,0.01,ready,ready,
425,Nissan vehicles – KA24 engine,Nissan vehicles – KA24 engine Idler Kit **tel (Idler arm),Idler Kit **tel (Idler arm),Suspension & Steering System,Auto Parts,PC,PCS,ASM-NISSAN-VEHICLES-KA24-ENGINE-IDLER-KIT-TEL-IDLER-ARM,Nissan vehicles – KA24 engine - Idler Kit **tel (Idler arm),stock,1,770166.46,138629.96,908796.42,-0.00,ready,ready,
426,Nissan vehicles – KA24 engine,Nissan vehicles – KA24 engine COLUMN ASSY-STE (steering column),COLUMN ASSY-STE (steering column),Suspension & Steering System,Auto Parts,PC,PCS,ASM-NISSAN-VEHICLES-KA24-ENGINE-COLUMN-ASSY-STE-STEERING-COLUMN,Nissan vehicles – KA24 engine - COLUMN ASSY-STE (steering column),stock,1,3175601.17,571608.21,3747209.38,0.00,ready,ready,
427,Nissan vehicles – KA24 engine,Nissan vehicles – KA24 engine WHEEL ASSY-STEE (Steering wheel),WHEEL ASSY-STEE (Steering wheel),Suspension & Steering System,Auto Parts,PC,PCS,ASM-NISSAN-VEHICLES-KA24-ENGINE-WHEEL-ASSY-STEE-STEERING-WHEEL,Nissan vehicles – KA24 engine - WHEEL ASSY-STEE (Steering wheel),stock,1,5448833.42,980790.02,6429623.43,0.01,ready,ready,
428,Nissan vehicles – KA24 engine,Nissan vehicles – KA24 engine Transfer case seal,Transfer case seal,Suspension & Steering System,Auto Parts,PC,PCS,ASM-NISSAN-VEHICLES-KA24-ENGINE-TRANSFER-CASE-SEAL,Nissan vehicles – KA24 engine - Transfer case seal,stock,1,185994.04,33478.93,219472.97,0.00,ready,ready,
429,Nissan vehicles – KA24 engine,Nissan vehicles – KA24 engine BRNG. Kit Centr (Center bearing),BRNG. Kit Centr (Center bearing),Transmission System,Auto Parts,PC,PCS,ASM-NISSAN-VEHICLES-KA24-ENGINE-BRNG-KIT-CENTR-CENTER-BEARING,Nissan vehicles – KA24 engine - BRNG. Kit Centr (Center bearing),stock,1,538416.62,96914.99,635331.61,0.00,ready,ready,
430,Nissan vehicles – KA24 engine,Nissan vehicles – KA24 engine Clutch Disc (Clutch plate),Clutch Disc (Clutch plate),Transmission System,Auto Parts,PC,PCS,ASM-NISSAN-VEHICLES-KA24-ENGINE-CLUTCH-DISC-CLUTCH-PLATE,Nissan vehicles – KA24 engine - Clutch Disc (Clutch plate),stock,1,1409953.42,253791.61,1663745.03,-0.00,ready,ready,
431,Nissan vehicles – KA24 engine,Nissan vehicles – KA24 engine Cover-Clutch (Pressure plate),Cover-Clutch (Pressure plate),Transmission System,Auto Parts,PC,PCS,ASM-NISSAN-VEHICLES-KA24-ENGINE-COVER-CLUTCH-PRESSURE-PLATE,Nissan vehicles – KA24 engine - Cover-Clutch (Pressure plate),stock,1,1509944.52,271790.01,1781734.54,-0.01,ready,ready,
432,Nissan vehicles – KA24 engine,Nissan vehicles – KA24 engine Bearing Clutch (Release bearing),Bearing Clutch (Release bearing),Transmission System,Auto Parts,PC,PCS,ASM-NISSAN-VEHICLES-KA24-ENGINE-BEARING-CLUTCH-RELEASE-BEARING,Nissan vehicles – KA24 engine - Bearing Clutch (Release bearing),stock,1,487966.35,87833.94,575800.29,0.00,ready,ready,
433,Nissan vehicles – KA24 engine,Nissan vehicles – KA24 engine Spring-return (Return spring),Spring-return (Return spring),Transmission System,Auto Parts,PC,PCS,ASM-NISSAN-VEHICLES-KA24-ENGINE-SPRING-RETURN-RETURN-SPRING,Nissan vehicles – KA24 engine - Spring-return (Return spring),stock,1,9748.74,1754.77,11503.52,-0.01,ready,ready,
434,Nissan vehicles – KA24 engine,Nissan vehicles – KA24 engine Pedal Assy Clut (Clutch pedal assembly),Pedal Assy Clut (Clutch pedal assembly),Transmission System,Auto Parts,PC,PCS,ASM-NISSAN-VEHICLES-KA24-ENGINE-PEDAL-ASSY-CLUT-CLUTCH-PEDAL-ASSEMBLY,Nissan vehicles – KA24 engine - Pedal Assy Clut (Clutch pedal assembly),stock,1,1005261.74,180947.11,1186208.86,-0.01,ready,ready,
435,Nissan vehicles – KA24 engine,Nissan vehicles – KA24 engine TRANSMISSION (Gearbox assembly),TRANSMISSION (Gearbox assembly),Transmission System,Auto Parts,PC,PCS,ASM-NISSAN-VEHICLES-KA24-ENGINE-TRANSMISSION-GEARBOX-ASSEMBLY,Nissan vehicles – KA24 engine - TRANSMISSION (Gearbox assembly),stock,1,22363075.05,4025353.51,26388428.56,0.00,ready,ready,
436,Nissan vehicles – KA24 engine,Nissan vehicles – KA24 engine RR EXC BRAKES A (,RR EXC BRAKES A (,Transmission System,Auto Parts,PC,PCS,ASM-NISSAN-VEHICLES-KA24-ENGINE-RR-EXC-BRAKES-A,Nissan vehicles – KA24 engine - RR EXC BRAKES A (,stock,1,46849204.15,8432856.75,55282060.90,0.00,ready,ready,
437,Nissan vehicles – KA24 engine,Nissan vehicles – KA24 engine SFT-RR AXLE RH (Differential shaft RH),SFT-RR AXLE RH (Differential shaft RH),Transmission System,Auto Parts,PC,PCS,ASM-NISSAN-VEHICLES-KA24-ENGINE-SFT-RR-AXLE-RH-DIFFERENTIAL-SHAFT-RH,Nissan vehicles – KA24 engine - SFT-RR AXLE RH (Differential shaft RH),stock,1,3067398.06,552131.65,3619529.71,0.00,ready,ready,
438,Nissan vehicles – KA24 engine,Nissan vehicles – KA24 engine SFT-RR Axle (Differential shaft LH),SFT-RR Axle (Differential shaft LH),Transmission System,Auto Parts,PC,PCS,ASM-NISSAN-VEHICLES-KA24-ENGINE-SFT-RR-AXLE-DIFFERENTIAL-SHAFT-LH,Nissan vehicles – KA24 engine - SFT-RR Axle (Differential shaft LH),stock,1,1154314.44,207776.60,1362091.04,0.00,ready,ready,
439,Nissan vehicles – KA24 engine,Nissan vehicles – KA24 engine Seal - Grease R (Grease seal),Seal - Grease R (Grease seal),Transmission System,Auto Parts,PC,PCS,ASM-NISSAN-VEHICLES-KA24-ENGINE-SEAL-GREASE-R-GREASE-SEAL,Nissan vehicles – KA24 engine - Seal - Grease R (Grease seal),stock,1,75136.65,13524.60,88661.25,0.00,ready,ready,
440,Nissan vehicles – KA24 engine,Nissan vehicles – KA24 engine BRG Assy - Tape,BRG Assy - Tape,Transmission System,Auto Parts,Set,Set,ASM-NISSAN-VEHICLES-KA24-ENGINE-BRG-ASSY-TAPE,Nissan vehicles – KA24 engine - BRG Assy - Tape,stock,1,462962.20,83333.20,546295.40,0.00,ready,ready,
441,Nissan vehicles – KA24 engine,Nissan vehicles – KA24 engine FLYWHELL ASSY,FLYWHELL ASSY,Transmission System,Auto Parts,PC,PCS,ASM-NISSAN-VEHICLES-KA24-ENGINE-FLYWHELL-ASSY,Nissan vehicles – KA24 engine - FLYWHELL ASSY,stock,1,5652304.73,1017414.85,6669719.58,0.00,ready,ready,
442,Nissan vehicles – KA24 engine,Nissan vehicles – KA24 engine Seal (Transfer case seal),Seal (Transfer case seal),Transmission System,Auto Parts,PC,PCS,ASM-NISSAN-VEHICLES-KA24-ENGINE-SEAL-TRANSFER-CASE-SEAL,Nissan vehicles – KA24 engine - Seal (Transfer case seal),stock,1,31164.27,5609.57,36773.84,0.00,ready,ready,
443,Nissan vehicles – KA24 engine,Nissan vehicles – KA24 engine INSULATOR-ENGIN (Gearbox mountings),INSULATOR-ENGIN (Gearbox mountings),Transmission System,Auto Parts,Set,Set,ASM-NISSAN-VEHICLES-KA24-ENGINE-INSULATOR-ENGIN-GEARBOX-MOUNTINGS,Nissan vehicles – KA24 engine - INSULATOR-ENGIN (Gearbox mountings),stock,1,510580.44,91904.48,602484.92,0.00,ready,ready,
444,Nissan vehicles – KA24 engine,"Nissan vehicles – KA24 engine Case Transfer F (Transfer case, front)","Case Transfer F (Transfer case, front)",Transmission System,Auto Parts,PC,PCS,ASM-NISSAN-VEHICLES-KA24-ENGINE-CASE-TRANSFER-F-TRANSFER-CASE-FRONT,"Nissan vehicles – KA24 engine - Case Transfer F (Transfer case, front)",stock,1,2438247.54,438884.56,2877132.10,0.00,ready,ready,
445,Nissan vehicles – KA24 engine,"Nissan vehicles – KA24 engine Case (Transfer case, center)","Case (Transfer case, center)",Transmission System,Auto Parts,PC,PCS,ASM-NISSAN-VEHICLES-KA24-ENGINE-CASE-TRANSFER-CASE-CENTER,"Nissan vehicles – KA24 engine - Case (Transfer case, center)",stock,1,2587633.14,465773.97,3053407.11,0.00,ready,ready,
446,Nissan vehicles – KA24 engine,Nissan vehicles – KA24 engine CASE-TRANSFER (Differential case),CASE-TRANSFER (Differential case),Transmission System,Auto Parts,PC,PCS,ASM-NISSAN-VEHICLES-KA24-ENGINE-CASE-TRANSFER-DIFFERENTIAL-CASE,Nissan vehicles – KA24 engine - CASE-TRANSFER (Differential case),stock,1,3201058.86,576190.59,3777249.45,-0.00,ready,ready,
447,Nissan vehicles – KA24 engine,Nissan vehicles – KA24 engine High gear cover,High gear cover,Transmission System,Auto Parts,PC,PCS,ASM-NISSAN-VEHICLES-KA24-ENGINE-HIGH-GEAR-COVER,Nissan vehicles – KA24 engine - High gear cover,stock,1,3551105.58,639199.00,4190304.59,-0.01,ready,ready,
448,Nissan vehicles – KA24 engine,Nissan vehicles – KA24 engine Cross bearing,Cross bearing,Transmission System,Auto Parts,PC,PCS,ASM-NISSAN-VEHICLES-KA24-ENGINE-CROSS-BEARING,Nissan vehicles – KA24 engine - Cross bearing,stock,1,441509.44,79471.70,520981.14,0.00,ready,ready,
449,Nissan vehicles – KA24 engine,Nissan vehicles – KA24 engine Alloy Wheel (Rim),Alloy Wheel (Rim),Transmission System,Auto Parts,PC,PCS,ASM-NISSAN-VEHICLES-KA24-ENGINE-ALLOY-WHEEL-RIM,Nissan vehicles – KA24 engine - Alloy Wheel (Rim),stock,1,6670358.71,1200664.57,7871023.28,0.00,ready,ready,
450,Nissan vehicles – KA24 engine,Nissan vehicles – KA24 engine Tyre repair (per tyre),Tyre repair (per tyre),Transmission System,Auto Parts,PC,PCS,ASM-NISSAN-VEHICLES-KA24-ENGINE-TYRE-REPAIR-PER-TYRE,Nissan vehicles – KA24 engine - Tyre repair (per tyre),stock,1,33619.47,6051.50,39670.97,0.00,ready,ready,
451,Nissan vehicles – KA24 engine,Nissan vehicles – KA24 engine WRENCH WHL NUT (Wheel spanner),WRENCH WHL NUT (Wheel spanner),Transmission System,Auto Parts,PC,PCS,ASM-NISSAN-VEHICLES-KA24-ENGINE-WRENCH-WHL-NUT-WHEEL-SPANNER,Nissan vehicles – KA24 engine - WRENCH WHL NUT (Wheel spanner),stock,1,66545.07,11978.11,78523.19,-0.01,ready,ready,
452,Nissan vehicles – KA24 engine,"Nissan vehicles – KA24 engine WHEEL BOLT (Wheel stud, front)","WHEEL BOLT (Wheel stud, front)",Transmission System,Auto Parts,PC,PCS,ASM-NISSAN-VEHICLES-KA24-ENGINE-WHEEL-BOLT-WHEEL-STUD-FRONT,"Nissan vehicles – KA24 engine - WHEEL BOLT (Wheel stud, front)",stock,1,130300.26,23454.05,153754.30,0.01,ready,ready,
453,Nissan vehicles – KA24 engine,"Nissan vehicles – KA24 engine BOLT-HUB (Wheel stud,rear)","BOLT-HUB (Wheel stud,rear)",Transmission System,Auto Parts,PC,PCS,ASM-NISSAN-VEHICLES-KA24-ENGINE-BOLT-HUB-WHEEL-STUD-REAR,"Nissan vehicles – KA24 engine - BOLT-HUB (Wheel stud,rear)",stock,1,144756.93,26056.25,170813.18,0.00,ready,ready,
454,Nissan vehicles – KA24 engine,Nissan vehicles – KA24 engine Compressor (AC pump),Compressor (AC pump),Air Conditioning System,Auto Parts,PC,PCS,ASM-NISSAN-VEHICLES-KA24-ENGINE-COMPRESSOR-AC-PUMP,Nissan vehicles – KA24 engine - Compressor (AC pump),stock,1,7158192.09,1288474.58,8446666.67,0.00,ready,ready,
455,Nissan vehicles – KA24 engine,Nissan vehicles – KA24 engine Pipe Assy-Fr cooler High (Condenser),Pipe Assy-Fr cooler High (Condenser),Air Conditioning System,Auto Parts,PC,PCS,ASM-NISSAN-VEHICLES-KA24-ENGINE-PIPE-ASSY-FR-COOLER-HIGH-CONDENSER,Nissan vehicles – KA24 engine - Pipe Assy-Fr cooler High (Condenser),stock,1,1029768.33,185358.30,1215126.63,0.00,ready,ready,
456,Nissan vehicles – KA24 engine,Nissan vehicles – KA24 engine VALVE-EXPANSION (Expansion valve),VALVE-EXPANSION (Expansion valve),Air Conditioning System,Auto Parts,PC,PCS,ASM-NISSAN-VEHICLES-KA24-ENGINE-VALVE-EXPANSION-EXPANSION-VALVE,Nissan vehicles – KA24 engine - VALVE-EXPANSION (Expansion valve),stock,1,725496.62,130589.39,856086.01,0.00,ready,ready,
457,Nissan vehicles – KA24 engine,Nissan vehicles – KA24 engine Evaporator Assy (Ac evaporator),Evaporator Assy (Ac evaporator),Air Conditioning System,Auto Parts,PC,PCS,ASM-NISSAN-VEHICLES-KA24-ENGINE-EVAPORATOR-ASSY-AC-EVAPORATOR,Nissan vehicles – KA24 engine - Evaporator Assy (Ac evaporator),stock,1,5268679.85,948362.37,6217042.22,0.00,ready,ready,
458,Nissan vehicles – KA24 engine,Nissan vehicles – KA24 engine RELAY-LIGHT (AC relay),RELAY-LIGHT (AC relay),Air Conditioning System,Auto Parts,PC,PCS,ASM-NISSAN-VEHICLES-KA24-ENGINE-RELAY-LIGHT-AC-RELAY,Nissan vehicles – KA24 engine - RELAY-LIGHT (AC relay),stock,1,143980.20,25916.44,169896.64,0.00,ready,ready,
459,Nissan vehicles – KA24 engine,Nissan vehicles – KA24 engine CONT ASSY-AIR C (AC selector knob assy),CONT ASSY-AIR C (AC selector knob assy),Air Conditioning System,Auto Parts,PC,PCS,ASM-NISSAN-VEHICLES-KA24-ENGINE-CONT-ASSY-AIR-C-AC-SELECTOR-KNOB-ASSY,Nissan vehicles – KA24 engine - CONT ASSY-AIR C (AC selector knob assy),stock,1,1237614.67,222770.64,1460385.32,-0.01,ready,ready,
460,Nissan vehicles – KA24 engine,Nissan vehicles – KA24 engine Ac gas,Ac gas,Air Conditioning System,Auto Parts,Gram,Gram,ASM-NISSAN-VEHICLES-KA24-ENGINE-AC-GAS,Nissan vehicles – KA24 engine - Ac gas,stock,1,390.00,70.20,460.20,0.00,ready,ready,
461,Nissan vehicles – KA24 engine,Nissan vehicles – KA24 engine single wiper blade 19 (Wiper balde),single wiper blade 19 (Wiper balde),Wiper System,Auto Parts,PC,PCS,ASM-NISSAN-VEHICLES-KA24-ENGINE-SINGLE-WIPER-BLADE-19-WIPER-BALDE,Nissan vehicles – KA24 engine - single wiper blade 19 (Wiper balde),stock,1,233652.75,42057.50,275710.25,0.00,ready,ready,
462,Nissan vehicles – KA24 engine,Nissan vehicles – KA24 engine MOTOR A-WIPER (Wiper motor),MOTOR A-WIPER (Wiper motor),Wiper System,Auto Parts,PC,PCS,ASM-NISSAN-VEHICLES-KA24-ENGINE-MOTOR-A-WIPER-WIPER-MOTOR,Nissan vehicles – KA24 engine - MOTOR A-WIPER (Wiper motor),stock,1,1740744.87,313334.08,2054078.95,0.00,ready,ready,
463,Nissan vehicles – KA24 engine,Nissan vehicles – KA24 engine Wiper Arm,Wiper Arm,Wiper System,Auto Parts,PC,PCS,ASM-NISSAN-VEHICLES-KA24-ENGINE-WIPER-ARM,Nissan vehicles – KA24 engine - Wiper Arm,stock,1,259998.15,46799.67,306797.82,0.00,ready,ready,
464,Nissan vehicles – KA24 engine,Nissan vehicles – KA24 engine Wiper hose,Wiper hose,Wiper System,Auto Parts,PC,PCS,ASM-NISSAN-VEHICLES-KA24-ENGINE-WIPER-HOSE,Nissan vehicles – KA24 engine - Wiper hose,stock,1,309751.80,55755.32,365507.13,-0.01,ready,ready,
465,Nissan vehicles – KA24 engine,Nissan vehicles – KA24 engine Bulb Head Lamp,Bulb Head Lamp,Electrical System,Auto Parts,PC,PCS,ASM-NISSAN-VEHICLES-KA24-ENGINE-BULB-HEAD-LAMP,Nissan vehicles – KA24 engine - Bulb Head Lamp,stock,1,405139.38,72925.09,478064.47,0.00,ready,ready,
466,Nissan vehicles – KA24 engine,Nissan vehicles – KA24 engine LAMP ASSY-LH (Headlamp LHS),LAMP ASSY-LH (Headlamp LHS),Electrical System,Auto Parts,PC,PCS,ASM-NISSAN-VEHICLES-KA24-ENGINE-LAMP-ASSY-LH-HEADLAMP-LHS,Nissan vehicles – KA24 engine - LAMP ASSY-LH (Headlamp LHS),stock,1,953078.23,171554.08,1124632.31,0.00,ready,ready,
467,Nissan vehicles – KA24 engine,Nissan vehicles – KA24 engine LAMP ASSY-HEAD (Headlamp RHS),LAMP ASSY-HEAD (Headlamp RHS),Electrical System,Auto Parts,PC,PCS,ASM-NISSAN-VEHICLES-KA24-ENGINE-LAMP-ASSY-HEAD-HEADLAMP-RHS,Nissan vehicles – KA24 engine - LAMP ASSY-HEAD (Headlamp RHS),stock,1,953078.23,171554.08,1124632.31,0.00,ready,ready,
468,Nissan vehicles – KA24 engine,Nissan vehicles – KA24 engine Plug-glow (Glow plugs),Plug-glow (Glow plugs),Electrical System,Auto Parts,Set,Set,ASM-NISSAN-VEHICLES-KA24-ENGINE-PLUG-GLOW-GLOW-PLUGS,Nissan vehicles – KA24 engine - Plug-glow (Glow plugs),stock,1,1406355.09,253143.92,1659499.01,0.00,ready,ready,
469,Nissan vehicles – KA24 engine,Nissan vehicles – KA24 engine Bulb 12V5W (Parking bulb),Bulb 12V5W (Parking bulb),Electrical System,Auto Parts,PC,PCS,ASM-NISSAN-VEHICLES-KA24-ENGINE-BULB-12V5W-PARKING-BULB,Nissan vehicles – KA24 engine - Bulb 12V5W (Parking bulb),stock,1,23167.09,4170.08,27337.17,0.00,ready,ready,
470,Nissan vehicles – KA24 engine,Nissan vehicles – KA24 engine Double filament round based (Brake bulb),Double filament round based (Brake bulb),Electrical System,Auto Parts,PC,PCS,ASM-NISSAN-VEHICLES-KA24-ENGINE-DOUBLE-FILAMENT-ROUND-BASED-BRAKE-BULB,Nissan vehicles – KA24 engine - Double filament round based (Brake bulb),stock,1,83870.97,15096.77,98967.74,0.00,ready,ready,
471,Nissan vehicles – KA24 engine,"Nissan vehicles – KA24 engine BULB (Brake bulb, single filament)","BULB (Brake bulb, single filament)",Electrical System,Auto Parts,PC,PCS,ASM-NISSAN-VEHICLES-KA24-ENGINE-BULB-BRAKE-BULB-SINGLE-FILAMENT,"Nissan vehicles – KA24 engine - BULB (Brake bulb, single filament)",stock,1,6847.89,1232.62,8080.51,0.00,ready,ready,
472,Nissan vehicles – KA24 engine,Nissan vehicles – KA24 engine BODY-COMB SW (Spiral cable),BODY-COMB SW (Spiral cable),Electrical System,Auto Parts,PC,PCS,ASM-NISSAN-VEHICLES-KA24-ENGINE-BODY-COMB-SW-SPIRAL-CABLE,Nissan vehicles – KA24 engine - BODY-COMB SW (Spiral cable),stock,1,161718.15,29109.27,190827.42,-0.00,ready,ready,
473,Nissan vehicles – KA24 engine,Nissan vehicles – KA24 engine Fuse-mini 10A,Fuse-mini 10A,Electrical System,Auto Parts,PC,PCS,ASM-NISSAN-VEHICLES-KA24-ENGINE-FUSE-MINI-10A,Nissan vehicles – KA24 engine - Fuse-mini 10A,stock,1,1918.05,345.25,2263.30,0.00,ready,ready,
474,Nissan vehicles – KA24 engine,Nissan vehicles – KA24 engine Fuse-mini 15AM,Fuse-mini 15AM,Electrical System,Auto Parts,PC,PCS,ASM-NISSAN-VEHICLES-KA24-ENGINE-FUSE-MINI-15AM,Nissan vehicles – KA24 engine - Fuse-mini 15AM,stock,1,9828.00,1769.04,11597.04,0.00,ready,ready,
475,Nissan vehicles – KA24 engine,Nissan vehicles – KA24 engine Fuse-mini,Fuse-mini,Electrical System,Auto Parts,PC,PCS,ASM-NISSAN-VEHICLES-KA24-ENGINE-FUSE-MINI,Nissan vehicles – KA24 engine - Fuse-mini,stock,1,9828.00,1769.04,11597.04,0.00,ready,ready,
476,Nissan vehicles – KA24 engine,Nissan vehicles – KA24 engine TGM BULB INDICATOR,TGM BULB INDICATOR,Electrical System,Auto Parts,PC,PCS,ASM-NISSAN-VEHICLES-KA24-ENGINE-TGM-BULB-INDICATOR,Nissan vehicles – KA24 engine - TGM BULB INDICATOR,stock,1,322580.65,58064.52,380645.17,0.00,ready,ready,
477,Nissan vehicles – KA24 engine,Nissan vehicles – KA24 engine ALTERNATOR ASSY,ALTERNATOR ASSY,Electrical System,Auto Parts,PC,PCS,ASM-NISSAN-VEHICLES-KA24-ENGINE-ALTERNATOR-ASSY,Nissan vehicles – KA24 engine - ALTERNATOR ASSY,stock,1,3915457.10,704782.28,4620239.38,0.00,ready,ready,
478,Nissan vehicles – KA24 engine,Nissan vehicles – KA24 engine LAMP ASSY-FOG L,LAMP ASSY-FOG L,Electrical System,Auto Parts,PC,PCS,ASM-NISSAN-VEHICLES-KA24-ENGINE-LAMP-ASSY-FOG-L,Nissan vehicles – KA24 engine - LAMP ASSY-FOG L,stock,1,1384036.03,249126.49,1633162.52,0.00,ready,ready,
479,Nissan vehicles – KA24 engine,"Nissan vehicles – KA24 engine LAMP ASSY-FOG,R","LAMP ASSY-FOG,R",Electrical System,Auto Parts,PC,PCS,ASM-NISSAN-VEHICLES-KA24-ENGINE-LAMP-ASSY-FOG-R,"Nissan vehicles – KA24 engine - LAMP ASSY-FOG,R",stock,1,1384036.03,249126.49,1633162.52,0.00,ready,ready,
480,Nissan vehicles – KA24 engine,Nissan vehicles – KA24 engine Bulb-fog Lamp,Bulb-fog Lamp,Electrical System,Auto Parts,Set,Set,ASM-NISSAN-VEHICLES-KA24-ENGINE-BULB-FOG-LAMP,Nissan vehicles – KA24 engine - Bulb-fog Lamp,stock,1,265324.29,47758.37,313082.67,-0.01,ready,ready,
481,Nissan vehicles – KA24 engine,"Nissan vehicles – KA24 engine SW-AUTO-POWER-W (Power window switch, main)","SW-AUTO-POWER-W (Power window switch, main)",Electrical System,Auto Parts,PC,PCS,ASM-NISSAN-VEHICLES-KA24-ENGINE-SW-AUTO-POWER-W-POWER-WINDOW-SWITCH-MAIN,"Nissan vehicles – KA24 engine - SW-AUTO-POWER-W (Power window switch, main)",stock,1,974905.89,175483.06,1150388.95,0.00,ready,ready,
482,Nissan vehicles – KA24 engine,"Nissan vehicles – KA24 engine SITCH ASSY (Power window switch, rear)","SITCH ASSY (Power window switch, rear)",Electrical System,Auto Parts,Set,Set,ASM-NISSAN-VEHICLES-KA24-ENGINE-SITCH-ASSY-POWER-WINDOW-SWITCH-REAR,"Nissan vehicles – KA24 engine - SITCH ASSY (Power window switch, rear)",stock,1,673281.40,121190.65,794472.06,-0.01,ready,ready,
483,Nissan vehicles – KA24 engine,"Nissan vehicles – KA24 engine SW ASSY-P/WINDW (Power window switch, co-driver's door)","SW ASSY-P/WINDW (Power window switch, co-driver's door)",Electrical System,Auto Parts,PC,PCS,ASM-NISSAN-VEHICLES-KA24-ENGINE-SW-ASSY-P-WINDW-POWER-WINDOW-SWITCH-CO-DRIVER-S-DOOR,"Nissan vehicles – KA24 engine - SW ASSY-P/WINDW (Power window switch, co-driver's door)",stock,1,460711.27,82928.03,543639.30,0.00,ready,ready,
484,Nissan vehicles – KA24 engine,Nissan vehicles – KA24 engine Regulator Assy- (Driver's door regulator),Regulator Assy- (Driver's door regulator),Electrical System,Auto Parts,PC,PCS,ASM-NISSAN-VEHICLES-KA24-ENGINE-REGULATOR-ASSY-DRIVER-S-DOOR-REGULATOR,Nissan vehicles – KA24 engine - Regulator Assy- (Driver's door regulator),stock,1,518046.55,93248.38,611294.93,-0.00,ready,ready,
485,Nissan vehicles – KA24 engine,Nissan vehicles – KA24 engine REGULATOR-DOOR (Co-driver's door regulator),REGULATOR-DOOR (Co-driver's door regulator),Electrical System,Auto Parts,PC,PCS,ASM-NISSAN-VEHICLES-KA24-ENGINE-REGULATOR-DOOR-CO-DRIVER-S-DOOR-REGULATOR,Nissan vehicles – KA24 engine - REGULATOR-DOOR (Co-driver's door regulator),stock,1,475976.38,85675.75,561652.13,0.00,ready,ready,
486,Nissan vehicles – KA24 engine,"Nissan vehicles – KA24 engine Door regulator (Window regulator, rear door)","Door regulator (Window regulator, rear door)",Electrical System,Auto Parts,PC,PCS,ASM-NISSAN-VEHICLES-KA24-ENGINE-DOOR-REGULATOR-WINDOW-REGULATOR-REAR-DOOR,"Nissan vehicles – KA24 engine - Door regulator (Window regulator, rear door)",stock,1,518046.55,93248.38,611294.93,-0.00,ready,ready,
487,Nissan vehicles – KA24 engine,Nissan vehicles – KA24 engine Starter Motor,Starter Motor,Electrical System,Auto Parts,PC,PCS,ASM-NISSAN-VEHICLES-KA24-ENGINE-STARTER-MOTOR,Nissan vehicles – KA24 engine - Starter Motor,stock,1,3991404.43,718452.80,4709857.23,0.00,ready,ready,
488,Nissan vehicles – KA24 engine,Nissan vehicles – KA24 engine Lamp Assy Rr.** (Tail lamp RHS),Lamp Assy Rr.** (Tail lamp RHS),Electrical System,Auto Parts,PC,PCS,ASM-NISSAN-VEHICLES-KA24-ENGINE-LAMP-ASSY-RR-TAIL-LAMP-RHS,Nissan vehicles – KA24 engine - Lamp Assy Rr.** (Tail lamp RHS),stock,1,656145.82,118106.25,774252.06,0.01,ready,ready,
489,Nissan vehicles – KA24 engine,Nissan vehicles – KA24 engine Lamp Assy Rr.** (Tail lamp LHS),Lamp Assy Rr.** (Tail lamp LHS),Electrical System,Auto Parts,PC,PCS,ASM-NISSAN-VEHICLES-KA24-ENGINE-LAMP-ASSY-RR-TAIL-LAMP-LHS,Nissan vehicles – KA24 engine - Lamp Assy Rr.** (Tail lamp LHS),stock,1,694284.80,124971.26,819256.06,0.00,ready,ready,
490,Nissan vehicles – KA24 engine,Nissan vehicles – KA24 engine 70 Amp Maintenance free battery,70 Amp Maintenance free battery,Electrical System,Auto Parts,PC,PCS,ASM-NISSAN-VEHICLES-KA24-ENGINE-70-AMP-MAINTENANCE-FREE-BATTERY,Nissan vehicles – KA24 engine - 70 Amp Maintenance free battery,stock,1,601454.35,108261.78,709716.14,-0.01,ready,ready,
491,Nissan vehicles – KA24 engine,Nissan vehicles – KA24 engine Radio,Radio,Electrical System,Auto Parts,PC,PCS,ASM-NISSAN-VEHICLES-KA24-ENGINE-RADIO,Nissan vehicles – KA24 engine - Radio,stock,1,1887096.77,339677.42,2226774.19,0.00,ready,ready,
492,Nissan vehicles – KA24 engine,"Nissan vehicles – KA24 engine Mirror Assy DR (Side mirror, complete)","Mirror Assy DR (Side mirror, complete)",Electrical System,Auto Parts,PC,PCS,ASM-NISSAN-VEHICLES-KA24-ENGINE-MIRROR-ASSY-DR-SIDE-MIRROR-COMPLETE,"Nissan vehicles – KA24 engine - Mirror Assy DR (Side mirror, complete)",stock,1,1013409.46,182413.70,1195823.16,0.00,ready,ready,
493,Nissan vehicles – KA24 engine,Nissan vehicles – KA24 engine GLASS-FR WIND (Windscreen),GLASS-FR WIND (Windscreen),Electrical System,Auto Parts,PC,PCS,ASM-NISSAN-VEHICLES-KA24-ENGINE-GLASS-FR-WIND-WINDSCREEN,Nissan vehicles – KA24 engine - GLASS-FR WIND (Windscreen),stock,1,1434339.36,258181.09,1692520.45,0.00,ready,ready,
494,Nissan vehicles – KA24 engine,Nissan vehicles – KA24 engine Rubber Sealant,Rubber Sealant,Electrical System,Auto Parts,PC,PCS,ASM-NISSAN-VEHICLES-KA24-ENGINE-RUBBER-SEALANT,Nissan vehicles – KA24 engine - Rubber Sealant,stock,1,137623.71,24772.27,162395.97,0.01,ready,ready,
495,Nissan vehicles – KA24 engine,Nissan vehicles – KA24 engine MLDG WS UPPER (Upper windscreen molding,MLDG WS UPPER (Upper windscreen molding,Electrical System,Auto Parts,PC,PCS,ASM-NISSAN-VEHICLES-KA24-ENGINE-MLDG-WS-UPPER-UPPER-WINDSCREEN-MOLDING,Nissan vehicles – KA24 engine - MLDG WS UPPER (Upper windscreen molding,stock,1,151129.27,27203.27,178332.54,-0.00,ready,ready,
496,Nissan vehicles – KA24 engine,Nissan vehicles – KA24 engine RUBBER-DUMDum rubber,RUBBER-DUMDum rubber,Electrical System,Auto Parts,PC,PCS,ASM-NISSAN-VEHICLES-KA24-ENGINE-RUBBER-DUMDUM-RUBBER,Nissan vehicles – KA24 engine - RUBBER-DUMDum rubber,stock,1,689434.20,124098.16,813532.36,0.00,ready,ready,
497,Nissan vehicles – KA24 engine,Nissan vehicles – KA24 engine MUD FLAP-FRONT,MUD FLAP-FRONT,Electrical System,Auto Parts,PC,PCS,ASM-NISSAN-VEHICLES-KA24-ENGINE-MUD-FLAP-FRONT,Nissan vehicles – KA24 engine - MUD FLAP-FRONT,stock,1,395957.45,71272.34,467229.79,0.00,ready,ready,
498,Nissan vehicles – KA24 engine,Nissan vehicles – KA24 engine MUD GUARD-RR RH,MUD GUARD-RR RH,Electrical System,Auto Parts,PC,PCS,ASM-NISSAN-VEHICLES-KA24-ENGINE-MUD-GUARD-RR-RH,Nissan vehicles – KA24 engine - MUD GUARD-RR RH,stock,1,749686.18,134943.51,884629.69,0.00,ready,ready,
499,Nissan vehicles – KA24 engine,Nissan vehicles – KA24 engine MUD GUARD-RR LH,MUD GUARD-RR LH,Electrical System,Auto Parts,PC,PCS,ASM-NISSAN-VEHICLES-KA24-ENGINE-MUD-GUARD-RR-LH,Nissan vehicles – KA24 engine - MUD GUARD-RR LH,stock,1,749686.18,134943.51,884629.69,0.00,ready,ready,
500,Nissan vehicles – KA24 engine,Nissan vehicles – KA24 engine GLASS FR DR LH,GLASS FR DR LH,Electrical System,Auto Parts,PC,PCS,ASM-NISSAN-VEHICLES-KA24-ENGINE-GLASS-FR-DR-LH,Nissan vehicles – KA24 engine - GLASS FR DR LH,stock,1,1921152.07,345807.37,2266959.45,-0.01,ready,ready,
501,Nissan vehicles – KA24 engine,Nissan vehicles – KA24 engine GLASS FR DR RH,GLASS FR DR RH,Electrical System,Auto Parts,PC,PCS,ASM-NISSAN-VEHICLES-KA24-ENGINE-GLASS-FR-DR-RH,Nissan vehicles – KA24 engine - GLASS FR DR RH,stock,1,2241687.54,403503.76,2645191.30,0.00,ready,ready,
502,Nissan vehicles – KA24 engine,Nissan vehicles – KA24 engine glaSS RR DR LH,glaSS RR DR LH,Electrical System,Auto Parts,PC,PCS,ASM-NISSAN-VEHICLES-KA24-ENGINE-GLASS-RR-DR-LH,Nissan vehicles – KA24 engine - glaSS RR DR LH,stock,1,811459.92,146062.79,957522.71,0.00,ready,ready,
503,Nissan vehicles – KA24 engine,Nissan vehicles – KA24 engine GLASS RR DR RH,GLASS RR DR RH,Electrical System,Auto Parts,PC,PCS,ASM-NISSAN-VEHICLES-KA24-ENGINE-GLASS-RR-DR-RH,Nissan vehicles – KA24 engine - GLASS RR DR RH,stock,1,749797.14,134963.49,884760.63,0.00,ready,ready,
504,Nissan vehicles – KA24 engine,Nissan vehicles – KA24 engine GRILLE-RADIATOR,GRILLE-RADIATOR,Electrical System,Auto Parts,PC,PCS,ASM-NISSAN-VEHICLES-KA24-ENGINE-GRILLE-RADIATOR,Nissan vehicles – KA24 engine - GRILLE-RADIATOR,stock,1,1647775.15,296599.53,1944374.68,0.00,ready,ready,
505,Nissan vehicles – KA24 engine,"Nissan vehicles – KA24 engine Assy- Fr Door outs (Outer door handle, driver's door)","Assy- Fr Door outs (Outer door handle, driver's door)",Electrical System,Auto Parts,PC,PCS,ASM-NISSAN-VEHICLES-KA24-ENGINE-ASSY-FR-DOOR-OUTS-OUTER-DOOR-HANDLE-DRIVER-S-DOOR,"Nissan vehicles – KA24 engine - Assy- Fr Door outs (Outer door handle, driver's door)",stock,1,152698.58,27485.75,180184.33,0.00,ready,ready,
506,Nissan vehicles – KA24 engine,"Nissan vehicles – KA24 engine HANDLE ASSY-FR (Outer door handle, co- driver's door)","HANDLE ASSY-FR (Outer door handle, co- driver's door)",Electrical System,Auto Parts,PC,PCS,ASM-NISSAN-VEHICLES-KA24-ENGINE-HANDLE-ASSY-FR-OUTER-DOOR-HANDLE-CO-DRIVER-S-DOOR,"Nissan vehicles – KA24 engine - HANDLE ASSY-FR (Outer door handle, co- driver's door)",stock,1,152698.58,27485.75,180184.33,0.00,ready,ready,
507,Nissan vehicles – KA24 engine,"Nissan vehicles – KA24 engine ASY FR DR INS L (Inner door handle, LH)","ASY FR DR INS L (Inner door handle, LH)",Electrical System,Auto Parts,PC,PCS,ASM-NISSAN-VEHICLES-KA24-ENGINE-ASY-FR-DR-INS-L-INNER-DOOR-HANDLE-LH,"Nissan vehicles – KA24 engine - ASY FR DR INS L (Inner door handle, LH)",stock,1,162304.66,29214.84,191519.50,0.00,ready,ready,
508,Nissan vehicles – KA24 engine,"Nissan vehicles – KA24 engine ASY FR DR INS R (Inner door hande, RH)","ASY FR DR INS R (Inner door hande, RH)",Electrical System,Auto Parts,PC,PCS,ASM-NISSAN-VEHICLES-KA24-ENGINE-ASY-FR-DR-INS-R-INNER-DOOR-HANDE-RH,"Nissan vehicles – KA24 engine - ASY FR DR INS R (Inner door hande, RH)",stock,1,162304.66,29214.84,191519.50,0.00,ready,ready,
509,Nissan vehicles – KA24 engine,Nissan vehicles – KA24 engine Antenna,Antenna,Electrical System,Auto Parts,PC,PCS,ASM-NISSAN-VEHICLES-KA24-ENGINE-ANTENNA,Nissan vehicles – KA24 engine - Antenna,stock,1,519140.33,93445.26,612585.58,0.01,ready,ready,
510,Nissan vehicles – KA24 engine,Nissan vehicles – KA24 engine LOCK ASSY-FR DO (door lock),LOCK ASSY-FR DO (door lock),Electrical System,Auto Parts,PC,PCS,ASM-NISSAN-VEHICLES-KA24-ENGINE-LOCK-ASSY-FR-DO-DOOR-LOCK,Nissan vehicles – KA24 engine - LOCK ASSY-FR DO (door lock),stock,1,660774.48,118939.41,779713.88,0.01,ready,ready,
511,Nissan vehicles – KA24 engine,Nissan vehicles – KA24 engine VAD D22 FRT MOULDED BMPR (Front bumper),VAD D22 FRT MOULDED BMPR (Front bumper),Electrical System,Auto Parts,PC,PCS,ASM-NISSAN-VEHICLES-KA24-ENGINE-VAD-D22-FRT-MOULDED-BMPR-FRONT-BUMPER,Nissan vehicles – KA24 engine - VAD D22 FRT MOULDED BMPR (Front bumper),stock,1,1352808.36,243505.50,1596313.86,0.00,ready,ready,
512,Nissan vehicles – KA24 engine,Nissan vehicles – KA24 engine Reinf assy frnt (Front reinforcement bumper),Reinf assy frnt (Front reinforcement bumper),Electrical System,Auto Parts,PC,PCS,ASM-NISSAN-VEHICLES-KA24-ENGINE-REINF-ASSY-FRNT-FRONT-REINFORCEMENT-BUMPER,Nissan vehicles – KA24 engine - Reinf assy frnt (Front reinforcement bumper),stock,1,1407623.23,253372.18,1660995.41,0.00,ready,ready,
513,Nissan vehicles – KA24 engine,Nissan vehicles – KA24 engine BUMPER-REAR (Rear bumper),BUMPER-REAR (Rear bumper),Electrical System,Auto Parts,PC,PCS,ASM-NISSAN-VEHICLES-KA24-ENGINE-BUMPER-REAR-REAR-BUMPER,Nissan vehicles – KA24 engine - BUMPER-REAR (Rear bumper),stock,1,2071805.80,372925.04,2444730.85,-0.01,ready,ready,
514,Nissan vehicles – KA24 engine,Nissan vehicles – KA24 engine CABLE COMPL HOO (Bonnet cable),CABLE COMPL HOO (Bonnet cable),Electrical System,Auto Parts,PC,PCS,ASM-NISSAN-VEHICLES-KA24-ENGINE-CABLE-COMPL-HOO-BONNET-CABLE,Nissan vehicles – KA24 engine - CABLE COMPL HOO (Bonnet cable),stock,1,217404.87,39132.88,256537.75,0.00,ready,ready,
515,Nissan vehicles – KA24 engine,"Nissan vehicles – KA24 engine Reflector, pair","Reflector, pair",Electrical System,Auto Parts,Set,Set,ASM-NISSAN-VEHICLES-KA24-ENGINE-REFLECTOR-PAIR,"Nissan vehicles – KA24 engine - Reflector, pair",stock,1,75483.87,13587.10,89070.97,0.00,ready,ready,
516,Nissan vehicles – KA24 engine,Nissan vehicles – KA24 engine MIR ASSY INSIDE (Driving mirror),MIR ASSY INSIDE (Driving mirror),Electrical System,Auto Parts,PC,PCS,ASM-NISSAN-VEHICLES-KA24-ENGINE-MIR-ASSY-INSIDE-DRIVING-MIRROR,Nissan vehicles – KA24 engine - MIR ASSY INSIDE (Driving mirror),stock,1,547863.45,98615.42,646478.87,0.00,ready,ready,
517,Nissan vehicles – KA24 engine,Nissan vehicles – KA24 engine SUNVISOR LH,SUNVISOR LH,Electrical System,Auto Parts,PC,PCS,ASM-NISSAN-VEHICLES-KA24-ENGINE-SUNVISOR-LH,Nissan vehicles – KA24 engine - SUNVISOR LH,stock,1,214060.18,38530.83,252591.01,0.00,ready,ready,
518,Nissan vehicles – KA24 engine,Nissan vehicles – KA24 engine SUNVISOR RH,SUNVISOR RH,Electrical System,Auto Parts,PC,PCS,ASM-NISSAN-VEHICLES-KA24-ENGINE-SUNVISOR-RH,Nissan vehicles – KA24 engine - SUNVISOR RH,stock,1,196670.95,35400.77,232071.72,0.00,ready,ready,
519,Nissan vehicles – KA24 engine,Nissan vehicles – KA24 engine JACK COMPL (Jack),JACK COMPL (Jack),Electrical System,Auto Parts,PC,PCS,ASM-NISSAN-VEHICLES-KA24-ENGINE-JACK-COMPL-JACK,Nissan vehicles – KA24 engine - JACK COMPL (Jack),stock,1,765886.53,137859.58,903746.10,0.01,ready,ready,
520,Nissan vehicles – KA24 engine,Nissan vehicles – KA24 engine ROD ASSY JACK (Jack handle),ROD ASSY JACK (Jack handle),Electrical System,Auto Parts,PC,PCS,ASM-NISSAN-VEHICLES-KA24-ENGINE-ROD-ASSY-JACK-JACK-HANDLE,Nissan vehicles – KA24 engine - ROD ASSY JACK (Jack handle),stock,1,92557.57,16660.36,109217.93,0.00,ready,ready,
521,Nissan vehicles – KA24 engine,Nissan vehicles – KA24 engine Warning triangle,Warning triangle,Electrical System,Auto Parts,Set,Set,ASM-NISSAN-VEHICLES-KA24-ENGINE-WARNING-TRIANGLE,Nissan vehicles – KA24 engine - Warning triangle,stock,1,167741.94,30193.55,197935.49,0.00,ready,ready,
522,Nissan vehicles – KA24 engine,Nissan vehicles – KA24 engine EY SET & LOCK,EY SET & LOCK,Electrical System,Auto Parts,Set,Set,ASM-NISSAN-VEHICLES-KA24-ENGINE-EY-SET-AND-LOCK,Nissan vehicles – KA24 engine - EY SET & LOCK,stock,1,3493080.92,628754.56,4121835.48,0.00,ready,ready,
523,Nissan vehicles – KA24 engine,Nissan vehicles – KA24 engine SEAT BELT FR LH,SEAT BELT FR LH,Electrical System,Auto Parts,PC,PCS,ASM-NISSAN-VEHICLES-KA24-ENGINE-SEAT-BELT-FR-LH,Nissan vehicles – KA24 engine - SEAT BELT FR LH,stock,1,975922.84,175666.11,1151588.95,0.00,ready,ready,
524,Nissan vehicles – KA24 engine,Nissan vehicles – KA24 engine SEAT BELT FR RHS,SEAT BELT FR RHS,Electrical System,Auto Parts,PC,PCS,ASM-NISSAN-VEHICLES-KA24-ENGINE-SEAT-BELT-FR-RHS,Nissan vehicles – KA24 engine - SEAT BELT FR RHS,stock,1,975922.84,175666.11,1151588.95,0.00,ready,ready,
525,Nissan vehicles – KA24 engine,Nissan vehicles – KA24 engine SEAT BELT REAR LH,SEAT BELT REAR LH,Electrical System,Auto Parts,PC,PCS,ASM-NISSAN-VEHICLES-KA24-ENGINE-SEAT-BELT-REAR-LH,Nissan vehicles – KA24 engine - SEAT BELT REAR LH,stock,1,1066130.70,191903.53,1258034.23,0.00,ready,ready,
526,Nissan vehicles – KA24 engine,Nissan vehicles – KA24 engine SEAT BELT REAR RHS,SEAT BELT REAR RHS,Electrical System,Auto Parts,PC,PCS,ASM-NISSAN-VEHICLES-KA24-ENGINE-SEAT-BELT-REAR-RHS,Nissan vehicles – KA24 engine - SEAT BELT REAR RHS,stock,1,1066130.70,191903.53,1258034.23,0.00,ready,ready,
527,Nissan vehicles – KA24 engine,Nissan vehicles – KA24 engine DOOR HINGE FR L,DOOR HINGE FR L,Electrical System,Auto Parts,PC,PCS,ASM-NISSAN-VEHICLES-KA24-ENGINE-DOOR-HINGE-FR-L,Nissan vehicles – KA24 engine - DOOR HINGE FR L,stock,1,131729.00,23711.16,155440.00,0.16,ready,ready,
528,Nissan vehicles – KA24 engine,Nissan vehicles – KA24 engine DOOR HINGE F UPR,DOOR HINGE F UPR,Electrical System,Auto Parts,PC,PCS,ASM-NISSAN-VEHICLES-KA24-ENGINE-DOOR-HINGE-F-UPR,Nissan vehicles – KA24 engine - DOOR HINGE F UPR,stock,1,240993.00,43378.79,284372.00,-0.21,ready,ready,
529,Nissan vehicles – KA24 engine,Nissan vehicles – KA24 engine HINGE RR LWR L,HINGE RR LWR L,Electrical System,Auto Parts,PC,PCS,ASM-NISSAN-VEHICLES-KA24-ENGINE-HINGE-RR-LWR-L,Nissan vehicles – KA24 engine - HINGE RR LWR L,stock,1,131729.00,23711.15,155440.00,0.15,ready,ready,
530,Nissan vehicles – KA24 engine,Nissan vehicles – KA24 engine HINGE RR LWR R,HINGE RR LWR R,Electrical System,Auto Parts,PC,PCS,ASM-NISSAN-VEHICLES-KA24-ENGINE-HINGE-RR-LWR-R,Nissan vehicles – KA24 engine - HINGE RR LWR R,stock,1,231729.00,41711.15,273440.00,0.15,ready,ready,
531,Nissan vehicles – KA24 engine,Nissan vehicles – KA24 engine HINGE RR DR UPR L,HINGE RR DR UPR L,Electrical System,Auto Parts,PC,PCS,ASM-NISSAN-VEHICLES-KA24-ENGINE-HINGE-RR-DR-UPR-L,Nissan vehicles – KA24 engine - HINGE RR DR UPR L,stock,1,197206.00,35497.13,232703.00,0.13,ready,ready,
532,Nissan vehicles – KA24 engine,Nissan vehicles – KA24 engine HINGE RR DR UPR R,HINGE RR DR UPR R,Electrical System,Auto Parts,PC,PCS,ASM-NISSAN-VEHICLES-KA24-ENGINE-HINGE-RR-DR-UPR-R,Nissan vehicles – KA24 engine - HINGE RR DR UPR R,stock,1,197206.00,35497.13,232703.00,0.13,ready,ready,
533,Nissan vehicles – KA24 engine,Nissan vehicles – KA24 engine HINGE RR DR LWR,HINGE RR DR LWR,Electrical System,Auto Parts,PC,PCS,ASM-NISSAN-VEHICLES-KA24-ENGINE-HINGE-RR-DR-LWR,Nissan vehicles – KA24 engine - HINGE RR DR LWR,stock,1,197206.00,35497.13,232703.00,0.13,ready,ready,
534,Nissan vehicles – KA24 engine,Nissan vehicles – KA24 engine INSUL BODY MTG (middle cabin mountings),INSUL BODY MTG (middle cabin mountings),Other Miscellaneous Parts,Auto Parts,Set,Set,ASM-NISSAN-VEHICLES-KA24-ENGINE-INSUL-BODY-MTG-MIDDLE-CABIN-MOUNTINGS,Nissan vehicles – KA24 engine - INSUL BODY MTG (middle cabin mountings),stock,1,987120.00,177681.60,1164801.60,0.00,ready,ready,
535,Nissan vehicles – KA24 engine,Nissan vehicles – KA24 engine INSULATOR-3RD (Front body mountings),INSULATOR-3RD (Front body mountings),Other Miscellaneous Parts,Auto Parts,Set,Set,ASM-NISSAN-VEHICLES-KA24-ENGINE-INSULATOR-3RD-FRONT-BODY-MOUNTINGS,Nissan vehicles – KA24 engine - INSULATOR-3RD (Front body mountings),stock,1,520409.24,93673.66,614082.90,0.00,ready,ready,
536,Nissan vehicles – KA24 engine,Nissan vehicles – KA24 engine RUB-BODY MTG 4T (Rear body mountings),RUB-BODY MTG 4T (Rear body mountings),Other Miscellaneous Parts,Auto Parts,Set,Set,ASM-NISSAN-VEHICLES-KA24-ENGINE-RUB-BODY-MTG-4T-REAR-BODY-MOUNTINGS,Nissan vehicles – KA24 engine - RUB-BODY MTG 4T (Rear body mountings),stock,1,520409.24,93673.66,614082.90,0.00,ready,ready,
537,Nissan vehicles – KA24 engine,Nissan vehicles – KA24 engine MALE ASSY-HOOD (Bonnet lock),MALE ASSY-HOOD (Bonnet lock),Other Miscellaneous Parts,Auto Parts,PC,PCS,ASM-NISSAN-VEHICLES-KA24-ENGINE-MALE-ASSY-HOOD-BONNET-LOCK,Nissan vehicles – KA24 engine - MALE ASSY-HOOD (Bonnet lock),stock,1,224141.80,40345.52,264487.33,-0.01,ready,ready,
538,Nissan vehicles – KA24 engine,Nissan vehicles – KA24 engine RUB BMPR HOOD (Front bonnet rubbers),RUB BMPR HOOD (Front bonnet rubbers),Other Miscellaneous Parts,Auto Parts,PC,PCS,ASM-NISSAN-VEHICLES-KA24-ENGINE-RUB-BMPR-HOOD-FRONT-BONNET-RUBBERS,Nissan vehicles – KA24 engine - RUB BMPR HOOD (Front bonnet rubbers),stock,1,7260.05,1306.81,8566.86,0.00,ready,ready,
539,Nissan vehicles – KA24 engine,Nissan vehicles – KA24 engine BMPR HOODLEDGE (Bonnet side rubbers),BMPR HOODLEDGE (Bonnet side rubbers),Other Miscellaneous Parts,Auto Parts,PC,PCS,ASM-NISSAN-VEHICLES-KA24-ENGINE-BMPR-HOODLEDGE-BONNET-SIDE-RUBBERS,Nissan vehicles – KA24 engine - BMPR HOODLEDGE (Bonnet side rubbers),stock,1,9606.07,1729.09,11335.17,-0.01,ready,ready,
540,Nissan vehicles – KA24 engine,Nissan vehicles – KA24 engine Panel assy-inst (Bonnet),Panel assy-inst (Bonnet),Other Miscellaneous Parts,Auto Parts,PC,PCS,ASM-NISSAN-VEHICLES-KA24-ENGINE-PANEL-ASSY-INST-BONNET,Nissan vehicles – KA24 engine - Panel assy-inst (Bonnet),stock,1,2014248.60,362564.75,2376813.35,0.00,ready,ready,
541,Nissan vehicles – KA24 engine,"Nissan vehicles – KA24 engine Floor mats, rubber","Floor mats, rubber",Other Miscellaneous Parts,Auto Parts,Set,Set,ASM-NISSAN-VEHICLES-KA24-ENGINE-FLOOR-MATS-RUBBER,"Nissan vehicles – KA24 engine - Floor mats, rubber",stock,1,167741.94,30193.55,197935.49,0.00,ready,ready,
542,Nissan vehicles – KA24 engine,Nissan vehicles – KA24 engine CHECK LINK FR D (Seal),CHECK LINK FR D (Seal),Other Miscellaneous Parts,Auto Parts,PC,PCS,ASM-NISSAN-VEHICLES-KA24-ENGINE-CHECK-LINK-FR-D-SEAL,Nissan vehicles – KA24 engine - CHECK LINK FR D (Seal),stock,1,327874.75,59017.46,386892.21,0.00,ready,ready,
543,Nissan vehicles – KA24 engine,Nissan vehicles – KA24 engine HORN ASSY (Low tone horn),HORN ASSY (Low tone horn),Other Miscellaneous Parts,Auto Parts,PC,PCS,ASM-NISSAN-VEHICLES-KA24-ENGINE-HORN-ASSY-LOW-TONE-HORN,Nissan vehicles – KA24 engine - HORN ASSY (Low tone horn),stock,1,432099.12,77777.84,509876.97,-0.01,ready,ready,
544,Nissan vehicles – KA24 engine,Nissan vehicles – KA24 engine HORN ASSY-HIGH (High tone horn),HORN ASSY-HIGH (High tone horn),Other Miscellaneous Parts,Auto Parts,PC,PCS,ASM-NISSAN-VEHICLES-KA24-ENGINE-HORN-ASSY-HIGH-HIGH-TONE-HORN,Nissan vehicles – KA24 engine - HORN ASSY-HIGH (High tone horn),stock,1,361971.58,65154.88,427126.47,-0.01,ready,ready,
545,Nissan vehicles – KA24 engine,Nissan vehicles – KA24 engine Base (Flat gasket),Base (Flat gasket),Other Miscellaneous Parts,Auto Parts,PC,PCS,ASM-NISSAN-VEHICLES-KA24-ENGINE-BASE-FLAT-GASKET,Nissan vehicles – KA24 engine - Base (Flat gasket),stock,1,22747.06,4094.47,26841.53,0.00,ready,ready,
546,Nissan vehicles – KA24 engine,Nissan vehicles – KA24 engine VAD Roll Bar D/ (Central lock switch),VAD Roll Bar D/ (Central lock switch),Other Miscellaneous Parts,Auto Parts,PC,PCS,ASM-NISSAN-VEHICLES-KA24-ENGINE-VAD-ROLL-BAR-D-CENTRAL-LOCK-SWITCH,Nissan vehicles – KA24 engine - VAD Roll Bar D/ (Central lock switch),stock,1,3674863.57,661475.44,4336339.01,0.00,ready,ready,
547,Nissan vehicles – KA24 engine,Nissan vehicles – KA24 engine First aid kit,First aid kit,Other Miscellaneous Parts,Auto Parts,PC,PCS,ASM-NISSAN-VEHICLES-KA24-ENGINE-FIRST-AID-KIT,Nissan vehicles – KA24 engine - First aid kit,stock,1,629032.26,113225.81,742258.06,0.01,ready,ready,
548,Nissan vehicles – KA24 engine,Nissan vehicles – KA24 engine VAD CMPL-SLIDE (Side step RH),VAD CMPL-SLIDE (Side step RH),Other Miscellaneous Parts,Auto Parts,PC,PCS,ASM-NISSAN-VEHICLES-KA24-ENGINE-VAD-CMPL-SLIDE-SIDE-STEP-RH,Nissan vehicles – KA24 engine - VAD CMPL-SLIDE (Side step RH),stock,1,1091954.20,196551.76,1288505.96,0.00,ready,ready,
549,Nissan vehicles – KA24 engine,Nissan vehicles – KA24 engine VAD CMPL-SLIDE (Side step LH),VAD CMPL-SLIDE (Side step LH),Other Miscellaneous Parts,Auto Parts,PC,PCS,ASM-NISSAN-VEHICLES-KA24-ENGINE-VAD-CMPL-SLIDE-SIDE-STEP-LH,Nissan vehicles – KA24 engine - VAD CMPL-SLIDE (Side step LH),stock,1,1092049.32,196568.88,1288618.20,0.00,ready,ready,
550,Nissan vehicles – KA24 engine,Nissan vehicles – KA24 engine BOLT STOP (Stopper bolt),BOLT STOP (Stopper bolt),Other Miscellaneous Parts,Auto Parts,PC,PCS,ASM-NISSAN-VEHICLES-KA24-ENGINE-BOLT-STOP-STOPPER-BOLT,Nissan vehicles – KA24 engine - BOLT STOP (Stopper bolt),stock,1,96251.00,17325.18,113576.18,0.00,ready,ready,
551,Nissan vehicles – KA24 engine,Nissan vehicles – KA24 engine Cap-bolt STRG S,Cap-bolt STRG S,Other Miscellaneous Parts,Auto Parts,PC,PCS,ASM-NISSAN-VEHICLES-KA24-ENGINE-CAP-BOLT-STRG-S,Nissan vehicles – KA24 engine - Cap-bolt STRG S,stock,1,67147.43,12086.54,79233.97,0.00,ready,ready,
552,Nissan vehicles – KA24 engine,Nissan vehicles – KA24 engine Engine oil (Petrol engine oil),Engine oil (Petrol engine oil),Service,Auto Parts,Litre,Litre,ASM-NISSAN-VEHICLES-KA24-ENGINE-ENGINE-OIL-PETROL-ENGINE-OIL,Nissan vehicles – KA24 engine - Engine oil (Petrol engine oil),stock,1,294526.43,53014.76,347541.19,0.00,ready,ready,
553,Nissan vehicles – KA24 engine,Nissan vehicles – KA24 engine Brake fluid,Brake fluid,Service,Auto Parts,0.25L,0.25L,ASM-NISSAN-VEHICLES-KA24-ENGINE-BRAKE-FLUID,Nissan vehicles – KA24 engine - Brake fluid,stock,1,19089.67,3436.14,22526.00,-0.19,ready,ready,
554,Nissan vehicles – KA24 engine,Nissan vehicles – KA24 engine Transmission oil GL4 75-W85,Transmission oil GL4 75-W85,Service,Auto Parts,Litre,Litre,ASM-NISSAN-VEHICLES-KA24-ENGINE-TRANSMISSION-OIL-GL4-75-W85,Nissan vehicles – KA24 engine - Transmission oil GL4 75-W85,stock,1,317652.79,57177.50,374830.29,0.00,ready,ready,
555,Nissan vehicles – KA24 engine,Nissan vehicles – KA24 engine Coolant Total,Coolant Total,Service,Auto Parts,Litre,Litre,ASM-NISSAN-VEHICLES-KA24-ENGINE-COOLANT-TOTAL,Nissan vehicles – KA24 engine - Coolant Total,stock,1,422592.37,76066.63,498659.00,0.00,ready,ready,
556,Nissan vehicles – KA24 engine,Nissan vehicles – KA24 engine ATF FLUIDMATIC D2 1L (Transfer case oil),ATF FLUIDMATIC D2 1L (Transfer case oil),Service,Auto Parts,Litre,Litre,ASM-NISSAN-VEHICLES-KA24-ENGINE-ATF-FLUIDMATIC-D2-1L-TRANSFER-CASE-OIL,Nissan vehicles – KA24 engine - ATF FLUIDMATIC D2 1L (Transfer case oil),stock,1,78746.91,14174.44,92921.35,0.00,ready,ready,
557,Nissan vehicles – KA24 engine,Nissan vehicles – KA24 engine SUNDRY,SUNDRY,Service,Auto Parts,,Unit,ASM-NISSAN-VEHICLES-KA24-ENGINE-SUNDRY,Nissan vehicles – KA24 engine - SUNDRY,stock,1,27342.37,4921.63,32264.00,0.00,ready,ready,
558,Nissan vehicles – KA24 engine,Nissan vehicles – KA24 engine FILTER ASSY-OIL (Oil filter),FILTER ASSY-OIL (Oil filter),Service,Auto Parts,PC,PCS,,,review,,60102.81,10818.50,70921.31,0.00,ready,review_duplicate_conflict,"Conflicting category, unit, or price variants"
559,Nissan vehicles – KA24 engine,Nissan vehicles – KA24 engine FUEL STRAINER,FUEL STRAINER,Service,Auto Parts,PC,PCS,ASM-NISSAN-VEHICLES-KA24-ENGINE-FUEL-STRAINER,Nissan vehicles – KA24 engine - FUEL STRAINER,stock,1,250376.53,45067.78,295444.31,0.00,ready,ready,
560,Nissan vehicles – KA24 engine,Nissan vehicles – KA24 engine FILTER ASSY-FUE (Fuel filter),FILTER ASSY-FUE (Fuel filter),Service,Auto Parts,PC,PCS,ASM-NISSAN-VEHICLES-KA24-ENGINE-FILTER-ASSY-FUE-FUEL-FILTER,Nissan vehicles – KA24 engine - FILTER ASSY-FUE (Fuel filter),stock,1,269969.45,48594.50,318563.95,0.00,ready,ready,
561,Nissan vehicles – KA24 engine,Nissan vehicles – KA24 engine ELEMENT ASSY (Air cleaner),ELEMENT ASSY (Air cleaner),Service,Auto Parts,PC,PCS,ASM-NISSAN-VEHICLES-KA24-ENGINE-ELEMENT-ASSY-AIR-CLEANER,Nissan vehicles – KA24 engine - ELEMENT ASSY (Air cleaner),stock,1,200370.00,36066.60,236436.60,0.00,ready,ready,
562,Nissan vehicles – KA24 engine,Nissan vehicles – KA24 engine GEAR OIL-HYPOID 1L (Differential oil 85W90,GEAR OIL-HYPOID 1L (Differential oil 85W90,Service,Auto Parts,Litre,Litre,ASM-NISSAN-VEHICLES-KA24-ENGINE-GEAR-OIL-HYPOID-1L-DIFFERENTIAL-OIL-85W90,Nissan vehicles – KA24 engine - GEAR OIL-HYPOID 1L (Differential oil 85W90,stock,1,173331.25,31199.63,204530.88,0.00,ready,ready,
563,Nissan vehicles – KA24 engine,Nissan vehicles – KA24 engine WASHER DRAIN,WASHER DRAIN,Service,Auto Parts,PC,PCS,ASM-NISSAN-VEHICLES-KA24-ENGINE-WASHER-DRAIN,Nissan vehicles – KA24 engine - WASHER DRAIN,stock,1,5316.39,956.95,6273.34,0.00,ready,ready,
564,Nissan vehicles – KA24 engine,Nissan vehicles – KA24 engine Labour,Labour,Service,Auto Parts,Hour,Hour,ASM-NISSAN-VEHICLES-KA24-ENGINE-LABOUR,Nissan vehicles – KA24 engine - Labour,service,0,45000.00,8100.00,53100.00,0.00,ready,ready,
565,Nissan vehicles – KA24 engine,Nissan vehicles – KA24 engine Wheel alignment,Wheel alignment,Service,Auto Parts,,Unit,ASM-NISSAN-VEHICLES-KA24-ENGINE-WHEEL-ALIGNMENT,Nissan vehicles – KA24 engine - Wheel alignment,service,0,55000.00,9900.00,64900.00,0.00,ready,ready,
566,Nissan vehicles – KA24 engine,Nissan vehicles – KA24 engine Wheel balancing per tyre,Wheel balancing per tyre,Service,Auto Parts,,Unit,ASM-NISSAN-VEHICLES-KA24-ENGINE-WHEEL-BALANCING-PER-TYRE,Nissan vehicles – KA24 engine - Wheel balancing per tyre,service,0,52800.00,,62304.00,,ready,ready,
567,Nissan Patrol Y61 – ZD30 engine,Nissan Patrol Y61 – ZD30 engine Brake pads - Front,Brake pads - Front,Unclassified,Auto Parts,1Set,Set,ASM-NISSAN-PATROL-Y61-ZD30-ENGINE-BRAKE-PADS-FRONT,Nissan Patrol Y61 – ZD30 engine - Brake pads - Front,stock,1,718107.00,129259.00,847367.00,-1.00,ready,ready,
568,Nissan Patrol Y61 – ZD30 engine,Nissan Patrol Y61 – ZD30 engine Brake Pads - Rear,Brake Pads - Rear,Unclassified,Auto Parts,1Set,Set,ASM-NISSAN-PATROL-Y61-ZD30-ENGINE-BRAKE-PADS-REAR,Nissan Patrol Y61 – ZD30 engine - Brake Pads - Rear,stock,1,598354.00,107704.00,706058.00,0.00,ready,ready,
569,Nissan Patrol Y61 – ZD30 engine,Nissan Patrol Y61 – ZD30 engine Brake Shoes,Brake Shoes,Unclassified,Auto Parts,1Set,Set,ASM-NISSAN-PATROL-Y61-ZD30-ENGINE-BRAKE-SHOES,Nissan Patrol Y61 – ZD30 engine - Brake Shoes,stock,1,869732.00,156552.00,1026283.00,1.00,ready,ready,
570,Nissan Patrol Y61 – ZD30 engine,Nissan Patrol Y61 – ZD30 engine Brake booster,Brake booster,Unclassified,Auto Parts,Pc,PCS,ASM-NISSAN-PATROL-Y61-ZD30-ENGINE-BRAKE-BOOSTER,Nissan Patrol Y61 – ZD30 engine - Brake booster,stock,1,9034946.00,1626290.00,10661237.00,-1.00,ready,ready,
571,Nissan Patrol Y61 – ZD30 engine,Nissan Patrol Y61 – ZD30 engine Brake disc,Brake disc,Unclassified,Auto Parts,Pc,PCS,ASM-NISSAN-PATROL-Y61-ZD30-ENGINE-BRAKE-DISC,Nissan Patrol Y61 – ZD30 engine - Brake disc,stock,1,937401.00,168732.00,1106133.00,0.00,ready,ready,
572,Nissan Patrol Y61 – ZD30 engine,Nissan Patrol Y61 – ZD30 engine Brake drum,Brake drum,Unclassified,Auto Parts,Pc,PCS,ASM-NISSAN-PATROL-Y61-ZD30-ENGINE-BRAKE-DRUM,Nissan Patrol Y61 – ZD30 engine - Brake drum,stock,1,1325014.00,238503.00,1563517.00,0.00,ready,ready,
573,Nissan Patrol Y61 – ZD30 engine,Nissan Patrol Y61 – ZD30 engine Skimmimg Disc,Skimmimg Disc,Unclassified,Auto Parts,Pc,PCS,ASM-NISSAN-PATROL-Y61-ZD30-ENGINE-SKIMMIMG-DISC,Nissan Patrol Y61 – ZD30 engine - Skimmimg Disc,service,0,72642.00,13075.00,85717.00,0.00,ready,ready,
574,Nissan Patrol Y61 – ZD30 engine,Nissan Patrol Y61 – ZD30 engine Skimming drum,Skimming drum,Unclassified,Auto Parts,Pc,PCS,ASM-NISSAN-PATROL-Y61-ZD30-ENGINE-SKIMMING-DRUM,Nissan Patrol Y61 – ZD30 engine - Skimming drum,service,0,79245.00,14264.00,93509.00,0.00,ready,ready,
575,Nissan Patrol Y61 – ZD30 engine,Nissan Patrol Y61 – ZD30 engine Front caliper Bracket rubbers,Front caliper Bracket rubbers,Unclassified,Auto Parts,Set,Set,ASM-NISSAN-PATROL-Y61-ZD30-ENGINE-FRONT-CALIPER-BRACKET-RUBBERS,Nissan Patrol Y61 – ZD30 engine - Front caliper Bracket rubbers,stock,1,465815.00,83847.00,549662.00,0.00,ready,ready,
576,Nissan Patrol Y61 – ZD30 engine,Nissan Patrol Y61 – ZD30 engine Front Caliper bolts Upper,Front Caliper bolts Upper,Unclassified,Auto Parts,Pc,PCS,ASM-NISSAN-PATROL-Y61-ZD30-ENGINE-FRONT-CALIPER-BOLTS-UPPER,Nissan Patrol Y61 – ZD30 engine - Front Caliper bolts Upper,stock,1,104901.00,18882.00,123783.00,0.00,ready,ready,
577,Nissan Patrol Y61 – ZD30 engine,Nissan Patrol Y61 – ZD30 engine Front Caliper bolts lower,Front Caliper bolts lower,Unclassified,Auto Parts,Pc,PCS,ASM-NISSAN-PATROL-Y61-ZD30-ENGINE-FRONT-CALIPER-BOLTS-LOWER,Nissan Patrol Y61 – ZD30 engine - Front Caliper bolts lower,stock,1,38632.00,6954.00,45585.00,1.00,ready,ready,
578,Nissan Patrol Y61 – ZD30 engine,Nissan Patrol Y61 – ZD30 engine Rear caliper bolts Upper,Rear caliper bolts Upper,Unclassified,Auto Parts,Pc,PCS,ASM-NISSAN-PATROL-Y61-ZD30-ENGINE-REAR-CALIPER-BOLTS-UPPER,Nissan Patrol Y61 – ZD30 engine - Rear caliper bolts Upper,stock,1,92183.00,16593.00,108776.00,0.00,ready,ready,
579,Nissan Patrol Y61 – ZD30 engine,Nissan Patrol Y61 – ZD30 engine Rear caliper bolts Lower,Rear caliper bolts Lower,Unclassified,Auto Parts,Pc,PCS,ASM-NISSAN-PATROL-Y61-ZD30-ENGINE-REAR-CALIPER-BOLTS-LOWER,Nissan Patrol Y61 – ZD30 engine - Rear caliper bolts Lower,stock,1,92183.00,16593.00,108776.00,0.00,ready,ready,
580,Nissan Patrol Y61 – ZD30 engine,Nissan Patrol Y61 – ZD30 engine Slave cylinder,Slave cylinder,Unclassified,Auto Parts,Pc,PCS,,,review,,470134.00,84624.00,554759.00,-1.00,ready,review_duplicate_conflict,"Conflicting category, unit, or price variants"
581,Nissan Patrol Y61 – ZD30 engine,Nissan Patrol Y61 – ZD30 engine Brake Caliper,Brake Caliper,Unclassified,Auto Parts,Pc,PCS,ASM-NISSAN-PATROL-Y61-ZD30-ENGINE-BRAKE-CALIPER,Nissan Patrol Y61 – ZD30 engine - Brake Caliper,stock,1,4656055.00,838090.00,5494145.00,0.00,ready,ready,
582,Nissan Patrol Y61 – ZD30 engine,Nissan Patrol Y61 – ZD30 engine Master cylinder /kit,Master cylinder /kit,Unclassified,Auto Parts,Pc,PCS,ASM-NISSAN-PATROL-Y61-ZD30-ENGINE-MASTER-CYLINDER-KIT,Nissan Patrol Y61 – ZD30 engine - Master cylinder /kit,stock,1,778453.00,140122.00,918575.00,0.00,ready,ready,
583,Nissan Patrol Y61 – ZD30 engine,Nissan Patrol Y61 – ZD30 engine Sleeve Cylinder assembley,Sleeve Cylinder assembley,Unclassified,Auto Parts,Pc,PCS,ASM-NISSAN-PATROL-Y61-ZD30-ENGINE-SLEEVE-CYLINDER-ASSEMBLEY,Nissan Patrol Y61 – ZD30 engine - Sleeve Cylinder assembley,stock,1,778453.00,140122.00,918575.00,0.00,ready,ready,
584,Nissan Patrol Y61 – ZD30 engine,Nissan Patrol Y61 – ZD30 engine Hand brake cables LONG,Hand brake cables LONG,Unclassified,Auto Parts,,Unit,ASM-NISSAN-PATROL-Y61-ZD30-ENGINE-HAND-BRAKE-CABLES-LONG,Nissan Patrol Y61 – ZD30 engine - Hand brake cables LONG,stock,1,1231650.00,221697.00,1453347.00,0.00,ready,ready,
585,Nissan Patrol Y61 – ZD30 engine,Nissan Patrol Y61 – ZD30 engine Hand brake cables SHORT,Hand brake cables SHORT,Unclassified,Auto Parts,Pc,PCS,ASM-NISSAN-PATROL-Y61-ZD30-ENGINE-HAND-BRAKE-CABLES-SHORT,Nissan Patrol Y61 – ZD30 engine - Hand brake cables SHORT,stock,1,553490.00,99628.00,653119.00,-1.00,ready,ready,
586,Nissan Patrol Y61 – ZD30 engine,Nissan Patrol Y61 – ZD30 engine Park Brake Lever Handle,Park Brake Lever Handle,Unclassified,Auto Parts,Pc,PCS,ASM-NISSAN-PATROL-Y61-ZD30-ENGINE-PARK-BRAKE-LEVER-HANDLE,Nissan Patrol Y61 – ZD30 engine - Park Brake Lever Handle,stock,1,527100.00,94878.00,621978.00,0.00,ready,ready,
587,Nissan Patrol Y61 – ZD30 engine,Nissan Patrol Y61 – ZD30 engine Brake master cyclinder,Brake master cyclinder,Unclassified,Auto Parts,Pc,PCS,ASM-NISSAN-PATROL-Y61-ZD30-ENGINE-BRAKE-MASTER-CYCLINDER,Nissan Patrol Y61 – ZD30 engine - Brake master cyclinder,stock,1,1822411.00,328034.00,2150445.00,0.00,ready,ready,
588,Nissan Patrol Y61 – ZD30 engine,Nissan Patrol Y61 – ZD30 engine Brake Servo,Brake Servo,Unclassified,Auto Parts,Pc,PCS,ASM-NISSAN-PATROL-Y61-ZD30-ENGINE-BRAKE-SERVO,Nissan Patrol Y61 – ZD30 engine - Brake Servo,stock,1,9034946.00,1626290.00,10661237.00,-1.00,ready,ready,
589,Nissan Patrol Y61 – ZD30 engine,Nissan Patrol Y61 – ZD30 engine Brake shims,Brake shims,Unclassified,Auto Parts,Set,Set,ASM-NISSAN-PATROL-Y61-ZD30-ENGINE-BRAKE-SHIMS,Nissan Patrol Y61 – ZD30 engine - Brake shims,stock,1,609775.00,109759.00,719534.00,0.00,ready,ready,
590,Nissan Patrol Y61 – ZD30 engine,Nissan Patrol Y61 – ZD30 engine Brake Bolts,Brake Bolts,Unclassified,Auto Parts,Pc,PCS,ASM-NISSAN-PATROL-Y61-ZD30-ENGINE-BRAKE-BOLTS,Nissan Patrol Y61 – ZD30 engine - Brake Bolts,stock,1,124140.00,22345.00,146485.00,0.00,ready,ready,
591,Nissan Patrol Y61 – ZD30 engine,Nissan Patrol Y61 – ZD30 engine Wheel hub bearings front inner,Wheel hub bearings front inner,Axle,Auto Parts,Pc,PCS,ASM-NISSAN-PATROL-Y61-ZD30-ENGINE-WHEEL-HUB-BEARINGS-FRONT-INNER,Nissan Patrol Y61 – ZD30 engine - Wheel hub bearings front inner,stock,1,375288.00,67552.00,442840.00,0.00,ready,ready,
592,Nissan Patrol Y61 – ZD30 engine,Nissan Patrol Y61 – ZD30 engine wheel hub bearings rear outer,wheel hub bearings rear outer,Axle,Auto Parts,Pc,PCS,ASM-NISSAN-PATROL-Y61-ZD30-ENGINE-WHEEL-HUB-BEARINGS-REAR-OUTER,Nissan Patrol Y61 – ZD30 engine - wheel hub bearings rear outer,stock,1,248024.00,44644.00,292668.00,0.00,ready,ready,
593,Nissan Patrol Y61 – ZD30 engine,Nissan Patrol Y61 – ZD30 engine Front grease seals,Front grease seals,Axle,Auto Parts,Pc,PCS,ASM-NISSAN-PATROL-Y61-ZD30-ENGINE-FRONT-GREASE-SEALS,Nissan Patrol Y61 – ZD30 engine - Front grease seals,stock,1,106540.00,19177.00,125717.00,0.00,ready,ready,
594,Nissan Patrol Y61 – ZD30 engine,Nissan Patrol Y61 – ZD30 engine Hub cap,Hub cap,Axle,Auto Parts,Pc,PCS,ASM-NISSAN-PATROL-Y61-ZD30-ENGINE-HUB-CAP,Nissan Patrol Y61 – ZD30 engine - Hub cap,stock,1,243159.00,43769.00,286927.00,1.00,ready,ready,
595,Nissan Patrol Y61 – ZD30 engine,Nissan Patrol Y61 – ZD30 engine Accelerator cable,Accelerator cable,Axle,Auto Parts,Pc,PCS,ASM-NISSAN-PATROL-Y61-ZD30-ENGINE-ACCELERATOR-CABLE,Nissan Patrol Y61 – ZD30 engine - Accelerator cable,stock,1,1725090.00,310516.00,2035606.00,0.00,ready,ready,
596,Nissan Patrol Y61 – ZD30 engine,Nissan Patrol Y61 – ZD30 engine Rear wheel cylinders,Rear wheel cylinders,Axle,Auto Parts,Pc,PCS,ASM-NISSAN-PATROL-Y61-ZD30-ENGINE-REAR-WHEEL-CYLINDERS,Nissan Patrol Y61 – ZD30 engine - Rear wheel cylinders,stock,1,708513.00,127532.00,836046.00,-1.00,ready,ready,
597,Nissan Patrol Y61 – ZD30 engine,Nissan Patrol Y61 – ZD30 engine Thrust bearings,Thrust bearings,Axle,Auto Parts,Pc,PCS,ASM-NISSAN-PATROL-Y61-ZD30-ENGINE-THRUST-BEARINGS,Nissan Patrol Y61 – ZD30 engine - Thrust bearings,stock,1,708513.00,127532.00,836046.00,-1.00,ready,ready,
598,Nissan Patrol Y61 – ZD30 engine,Nissan Patrol Y61 – ZD30 engine wheel bearing seals,wheel bearing seals,Axle,Auto Parts,Pc,PCS,ASM-NISSAN-PATROL-Y61-ZD30-ENGINE-WHEEL-BEARING-SEALS,Nissan Patrol Y61 – ZD30 engine - wheel bearing seals,stock,1,106540.00,19177.00,125717.00,0.00,ready,ready,
599,Nissan Patrol Y61 – ZD30 engine,"Nissan Patrol Y61 – ZD30 engine Wheel locking nuts,Washers & Pin","Wheel locking nuts,Washers & Pin",Axle,Auto Parts,Pc,PCS,ASM-NISSAN-PATROL-Y61-ZD30-ENGINE-WHEEL-LOCKING-NUTS-WASHERS-AND-PIN,"Nissan Patrol Y61 – ZD30 engine - Wheel locking nuts,Washers & Pin",stock,1,55634.00,10014.00,65648.00,0.00,ready,ready,
600,Nissan Patrol Y61 – ZD30 engine,Nissan Patrol Y61 – ZD30 engine wheel cylinder,wheel cylinder,Axle,Auto Parts,Pc,PCS,ASM-NISSAN-PATROL-Y61-ZD30-ENGINE-WHEEL-CYLINDER,Nissan Patrol Y61 – ZD30 engine - wheel cylinder,stock,1,708513.00,127532.00,836046.00,-1.00,ready,ready,
601,Nissan Patrol Y61 – ZD30 engine,Nissan Patrol Y61 – ZD30 engine Wheel hub bearings front outer,Wheel hub bearings front outer,Axle,Auto Parts,Pc,PCS,ASM-NISSAN-PATROL-Y61-ZD30-ENGINE-WHEEL-HUB-BEARINGS-FRONT-OUTER,Nissan Patrol Y61 – ZD30 engine - Wheel hub bearings front outer,stock,1,375288.00,67552.00,442840.00,0.00,ready,ready,
602,Nissan Patrol Y61 – ZD30 engine,Nissan Patrol Y61 – ZD30 engine wheel hub bearings rear inner,wheel hub bearings rear inner,Axle,Auto Parts,Pc,PCS,ASM-NISSAN-PATROL-Y61-ZD30-ENGINE-WHEEL-HUB-BEARINGS-REAR-INNER,Nissan Patrol Y61 – ZD30 engine - wheel hub bearings rear inner,stock,1,248024.00,44644.00,292668.00,0.00,ready,ready,
603,Nissan Patrol Y61 – ZD30 engine,Nissan Patrol Y61 – ZD30 engine Alternator Belts -set,Alternator Belts -set,Engine Components,Auto Parts,Set,Set,ASM-NISSAN-PATROL-Y61-ZD30-ENGINE-ALTERNATOR-BELTS-SET,Nissan Patrol Y61 – ZD30 engine - Alternator Belts -set,stock,1,546749.00,98415.00,645164.00,0.00,ready,ready,
604,Nissan Patrol Y61 – ZD30 engine,Nissan Patrol Y61 – ZD30 engine Timing Tensioner,Timing Tensioner,Engine Components,Auto Parts,Pc,PCS,ASM-NISSAN-PATROL-Y61-ZD30-ENGINE-TIMING-TENSIONER,Nissan Patrol Y61 – ZD30 engine - Timing Tensioner,stock,1,1716588.00,308986.00,2025574.00,0.00,ready,ready,
605,Nissan Patrol Y61 – ZD30 engine,"Nissan Patrol Y61 – ZD30 engine Guide,Timing chain loose side","Guide,Timing chain loose side",Engine Components,Auto Parts,Pc,PCS,ASM-NISSAN-PATROL-Y61-ZD30-ENGINE-GUIDE-TIMING-CHAIN-LOOSE-SIDE,"Nissan Patrol Y61 – ZD30 engine - Guide,Timing chain loose side",stock,1,317878.00,57218.00,375097.00,-1.00,ready,ready,
606,Nissan Patrol Y61 – ZD30 engine,"Nissan Patrol Y61 – ZD30 engine Guide,Timing chain Tension side","Guide,Timing chain Tension side",Engine Components,Auto Parts,Pc,PCS,ASM-NISSAN-PATROL-Y61-ZD30-ENGINE-GUIDE-TIMING-CHAIN-TENSION-SIDE,"Nissan Patrol Y61 – ZD30 engine - Guide,Timing chain Tension side",stock,1,317878.00,57218.00,375097.00,-1.00,ready,ready,
607,Nissan Patrol Y61 – ZD30 engine,Nissan Patrol Y61 – ZD30 engine Timing chain,Timing chain,Engine Components,Auto Parts,Pc,PCS,ASM-NISSAN-PATROL-Y61-ZD30-ENGINE-TIMING-CHAIN,Nissan Patrol Y61 – ZD30 engine - Timing chain,stock,1,369262.00,66467.00,435729.00,0.00,ready,ready,
608,Nissan Patrol Y61 – ZD30 engine,Nissan Patrol Y61 – ZD30 engine Crankshaft oil seal,Crankshaft oil seal,Engine Components,Auto Parts,Pc,PCS,ASM-NISSAN-PATROL-Y61-ZD30-ENGINE-CRANKSHAFT-OIL-SEAL,Nissan Patrol Y61 – ZD30 engine - Crankshaft oil seal,stock,1,488383.00,87909.00,576292.00,0.00,ready,ready,
609,Nissan Patrol Y61 – ZD30 engine,Nissan Patrol Y61 – ZD30 engine Cylinder head gasket,Cylinder head gasket,Engine Components,Auto Parts,Pc,PCS,ASM-NISSAN-PATROL-Y61-ZD30-ENGINE-CYLINDER-HEAD-GASKET,Nissan Patrol Y61 – ZD30 engine - Cylinder head gasket,stock,1,923488.00,166228.00,1089716.00,0.00,ready,ready,
610,Nissan Patrol Y61 – ZD30 engine,Nissan Patrol Y61 – ZD30 engine Engine mountings,Engine mountings,Engine Components,Auto Parts,Pc,PCS,ASM-NISSAN-PATROL-Y61-ZD30-ENGINE-ENGINE-MOUNTINGS,Nissan Patrol Y61 – ZD30 engine - Engine mountings,stock,1,420509.00,75692.00,496201.00,0.00,ready,ready,
611,Nissan Patrol Y61 – ZD30 engine,Nissan Patrol Y61 – ZD30 engine Rocker cover gasket,Rocker cover gasket,Engine Components,Auto Parts,Pc,PCS,ASM-NISSAN-PATROL-Y61-ZD30-ENGINE-ROCKER-COVER-GASKET,Nissan Patrol Y61 – ZD30 engine - Rocker cover gasket,stock,1,280220.00,50440.00,330660.00,0.00,ready,ready,
612,Nissan Patrol Y61 – ZD30 engine,Nissan Patrol Y61 – ZD30 engine Pilot bearing,Pilot bearing,Engine Components,Auto Parts,Pc,PCS,,,review,,31291.00,5632.00,36923.00,0.00,ready,review_duplicate_conflict,"Conflicting category, unit, or price variants"
613,Nissan Patrol Y61 – ZD30 engine,Nissan Patrol Y61 – ZD30 engine Drain Nut,Drain Nut,Engine Components,Auto Parts,Pc,PCS,ASM-NISSAN-PATROL-Y61-ZD30-ENGINE-DRAIN-NUT,Nissan Patrol Y61 – ZD30 engine - Drain Nut,stock,1,20980.00,3776.00,24757.00,-1.00,ready,ready,
614,Nissan Patrol Y61 – ZD30 engine,Nissan Patrol Y61 – ZD30 engine Tensioner Gasket,Tensioner Gasket,Engine Components,Auto Parts,Pc,PCS,ASM-NISSAN-PATROL-Y61-ZD30-ENGINE-TENSIONER-GASKET,Nissan Patrol Y61 – ZD30 engine - Tensioner Gasket,stock,1,154970.00,27895.00,182865.00,0.00,ready,ready,
615,Nissan Patrol Y61 – ZD30 engine,"Nissan Patrol Y61 – ZD30 engine Gauge Unit,water temperature","Gauge Unit,water temperature",Engine Components,Auto Parts,Pc,PCS,ASM-NISSAN-PATROL-Y61-ZD30-ENGINE-GAUGE-UNIT-WATER-TEMPERATURE,"Nissan Patrol Y61 – ZD30 engine - Gauge Unit,water temperature",stock,1,5543233.00,997782.00,6541015.00,0.00,ready,ready,
616,Nissan Patrol Y61 – ZD30 engine,Nissan Patrol Y61 – ZD30 engine Engine block,Engine block,Engine Components,Auto Parts,Pc,PCS,ASM-NISSAN-PATROL-Y61-ZD30-ENGINE-ENGINE-BLOCK,Nissan Patrol Y61 – ZD30 engine - Engine block,stock,1,19219537.00,3459517.00,22679053.00,1.00,ready,ready,
617,Nissan Patrol Y61 – ZD30 engine,Nissan Patrol Y61 – ZD30 engine Piston Ring - set,Piston Ring - set,Engine Components,Auto Parts,Set,Set,ASM-NISSAN-PATROL-Y61-ZD30-ENGINE-PISTON-RING-SET,Nissan Patrol Y61 – ZD30 engine - Piston Ring - set,stock,1,1342836.00,241711.00,1584547.00,0.00,ready,ready,
618,Nissan Patrol Y61 – ZD30 engine,Nissan Patrol Y61 – ZD30 engine Pistons,Pistons,Engine Components,Auto Parts,Pc,PCS,ASM-NISSAN-PATROL-Y61-ZD30-ENGINE-PISTONS,Nissan Patrol Y61 – ZD30 engine - Pistons,stock,1,598969.00,107814.00,706783.00,0.00,ready,ready,
619,Nissan Patrol Y61 – ZD30 engine,Nissan Patrol Y61 – ZD30 engine Main bearings set,Main bearings set,Engine Components,Auto Parts,Set,Set,ASM-NISSAN-PATROL-Y61-ZD30-ENGINE-MAIN-BEARINGS-SET,Nissan Patrol Y61 – ZD30 engine - Main bearings set,stock,1,414551.00,74619.00,489171.00,-1.00,ready,ready,
620,Nissan Patrol Y61 – ZD30 engine,Nissan Patrol Y61 – ZD30 engine Piece Bearing - Set,Piece Bearing - Set,Engine Components,Auto Parts,Set,Set,ASM-NISSAN-PATROL-Y61-ZD30-ENGINE-PIECE-BEARING-SET,Nissan Patrol Y61 – ZD30 engine - Piece Bearing - Set,stock,1,49011.00,8822.00,57833.00,0.00,ready,ready,
621,Nissan Patrol Y61 – ZD30 engine,Nissan Patrol Y61 – ZD30 engine Block Sleeving,Block Sleeving,Engine Components,Auto Parts,Pc,PCS,ASM-NISSAN-PATROL-Y61-ZD30-ENGINE-BLOCK-SLEEVING,Nissan Patrol Y61 – ZD30 engine - Block Sleeving,stock,1,694540.00,125017.00,819557.00,0.00,ready,ready,
622,Nissan Patrol Y61 – ZD30 engine,Nissan Patrol Y61 – ZD30 engine Overhaul gasket,Overhaul gasket,Engine Components,Auto Parts,Pc,PCS,ASM-NISSAN-PATROL-Y61-ZD30-ENGINE-OVERHAUL-GASKET,Nissan Patrol Y61 – ZD30 engine - Overhaul gasket,stock,1,1631319.00,293637.00,1924956.00,0.00,ready,ready,
623,Nissan Patrol Y61 – ZD30 engine,Nissan Patrol Y61 – ZD30 engine Oil pump Assy,Oil pump Assy,Engine Components,Auto Parts,Pc,PCS,ASM-NISSAN-PATROL-Y61-ZD30-ENGINE-OIL-PUMP-ASSY,Nissan Patrol Y61 – ZD30 engine - Oil pump Assy,stock,1,3528535.00,635136.00,4163671.00,0.00,ready,ready,
624,Nissan Patrol Y61 – ZD30 engine,Nissan Patrol Y61 – ZD30 engine Connecting rods,Connecting rods,Engine Components,Auto Parts,Pc,PCS,ASM-NISSAN-PATROL-Y61-ZD30-ENGINE-CONNECTING-RODS,Nissan Patrol Y61 – ZD30 engine - Connecting rods,stock,1,1241981.00,223557.00,1465538.00,0.00,ready,ready,
625,Nissan Patrol Y61 – ZD30 engine,Nissan Patrol Y61 – ZD30 engine Injector pump,Injector pump,Engine Components,Auto Parts,Pc,PCS,,,review,,21871034.00,3936786.00,25807820.00,0.00,ready,review_duplicate_conflict,"Conflicting category, unit, or price variants"
626,Nissan Patrol Y61 – ZD30 engine,Nissan Patrol Y61 – ZD30 engine Nozzle,Nozzle,Engine Components,Auto Parts,Pc,PCS,,,review,,8389493.00,1510109.00,9899602.00,0.00,ready,review_duplicate_conflict,"Conflicting category, unit, or price variants"
627,Nissan Patrol Y61 – ZD30 engine,Nissan Patrol Y61 – ZD30 engine camshaft Re-grinding,camshaft Re-grinding,Engine Components,Auto Parts,Pc,PCS,ASM-NISSAN-PATROL-Y61-ZD30-ENGINE-CAMSHAFT-RE-GRINDING,Nissan Patrol Y61 – ZD30 engine - camshaft Re-grinding,service,0,739623.00,133132.00,872755.00,0.00,ready,ready,
628,Nissan Patrol Y61 – ZD30 engine,Nissan Patrol Y61 – ZD30 engine Cylinder head,Cylinder head,Engine Components,Auto Parts,Pc,PCS,ASM-NISSAN-PATROL-Y61-ZD30-ENGINE-CYLINDER-HEAD,Nissan Patrol Y61 – ZD30 engine - Cylinder head,stock,1,7156389.00,1288150.00,8444539.00,0.00,ready,ready,
629,Nissan Patrol Y61 – ZD30 engine,Nissan Patrol Y61 – ZD30 engine Cylinder head Refacing,Cylinder head Refacing,Engine Components,Auto Parts,Pc,PCS,ASM-NISSAN-PATROL-Y61-ZD30-ENGINE-CYLINDER-HEAD-REFACING,Nissan Patrol Y61 – ZD30 engine - Cylinder head Refacing,stock,1,739623.00,133132.00,872755.00,0.00,ready,ready,
630,Nissan Patrol Y61 – ZD30 engine,Nissan Patrol Y61 – ZD30 engine Line bore,Line bore,Engine Components,Auto Parts,Pc,PCS,ASM-NISSAN-PATROL-Y61-ZD30-ENGINE-LINE-BORE,Nissan Patrol Y61 – ZD30 engine - Line bore,stock,1,694540.00,125017.00,819557.00,0.00,ready,ready,
631,Nissan Patrol Y61 – ZD30 engine,Nissan Patrol Y61 – ZD30 engine Sealant tube - Engine,Sealant tube - Engine,Engine Components,Auto Parts,Pc,PCS,ASM-NISSAN-PATROL-Y61-ZD30-ENGINE-SEALANT-TUBE-ENGINE,Nissan Patrol Y61 – ZD30 engine - Sealant tube - Engine,stock,1,669165.00,120450.00,789615.00,0.00,ready,ready,
632,Nissan Patrol Y61 – ZD30 engine,Nissan Patrol Y61 – ZD30 engine Gasket cylinder head,Gasket cylinder head,Engine Components,Auto Parts,Pc,PCS,ASM-NISSAN-PATROL-Y61-ZD30-ENGINE-GASKET-CYLINDER-HEAD,Nissan Patrol Y61 – ZD30 engine - Gasket cylinder head,stock,1,923488.00,166228.00,1089716.00,0.00,ready,ready,
633,Nissan Patrol Y61 – ZD30 engine,Nissan Patrol Y61 – ZD30 engine Coolant hose Pipe,Coolant hose Pipe,Engine Cooling System,Auto Parts,Pc,PCS,ASM-NISSAN-PATROL-Y61-ZD30-ENGINE-COOLANT-HOSE-PIPE,Nissan Patrol Y61 – ZD30 engine - Coolant hose Pipe,stock,1,769559.00,138521.00,908080.00,0.00,ready,ready,
634,Nissan Patrol Y61 – ZD30 engine,Nissan Patrol Y61 – ZD30 engine Cooling fan,Cooling fan,Engine Cooling System,Auto Parts,Pc,PCS,ASM-NISSAN-PATROL-Y61-ZD30-ENGINE-COOLING-FAN,Nissan Patrol Y61 – ZD30 engine - Cooling fan,stock,1,819458.00,147502.00,966960.00,0.00,ready,ready,
635,Nissan Patrol Y61 – ZD30 engine,Nissan Patrol Y61 – ZD30 engine Fan blade,Fan blade,Engine Cooling System,Auto Parts,Pc,PCS,ASM-NISSAN-PATROL-Y61-ZD30-ENGINE-FAN-BLADE,Nissan Patrol Y61 – ZD30 engine - Fan blade,stock,1,819458.00,147502.00,966960.00,0.00,ready,ready,
636,Nissan Patrol Y61 – ZD30 engine,Nissan Patrol Y61 – ZD30 engine Radiator complete,Radiator complete,Engine Cooling System,Auto Parts,Pc,PCS,ASM-NISSAN-PATROL-Y61-ZD30-ENGINE-RADIATOR-COMPLETE,Nissan Patrol Y61 – ZD30 engine - Radiator complete,stock,1,4298111.00,773660.00,5071771.00,0.00,ready,ready,
637,Nissan Patrol Y61 – ZD30 engine,Nissan Patrol Y61 – ZD30 engine Radiator pressure cap,Radiator pressure cap,Engine Cooling System,Auto Parts,Pc,PCS,ASM-NISSAN-PATROL-Y61-ZD30-ENGINE-RADIATOR-PRESSURE-CAP,Nissan Patrol Y61 – ZD30 engine - Radiator pressure cap,stock,1,71015.00,12783.00,83798.00,0.00,ready,ready,
638,Nissan Patrol Y61 – ZD30 engine,Nissan Patrol Y61 – ZD30 engine Radiator mountings,Radiator mountings,Engine Cooling System,Auto Parts,Pc,PCS,ASM-NISSAN-PATROL-Y61-ZD30-ENGINE-RADIATOR-MOUNTINGS,Nissan Patrol Y61 – ZD30 engine - Radiator mountings,stock,1,38956.00,7012.00,45968.00,0.00,ready,ready,
639,Nissan Patrol Y61 – ZD30 engine,Nissan Patrol Y61 – ZD30 engine Bleeder bolt,Bleeder bolt,Engine Cooling System,Auto Parts,Pc,PCS,ASM-NISSAN-PATROL-Y61-ZD30-ENGINE-BLEEDER-BOLT,Nissan Patrol Y61 – ZD30 engine - Bleeder bolt,stock,1,43036.00,7746.00,50782.00,0.00,ready,ready,
640,Nissan Patrol Y61 – ZD30 engine,Nissan Patrol Y61 – ZD30 engine Reservoir tank pipe,Reservoir tank pipe,Engine Cooling System,Auto Parts,Pc,PCS,ASM-NISSAN-PATROL-Y61-ZD30-ENGINE-RESERVOIR-TANK-PIPE,Nissan Patrol Y61 – ZD30 engine - Reservoir tank pipe,stock,1,124140.00,22345.00,146485.00,0.00,ready,ready,
641,Nissan Patrol Y61 – ZD30 engine,Nissan Patrol Y61 – ZD30 engine Nozzle nipples,Nozzle nipples,Engine Cooling System,Auto Parts,Pc,PCS,ASM-NISSAN-PATROL-Y61-ZD30-ENGINE-NOZZLE-NIPPLES,Nissan Patrol Y61 – ZD30 engine - Nozzle nipples,stock,1,71937.00,12949.00,84886.00,0.00,ready,ready,
642,Nissan Patrol Y61 – ZD30 engine,Nissan Patrol Y61 – ZD30 engine Nozzle washers,Nozzle washers,Engine Cooling System,Auto Parts,Pc,PCS,ASM-NISSAN-PATROL-Y61-ZD30-ENGINE-NOZZLE-WASHERS,Nissan Patrol Y61 – ZD30 engine - Nozzle washers,stock,1,71937.00,12949.00,84886.00,0.00,ready,ready,
643,Nissan Patrol Y61 – ZD30 engine,Nissan Patrol Y61 – ZD30 engine Reservoir tank,Reservoir tank,Engine Cooling System,Auto Parts,Pc,PCS,ASM-NISSAN-PATROL-Y61-ZD30-ENGINE-RESERVOIR-TANK,Nissan Patrol Y61 – ZD30 engine - Reservoir tank,stock,1,280459.00,50483.00,330942.00,0.00,ready,ready,
644,Nissan Patrol Y61 – ZD30 engine,Nissan Patrol Y61 – ZD30 engine Air cleaner housing,Air cleaner housing,Engine Cooling System,Auto Parts,Pc,PCS,ASM-NISSAN-PATROL-Y61-ZD30-ENGINE-AIR-CLEANER-HOUSING,Nissan Patrol Y61 – ZD30 engine - Air cleaner housing,stock,1,2857799.00,514404.00,3372203.00,0.00,ready,ready,
645,Nissan Patrol Y61 – ZD30 engine,Nissan Patrol Y61 – ZD30 engine Water pipes,Water pipes,Engine Cooling System,Auto Parts,Pc,PCS,ASM-NISSAN-PATROL-Y61-ZD30-ENGINE-WATER-PIPES,Nissan Patrol Y61 – ZD30 engine - Water pipes,stock,1,375886.00,67659.00,443545.00,0.00,ready,ready,
646,Nissan Patrol Y61 – ZD30 engine,Nissan Patrol Y61 – ZD30 engine Water pump,Water pump,Engine Cooling System,Auto Parts,Pc,PCS,ASM-NISSAN-PATROL-Y61-ZD30-ENGINE-WATER-PUMP,Nissan Patrol Y61 – ZD30 engine - Water pump,stock,1,910821.00,163948.00,1074769.00,0.00,ready,ready,
647,Nissan Patrol Y61 – ZD30 engine,Nissan Patrol Y61 – ZD30 engine Water temperature switch,Water temperature switch,Engine Cooling System,Auto Parts,Pc,PCS,ASM-NISSAN-PATROL-Y61-ZD30-ENGINE-WATER-TEMPERATURE-SWITCH,Nissan Patrol Y61 – ZD30 engine - Water temperature switch,stock,1,280374.00,50467.00,330841.00,0.00,ready,ready,
648,Nissan Patrol Y61 – ZD30 engine,Nissan Patrol Y61 – ZD30 engine Water pump gasket,Water pump gasket,Engine Cooling System,Auto Parts,Pc,PCS,ASM-NISSAN-PATROL-Y61-ZD30-ENGINE-WATER-PUMP-GASKET,Nissan Patrol Y61 – ZD30 engine - Water pump gasket,stock,1,38939.00,7009.00,45948.00,0.00,ready,ready,
649,Nissan Patrol Y61 – ZD30 engine,Nissan Patrol Y61 – ZD30 engine Clamps,Clamps,Engine Cooling System,Auto Parts,Pc,PCS,ASM-NISSAN-PATROL-Y61-ZD30-ENGINE-CLAMPS,Nissan Patrol Y61 – ZD30 engine - Clamps,stock,1,20178.00,3632.00,23810.00,0.00,ready,ready,
650,Nissan Patrol Y61 – ZD30 engine,Nissan Patrol Y61 – ZD30 engine Water tank,Water tank,Engine Cooling System,Auto Parts,Pc,PCS,ASM-NISSAN-PATROL-Y61-ZD30-ENGINE-WATER-TANK,Nissan Patrol Y61 – ZD30 engine - Water tank,stock,1,326647.00,58796.00,385443.00,0.00,ready,ready,
651,Nissan Patrol Y61 – ZD30 engine,Nissan Patrol Y61 – ZD30 engine Oil filter,Oil filter,Engine Oil System,Auto Parts,Pc,PCS,ASM-NISSAN-PATROL-Y61-ZD30-ENGINE-OIL-FILTER,Nissan Patrol Y61 – ZD30 engine - Oil filter,stock,1,147988.00,26638.00,174626.00,0.00,ready,ready,
652,Nissan Patrol Y61 – ZD30 engine,Nissan Patrol Y61 – ZD30 engine Oil filler cap,Oil filler cap,Engine Oil System,Auto Parts,Pc,PCS,ASM-NISSAN-PATROL-Y61-ZD30-ENGINE-OIL-FILLER-CAP,Nissan Patrol Y61 – ZD30 engine - Oil filler cap,stock,1,65006.00,11701.00,76707.00,0.00,ready,ready,
653,Nissan Patrol Y61 – ZD30 engine,Nissan Patrol Y61 – ZD30 engine Oil switch,Oil switch,Engine Oil System,Auto Parts,Pc,PCS,ASM-NISSAN-PATROL-Y61-ZD30-ENGINE-OIL-SWITCH,Nissan Patrol Y61 – ZD30 engine - Oil switch,stock,1,137558.00,24760.00,162318.00,0.00,ready,ready,
654,Nissan Patrol Y61 – ZD30 engine,Nissan Patrol Y61 – ZD30 engine Oil pump,Oil pump,Engine Oil System,Auto Parts,Pc,PCS,ASM-NISSAN-PATROL-Y61-ZD30-ENGINE-OIL-PUMP,Nissan Patrol Y61 – ZD30 engine - Oil pump,stock,1,3552383.00,639429.00,4191812.00,0.00,ready,ready,
655,Nissan Patrol Y61 – ZD30 engine,Nissan Patrol Y61 – ZD30 engine Oil cooler,Oil cooler,Engine Oil System,Auto Parts,Pc,PCS,ASM-NISSAN-PATROL-Y61-ZD30-ENGINE-OIL-COOLER,Nissan Patrol Y61 – ZD30 engine - Oil cooler,stock,1,3954080.00,711734.00,4665814.00,0.00,ready,ready,
656,Nissan Patrol Y61 – ZD30 engine,Nissan Patrol Y61 – ZD30 engine Oil sump gasket,Oil sump gasket,Engine Oil System,Auto Parts,Pc,PCS,ASM-NISSAN-PATROL-Y61-ZD30-ENGINE-OIL-SUMP-GASKET,Nissan Patrol Y61 – ZD30 engine - Oil sump gasket,stock,1,669165.00,120450.00,789615.00,0.00,ready,ready,
657,Nissan Patrol Y61 – ZD30 engine,Nissan Patrol Y61 – ZD30 engine Oil cooler pipe,Oil cooler pipe,Engine Oil System,Auto Parts,Pc,PCS,ASM-NISSAN-PATROL-Y61-ZD30-ENGINE-OIL-COOLER-PIPE,Nissan Patrol Y61 – ZD30 engine - Oil cooler pipe,stock,1,76922.00,13846.00,90768.00,0.00,ready,ready,
658,Nissan Patrol Y61 – ZD30 engine,Nissan Patrol Y61 – ZD30 engine Oil strainer,Oil strainer,Engine Oil System,Auto Parts,Pc,PCS,ASM-NISSAN-PATROL-Y61-ZD30-ENGINE-OIL-STRAINER,Nissan Patrol Y61 – ZD30 engine - Oil strainer,stock,1,219601.00,39528.00,259129.00,0.00,ready,ready,
659,Nissan Patrol Y61 – ZD30 engine,Nissan Patrol Y61 – ZD30 engine Oil dipstick,Oil dipstick,Engine Oil System,Auto Parts,Pc,PCS,ASM-NISSAN-PATROL-Y61-ZD30-ENGINE-OIL-DIPSTICK,Nissan Patrol Y61 – ZD30 engine - Oil dipstick,stock,1,94829.00,17069.00,111898.00,0.00,ready,ready,
660,Nissan Patrol Y61 – ZD30 engine,Nissan Patrol Y61 – ZD30 engine Oil filler caps,Oil filler caps,Engine Oil System,Auto Parts,Pc,PCS,ASM-NISSAN-PATROL-Y61-ZD30-ENGINE-OIL-FILLER-CAPS,Nissan Patrol Y61 – ZD30 engine - Oil filler caps,stock,1,65006.00,11701.00,76707.00,0.00,ready,ready,
661,Nissan Patrol Y61 – ZD30 engine,Nissan Patrol Y61 – ZD30 engine Oil sump,Oil sump,Engine Oil System,Auto Parts,Pc,PCS,ASM-NISSAN-PATROL-Y61-ZD30-ENGINE-OIL-SUMP,Nissan Patrol Y61 – ZD30 engine - Oil sump,stock,1,1275987.00,229678.00,1505664.00,1.00,ready,ready,
662,Nissan Patrol Y61 – ZD30 engine,Nissan Patrol Y61 – ZD30 engine Oil switch,Oil switch,Engine Oil System,Auto Parts,Pc,PCS,ASM-NISSAN-PATROL-Y61-ZD30-ENGINE-OIL-SWITCH,Nissan Patrol Y61 – ZD30 engine - Oil switch,stock,1,137558.00,24760.00,162318.00,0.00,ready,collapsed_exact_duplicate,
663,Nissan Patrol Y61 – ZD30 engine,Nissan Patrol Y61 – ZD30 engine Oil filter bracket,Oil filter bracket,Engine Oil System,Auto Parts,Pc,PCS,ASM-NISSAN-PATROL-Y61-ZD30-ENGINE-OIL-FILTER-BRACKET,Nissan Patrol Y61 – ZD30 engine - Oil filter bracket,stock,1,3954080.00,711734.00,4665814.00,0.00,ready,ready,
664,Nissan Patrol Y61 – ZD30 engine,Nissan Patrol Y61 – ZD30 engine Oil cooler,Oil cooler,Engine Oil System,Auto Parts,Pc,PCS,ASM-NISSAN-PATROL-Y61-ZD30-ENGINE-OIL-COOLER,Nissan Patrol Y61 – ZD30 engine - Oil cooler,stock,1,3954080.00,711734.00,4665814.00,0.00,ready,collapsed_exact_duplicate,
665,Nissan Patrol Y61 – ZD30 engine,Nissan Patrol Y61 – ZD30 engine Oil sump gasket,Oil sump gasket,Engine Oil System,Auto Parts,Pc,PCS,ASM-NISSAN-PATROL-Y61-ZD30-ENGINE-OIL-SUMP-GASKET,Nissan Patrol Y61 – ZD30 engine - Oil sump gasket,stock,1,669165.00,120450.00,789615.00,0.00,ready,collapsed_exact_duplicate,
666,Nissan Patrol Y61 – ZD30 engine,"Nissan Patrol Y61 – ZD30 engine Exhaust pipe complete( Silencers,","Exhaust pipe complete( Silencers,",Exhaust System,Auto Parts,Pc,PCS,ASM-NISSAN-PATROL-Y61-ZD30-ENGINE-EXHAUST-PIPE-COMPLETE-SILENCERS,"Nissan Patrol Y61 – ZD30 engine - Exhaust pipe complete( Silencers,",stock,1,10141587.00,1825486.00,11967073.00,0.00,ready,ready,
667,Nissan Patrol Y61 – ZD30 engine,Nissan Patrol Y61 – ZD30 engine Catalytic converter,Catalytic converter,Exhaust System,Auto Parts,Pc,PCS,ASM-NISSAN-PATROL-Y61-ZD30-ENGINE-CATALYTIC-CONVERTER,Nissan Patrol Y61 – ZD30 engine - Catalytic converter,stock,1,22937696.00,4128785.00,27066481.00,0.00,ready,ready,
668,Nissan Patrol Y61 – ZD30 engine,Nissan Patrol Y61 – ZD30 engine Compressor repair kit,Compressor repair kit,Exhaust System,Auto Parts,Pc,PCS,ASM-NISSAN-PATROL-Y61-ZD30-ENGINE-COMPRESSOR-REPAIR-KIT,Nissan Patrol Y61 – ZD30 engine - Compressor repair kit,stock,1,13029126.00,2345243.00,15374369.00,0.00,ready,ready,
669,Nissan Patrol Y61 – ZD30 engine,Nissan Patrol Y61 – ZD30 engine Exhaust bolts,Exhaust bolts,Exhaust System,Auto Parts,Pc,PCS,ASM-NISSAN-PATROL-Y61-ZD30-ENGINE-EXHAUST-BOLTS,Nissan Patrol Y61 – ZD30 engine - Exhaust bolts,stock,1,47048.00,8469.00,55516.00,1.00,ready,ready,
670,Nissan Patrol Y61 – ZD30 engine,Nissan Patrol Y61 – ZD30 engine Exhaust clamp,Exhaust clamp,Exhaust System,Auto Parts,Pc,PCS,ASM-NISSAN-PATROL-Y61-ZD30-ENGINE-EXHAUST-CLAMP,Nissan Patrol Y61 – ZD30 engine - Exhaust clamp,stock,1,349682.00,62943.00,412624.00,1.00,ready,ready,
671,Nissan Patrol Y61 – ZD30 engine,Nissan Patrol Y61 – ZD30 engine Exhaust gasket,Exhaust gasket,Exhaust System,Auto Parts,Pc,PCS,ASM-NISSAN-PATROL-Y61-ZD30-ENGINE-EXHAUST-GASKET,Nissan Patrol Y61 – ZD30 engine - Exhaust gasket,stock,1,23524.00,4234.00,27758.00,0.00,ready,ready,
672,Nissan Patrol Y61 – ZD30 engine,Nissan Patrol Y61 – ZD30 engine Exhaust manifold gasket,Exhaust manifold gasket,Exhaust System,Auto Parts,Pc,PCS,ASM-NISSAN-PATROL-Y61-ZD30-ENGINE-EXHAUST-MANIFOLD-GASKET,Nissan Patrol Y61 – ZD30 engine - Exhaust manifold gasket,stock,1,502740.00,90493.00,593233.00,0.00,ready,ready,
673,Nissan Patrol Y61 – ZD30 engine,Nissan Patrol Y61 – ZD30 engine Exhaust mounting,Exhaust mounting,Exhaust System,Auto Parts,Pc,PCS,ASM-NISSAN-PATROL-Y61-ZD30-ENGINE-EXHAUST-MOUNTING,Nissan Patrol Y61 – ZD30 engine - Exhaust mounting,stock,1,100924.00,18166.00,119090.00,0.00,ready,ready,
674,Nissan Patrol Y61 – ZD30 engine,Nissan Patrol Y61 – ZD30 engine Exhaust pipe,Exhaust pipe,Exhaust System,Auto Parts,Pc,PCS,ASM-NISSAN-PATROL-Y61-ZD30-ENGINE-EXHAUST-PIPE,Nissan Patrol Y61 – ZD30 engine - Exhaust pipe,stock,1,2679169.00,482250.00,3161419.00,0.00,ready,ready,
675,Nissan Patrol Y61 – ZD30 engine,Nissan Patrol Y61 – ZD30 engine Exhaust silencer,Exhaust silencer,Exhaust System,Auto Parts,Pc,PCS,ASM-NISSAN-PATROL-Y61-ZD30-ENGINE-EXHAUST-SILENCER,Nissan Patrol Y61 – ZD30 engine - Exhaust silencer,stock,1,2679169.00,482250.00,3161419.00,0.00,ready,ready,
676,Nissan Patrol Y61 – ZD30 engine,Nissan Patrol Y61 – ZD30 engine Parkin gasket,Parkin gasket,Exhaust System,Auto Parts,Pc,PCS,ASM-NISSAN-PATROL-Y61-ZD30-ENGINE-PARKIN-GASKET,Nissan Patrol Y61 – ZD30 engine - Parkin gasket,stock,1,23524.00,4234.00,27758.00,0.00,ready,ready,
677,Nissan Patrol Y61 – ZD30 engine,Nissan Patrol Y61 – ZD30 engine Exhaust flexible pipe,Exhaust flexible pipe,Exhaust System,Auto Parts,Pc,PCS,ASM-NISSAN-PATROL-Y61-ZD30-ENGINE-EXHAUST-FLEXIBLE-PIPE,Nissan Patrol Y61 – ZD30 engine - Exhaust flexible pipe,stock,1,4783251.00,860985.00,5644236.00,0.00,ready,ready,
678,Nissan Patrol Y61 – ZD30 engine,Nissan Patrol Y61 – ZD30 engine Heat shield,Heat shield,Exhaust System,Auto Parts,Pc,PCS,ASM-NISSAN-PATROL-Y61-ZD30-ENGINE-HEAT-SHIELD,Nissan Patrol Y61 – ZD30 engine - Heat shield,stock,1,788201.00,141876.00,930077.00,0.00,ready,ready,
679,Nissan Patrol Y61 – ZD30 engine,Nissan Patrol Y61 – ZD30 engine Fuel injector nozzles,Fuel injector nozzles,Fuel Supply System,Auto Parts,Pc,PCS,ASM-NISSAN-PATROL-Y61-ZD30-ENGINE-FUEL-INJECTOR-NOZZLES,Nissan Patrol Y61 – ZD30 engine - Fuel injector nozzles,stock,1,8389493.00,1510109.00,9899602.00,0.00,ready,ready,
680,Nissan Patrol Y61 – ZD30 engine,Nissan Patrol Y61 – ZD30 engine Fuel injectors,Fuel injectors,Fuel Supply System,Auto Parts,Pc,PCS,ASM-NISSAN-PATROL-Y61-ZD30-ENGINE-FUEL-INJECTORS,Nissan Patrol Y61 – ZD30 engine - Fuel injectors,stock,1,8389493.00,1510109.00,9899602.00,0.00,ready,ready,
681,Nissan Patrol Y61 – ZD30 engine,Nissan Patrol Y61 – ZD30 engine Fuel lift pump,Fuel lift pump,Fuel Supply System,Auto Parts,Pc,PCS,ASM-NISSAN-PATROL-Y61-ZD30-ENGINE-FUEL-LIFT-PUMP,Nissan Patrol Y61 – ZD30 engine - Fuel lift pump,stock,1,1089555.00,196120.00,1285674.00,1.00,ready,ready,
682,Nissan Patrol Y61 – ZD30 engine,Nissan Patrol Y61 – ZD30 engine Fuel nozzle washers,Fuel nozzle washers,Fuel Supply System,Auto Parts,Pc,PCS,ASM-NISSAN-PATROL-Y61-ZD30-ENGINE-FUEL-NOZZLE-WASHERS,Nissan Patrol Y61 – ZD30 engine - Fuel nozzle washers,stock,1,15893.00,2861.00,18754.00,0.00,ready,ready,
683,Nissan Patrol Y61 – ZD30 engine,Nissan Patrol Y61 – ZD30 engine Fuel pressure regulator,Fuel pressure regulator,Fuel Supply System,Auto Parts,Pc,PCS,ASM-NISSAN-PATROL-Y61-ZD30-ENGINE-FUEL-PRESSURE-REGULATOR,Nissan Patrol Y61 – ZD30 engine - Fuel pressure regulator,stock,1,683931.00,123108.00,807039.00,0.00,ready,ready,
684,Nissan Patrol Y61 – ZD30 engine,Nissan Patrol Y61 – ZD30 engine Fuel pump gasket,Fuel pump gasket,Fuel Supply System,Auto Parts,Pc,PCS,ASM-NISSAN-PATROL-Y61-ZD30-ENGINE-FUEL-PUMP-GASKET,Nissan Patrol Y61 – ZD30 engine - Fuel pump gasket,stock,1,89964.00,16194.00,106158.00,0.00,ready,ready,
685,Nissan Patrol Y61 – ZD30 engine,Nissan Patrol Y61 – ZD30 engine Fuel tank,Fuel tank,Fuel Supply System,Auto Parts,Pc,PCS,ASM-NISSAN-PATROL-Y61-ZD30-ENGINE-FUEL-TANK,Nissan Patrol Y61 – ZD30 engine - Fuel tank,stock,1,4436096.00,798497.00,5234593.00,0.00,ready,ready,
686,Nissan Patrol Y61 – ZD30 engine,Nissan Patrol Y61 – ZD30 engine Fuel tank cover,Fuel tank cover,Fuel Supply System,Auto Parts,Pc,PCS,,,review,,255262.00,45947.00,301209.00,0.00,ready,review_duplicate_conflict,"Conflicting category, unit, or price variants"
687,Nissan Patrol Y61 – ZD30 engine,Nissan Patrol Y61 – ZD30 engine Fuel water separator,Fuel water separator,Fuel Supply System,Auto Parts,Pc,PCS,ASM-NISSAN-PATROL-Y61-ZD30-ENGINE-FUEL-WATER-SEPARATOR,Nissan Patrol Y61 – ZD30 engine - Fuel water separator,stock,1,1150891.00,207160.00,1358051.00,0.00,ready,ready,
688,Nissan Patrol Y61 – ZD30 engine,Nissan Patrol Y61 – ZD30 engine Injector pump,Injector pump,Fuel Supply System,Auto Parts,Pc,PCS,,,review,,21871034.00,3936786.00,25807820.00,0.00,ready,review_duplicate_conflict,"Conflicting category, unit, or price variants"
689,Nissan Patrol Y61 – ZD30 engine,Nissan Patrol Y61 – ZD30 engine Intake manifold,Intake manifold,Fuel Supply System,Auto Parts,Pc,PCS,ASM-NISSAN-PATROL-Y61-ZD30-ENGINE-INTAKE-MANIFOLD,Nissan Patrol Y61 – ZD30 engine - Intake manifold,stock,1,4857937.00,874429.00,5732365.00,1.00,ready,ready,
690,Nissan Patrol Y61 – ZD30 engine,Nissan Patrol Y61 – ZD30 engine Fuel horse pipe clamps,Fuel horse pipe clamps,Fuel Supply System,Auto Parts,Pc,PCS,ASM-NISSAN-PATROL-Y61-ZD30-ENGINE-FUEL-HORSE-PIPE-CLAMPS,Nissan Patrol Y61 – ZD30 engine - Fuel horse pipe clamps,stock,1,23370.00,4207.00,27577.00,0.00,ready,ready,
691,Nissan Patrol Y61 – ZD30 engine,Nissan Patrol Y61 – ZD30 engine Nozzle,Nozzle,Fuel Supply System,Auto Parts,Pc,PCS,,,review,,8389493.00,1510109.00,9899602.00,0.00,ready,review_duplicate_conflict,"Conflicting category, unit, or price variants"
692,Nissan Patrol Y61 – ZD30 engine,Nissan Patrol Y61 – ZD30 engine Fuel horse pipe,Fuel horse pipe,Fuel Supply System,Auto Parts,Pc,PCS,ASM-NISSAN-PATROL-Y61-ZD30-ENGINE-FUEL-HORSE-PIPE,Nissan Patrol Y61 – ZD30 engine - Fuel horse pipe,stock,1,127162.00,22889.00,150051.00,0.00,ready,ready,
693,Nissan Patrol Y61 – ZD30 engine,Nissan Patrol Y61 – ZD30 engine Fuel breather pipe,Fuel breather pipe,Fuel Supply System,Auto Parts,Pc,PCS,ASM-NISSAN-PATROL-Y61-ZD30-ENGINE-FUEL-BREATHER-PIPE,Nissan Patrol Y61 – ZD30 engine - Fuel breather pipe,stock,1,95358.00,17165.00,112523.00,0.00,ready,ready,
694,Nissan Patrol Y61 – ZD30 engine,Nissan Patrol Y61 – ZD30 engine Tank belt clamp,Tank belt clamp,Fuel Supply System,Auto Parts,Pc,PCS,ASM-NISSAN-PATROL-Y61-ZD30-ENGINE-TANK-BELT-CLAMP,Nissan Patrol Y61 – ZD30 engine - Tank belt clamp,stock,1,1579099.00,284238.00,1863336.00,1.00,ready,ready,
695,Nissan Patrol Y61 – ZD30 engine,Nissan Patrol Y61 – ZD30 engine Intake manifold gasket,Intake manifold gasket,Fuel Supply System,Auto Parts,Pc,PCS,ASM-NISSAN-PATROL-Y61-ZD30-ENGINE-INTAKE-MANIFOLD-GASKET,Nissan Patrol Y61 – ZD30 engine - Intake manifold gasket,stock,1,502586.00,90466.00,593052.00,0.00,ready,ready,
696,Nissan Patrol Y61 – ZD30 engine,"Nissan Patrol Y61 – ZD30 engine End ASSY,tierod LH","End ASSY,tierod LH",Suspension & Steering System,Auto Parts,Pc,PCS,ASM-NISSAN-PATROL-Y61-ZD30-ENGINE-END-ASSY-TIEROD-LH,"Nissan Patrol Y61 – ZD30 engine - End ASSY,tierod LH",stock,1,505642.00,91016.00,596658.00,0.00,ready,ready,
697,Nissan Patrol Y61 – ZD30 engine,"Nissan Patrol Y61 – ZD30 engine End ASSY,tierod RH","End ASSY,tierod RH",Suspension & Steering System,Auto Parts,Pc,PCS,ASM-NISSAN-PATROL-Y61-ZD30-ENGINE-END-ASSY-TIEROD-RH,"Nissan Patrol Y61 – ZD30 engine - End ASSY,tierod RH",stock,1,474987.00,85498.00,560485.00,0.00,ready,ready,
698,Nissan Patrol Y61 – ZD30 engine,Nissan Patrol Y61 – ZD30 engine Front shock dampers,Front shock dampers,Suspension & Steering System,Auto Parts,Pc,PCS,ASM-NISSAN-PATROL-Y61-ZD30-ENGINE-FRONT-SHOCK-DAMPERS,Nissan Patrol Y61 – ZD30 engine - Front shock dampers,stock,1,179830.00,32369.00,212200.00,-1.00,ready,ready,
699,Nissan Patrol Y61 – ZD30 engine,"Nissan Patrol Y61 – ZD30 engine Bushing, rear shock absorbers","Bushing, rear shock absorbers",Suspension & Steering System,Auto Parts,Pc,PCS,ASM-NISSAN-PATROL-Y61-ZD30-ENGINE-BUSHING-REAR-SHOCK-ABSORBERS,"Nissan Patrol Y61 – ZD30 engine - Bushing, rear shock absorbers",stock,1,17254.00,3106.00,20360.00,0.00,ready,ready,
700,Nissan Patrol Y61 – ZD30 engine,Nissan Patrol Y61 – ZD30 engine Shock absorbers - front,Shock absorbers - front,Suspension & Steering System,Auto Parts,Pc,PCS,ASM-NISSAN-PATROL-Y61-ZD30-ENGINE-SHOCK-ABSORBERS-FRONT,Nissan Patrol Y61 – ZD30 engine - Shock absorbers - front,stock,1,700678.00,126122.00,826800.00,0.00,ready,ready,
701,Nissan Patrol Y61 – ZD30 engine,Nissan Patrol Y61 – ZD30 engine Shock Absorbers - Rear,Shock Absorbers - Rear,Suspension & Steering System,Auto Parts,Pc,PCS,ASM-NISSAN-PATROL-Y61-ZD30-ENGINE-SHOCK-ABSORBERS-REAR,Nissan Patrol Y61 – ZD30 engine - Shock Absorbers - Rear,stock,1,758134.00,136464.00,894598.00,0.00,ready,ready,
702,Nissan Patrol Y61 – ZD30 engine,"Nissan Patrol Y61 – ZD30 engine Stabilizer Bar ""U"" bushes","Stabilizer Bar ""U"" bushes",Suspension & Steering System,Auto Parts,Pc,PCS,ASM-NISSAN-PATROL-Y61-ZD30-ENGINE-STABILIZER-BAR-U-BUSHES,"Nissan Patrol Y61 – ZD30 engine - Stabilizer Bar ""U"" bushes",stock,1,36556.00,6580.00,43136.00,0.00,ready,ready,
703,Nissan Patrol Y61 – ZD30 engine,Nissan Patrol Y61 – ZD30 engine Stabilizer bar Link RHS,Stabilizer bar Link RHS,Suspension & Steering System,Auto Parts,Pc,PCS,ASM-NISSAN-PATROL-Y61-ZD30-ENGINE-STABILIZER-BAR-LINK-RHS,Nissan Patrol Y61 – ZD30 engine - Stabilizer bar Link RHS,stock,1,140896.00,25361.00,166258.00,-1.00,ready,ready,
704,Nissan Patrol Y61 – ZD30 engine,Nissan Patrol Y61 – ZD30 engine Stabilizer bar link LHS,Stabilizer bar link LHS,Suspension & Steering System,Auto Parts,Pc,PCS,ASM-NISSAN-PATROL-Y61-ZD30-ENGINE-STABILIZER-BAR-LINK-LHS,Nissan Patrol Y61 – ZD30 engine - Stabilizer bar link LHS,stock,1,140896.00,25361.00,166258.00,-1.00,ready,ready,
705,Nissan Patrol Y61 – ZD30 engine,Nissan Patrol Y61 – ZD30 engine king pin - set,king pin - set,Suspension & Steering System,Auto Parts,Pc,PCS,ASM-NISSAN-PATROL-Y61-ZD30-ENGINE-KING-PIN-SET,Nissan Patrol Y61 – ZD30 engine - king pin - set,stock,1,2568742.00,462374.00,3031115.00,1.00,ready,ready,
706,Nissan Patrol Y61 – ZD30 engine,Nissan Patrol Y61 – ZD30 engine Drag link arm,Drag link arm,Suspension & Steering System,Auto Parts,Pc,PCS,ASM-NISSAN-PATROL-Y61-ZD30-ENGINE-DRAG-LINK-ARM,Nissan Patrol Y61 – ZD30 engine - Drag link arm,stock,1,1634838.00,294271.00,1929109.00,0.00,ready,ready,
707,Nissan Patrol Y61 – ZD30 engine,Nissan Patrol Y61 – ZD30 engine Pinion,Pinion,Suspension & Steering System,Auto Parts,Pc,PCS,ASM-NISSAN-PATROL-Y61-ZD30-ENGINE-PINION,Nissan Patrol Y61 – ZD30 engine - Pinion,stock,1,7319433.00,1317498.00,8636932.00,-1.00,ready,ready,
708,Nissan Patrol Y61 – ZD30 engine,Nissan Patrol Y61 – ZD30 engine Pitman arm,Pitman arm,Suspension & Steering System,Auto Parts,Pc,PCS,ASM-NISSAN-PATROL-Y61-ZD30-ENGINE-PITMAN-ARM,Nissan Patrol Y61 – ZD30 engine - Pitman arm,stock,1,611702.00,110106.00,721808.00,0.00,ready,ready,
709,Nissan Patrol Y61 – ZD30 engine,Nissan Patrol Y61 – ZD30 engine Power steering assembly,Power steering assembly,Suspension & Steering System,Auto Parts,Pc,PCS,ASM-NISSAN-PATROL-Y61-ZD30-ENGINE-POWER-STEERING-ASSEMBLY,Nissan Patrol Y61 – ZD30 engine - Power steering assembly,stock,1,3847784.00,692601.00,4540385.00,0.00,ready,ready,
710,Nissan Patrol Y61 – ZD30 engine,Nissan Patrol Y61 – ZD30 engine Spindle,Spindle,Suspension & Steering System,Auto Parts,Pc,PCS,ASM-NISSAN-PATROL-Y61-ZD30-ENGINE-SPINDLE,Nissan Patrol Y61 – ZD30 engine - Spindle,stock,1,2568742.00,462374.00,3031115.00,1.00,ready,ready,
711,Nissan Patrol Y61 – ZD30 engine,Nissan Patrol Y61 – ZD30 engine Bumping stopper,Bumping stopper,Suspension & Steering System,Auto Parts,Pc,PCS,ASM-NISSAN-PATROL-Y61-ZD30-ENGINE-BUMPING-STOPPER,Nissan Patrol Y61 – ZD30 engine - Bumping stopper,stock,1,179830.00,32369.00,212200.00,-1.00,ready,ready,
712,Nissan Patrol Y61 – ZD30 engine,Nissan Patrol Y61 – ZD30 engine Steering arm,Steering arm,Suspension & Steering System,Auto Parts,Pc,PCS,ASM-NISSAN-PATROL-Y61-ZD30-ENGINE-STEERING-ARM,Nissan Patrol Y61 – ZD30 engine - Steering arm,stock,1,611702.00,110106.00,721808.00,0.00,ready,ready,
713,Nissan Patrol Y61 – ZD30 engine,Nissan Patrol Y61 – ZD30 engine Steering box,Steering box,Suspension & Steering System,Auto Parts,Pc,PCS,ASM-NISSAN-PATROL-Y61-ZD30-ENGINE-STEERING-BOX,Nissan Patrol Y61 – ZD30 engine - Steering box,stock,1,7319433.00,1317498.00,8636932.00,-1.00,ready,ready,
714,Nissan Patrol Y61 – ZD30 engine,Nissan Patrol Y61 – ZD30 engine Steering column assembly,Steering column assembly,Suspension & Steering System,Auto Parts,Pc,PCS,ASM-NISSAN-PATROL-Y61-ZD30-ENGINE-STEERING-COLUMN-ASSEMBLY,Nissan Patrol Y61 – ZD30 engine - Steering column assembly,stock,1,3291941.00,592549.00,3884490.00,0.00,ready,ready,
715,Nissan Patrol Y61 – ZD30 engine,Nissan Patrol Y61 – ZD30 engine Steering damper,Steering damper,Suspension & Steering System,Auto Parts,Pc,PCS,ASM-NISSAN-PATROL-Y61-ZD30-ENGINE-STEERING-DAMPER,Nissan Patrol Y61 – ZD30 engine - Steering damper,stock,1,523286.00,94192.00,617478.00,0.00,ready,ready,
716,Nissan Patrol Y61 – ZD30 engine,Nissan Patrol Y61 – ZD30 engine Steering shaft,Steering shaft,Suspension & Steering System,Auto Parts,Pc,PCS,ASM-NISSAN-PATROL-Y61-ZD30-ENGINE-STEERING-SHAFT,Nissan Patrol Y61 – ZD30 engine - Steering shaft,stock,1,1311733.00,236112.00,1547845.00,0.00,ready,ready,
717,Nissan Patrol Y61 – ZD30 engine,Nissan Patrol Y61 – ZD30 engine Steering wheel,Steering wheel,Suspension & Steering System,Auto Parts,Pc,PCS,ASM-NISSAN-PATROL-Y61-ZD30-ENGINE-STEERING-WHEEL,Nissan Patrol Y61 – ZD30 engine - Steering wheel,stock,1,3094284.00,556971.00,3651255.00,0.00,ready,ready,
718,Nissan Patrol Y61 – ZD30 engine,Nissan Patrol Y61 – ZD30 engine Steering Pump belt,Steering Pump belt,Suspension & Steering System,Auto Parts,Pc,PCS,ASM-NISSAN-PATROL-Y61-ZD30-ENGINE-STEERING-PUMP-BELT,Nissan Patrol Y61 – ZD30 engine - Steering Pump belt,stock,1,390535.00,70296.00,460831.00,0.00,ready,ready,
719,Nissan Patrol Y61 – ZD30 engine,Nissan Patrol Y61 – ZD30 engine Stub axle,Stub axle,Suspension & Steering System,Auto Parts,Pc,PCS,ASM-NISSAN-PATROL-Y61-ZD30-ENGINE-STUB-AXLE,Nissan Patrol Y61 – ZD30 engine - Stub axle,stock,1,2117678.00,381182.00,2498860.00,0.00,ready,ready,
720,Nissan Patrol Y61 – ZD30 engine,Nissan Patrol Y61 – ZD30 engine Track rod,Track rod,Suspension & Steering System,Auto Parts,Pc,PCS,ASM-NISSAN-PATROL-Y61-ZD30-ENGINE-TRACK-ROD,Nissan Patrol Y61 – ZD30 engine - Track rod,stock,1,856475.00,154165.00,1010640.00,0.00,ready,ready,
721,Nissan Patrol Y61 – ZD30 engine,Nissan Patrol Y61 – ZD30 engine Universal joint,Universal joint,Suspension & Steering System,Auto Parts,Pc,PCS,ASM-NISSAN-PATROL-Y61-ZD30-ENGINE-UNIVERSAL-JOINT,Nissan Patrol Y61 – ZD30 engine - Universal joint,stock,1,701812.00,126326.00,828138.00,0.00,ready,ready,
722,Nissan Patrol Y61 – ZD30 engine,Nissan Patrol Y61 – ZD30 engine Body Shims,Body Shims,Suspension & Steering System,Auto Parts,Pc,PCS,ASM-NISSAN-PATROL-Y61-ZD30-ENGINE-BODY-SHIMS,Nissan Patrol Y61 – ZD30 engine - Body Shims,stock,1,233872.00,42097.00,275969.00,0.00,ready,ready,
723,Nissan Patrol Y61 – ZD30 engine,Nissan Patrol Y61 – ZD30 engine Clutch plate,Clutch plate,Transmission System,Auto Parts,Pc,PCS,ASM-NISSAN-PATROL-Y61-ZD30-ENGINE-CLUTCH-PLATE,Nissan Patrol Y61 – ZD30 engine - Clutch plate,stock,1,1203897.00,216701.00,1420598.00,0.00,ready,ready,
724,Nissan Patrol Y61 – ZD30 engine,Nissan Patrol Y61 – ZD30 engine Clutch pressure plate,Clutch pressure plate,Transmission System,Auto Parts,Pc,PCS,ASM-NISSAN-PATROL-Y61-ZD30-ENGINE-CLUTCH-PRESSURE-PLATE,Nissan Patrol Y61 – ZD30 engine - Clutch pressure plate,stock,1,1381570.00,248683.00,1630253.00,0.00,ready,ready,
725,Nissan Patrol Y61 – ZD30 engine,Nissan Patrol Y61 – ZD30 engine Release bearing,Release bearing,Transmission System,Auto Parts,Pc,PCS,ASM-NISSAN-PATROL-Y61-ZD30-ENGINE-RELEASE-BEARING,Nissan Patrol Y61 – ZD30 engine - Release bearing,stock,1,195958.00,35272.00,231230.00,0.00,ready,ready,
726,Nissan Patrol Y61 – ZD30 engine,Nissan Patrol Y61 – ZD30 engine Dust seals,Dust seals,Transmission System,Auto Parts,Pc,PCS,ASM-NISSAN-PATROL-Y61-ZD30-ENGINE-DUST-SEALS,Nissan Patrol Y61 – ZD30 engine - Dust seals,stock,1,117295.00,21113.00,138408.00,0.00,ready,ready,
727,Nissan Patrol Y61 – ZD30 engine,Nissan Patrol Y61 – ZD30 engine Clutch Pedal,Clutch Pedal,Transmission System,Auto Parts,Pc,PCS,ASM-NISSAN-PATROL-Y61-ZD30-ENGINE-CLUTCH-PEDAL,Nissan Patrol Y61 – ZD30 engine - Clutch Pedal,stock,1,813636.00,146455.00,960091.00,0.00,ready,ready,
728,Nissan Patrol Y61 – ZD30 engine,Nissan Patrol Y61 – ZD30 engine Clutch cylinder assembly,Clutch cylinder assembly,Transmission System,Auto Parts,Pc,PCS,ASM-NISSAN-PATROL-Y61-ZD30-ENGINE-CLUTCH-CYLINDER-ASSEMBLY,Nissan Patrol Y61 – ZD30 engine - Clutch cylinder assembly,stock,1,755442.00,135979.00,891421.00,0.00,ready,ready,
729,Nissan Patrol Y61 – ZD30 engine,Nissan Patrol Y61 – ZD30 engine Clutch pedal,Clutch pedal,Transmission System,Auto Parts,Pc,PCS,ASM-NISSAN-PATROL-Y61-ZD30-ENGINE-CLUTCH-PEDAL-2,Nissan Patrol Y61 – ZD30 engine - Clutch pedal,stock,1,813636.00,146455.00,960091.00,0.00,ready,ready,
730,Nissan Patrol Y61 – ZD30 engine,Nissan Patrol Y61 – ZD30 engine Pilot bearing,Pilot bearing,Transmission System,Auto Parts,Pc,PCS,,,review,,31291.00,5632.00,36923.00,0.00,ready,review_duplicate_conflict,"Conflicting category, unit, or price variants"
731,Nissan Patrol Y61 – ZD30 engine,Nissan Patrol Y61 – ZD30 engine Differential bolts,Differential bolts,Transmission System,Auto Parts,Pc,PCS,ASM-NISSAN-PATROL-Y61-ZD30-ENGINE-DIFFERENTIAL-BOLTS,Nissan Patrol Y61 – ZD30 engine - Differential bolts,stock,1,12872.00,2317.00,15188.00,1.00,ready,ready,
732,Nissan Patrol Y61 – ZD30 engine,Nissan Patrol Y61 – ZD30 engine Differential case/housing,Differential case/housing,Transmission System,Auto Parts,Pc,PCS,ASM-NISSAN-PATROL-Y61-ZD30-ENGINE-DIFFERENTIAL-CASE-HOUSING,Nissan Patrol Y61 – ZD30 engine - Differential case/housing,stock,1,12244169.00,2203950.00,14448119.00,0.00,ready,ready,
733,Nissan Patrol Y61 – ZD30 engine,Nissan Patrol Y61 – ZD30 engine Differential seal,Differential seal,Transmission System,Auto Parts,Pc,PCS,ASM-NISSAN-PATROL-Y61-ZD30-ENGINE-DIFFERENTIAL-SEAL,Nissan Patrol Y61 – ZD30 engine - Differential seal,stock,1,106540.00,19177.00,125717.00,0.00,ready,ready,
734,Nissan Patrol Y61 – ZD30 engine,Nissan Patrol Y61 – ZD30 engine Differential unit complete,Differential unit complete,Transmission System,Auto Parts,Pc,PCS,ASM-NISSAN-PATROL-Y61-ZD30-ENGINE-DIFFERENTIAL-UNIT-COMPLETE,Nissan Patrol Y61 – ZD30 engine - Differential unit complete,stock,1,19265168.00,3467730.00,22732898.00,0.00,ready,ready,
735,Nissan Patrol Y61 – ZD30 engine,Nissan Patrol Y61 – ZD30 engine Flywheel,Flywheel,Transmission System,Auto Parts,Pc,PCS,ASM-NISSAN-PATROL-Y61-ZD30-ENGINE-FLYWHEEL,Nissan Patrol Y61 – ZD30 engine - Flywheel,stock,1,3191093.00,574397.00,3765490.00,0.00,ready,ready,
736,Nissan Patrol Y61 – ZD30 engine,Nissan Patrol Y61 – ZD30 engine Gearbox oil seal,Gearbox oil seal,Transmission System,Auto Parts,Pc,PCS,ASM-NISSAN-PATROL-Y61-ZD30-ENGINE-GEARBOX-OIL-SEAL,Nissan Patrol Y61 – ZD30 engine - Gearbox oil seal,stock,1,176411.00,31754.00,208165.00,0.00,ready,ready,
737,Nissan Patrol Y61 – ZD30 engine,Nissan Patrol Y61 – ZD30 engine Gear ring,Gear ring,Transmission System,Auto Parts,Pc,PCS,ASM-NISSAN-PATROL-Y61-ZD30-ENGINE-GEAR-RING,Nissan Patrol Y61 – ZD30 engine - Gear ring,stock,1,6757935.00,1216428.00,7974364.00,-1.00,ready,ready,
738,Nissan Patrol Y61 – ZD30 engine,Nissan Patrol Y61 – ZD30 engine Gear box Assembly /Complete,Gear box Assembly /Complete,Transmission System,Auto Parts,Pc,PCS,ASM-NISSAN-PATROL-Y61-ZD30-ENGINE-GEAR-BOX-ASSEMBLY-COMPLETE,Nissan Patrol Y61 – ZD30 engine - Gear box Assembly /Complete,stock,1,28576834.00,5143830.00,33720664.00,0.00,ready,ready,
739,Nissan Patrol Y61 – ZD30 engine,Nissan Patrol Y61 – ZD30 engine Gearbox mounting,Gearbox mounting,Transmission System,Auto Parts,Pc,PCS,ASM-NISSAN-PATROL-Y61-ZD30-ENGINE-GEARBOX-MOUNTING,Nissan Patrol Y61 – ZD30 engine - Gearbox mounting,stock,1,420509.00,75692.00,496201.00,0.00,ready,ready,
740,Nissan Patrol Y61 – ZD30 engine,Nissan Patrol Y61 – ZD30 engine Master cylinder,Master cylinder,Transmission System,Auto Parts,Pc,PCS,ASM-NISSAN-PATROL-Y61-ZD30-ENGINE-MASTER-CYLINDER,Nissan Patrol Y61 – ZD30 engine - Master cylinder,stock,1,755442.00,135979.00,891421.00,0.00,ready,ready,
741,Nissan Patrol Y61 – ZD30 engine,Nissan Patrol Y61 – ZD30 engine Propeller shaft complete,Propeller shaft complete,Transmission System,Auto Parts,Pc,PCS,ASM-NISSAN-PATROL-Y61-ZD30-ENGINE-PROPELLER-SHAFT-COMPLETE,Nissan Patrol Y61 – ZD30 engine - Propeller shaft complete,stock,1,6498218.00,1169679.00,7667897.00,0.00,ready,ready,
742,Nissan Patrol Y61 – ZD30 engine,Nissan Patrol Y61 – ZD30 engine Slave cylinder,Slave cylinder,Transmission System,Auto Parts,Pc,PCS,,,review,,470134.00,84624.00,554759.00,-1.00,ready,review_duplicate_conflict,"Conflicting category, unit, or price variants"
743,Nissan Patrol Y61 – ZD30 engine,Nissan Patrol Y61 – ZD30 engine Stopper rubbers,Stopper rubbers,Transmission System,Auto Parts,Pc,PCS,ASM-NISSAN-PATROL-Y61-ZD30-ENGINE-STOPPER-RUBBERS,Nissan Patrol Y61 – ZD30 engine - Stopper rubbers,stock,1,251763.00,45317.00,297080.00,0.00,ready,ready,
744,Nissan Patrol Y61 – ZD30 engine,Nissan Patrol Y61 – ZD30 engine Transfer case,Transfer case,Transmission System,Auto Parts,Pc,PCS,ASM-NISSAN-PATROL-Y61-ZD30-ENGINE-TRANSFER-CASE,Nissan Patrol Y61 – ZD30 engine - Transfer case,stock,1,31680831.00,5702550.00,37383381.00,0.00,ready,ready,
745,Nissan Patrol Y61 – ZD30 engine,Nissan Patrol Y61 – ZD30 engine Transfer gearbox mounting,Transfer gearbox mounting,Transmission System,Auto Parts,Pc,PCS,ASM-NISSAN-PATROL-Y61-ZD30-ENGINE-TRANSFER-GEARBOX-MOUNTING,Nissan Patrol Y61 – ZD30 engine - Transfer gearbox mounting,stock,1,420509.00,75692.00,496201.00,0.00,ready,ready,
746,Nissan Patrol Y61 – ZD30 engine,Nissan Patrol Y61 – ZD30 engine Return Spring,Return Spring,Transmission System,Auto Parts,Pc,PCS,ASM-NISSAN-PATROL-Y61-ZD30-ENGINE-RETURN-SPRING,Nissan Patrol Y61 – ZD30 engine - Return Spring,stock,1,15415.00,2775.00,18190.00,0.00,ready,ready,
747,Nissan Patrol Y61 – ZD30 engine,Nissan Patrol Y61 – ZD30 engine Flywheel assembly,Flywheel assembly,Transmission System,Auto Parts,Pc,PCS,ASM-NISSAN-PATROL-Y61-ZD30-ENGINE-FLYWHEEL-ASSEMBLY,Nissan Patrol Y61 – ZD30 engine - Flywheel assembly,stock,1,12422663.00,2236079.00,14658742.00,0.00,ready,ready,
748,Nissan Patrol Y61 – ZD30 engine,Nissan Patrol Y61 – ZD30 engine Stud,Stud,Transmission System,Auto Parts,Pc,PCS,ASM-NISSAN-PATROL-Y61-ZD30-ENGINE-STUD,Nissan Patrol Y61 – ZD30 engine - Stud,stock,1,27177.00,4892.00,32069.00,0.00,ready,ready,
749,Nissan Patrol Y61 – ZD30 engine,Nissan Patrol Y61 – ZD30 engine Spot nuts,Spot nuts,Transmission System,Auto Parts,Pc,PCS,ASM-NISSAN-PATROL-Y61-ZD30-ENGINE-SPOT-NUTS,Nissan Patrol Y61 – ZD30 engine - Spot nuts,stock,1,24804.00,4465.00,29269.00,0.00,ready,ready,
750,Nissan Patrol Y61 – ZD30 engine,Nissan Patrol Y61 – ZD30 engine Spare Tyre Winch,Spare Tyre Winch,Transmission System,Auto Parts,Pc,PCS,ASM-NISSAN-PATROL-Y61-ZD30-ENGINE-SPARE-TYRE-WINCH,Nissan Patrol Y61 – ZD30 engine - Spare Tyre Winch,stock,1,216955.00,39052.00,256007.00,0.00,ready,ready,
751,Nissan Patrol Y61 – ZD30 engine,Nissan Patrol Y61 – ZD30 engine Rim,Rim,Transmission System,Auto Parts,Pc,PCS,ASM-NISSAN-PATROL-Y61-ZD30-ENGINE-RIM,Nissan Patrol Y61 – ZD30 engine - Rim,stock,1,1729016.00,311223.00,2040239.00,0.00,ready,ready,
752,Nissan Patrol Y61 – ZD30 engine,Nissan Patrol Y61 – ZD30 engine Wheel hub bearing Inner,Wheel hub bearing Inner,Transmission System,Auto Parts,Pc,PCS,ASM-NISSAN-PATROL-Y61-ZD30-ENGINE-WHEEL-HUB-BEARING-INNER,Nissan Patrol Y61 – ZD30 engine - Wheel hub bearing Inner,stock,1,375288.00,67552.00,442840.00,0.00,ready,ready,
753,Nissan Patrol Y61 – ZD30 engine,Nissan Patrol Y61 – ZD30 engine Wheel hub bearing outer,Wheel hub bearing outer,Transmission System,Auto Parts,Pc,PCS,ASM-NISSAN-PATROL-Y61-ZD30-ENGINE-WHEEL-HUB-BEARING-OUTER,Nissan Patrol Y61 – ZD30 engine - Wheel hub bearing outer,stock,1,248024.00,44644.00,292668.00,0.00,ready,ready,
754,Nissan Patrol Y61 – ZD30 engine,Nissan Patrol Y61 – ZD30 engine Tyre Puncture Repair,Tyre Puncture Repair,Transmission System,Auto Parts,Pc,PCS,ASM-NISSAN-PATROL-Y61-ZD30-ENGINE-TYRE-PUNCTURE-REPAIR,Nissan Patrol Y61 – ZD30 engine - Tyre Puncture Repair,stock,1,45161.00,8129.00,53290.00,0.00,ready,ready,
755,Nissan Patrol Y61 – ZD30 engine,Nissan Patrol Y61 – ZD30 engine A/C Compressor pump,A/C Compressor pump,Air Conditioning System,Auto Parts,Pc,PCS,ASM-NISSAN-PATROL-Y61-ZD30-ENGINE-A-C-COMPRESSOR-PUMP,Nissan Patrol Y61 – ZD30 engine - A/C Compressor pump,stock,1,13029126.00,2345243.00,15374369.00,0.00,ready,ready,
756,Nissan Patrol Y61 – ZD30 engine,Nissan Patrol Y61 – ZD30 engine A/C Condenser,A/C Condenser,Air Conditioning System,Auto Parts,Pc,PCS,ASM-NISSAN-PATROL-Y61-ZD30-ENGINE-A-C-CONDENSER,Nissan Patrol Y61 – ZD30 engine - A/C Condenser,stock,1,3340584.00,601305.00,3941889.00,0.00,ready,ready,
757,Nissan Patrol Y61 – ZD30 engine,Nissan Patrol Y61 – ZD30 engine A/C Expansion valve,A/C Expansion valve,Air Conditioning System,Auto Parts,Pc,PCS,ASM-NISSAN-PATROL-Y61-ZD30-ENGINE-A-C-EXPANSION-VALVE,Nissan Patrol Y61 – ZD30 engine - A/C Expansion valve,stock,1,685212.00,123338.00,808550.00,0.00,ready,ready,
758,Nissan Patrol Y61 – ZD30 engine,Nissan Patrol Y61 – ZD30 engine A/C Hose,A/C Hose,Air Conditioning System,Auto Parts,Pc,PCS,ASM-NISSAN-PATROL-Y61-ZD30-ENGINE-A-C-HOSE,Nissan Patrol Y61 – ZD30 engine - A/C Hose,stock,1,2225201.00,400536.00,2625737.00,0.00,ready,ready,
759,Nissan Patrol Y61 – ZD30 engine,Nissan Patrol Y61 – ZD30 engine A/C belt,A/C belt,Air Conditioning System,Auto Parts,Pc,PCS,ASM-NISSAN-PATROL-Y61-ZD30-ENGINE-A-C-BELT,Nissan Patrol Y61 – ZD30 engine - A/C belt,stock,1,546749.00,98415.00,645164.00,0.00,ready,ready,
760,Nissan Patrol Y61 – ZD30 engine,Nissan Patrol Y61 – ZD30 engine A/C evaporators,A/C evaporators,Air Conditioning System,Auto Parts,Pc,PCS,ASM-NISSAN-PATROL-Y61-ZD30-ENGINE-A-C-EVAPORATORS,Nissan Patrol Y61 – ZD30 engine - A/C evaporators,stock,1,7539786.00,1357161.00,8896947.00,0.00,ready,ready,
761,Nissan Patrol Y61 – ZD30 engine,Nissan Patrol Y61 – ZD30 engine A/C relays,A/C relays,Air Conditioning System,Auto Parts,Pc,PCS,ASM-NISSAN-PATROL-Y61-ZD30-ENGINE-A-C-RELAYS,Nissan Patrol Y61 – ZD30 engine - A/C relays,stock,1,202018.00,36363.00,238381.00,0.00,ready,ready,
762,Nissan Patrol Y61 – ZD30 engine,Nissan Patrol Y61 – ZD30 engine A/C Refilling,A/C Refilling,Air Conditioning System,Auto Parts,Gramm,Gram,ASM-NISSAN-PATROL-Y61-ZD30-ENGINE-A-C-REFILLING,Nissan Patrol Y61 – ZD30 engine - A/C Refilling,stock,1,318.00,57.00,375.00,0.00,ready,ready,
763,Nissan Patrol Y61 – ZD30 engine,Nissan Patrol Y61 – ZD30 engine A/C Regulator switch,A/C Regulator switch,Air Conditioning System,Auto Parts,Pc,PCS,ASM-NISSAN-PATROL-Y61-ZD30-ENGINE-A-C-REGULATOR-SWITCH,Nissan Patrol Y61 – ZD30 engine - A/C Regulator switch,stock,1,299613.00,53930.00,353543.00,0.00,ready,ready,
764,Nissan Patrol Y61 – ZD30 engine,Nissan Patrol Y61 – ZD30 engine A/C Relay,A/C Relay,Air Conditioning System,Auto Parts,Pc,PCS,ASM-NISSAN-PATROL-Y61-ZD30-ENGINE-A-C-RELAY,Nissan Patrol Y61 – ZD30 engine - A/C Relay,stock,1,202018.00,36363.00,238381.00,0.00,ready,ready,
765,Nissan Patrol Y61 – ZD30 engine,Nissan Patrol Y61 – ZD30 engine A/C Schrader valve,A/C Schrader valve,Air Conditioning System,Auto Parts,Pc,PCS,ASM-NISSAN-PATROL-Y61-ZD30-ENGINE-A-C-SCHRADER-VALVE,Nissan Patrol Y61 – ZD30 engine - A/C Schrader valve,stock,1,357466.00,64344.00,421810.00,0.00,ready,ready,
766,Nissan Patrol Y61 – ZD30 engine,Nissan Patrol Y61 – ZD30 engine A/C Valve,A/C Valve,Air Conditioning System,Auto Parts,Pc,PCS,ASM-NISSAN-PATROL-Y61-ZD30-ENGINE-A-C-VALVE,Nissan Patrol Y61 – ZD30 engine - A/C Valve,stock,1,357466.00,64344.00,421810.00,0.00,ready,ready,
767,Nissan Patrol Y61 – ZD30 engine,Nissan Patrol Y61 – ZD30 engine Washer hose,Washer hose,Wiper System,Auto Parts,Pc,PCS,ASM-NISSAN-PATROL-Y61-ZD30-ENGINE-WASHER-HOSE,Nissan Patrol Y61 – ZD30 engine - Washer hose,stock,1,381946.00,68750.00,450696.00,0.00,ready,ready,
768,Nissan Patrol Y61 – ZD30 engine,Nissan Patrol Y61 – ZD30 engine Wiper blade LHS,Wiper blade LHS,Wiper System,Auto Parts,Pc,PCS,ASM-NISSAN-PATROL-Y61-ZD30-ENGINE-WIPER-BLADE-LHS,Nissan Patrol Y61 – ZD30 engine - Wiper blade LHS,stock,1,194541.00,35017.00,229558.00,0.00,ready,ready,
769,Nissan Patrol Y61 – ZD30 engine,Nissan Patrol Y61 – ZD30 engine Wiper blade RHS,Wiper blade RHS,Wiper System,Auto Parts,Pc,PCS,ASM-NISSAN-PATROL-Y61-ZD30-ENGINE-WIPER-BLADE-RHS,Nissan Patrol Y61 – ZD30 engine - Wiper blade RHS,stock,1,175950.00,31671.00,207622.00,-1.00,ready,ready,
770,Nissan Patrol Y61 – ZD30 engine,Nissan Patrol Y61 – ZD30 engine Wiper motor,Wiper motor,Wiper System,Auto Parts,Pc,PCS,ASM-NISSAN-PATROL-Y61-ZD30-ENGINE-WIPER-MOTOR,Nissan Patrol Y61 – ZD30 engine - Wiper motor,stock,1,2950614.00,531111.00,3481725.00,0.00,ready,ready,
771,Nissan Patrol Y61 – ZD30 engine,Nissan Patrol Y61 – ZD30 engine Wiper arm ( LHS& RHS),Wiper arm ( LHS& RHS),Wiper System,Auto Parts,Pc,PCS,ASM-NISSAN-PATROL-Y61-ZD30-ENGINE-WIPER-ARM-LHS-AND-RHS,Nissan Patrol Y61 – ZD30 engine - Wiper arm ( LHS& RHS),stock,1,363202.00,65376.00,428578.00,0.00,ready,ready,
772,Nissan Patrol Y61 – ZD30 engine,Nissan Patrol Y61 – ZD30 engine Wiper nozzle,Wiper nozzle,Wiper System,Auto Parts,Pc,PCS,ASM-NISSAN-PATROL-Y61-ZD30-ENGINE-WIPER-NOZZLE,Nissan Patrol Y61 – ZD30 engine - Wiper nozzle,stock,1,71937.00,12949.00,84886.00,0.00,ready,ready,
773,Nissan Patrol Y61 – ZD30 engine,Nissan Patrol Y61 – ZD30 engine Head lamp Bulbs,Head lamp Bulbs,Electrical System,Auto Parts,Pc,PCS,ASM-NISSAN-PATROL-Y61-ZD30-ENGINE-HEAD-LAMP-BULBS,Nissan Patrol Y61 – ZD30 engine - Head lamp Bulbs,stock,1,317418.00,57135.00,374553.00,0.00,ready,ready,
774,Nissan Patrol Y61 – ZD30 engine,Nissan Patrol Y61 – ZD30 engine Head lamp Assy ( Right and Left),Head lamp Assy ( Right and Left),Electrical System,Auto Parts,Pc,PCS,ASM-NISSAN-PATROL-Y61-ZD30-ENGINE-HEAD-LAMP-ASSY-RIGHT-AND-LEFT,Nissan Patrol Y61 – ZD30 engine - Head lamp Assy ( Right and Left),stock,1,1647314.00,296517.00,1943831.00,0.00,ready,ready,
775,Nissan Patrol Y61 – ZD30 engine,Nissan Patrol Y61 – ZD30 engine Glow plugs,Glow plugs,Electrical System,Auto Parts,Pc,PCS,ASM-NISSAN-PATROL-Y61-ZD30-ENGINE-GLOW-PLUGS,Nissan Patrol Y61 – ZD30 engine - Glow plugs,stock,1,486488.00,87568.00,574056.00,0.00,ready,ready,
776,Nissan Patrol Y61 – ZD30 engine,Nissan Patrol Y61 – ZD30 engine Parking bulb,Parking bulb,Electrical System,Auto Parts,Pc,PCS,ASM-NISSAN-PATROL-Y61-ZD30-ENGINE-PARKING-BULB,Nissan Patrol Y61 – ZD30 engine - Parking bulb,stock,1,25197.00,4535.00,29732.00,0.00,ready,ready,
777,Nissan Patrol Y61 – ZD30 engine,Nissan Patrol Y61 – ZD30 engine Brake bulbs ( Double and single),Brake bulbs ( Double and single),Electrical System,Auto Parts,Pc,PCS,ASM-NISSAN-PATROL-Y61-ZD30-ENGINE-BRAKE-BULBS-DOUBLE-AND-SINGLE,Nissan Patrol Y61 – ZD30 engine - Brake bulbs ( Double and single),stock,1,31001.00,5580.00,36581.00,0.00,ready,ready,
778,Nissan Patrol Y61 – ZD30 engine,Nissan Patrol Y61 – ZD30 engine Amps fuses in Range from 10 - 50,Amps fuses in Range from 10 - 50,Electrical System,Auto Parts,Pc,PCS,ASM-NISSAN-PATROL-Y61-ZD30-ENGINE-AMPS-FUSES-IN-RANGE-FROM-10-50,Nissan Patrol Y61 – ZD30 engine - Amps fuses in Range from 10 - 50,stock,1,9639.00,1735.00,11374.00,0.00,ready,ready,
779,Nissan Patrol Y61 – ZD30 engine,Nissan Patrol Y61 – ZD30 engine Alternator complete,Alternator complete,Electrical System,Auto Parts,Pc,PCS,ASM-NISSAN-PATROL-Y61-ZD30-ENGINE-ALTERNATOR-COMPLETE,Nissan Patrol Y61 – ZD30 engine - Alternator complete,stock,1,7080577.00,1274504.00,8355080.00,1.00,ready,ready,
780,Nissan Patrol Y61 – ZD30 engine,Nissan Patrol Y61 – ZD30 engine Sport light,Sport light,Electrical System,Auto Parts,Pc,PCS,ASM-NISSAN-PATROL-Y61-ZD30-ENGINE-SPORT-LIGHT,Nissan Patrol Y61 – ZD30 engine - Sport light,stock,1,462572.00,83263.00,545835.00,0.00,ready,ready,
781,Nissan Patrol Y61 – ZD30 engine,Nissan Patrol Y61 – ZD30 engine Sport bulb,Sport bulb,Electrical System,Auto Parts,Pc,PCS,ASM-NISSAN-PATROL-Y61-ZD30-ENGINE-SPORT-BULB,Nissan Patrol Y61 – ZD30 engine - Sport bulb,stock,1,462572.00,83263.00,545835.00,0.00,ready,ready,
782,Nissan Patrol Y61 – ZD30 engine,Nissan Patrol Y61 – ZD30 engine Door glass switch,Door glass switch,Electrical System,Auto Parts,Pc,PCS,ASM-NISSAN-PATROL-Y61-ZD30-ENGINE-DOOR-GLASS-SWITCH,Nissan Patrol Y61 – ZD30 engine - Door glass switch,stock,1,1245788.00,224242.00,1470030.00,0.00,ready,ready,
783,Nissan Patrol Y61 – ZD30 engine,Nissan Patrol Y61 – ZD30 engine Window regulators,Window regulators,Electrical System,Auto Parts,Pc,PCS,ASM-NISSAN-PATROL-Y61-ZD30-ENGINE-WINDOW-REGULATORS,Nissan Patrol Y61 – ZD30 engine - Window regulators,stock,1,748784.00,134781.00,883565.00,0.00,ready,ready,
784,Nissan Patrol Y61 – ZD30 engine,Nissan Patrol Y61 – ZD30 engine Window motors,Window motors,Electrical System,Auto Parts,Pc,PCS,ASM-NISSAN-PATROL-Y61-ZD30-ENGINE-WINDOW-MOTORS,Nissan Patrol Y61 – ZD30 engine - Window motors,stock,1,2778488.00,500128.00,3278616.00,0.00,ready,ready,
785,Nissan Patrol Y61 – ZD30 engine,Nissan Patrol Y61 – ZD30 engine Indicator bulbs,Indicator bulbs,Electrical System,Auto Parts,Pc,PCS,ASM-NISSAN-PATROL-Y61-ZD30-ENGINE-INDICATOR-BULBS,Nissan Patrol Y61 – ZD30 engine - Indicator bulbs,stock,1,34808.00,6265.00,41073.00,0.00,ready,ready,
786,Nissan Patrol Y61 – ZD30 engine,Nissan Patrol Y61 – ZD30 engine Starter motor complete,Starter motor complete,Electrical System,Auto Parts,Pc,PCS,ASM-NISSAN-PATROL-Y61-ZD30-ENGINE-STARTER-MOTOR-COMPLETE,Nissan Patrol Y61 – ZD30 engine - Starter motor complete,stock,1,5903499.00,1062630.00,6966129.00,0.00,ready,ready,
787,Nissan Patrol Y61 – ZD30 engine,Nissan Patrol Y61 – ZD30 engine Tail lights,Tail lights,Electrical System,Auto Parts,Pc,PCS,ASM-NISSAN-PATROL-Y61-ZD30-ENGINE-TAIL-LIGHTS,Nissan Patrol Y61 – ZD30 engine - Tail lights,stock,1,806313.00,145136.00,951449.00,0.00,ready,ready,
788,Nissan Patrol Y61 – ZD30 engine,Nissan Patrol Y61 – ZD30 engine Flasher Unit,Flasher Unit,Electrical System,Auto Parts,Pc,PCS,ASM-NISSAN-PATROL-Y61-ZD30-ENGINE-FLASHER-UNIT,Nissan Patrol Y61 – ZD30 engine - Flasher Unit,stock,1,286741.00,51613.00,338354.00,0.00,ready,ready,
789,Nissan Patrol Y61 – ZD30 engine,Nissan Patrol Y61 – ZD30 engine Maintenance free battery N70 ( 1,Maintenance free battery N70 ( 1,Electrical System,Auto Parts,Pc,PCS,ASM-NISSAN-PATROL-Y61-ZD30-ENGINE-MAINTENANCE-FREE-BATTERY-N70-1,Nissan Patrol Y61 – ZD30 engine - Maintenance free battery N70 ( 1,stock,1,745763.00,134237.00,880000.00,0.00,ready,ready,
790,Nissan Patrol Y61 – ZD30 engine,Nissan Patrol Y61 – ZD30 engine Door mirror switches,Door mirror switches,Electrical System,Auto Parts,Pc,PCS,ASM-NISSAN-PATROL-Y61-ZD30-ENGINE-DOOR-MIRROR-SWITCHES,Nissan Patrol Y61 – ZD30 engine - Door mirror switches,stock,1,1245788.00,224242.00,1470030.00,0.00,ready,ready,
791,Nissan Patrol Y61 – ZD30 engine,Nissan Patrol Y61 – ZD30 engine Auto bulbs,Auto bulbs,Electrical System,Auto Parts,Pc,PCS,ASM-NISSAN-PATROL-Y61-ZD30-ENGINE-AUTO-BULBS,Nissan Patrol Y61 – ZD30 engine - Auto bulbs,stock,1,196419.00,35355.00,231774.00,0.00,ready,ready,
792,Nissan Patrol Y61 – ZD30 engine,Nissan Patrol Y61 – ZD30 engine Radio as specified in the vehicle,Radio as specified in the vehicle,Electrical System,Auto Parts,Pc,PCS,ASM-NISSAN-PATROL-Y61-ZD30-ENGINE-RADIO-AS-SPECIFIED-IN-THE-VEHICLE,Nissan Patrol Y61 – ZD30 engine - Radio as specified in the vehicle,stock,1,9295022.00,1673104.00,10968126.00,0.00,ready,ready,
793,Nissan Patrol Y61 – ZD30 engine,Nissan Patrol Y61 – ZD30 engine Side Mirror Assembly - set,Side Mirror Assembly - set,Electrical System,Auto Parts,Pc,PCS,ASM-NISSAN-PATROL-Y61-ZD30-ENGINE-SIDE-MIRROR-ASSEMBLY-SET,Nissan Patrol Y61 – ZD30 engine - Side Mirror Assembly - set,stock,1,3186057.00,573490.00,3759547.00,0.00,ready,ready,
794,Nissan Patrol Y61 – ZD30 engine,Nissan Patrol Y61 – ZD30 engine Wind Screen,Wind Screen,Electrical System,Auto Parts,Pc,PCS,ASM-NISSAN-PATROL-Y61-ZD30-ENGINE-WIND-SCREEN,Nissan Patrol Y61 – ZD30 engine - Wind Screen,stock,1,3149474.00,566905.00,3716379.00,0.00,ready,ready,
795,Nissan Patrol Y61 – ZD30 engine,Nissan Patrol Y61 – ZD30 engine Mad flap,Mad flap,Electrical System,Auto Parts,Pc,PCS,ASM-NISSAN-PATROL-Y61-ZD30-ENGINE-MAD-FLAP,Nissan Patrol Y61 – ZD30 engine - Mad flap,stock,1,791683.00,142503.00,934186.00,0.00,ready,ready,
796,Nissan Patrol Y61 – ZD30 engine,"Nissan Patrol Y61 – ZD30 engine Door Glass (Driver, co-driver, rea","Door Glass (Driver, co-driver, rea",Electrical System,Auto Parts,Pc,PCS,ASM-NISSAN-PATROL-Y61-ZD30-ENGINE-DOOR-GLASS-DRIVER-CO-DRIVER-REA,"Nissan Patrol Y61 – ZD30 engine - Door Glass (Driver, co-driver, rea",stock,1,791683.00,142503.00,934186.00,0.00,ready,ready,
797,Nissan Patrol Y61 – ZD30 engine,Nissan Patrol Y61 – ZD30 engine Front grill,Front grill,Electrical System,Auto Parts,Pc,PCS,ASM-NISSAN-PATROL-Y61-ZD30-ENGINE-FRONT-GRILL,Nissan Patrol Y61 – ZD30 engine - Front grill,stock,1,1529388.00,275290.00,1804678.00,0.00,ready,ready,
798,Nissan Patrol Y61 – ZD30 engine,Nissan Patrol Y61 – ZD30 engine Door handle,Door handle,Electrical System,Auto Parts,Pc,PCS,ASM-NISSAN-PATROL-Y61-ZD30-ENGINE-DOOR-HANDLE,Nissan Patrol Y61 – ZD30 engine - Door handle,stock,1,594599.00,107028.00,701627.00,0.00,ready,ready,
799,Nissan Patrol Y61 – ZD30 engine,Nissan Patrol Y61 – ZD30 engine Radio Aerial,Radio Aerial,Electrical System,Auto Parts,Pc,PCS,ASM-NISSAN-PATROL-Y61-ZD30-ENGINE-RADIO-AERIAL,Nissan Patrol Y61 – ZD30 engine - Radio Aerial,stock,1,794722.00,143050.00,937772.00,0.00,ready,ready,
800,Nissan Patrol Y61 – ZD30 engine,Nissan Patrol Y61 – ZD30 engine Door locks,Door locks,Electrical System,Auto Parts,Pc,PCS,ASM-NISSAN-PATROL-Y61-ZD30-ENGINE-DOOR-LOCKS,Nissan Patrol Y61 – ZD30 engine - Door locks,stock,1,358098.00,64458.00,422555.00,1.00,ready,ready,
801,Nissan Patrol Y61 – ZD30 engine,Nissan Patrol Y61 – ZD30 engine Front bumper,Front bumper,Electrical System,Auto Parts,Pc,PCS,ASM-NISSAN-PATROL-Y61-ZD30-ENGINE-FRONT-BUMPER,Nissan Patrol Y61 – ZD30 engine - Front bumper,stock,1,2030779.00,365540.00,2396320.00,-1.00,ready,ready,
802,Nissan Patrol Y61 – ZD30 engine,Nissan Patrol Y61 – ZD30 engine Rear bumper,Rear bumper,Electrical System,Auto Parts,Pc,PCS,ASM-NISSAN-PATROL-Y61-ZD30-ENGINE-REAR-BUMPER,Nissan Patrol Y61 – ZD30 engine - Rear bumper,stock,1,1726199.00,310716.00,2036915.00,0.00,ready,ready,
803,Nissan Patrol Y61 – ZD30 engine,Nissan Patrol Y61 – ZD30 engine Bonnet Cable,Bonnet Cable,Electrical System,Auto Parts,Pc,PCS,ASM-NISSAN-PATROL-Y61-ZD30-ENGINE-BONNET-CABLE,Nissan Patrol Y61 – ZD30 engine - Bonnet Cable,stock,1,335530.00,60395.00,395925.00,0.00,ready,ready,
804,Nissan Patrol Y61 – ZD30 engine,Nissan Patrol Y61 – ZD30 engine Reflectors,Reflectors,Electrical System,Auto Parts,Set,Set,ASM-NISSAN-PATROL-Y61-ZD30-ENGINE-REFLECTORS,Nissan Patrol Y61 – ZD30 engine - Reflectors,stock,1,99355.00,17884.00,117239.00,0.00,ready,ready,
805,Nissan Patrol Y61 – ZD30 engine,Nissan Patrol Y61 – ZD30 engine Driving Mirror,Driving Mirror,Electrical System,Auto Parts,Pc,PCS,ASM-NISSAN-PATROL-Y61-ZD30-ENGINE-DRIVING-MIRROR,Nissan Patrol Y61 – ZD30 engine - Driving Mirror,stock,1,761980.00,137156.00,899136.00,0.00,ready,ready,
806,Nissan Patrol Y61 – ZD30 engine,Nissan Patrol Y61 – ZD30 engine Sun Visor,Sun Visor,Electrical System,Auto Parts,Pc,PCS,ASM-NISSAN-PATROL-Y61-ZD30-ENGINE-SUN-VISOR,Nissan Patrol Y61 – ZD30 engine - Sun Visor,stock,1,377490.00,67948.00,445439.00,-1.00,ready,ready,
807,Nissan Patrol Y61 – ZD30 engine,Nissan Patrol Y61 – ZD30 engine Fuel tank cover,Fuel tank cover,Electrical System,Auto Parts,Pc,PCS,,,review,,255262.00,45947.00,301209.00,0.00,ready,review_duplicate_conflict,"Conflicting category, unit, or price variants"
808,Nissan Patrol Y61 – ZD30 engine,Nissan Patrol Y61 – ZD30 engine Water washers,Water washers,Electrical System,Auto Parts,Pc,PCS,ASM-NISSAN-PATROL-Y61-ZD30-ENGINE-WATER-WASHERS,Nissan Patrol Y61 – ZD30 engine - Water washers,stock,1,71937.00,12949.00,84886.00,0.00,ready,ready,
809,Nissan Patrol Y61 – ZD30 engine,Nissan Patrol Y61 – ZD30 engine Jack -,Jack -,Electrical System,Auto Parts,Pc,PCS,ASM-NISSAN-PATROL-Y61-ZD30-ENGINE-JACK,Nissan Patrol Y61 – ZD30 engine - Jack -,stock,1,1433193.00,257975.00,1691168.00,0.00,ready,ready,
810,Nissan Patrol Y61 – ZD30 engine,Nissan Patrol Y61 – ZD30 engine Wheel Spanner,Wheel Spanner,Electrical System,Auto Parts,Pc,PCS,ASM-NISSAN-PATROL-Y61-ZD30-ENGINE-WHEEL-SPANNER,Nissan Patrol Y61 – ZD30 engine - Wheel Spanner,stock,1,216955.00,39052.00,256007.00,0.00,ready,ready,
811,Nissan Patrol Y61 – ZD30 engine,Nissan Patrol Y61 – ZD30 engine Jack - Handle,Jack - Handle,Electrical System,Auto Parts,Pc,PCS,ASM-NISSAN-PATROL-Y61-ZD30-ENGINE-JACK-HANDLE,Nissan Patrol Y61 – ZD30 engine - Jack - Handle,stock,1,220301.00,39654.00,259955.00,0.00,ready,ready,
812,Nissan Patrol Y61 – ZD30 engine,Nissan Patrol Y61 – ZD30 engine Warning Triangle,Warning Triangle,Electrical System,Auto Parts,Pc,PCS,ASM-NISSAN-PATROL-Y61-ZD30-ENGINE-WARNING-TRIANGLE,Nissan Patrol Y61 – ZD30 engine - Warning Triangle,stock,1,135484.00,24387.00,159871.00,0.00,ready,ready,
813,Nissan Patrol Y61 – ZD30 engine,Nissan Patrol Y61 – ZD30 engine Body Mountings,Body Mountings,Other Miscellaneous Parts,Auto Parts,Pc,PCS,ASM-NISSAN-PATROL-Y61-ZD30-ENGINE-BODY-MOUNTINGS,Nissan Patrol Y61 – ZD30 engine - Body Mountings,stock,1,327421.00,58936.00,386357.00,0.00,ready,ready,
814,Nissan Patrol Y61 – ZD30 engine,Nissan Patrol Y61 – ZD30 engine Flasher Circuit,Flasher Circuit,Other Miscellaneous Parts,Auto Parts,Pc,PCS,ASM-NISSAN-PATROL-Y61-ZD30-ENGINE-FLASHER-CIRCUIT,Nissan Patrol Y61 – ZD30 engine - Flasher Circuit,stock,1,286741.00,51613.00,338354.00,0.00,ready,ready,
815,Nissan Patrol Y61 – ZD30 engine,Nissan Patrol Y61 – ZD30 engine Door winding machine,Door winding machine,Other Miscellaneous Parts,Auto Parts,Pc,PCS,ASM-NISSAN-PATROL-Y61-ZD30-ENGINE-DOOR-WINDING-MACHINE,Nissan Patrol Y61 – ZD30 engine - Door winding machine,stock,1,748784.00,134781.00,883565.00,0.00,ready,ready,
816,Nissan Patrol Y61 – ZD30 engine,Nissan Patrol Y61 – ZD30 engine Bonnet mounting,Bonnet mounting,Other Miscellaneous Parts,Auto Parts,Pc,PCS,ASM-NISSAN-PATROL-Y61-ZD30-ENGINE-BONNET-MOUNTING,Nissan Patrol Y61 – ZD30 engine - Bonnet mounting,stock,1,38939.00,7009.00,45948.00,0.00,ready,ready,
817,Nissan Patrol Y61 – ZD30 engine,Nissan Patrol Y61 – ZD30 engine Bonnet lock,Bonnet lock,Other Miscellaneous Parts,Auto Parts,Pc,PCS,ASM-NISSAN-PATROL-Y61-ZD30-ENGINE-BONNET-LOCK,Nissan Patrol Y61 – ZD30 engine - Bonnet lock,stock,1,299613.00,53930.00,353543.00,0.00,ready,ready,
818,Nissan Patrol Y61 – ZD30 engine,Nissan Patrol Y61 – ZD30 engine Bulbs (12v double filament),Bulbs (12v double filament),Other Miscellaneous Parts,Auto Parts,Pc,PCS,ASM-NISSAN-PATROL-Y61-ZD30-ENGINE-BULBS-12V-DOUBLE-FILAMENT,Nissan Patrol Y61 – ZD30 engine - Bulbs (12v double filament),stock,1,31001.00,5580.00,36581.00,0.00,ready,ready,
819,Nissan Patrol Y61 – ZD30 engine,Nissan Patrol Y61 – ZD30 engine Bulbs (12v single filament),Bulbs (12v single filament),Other Miscellaneous Parts,Auto Parts,Pc,PCS,ASM-NISSAN-PATROL-Y61-ZD30-ENGINE-BULBS-12V-SINGLE-FILAMENT,Nissan Patrol Y61 – ZD30 engine - Bulbs (12v single filament),stock,1,6675.00,1201.00,7876.00,0.00,ready,ready,
820,Nissan Patrol Y61 – ZD30 engine,Nissan Patrol Y61 – ZD30 engine Bulbs (24v double filament),Bulbs (24v double filament),Other Miscellaneous Parts,Auto Parts,Pc,PCS,ASM-NISSAN-PATROL-Y61-ZD30-ENGINE-BULBS-24V-DOUBLE-FILAMENT,Nissan Patrol Y61 – ZD30 engine - Bulbs (24v double filament),stock,1,27097.00,4877.00,31974.00,0.00,ready,ready,
821,Nissan Patrol Y61 – ZD30 engine,Nissan Patrol Y61 – ZD30 engine Bulbs (24v single filament),Bulbs (24v single filament),Other Miscellaneous Parts,Auto Parts,Pc,PCS,ASM-NISSAN-PATROL-Y61-ZD30-ENGINE-BULBS-24V-SINGLE-FILAMENT,Nissan Patrol Y61 – ZD30 engine - Bulbs (24v single filament),stock,1,6774.00,1219.00,7994.00,-1.00,ready,ready,
822,Nissan Patrol Y61 – ZD30 engine,Nissan Patrol Y61 – ZD30 engine Bulbs (halogen for headlamps),Bulbs (halogen for headlamps),Other Miscellaneous Parts,Auto Parts,Pc,PCS,ASM-NISSAN-PATROL-Y61-ZD30-ENGINE-BULBS-HALOGEN-FOR-HEADLAMPS,Nissan Patrol Y61 – ZD30 engine - Bulbs (halogen for headlamps),stock,1,75488.00,13588.00,89076.00,0.00,ready,ready,
823,Nissan Patrol Y61 – ZD30 engine,Nissan Patrol Y61 – ZD30 engine Cotter Pin,Cotter Pin,Other Miscellaneous Parts,Auto Parts,Pc,PCS,ASM-NISSAN-PATROL-Y61-ZD30-ENGINE-COTTER-PIN,Nissan Patrol Y61 – ZD30 engine - Cotter Pin,stock,1,802.00,144.00,947.00,-1.00,ready,ready,
824,Nissan Patrol Y61 – ZD30 engine,Nissan Patrol Y61 – ZD30 engine Dashboard,Dashboard,Other Miscellaneous Parts,Auto Parts,Pc,PCS,ASM-NISSAN-PATROL-Y61-ZD30-ENGINE-DASHBOARD,Nissan Patrol Y61 – ZD30 engine - Dashboard,stock,1,6074158.00,1093348.00,7167506.00,0.00,ready,ready,
825,Nissan Patrol Y61 – ZD30 engine,Nissan Patrol Y61 – ZD30 engine Door - front,Door - front,Other Miscellaneous Parts,Auto Parts,Pc,PCS,ASM-NISSAN-PATROL-Y61-ZD30-ENGINE-DOOR-FRONT,Nissan Patrol Y61 – ZD30 engine - Door - front,stock,1,4676062.00,841691.00,5517754.00,-1.00,ready,ready,
826,Nissan Patrol Y61 – ZD30 engine,Nissan Patrol Y61 – ZD30 engine Door - hind gate,Door - hind gate,Other Miscellaneous Parts,Auto Parts,Pc,PCS,ASM-NISSAN-PATROL-Y61-ZD30-ENGINE-DOOR-HIND-GATE,Nissan Patrol Y61 – ZD30 engine - Door - hind gate,stock,1,4629920.00,833386.00,5463305.00,1.00,ready,ready,
827,Nissan Patrol Y61 – ZD30 engine,Nissan Patrol Y61 – ZD30 engine Door - rear,Door - rear,Other Miscellaneous Parts,Auto Parts,Pc,PCS,ASM-NISSAN-PATROL-Y61-ZD30-ENGINE-DOOR-REAR,Nissan Patrol Y61 – ZD30 engine - Door - rear,stock,1,3759130.00,676643.00,4435773.00,0.00,ready,ready,
828,Nissan Patrol Y61 – ZD30 engine,Nissan Patrol Y61 – ZD30 engine Drag link,Drag link,Other Miscellaneous Parts,Auto Parts,Pc,PCS,ASM-NISSAN-PATROL-Y61-ZD30-ENGINE-DRAG-LINK,Nissan Patrol Y61 – ZD30 engine - Drag link,stock,1,2288773.00,411979.00,2700752.00,0.00,ready,ready,
829,Nissan Patrol Y61 – ZD30 engine,Nissan Patrol Y61 – ZD30 engine Floor carpets,Floor carpets,Other Miscellaneous Parts,Auto Parts,Set,Set,ASM-NISSAN-PATROL-Y61-ZD30-ENGINE-FLOOR-CARPETS,Nissan Patrol Y61 – ZD30 engine - Floor carpets,stock,1,1468547.00,264338.00,1732886.00,-1.00,ready,ready,
830,Nissan Patrol Y61 – ZD30 engine,Nissan Patrol Y61 – ZD30 engine Horn,Horn,Other Miscellaneous Parts,Auto Parts,Pc,PCS,ASM-NISSAN-PATROL-Y61-ZD30-ENGINE-HORN,Nissan Patrol Y61 – ZD30 engine - Horn,stock,1,518001.00,93240.00,611242.00,-1.00,ready,ready,
831,Nissan Patrol Y61 – ZD30 engine,Nissan Patrol Y61 – ZD30 engine Rivets,Rivets,Other Miscellaneous Parts,Auto Parts,Pc,PCS,ASM-NISSAN-PATROL-Y61-ZD30-ENGINE-RIVETS,Nissan Patrol Y61 – ZD30 engine - Rivets,stock,1,27638.00,4975.00,32613.00,0.00,ready,ready,
832,Nissan Patrol Y61 – ZD30 engine,Nissan Patrol Y61 – ZD30 engine Seat covers,Seat covers,Other Miscellaneous Parts,Auto Parts,Set,Set,ASM-NISSAN-PATROL-Y61-ZD30-ENGINE-SEAT-COVERS,Nissan Patrol Y61 – ZD30 engine - Seat covers,stock,1,5300000.00,954000.00,6254000.00,0.00,ready,ready,
833,Nissan Patrol Y61 – ZD30 engine,Nissan Patrol Y61 – ZD30 engine Shims,Shims,Other Miscellaneous Parts,Auto Parts,Pc,PCS,ASM-NISSAN-PATROL-Y61-ZD30-ENGINE-SHIMS,Nissan Patrol Y61 – ZD30 engine - Shims,stock,1,42916.00,7725.00,50641.00,0.00,ready,ready,
834,Nissan Patrol Y61 – ZD30 engine,Nissan Patrol Y61 – ZD30 engine Studs,Studs,Other Miscellaneous Parts,Auto Parts,Pc,PCS,ASM-NISSAN-PATROL-Y61-ZD30-ENGINE-STUDS,Nissan Patrol Y61 – ZD30 engine - Studs,stock,1,27177.00,4892.00,32069.00,0.00,ready,ready,
835,Nissan Patrol Y61 – ZD30 engine,Nissan Patrol Y61 – ZD30 engine Bull bars,Bull bars,Other Miscellaneous Parts,Auto Parts,Pc,PCS,ASM-NISSAN-PATROL-Y61-ZD30-ENGINE-BULL-BARS,Nissan Patrol Y61 – ZD30 engine - Bull bars,stock,1,8028406.00,1445113.00,9473519.00,0.00,ready,ready,
836,Nissan Patrol Y61 – ZD30 engine,Nissan Patrol Y61 – ZD30 engine Tow bars,Tow bars,Other Miscellaneous Parts,Auto Parts,Pc,PCS,ASM-NISSAN-PATROL-Y61-ZD30-ENGINE-TOW-BARS,Nissan Patrol Y61 – ZD30 engine - Tow bars,stock,1,6640534.00,1195296.00,7835830.00,0.00,ready,ready,
837,Nissan Patrol Y61 – ZD30 engine,Nissan Patrol Y61 – ZD30 engine Boot lock & keys,Boot lock & keys,Other Miscellaneous Parts,Auto Parts,Pc,PCS,ASM-NISSAN-PATROL-Y61-ZD30-ENGINE-BOOT-LOCK-AND-KEYS,Nissan Patrol Y61 – ZD30 engine - Boot lock & keys,stock,1,651035.00,117186.00,768222.00,-1.00,ready,ready,
838,Nissan Patrol Y61 – ZD30 engine,Nissan Patrol Y61 – ZD30 engine central locking switch,central locking switch,Other Miscellaneous Parts,Auto Parts,Pc,PCS,ASM-NISSAN-PATROL-Y61-ZD30-ENGINE-CENTRAL-LOCKING-SWITCH,Nissan Patrol Y61 – ZD30 engine - central locking switch,stock,1,1580645.00,284516.00,1865161.00,0.00,ready,ready,
839,Nissan Patrol Y61 – ZD30 engine,Nissan Patrol Y61 – ZD30 engine Drivers seat belts,Drivers seat belts,Other Miscellaneous Parts,Auto Parts,Pc,PCS,ASM-NISSAN-PATROL-Y61-ZD30-ENGINE-DRIVERS-SEAT-BELTS,Nissan Patrol Y61 – ZD30 engine - Drivers seat belts,stock,1,1670975.00,300775.00,1971750.00,0.00,ready,ready,
840,Nissan Patrol Y61 – ZD30 engine,Nissan Patrol Y61 – ZD30 engine First Aid kit,First Aid kit,Other Miscellaneous Parts,Auto Parts,Pc,PCS,ASM-NISSAN-PATROL-Y61-ZD30-ENGINE-FIRST-AID-KIT,Nissan Patrol Y61 – ZD30 engine - First Aid kit,stock,1,135484.00,24387.00,159871.00,0.00,ready,ready,
841,Nissan Patrol Y61 – ZD30 engine,Nissan Patrol Y61 – ZD30 engine Door mirror glasses,Door mirror glasses,Other Miscellaneous Parts,Auto Parts,Pc,PCS,ASM-NISSAN-PATROL-Y61-ZD30-ENGINE-DOOR-MIRROR-GLASSES,Nissan Patrol Y61 – ZD30 engine - Door mirror glasses,stock,1,312962.00,56333.00,369295.00,0.00,ready,ready,
842,Nissan Patrol Y61 – ZD30 engine,Nissan Patrol Y61 – ZD30 engine Door glasses,Door glasses,Other Miscellaneous Parts,Auto Parts,Pc,PCS,ASM-NISSAN-PATROL-Y61-ZD30-ENGINE-DOOR-GLASSES,Nissan Patrol Y61 – ZD30 engine - Door glasses,stock,1,2386914.00,429645.00,2816558.00,1.00,ready,ready,
843,Nissan Patrol Y61 – ZD30 engine,Nissan Patrol Y61 – ZD30 engine Rear view mirrors,Rear view mirrors,Other Miscellaneous Parts,Auto Parts,Pc,PCS,ASM-NISSAN-PATROL-Y61-ZD30-ENGINE-REAR-VIEW-MIRRORS,Nissan Patrol Y61 – ZD30 engine - Rear view mirrors,stock,1,761980.00,137156.00,899136.00,0.00,ready,ready,
844,Nissan Patrol Y61 – ZD30 engine,Nissan Patrol Y61 – ZD30 engine Sun roof glasses,Sun roof glasses,Other Miscellaneous Parts,Auto Parts,Pc,PCS,ASM-NISSAN-PATROL-Y61-ZD30-ENGINE-SUN-ROOF-GLASSES,Nissan Patrol Y61 – ZD30 engine - Sun roof glasses,stock,1,6099884.00,1097979.00,7197863.00,0.00,ready,ready,
845,Nissan Patrol Y61 – ZD30 engine,Nissan Patrol Y61 – ZD30 engine Bumpers,Bumpers,Other Miscellaneous Parts,Auto Parts,Pc,PCS,ASM-NISSAN-PATROL-Y61-ZD30-ENGINE-BUMPERS,Nissan Patrol Y61 – ZD30 engine - Bumpers,stock,1,2030779.00,365540.00,2396320.00,-1.00,ready,ready,
846,Nissan Patrol Y61 – ZD30 engine,Nissan Patrol Y61 – ZD30 engine Bumper cross member,Bumper cross member,Other Miscellaneous Parts,Auto Parts,Pc,PCS,ASM-NISSAN-PATROL-Y61-ZD30-ENGINE-BUMPER-CROSS-MEMBER,Nissan Patrol Y61 – ZD30 engine - Bumper cross member,stock,1,2503253.00,450585.00,2953838.00,0.00,ready,ready,
847,Nissan Patrol Y61 – ZD30 engine,Nissan Patrol Y61 – ZD30 engine Side steps,Side steps,Other Miscellaneous Parts,Auto Parts,Pc,PCS,ASM-NISSAN-PATROL-Y61-ZD30-ENGINE-SIDE-STEPS,Nissan Patrol Y61 – ZD30 engine - Side steps,stock,1,6760645.00,1216916.00,7977561.00,0.00,ready,ready,
848,Nissan Patrol Y61 – ZD30 engine,Nissan Patrol Y61 – ZD30 engine Four wheel drive locks,Four wheel drive locks,Other Miscellaneous Parts,Auto Parts,Pc,PCS,ASM-NISSAN-PATROL-Y61-ZD30-ENGINE-FOUR-WHEEL-DRIVE-LOCKS,Nissan Patrol Y61 – ZD30 engine - Four wheel drive locks,stock,1,3465748.00,623835.00,4089582.00,1.00,ready,ready,
849,Nissan Patrol Y61 – ZD30 engine,Nissan Patrol Y61 – ZD30 engine Transport charges in case of Brea,Transport charges in case of Brea,Other Miscellaneous Parts,Auto Parts,KM,Kilometer,ASM-NISSAN-PATROL-Y61-ZD30-ENGINE-TRANSPORT-CHARGES-IN-CASE-OF-BREA,Nissan Patrol Y61 – ZD30 engine - Transport charges in case of Brea,service,0,10000.00,1800.00,11800.00,0.00,ready,ready,
850,Nissan Patrol Y61 – ZD30 engine,Nissan Patrol Y61 – ZD30 engine Engine oil (Diesel engine oil),Engine oil (Diesel engine oil),Service,Auto Parts,Litre,Litre,ASM-NISSAN-PATROL-Y61-ZD30-ENGINE-ENGINE-OIL-DIESEL-ENGINE-OIL,Nissan Patrol Y61 – ZD30 engine - Engine oil (Diesel engine oil),stock,1,237257.00,42706.00,279964.00,-1.00,ready,ready,
851,Nissan Patrol Y61 – ZD30 engine,Nissan Patrol Y61 – ZD30 engine Brake fluid,Brake fluid,Service,Auto Parts,0.25L,0.25L,ASM-NISSAN-PATROL-Y61-ZD30-ENGINE-BRAKE-FLUID,Nissan Patrol Y61 – ZD30 engine - Brake fluid,stock,1,19090.00,3436.00,22526.00,0.00,ready,ready,
852,Nissan Patrol Y61 – ZD30 engine,Nissan Patrol Y61 – ZD30 engine Transmission oil GL4 75-W85,Transmission oil GL4 75-W85,Service,Auto Parts,Litre,Litre,ASM-NISSAN-PATROL-Y61-ZD30-ENGINE-TRANSMISSION-OIL-GL4-75-W85,Nissan Patrol Y61 – ZD30 engine - Transmission oil GL4 75-W85,stock,1,205886.00,37059.00,242946.00,-1.00,ready,ready,
853,Nissan Patrol Y61 – ZD30 engine,Nissan Patrol Y61 – ZD30 engine Coolant Total,Coolant Total,Service,Auto Parts,Litre,Litre,ASM-NISSAN-PATROL-Y61-ZD30-ENGINE-COOLANT-TOTAL,Nissan Patrol Y61 – ZD30 engine - Coolant Total,stock,1,422592.00,76067.00,498659.00,0.00,ready,ready,
854,Nissan Patrol Y61 – ZD30 engine,Nissan Patrol Y61 – ZD30 engine ATF FLUIDMATIC D2 1L,ATF FLUIDMATIC D2 1L,Service,Auto Parts,Litre,Litre,ASM-NISSAN-PATROL-Y61-ZD30-ENGINE-ATF-FLUIDMATIC-D2-1L,Nissan Patrol Y61 – ZD30 engine - ATF FLUIDMATIC D2 1L,stock,1,70905.00,12763.00,83667.00,1.00,ready,ready,
855,Nissan Patrol Y61 – ZD30 engine,Nissan Patrol Y61 – ZD30 engine FILTER ASSY-OIL,FILTER ASSY-OIL,Sundry,Auto Parts,PC,PCS,ASM-NISSAN-PATROL-Y61-ZD30-ENGINE-FILTER-ASSY-OIL,Nissan Patrol Y61 – ZD30 engine - FILTER ASSY-OIL,stock,1,116319.00,20937.00,65231.00,72025.00,ready,ready,
856,Nissan Patrol Y61 – ZD30 engine,Nissan Patrol Y61 – ZD30 engine FILTER ASSY-FUE,FILTER ASSY-FUE,Sundry,Auto Parts,PC,PCS,ASM-NISSAN-PATROL-Y61-ZD30-ENGINE-FILTER-ASSY-FUE,Nissan Patrol Y61 – ZD30 engine - FILTER ASSY-FUE,stock,1,375647.00,67616.00,217276.00,225987.00,ready,ready,
857,Nissan Patrol Y61 – ZD30 engine,Nissan Patrol Y61 – ZD30 engine ELEMENT ASSY,ELEMENT ASSY,Sundry,Auto Parts,PC,PCS,ASM-NISSAN-PATROL-Y61-ZD30-ENGINE-ELEMENT-ASSY,Nissan Patrol Y61 – ZD30 engine - ELEMENT ASSY,stock,1,371854.00,66934.00,438788.00,0.00,ready,ready,
858,Nissan Patrol Y61 – ZD30 engine,Nissan Patrol Y61 – ZD30 engine GEAR OIL-HYPOID 1L(Fr Diff),GEAR OIL-HYPOID 1L(Fr Diff),Sundry,Auto Parts,Litre,Litre,ASM-NISSAN-PATROL-Y61-ZD30-ENGINE-GEAR-OIL-HYPOID-1L-FR-DIFF,Nissan Patrol Y61 – ZD30 engine - GEAR OIL-HYPOID 1L(Fr Diff),stock,1,300559.00,54101.00,89603.00,265057.00,ready,ready,
859,Nissan Patrol Y61 – ZD30 engine,Nissan Patrol Y61 – ZD30 engine WASHER DRAIN,WASHER DRAIN,Sundry,Auto Parts,PC,PCS,ASM-NISSAN-PATROL-Y61-ZD30-ENGINE-WASHER-DRAIN,Nissan Patrol Y61 – ZD30 engine - WASHER DRAIN,stock,1,6273.00,1129.00,7403.00,-1.00,ready,ready,
860,Ford vehicles – T6,Ford vehicles – T6 ABS steel pin,ABS steel pin,Brake System,Auto Parts,PCS,PCS,ASM-FORD-VEHICLES-T6-ABS-STEEL-PIN,Ford vehicles – T6 - ABS steel pin,stock,1,189532.00,34116.00,223648.00,0.00,ready,ready,
861,Ford vehicles – T6,Ford vehicles – T6 ABS sensor front,ABS sensor front,Brake System,Auto Parts,PCS,PCS,ASM-FORD-VEHICLES-T6-ABS-SENSOR-FRONT,Ford vehicles – T6 - ABS sensor front,stock,1,327226.00,58901.00,386126.00,1.00,ready,ready,
862,Ford vehicles – T6,Ford vehicles – T6 ABS Sensor rear,ABS Sensor rear,Brake System,Auto Parts,PCS,PCS,ASM-FORD-VEHICLES-T6-ABS-SENSOR-REAR,Ford vehicles – T6 - ABS Sensor rear,stock,1,346839.00,62431.00,409270.00,0.00,ready,ready,
863,Ford vehicles – T6,Ford vehicles – T6 Brake booster,Brake booster,Brake System,Auto Parts,PCS,PCS,ASM-FORD-VEHICLES-T6-BRAKE-BOOSTER,Ford vehicles – T6 - Brake booster,stock,1,1371613.00,246890.00,1618503.00,0.00,ready,ready,
864,Ford vehicles – T6,Ford vehicles – T6 Carrier caliper BKT,Carrier caliper BKT,Brake System,Auto Parts,PCS,PCS,ASM-FORD-VEHICLES-T6-CARRIER-CALIPER-BKT,Ford vehicles – T6 - Carrier caliper BKT,stock,1,824387.00,148390.00,972777.00,0.00,ready,ready,
865,Ford vehicles – T6,Ford vehicles – T6 Caliper kit Repair,Caliper kit Repair,Brake System,Auto Parts,PCS,PCS,ASM-FORD-VEHICLES-T6-CALIPER-KIT-REPAIR,Ford vehicles – T6 - Caliper kit Repair,stock,1,824387.00,148390.00,972777.00,0.00,ready,ready,
866,Ford vehicles – T6,Ford vehicles – T6 Brake caliper,Brake caliper,Brake System,Auto Parts,PCS,PCS,ASM-FORD-VEHICLES-T6-BRAKE-CALIPER,Ford vehicles – T6 - Brake caliper,stock,1,824387.00,148390.00,972777.00,0.00,ready,ready,
867,Ford vehicles – T6,Ford vehicles – T6 Brake disc,Brake disc,Brake System,Auto Parts,PCS,PCS,ASM-FORD-VEHICLES-T6-BRAKE-DISC,Ford vehicles – T6 - Brake disc,stock,1,794323.00,142978.00,937301.00,0.00,ready,ready,
868,Ford vehicles – T6,Ford vehicles – T6 Brake Drum,Brake Drum,Brake System,Auto Parts,PCS,PCS,ASM-FORD-VEHICLES-T6-BRAKE-DRUM,Ford vehicles – T6 - Brake Drum,stock,1,1479355.00,266284.00,1745639.00,0.00,ready,ready,
869,Ford vehicles – T6,Ford vehicles – T6 Brake light switche,Brake light switche,Brake System,Auto Parts,PCS,PCS,ASM-FORD-VEHICLES-T6-BRAKE-LIGHT-SWITCHE,Ford vehicles – T6 - Brake light switche,stock,1,193032.00,34746.00,227778.00,0.00,ready,ready,
870,Ford vehicles – T6,Ford vehicles – T6 Brake shoes,Brake shoes,Brake System,Auto Parts,PCS,PCS,ASM-FORD-VEHICLES-T6-BRAKE-SHOES,Ford vehicles – T6 - Brake shoes,stock,1,1181032.00,212586.00,1393618.00,0.00,ready,ready,
871,Ford vehicles – T6,Ford vehicles – T6 Brake pads,Brake pads,Brake System,Auto Parts,PCS,PCS,ASM-FORD-VEHICLES-T6-BRAKE-PADS,Ford vehicles – T6 - Brake pads,stock,1,904387.00,162790.00,1067177.00,0.00,ready,ready,
872,Ford vehicles – T6,Ford vehicles – T6 Brake servo,Brake servo,Brake System,Auto Parts,PCS,PCS,ASM-FORD-VEHICLES-T6-BRAKE-SERVO,Ford vehicles – T6 - Brake servo,stock,1,1371613.00,246890.00,1618503.00,0.00,ready,ready,
873,Ford vehicles – T6,Ford vehicles – T6 Brake Pump,Brake Pump,Brake System,Auto Parts,PCS,PCS,ASM-FORD-VEHICLES-T6-BRAKE-PUMP,Ford vehicles – T6 - Brake Pump,stock,1,6319355.00,1137484.00,7456839.00,0.00,ready,ready,
874,Ford vehicles – T6,Ford vehicles – T6 Tube slave cylinder,Tube slave cylinder,Brake System,Auto Parts,PCS,PCS,ASM-FORD-VEHICLES-T6-TUBE-SLAVE-CYLINDER,Ford vehicles – T6 - Tube slave cylinder,stock,1,623351.00,112203.00,735554.00,0.00,ready,ready,
875,Ford vehicles – T6,Ford vehicles – T6 Slave cylinder,Slave cylinder,Brake System,Auto Parts,PCS,PCS,,,review,,470829.00,84749.00,555578.00,0.00,ready,review_duplicate_conflict,"Conflicting category, unit, or price variants"
876,Ford vehicles – T6,Ford vehicles – T6 Master cylinder,Master cylinder,Brake System,Auto Parts,PCS,PCS,,,review,,511291.00,92032.00,603324.00,-1.00,ready,review_duplicate_conflict,"Conflicting category, unit, or price variants"
877,Ford vehicles – T6,Ford vehicles – T6 Park Brake Lever Handle,Park Brake Lever Handle,Brake System,Auto Parts,PCS,PCS,ASM-FORD-VEHICLES-T6-PARK-BRAKE-LEVER-HANDLE,Ford vehicles – T6 - Park Brake Lever Handle,stock,1,97560.00,17561.00,115121.00,0.00,ready,ready,
878,Ford vehicles – T6,Ford vehicles – T6 Hand brake cables,Hand brake cables,Brake System,Auto Parts,PCS,PCS,ASM-FORD-VEHICLES-T6-HAND-BRAKE-CABLES,Ford vehicles – T6 - Hand brake cables,stock,1,658194.00,118475.00,776668.00,1.00,ready,ready,
879,Ford vehicles – T6,Ford vehicles – T6 Master cylinder kit,Master cylinder kit,Brake System,Auto Parts,PCS,PCS,ASM-FORD-VEHICLES-T6-MASTER-CYLINDER-KIT,Ford vehicles – T6 - Master cylinder kit,stock,1,1153290.00,207592.00,1360883.00,-1.00,ready,ready,
880,Ford vehicles – T6,Ford vehicles – T6 Skimming disc,Skimming disc,Brake System,Auto Parts,L/S,Lump Sum,ASM-FORD-VEHICLES-T6-SKIMMING-DISC,Ford vehicles – T6 - Skimming disc,service,0,80645.00,14516.00,95161.00,0.00,ready,ready,
881,Ford vehicles – T6,Ford vehicles – T6 Skimming drum,Skimming drum,Brake System,Auto Parts,L/S,Lump Sum,ASM-FORD-VEHICLES-T6-SKIMMING-DRUM,Ford vehicles – T6 - Skimming drum,service,0,80645.00,14516.00,95161.00,0.00,ready,ready,
882,Ford vehicles – T6,Ford vehicles – T6 Wheel Cylinder repair kit,Wheel Cylinder repair kit,Brake System,Auto Parts,PCS,PCS,ASM-FORD-VEHICLES-T6-WHEEL-CYLINDER-REPAIR-KIT,Ford vehicles – T6 - Wheel Cylinder repair kit,stock,1,432129.00,77783.00,509912.00,0.00,ready,ready,
883,Ford vehicles – T6,Ford vehicles – T6 Return spring brakes,Return spring brakes,Brake System,Auto Parts,PCS,PCS,ASM-FORD-VEHICLES-T6-RETURN-SPRING-BRAKES,Ford vehicles – T6 - Return spring brakes,stock,1,16522.00,2974.00,19496.00,0.00,ready,ready,
884,Ford vehicles – T6,Ford vehicles – T6 Archor pin,Archor pin,Brake System,Auto Parts,PCS,PCS,ASM-FORD-VEHICLES-T6-ARCHOR-PIN,Ford vehicles – T6 - Archor pin,stock,1,24727.00,4451.00,29178.00,0.00,ready,ready,
885,Ford vehicles – T6,Ford vehicles – T6 Brake shims,Brake shims,Brake System,Auto Parts,PCS,PCS,ASM-FORD-VEHICLES-T6-BRAKE-SHIMS,Ford vehicles – T6 - Brake shims,stock,1,22288.00,4012.00,26300.00,0.00,ready,ready,
886,Ford vehicles – T6,Ford vehicles – T6 Brake bolts,Brake bolts,Brake System,Auto Parts,PCS,PCS,ASM-FORD-VEHICLES-T6-BRAKE-BOLTS,Ford vehicles – T6 - Brake bolts,stock,1,44636.00,8035.00,52671.00,0.00,ready,ready,
887,Ford vehicles – T6,Ford vehicles – T6 Brake flexible pipes,Brake flexible pipes,Brake System,Auto Parts,PCS,PCS,ASM-FORD-VEHICLES-T6-BRAKE-FLEXIBLE-PIPES,Ford vehicles – T6 - Brake flexible pipes,stock,1,194065.00,34932.00,228996.00,1.00,ready,ready,
888,Ford vehicles – T6,Ford vehicles – T6 Wheel bearing seals,Wheel bearing seals,Brake System,Auto Parts,PCS,PCS,ASM-FORD-VEHICLES-T6-WHEEL-BEARING-SEALS,Ford vehicles – T6 - Wheel bearing seals,stock,1,59233.00,10662.00,69895.00,0.00,ready,ready,
889,Ford vehicles – T6,"Ford vehicles – T6 Wheel locking nuts,Washers & Pin","Wheel locking nuts,Washers & Pin",Brake System,Auto Parts,PCS,PCS,ASM-FORD-VEHICLES-T6-WHEEL-LOCKING-NUTS-WASHERS-AND-PIN,"Ford vehicles – T6 - Wheel locking nuts,Washers & Pin",stock,1,132540.00,23857.00,156397.00,0.00,ready,ready,
890,Ford vehicles – T6,Ford vehicles – T6 Wheel bearings,Wheel bearings,Brake System,Auto Parts,PCS,PCS,ASM-FORD-VEHICLES-T6-WHEEL-BEARINGS,Ford vehicles – T6 - Wheel bearings,stock,1,483305.00,86995.00,570300.00,0.00,ready,ready,
891,Ford vehicles – T6,Ford vehicles – T6 Wheel cap,Wheel cap,Brake System,Auto Parts,PCS,PCS,ASM-FORD-VEHICLES-T6-WHEEL-CAP,Ford vehicles – T6 - Wheel cap,stock,1,178036.00,32046.00,210082.00,0.00,ready,ready,
892,Ford vehicles – T6,Ford vehicles – T6 Wheel Cylinder,Wheel Cylinder,Brake System,Auto Parts,PCS,PCS,ASM-FORD-VEHICLES-T6-WHEEL-CYLINDER,Ford vehicles – T6 - Wheel Cylinder,stock,1,432129.00,77783.00,509912.00,0.00,ready,ready,
893,Ford vehicles – T6,Ford vehicles – T6 Engine service ( New engine- state the com,Engine service ( New engine- state the com,Engine Parts,Auto Parts,PCS,PCS,ASM-FORD-VEHICLES-T6-ENGINE-SERVICE-NEW-ENGINE-STATE-THE-COM,Ford vehicles – T6 - Engine service ( New engine- state the com,stock,1,35178741.00,6332173.00,41510914.00,0.00,ready,ready,
894,Ford vehicles – T6,Ford vehicles – T6 Hose oil cooler,Hose oil cooler,Engine Parts,Auto Parts,PCS,PCS,ASM-FORD-VEHICLES-T6-HOSE-OIL-COOLER,Ford vehicles – T6 - Hose oil cooler,stock,1,492971.00,88735.00,581706.00,0.00,ready,ready,
895,Ford vehicles – T6,Ford vehicles – T6 Oil switch T6,Oil switch T6,Engine Parts,Auto Parts,PCS,PCS,ASM-FORD-VEHICLES-T6-OIL-SWITCH-T6,Ford vehicles – T6 - Oil switch T6,stock,1,44846.00,8072.00,52918.00,0.00,ready,ready,
896,Ford vehicles – T6,Ford vehicles – T6 Pulley Asy-Tension,Pulley Asy-Tension,Engine Parts,Auto Parts,PCS,PCS,ASM-FORD-VEHICLES-T6-PULLEY-ASY-TENSION,Ford vehicles – T6 - Pulley Asy-Tension,stock,1,199871.00,35977.00,235848.00,0.00,ready,ready,
897,Ford vehicles – T6,Ford vehicles – T6 Tensioner - Drive Belt,Tensioner - Drive Belt,Engine Parts,Auto Parts,PCS,PCS,ASM-FORD-VEHICLES-T6-TENSIONER-DRIVE-BELT,Ford vehicles – T6 - Tensioner - Drive Belt,stock,1,789023.00,142024.00,931047.00,0.00,ready,ready,
898,Ford vehicles – T6,Ford vehicles – T6 Tensioner 1,Tensioner 1,Engine Parts,Auto Parts,PCS,PCS,ASM-FORD-VEHICLES-T6-TENSIONER-1,Ford vehicles – T6 - Tensioner 1,stock,1,104753.00,18856.00,123609.00,0.00,ready,ready,
899,Ford vehicles – T6,Ford vehicles – T6 Tensioner 2,Tensioner 2,Engine Parts,Auto Parts,PCS,PCS,ASM-FORD-VEHICLES-T6-TENSIONER-2,Ford vehicles – T6 - Tensioner 2,stock,1,211193.00,38015.00,249208.00,0.00,ready,ready,
900,Ford vehicles – T6,Ford vehicles – T6 Guide 1,Guide 1,Engine Parts,Auto Parts,PCS,PCS,ASM-FORD-VEHICLES-T6-GUIDE-1,Ford vehicles – T6 - Guide 1,stock,1,94638.00,17035.00,111673.00,0.00,ready,ready,
901,Ford vehicles – T6,Ford vehicles – T6 Guide 2,Guide 2,Engine Parts,Auto Parts,PCS,PCS,ASM-FORD-VEHICLES-T6-GUIDE-2,Ford vehicles – T6 - Guide 2,stock,1,94638.00,17035.00,111673.00,0.00,ready,ready,
902,Ford vehicles – T6,Ford vehicles – T6 Rail guide,Rail guide,Engine Parts,Auto Parts,PCS,PCS,ASM-FORD-VEHICLES-T6-RAIL-GUIDE,Ford vehicles – T6 - Rail guide,stock,1,76767.00,13818.00,90585.00,0.00,ready,ready,
903,Ford vehicles – T6,Ford vehicles – T6 HOS Asy HTR INLET,HOS Asy HTR INLET,Engine Parts,Auto Parts,PCS,PCS,ASM-FORD-VEHICLES-T6-HOS-ASY-HTR-INLET,Ford vehicles – T6 - HOS Asy HTR INLET,stock,1,477548.00,85959.00,563507.00,0.00,ready,ready,
904,Ford vehicles – T6,Ford vehicles – T6 HOS Tub Asy HTR OL,HOS Tub Asy HTR OL,Engine Parts,Auto Parts,PCS,PCS,ASM-FORD-VEHICLES-T6-HOS-TUB-ASY-HTR-OL,Ford vehicles – T6 - HOS Tub Asy HTR OL,stock,1,492971.00,88735.00,581706.00,0.00,ready,ready,
905,Ford vehicles – T6,Ford vehicles – T6 Common rail assy,Common rail assy,Engine Parts,Auto Parts,PCS,PCS,ASM-FORD-VEHICLES-T6-COMMON-RAIL-ASSY,Ford vehicles – T6 - Common rail assy,stock,1,4493498.00,808830.00,5302327.00,1.00,ready,ready,
906,Ford vehicles – T6,Ford vehicles – T6 Sensor camshaft,Sensor camshaft,Engine Parts,Auto Parts,PCS,PCS,ASM-FORD-VEHICLES-T6-SENSOR-CAMSHAFT,Ford vehicles – T6 - Sensor camshaft,stock,1,354993.00,63899.00,418891.00,1.00,ready,ready,
907,Ford vehicles – T6,Ford vehicles – T6 Sensor cankshaft POSIT,Sensor cankshaft POSIT,Engine Parts,Auto Parts,PCS,PCS,ASM-FORD-VEHICLES-T6-SENSOR-CANKSHAFT-POSIT,Ford vehicles – T6 - Sensor cankshaft POSIT,stock,1,356634.00,64194.00,420828.00,0.00,ready,ready,
908,Ford vehicles – T6,Ford vehicles – T6 Glow plug,Glow plug,Engine Parts,Auto Parts,PCS,PCS,,,review,,109924.00,19786.00,129710.00,0.00,ready,review_duplicate_conflict,"Conflicting category, unit, or price variants"
909,Ford vehicles – T6,Ford vehicles – T6 Seal oil crankshaft front,Seal oil crankshaft front,Engine Parts,Auto Parts,PCS,PCS,ASM-FORD-VEHICLES-T6-SEAL-OIL-CRANKSHAFT-FRONT,Ford vehicles – T6 - Seal oil crankshaft front,stock,1,200628.00,36113.00,236741.00,0.00,ready,ready,
910,Ford vehicles – T6,"Ford vehicles – T6 Belt ( fan. Ac pump, Water pump, Alternato","Belt ( fan. Ac pump, Water pump, Alternato",Engine Parts,Auto Parts,PCS,PCS,ASM-FORD-VEHICLES-T6-BELT-FAN-AC-PUMP-WATER-PUMP-ALTERNATO,"Ford vehicles – T6 - Belt ( fan. Ac pump, Water pump, Alternato",stock,1,164548.00,29619.00,194167.00,0.00,ready,ready,
911,Ford vehicles – T6,Ford vehicles – T6 Timing chain,Timing chain,Engine Parts,Auto Parts,PCS,PCS,ASM-FORD-VEHICLES-T6-TIMING-CHAIN,Ford vehicles – T6 - Timing chain,stock,1,734623.00,132232.00,866855.00,0.00,ready,ready,
912,Ford vehicles – T6,Ford vehicles – T6 Air conditioner belts,Air conditioner belts,Engine Parts,Auto Parts,PCS,PCS,ASM-FORD-VEHICLES-T6-AIR-CONDITIONER-BELTS,Ford vehicles – T6 - Air conditioner belts,stock,1,164548.00,29619.00,194167.00,0.00,ready,ready,
913,Ford vehicles – T6,Ford vehicles – T6 Timing chain,Timing chain,Engine Parts,Auto Parts,PCS,PCS,ASM-FORD-VEHICLES-T6-TIMING-CHAIN,Ford vehicles – T6 - Timing chain,stock,1,734623.00,132232.00,866855.00,0.00,ready,collapsed_exact_duplicate,
914,Ford vehicles – T6,Ford vehicles – T6 Oil balancer seals,Oil balancer seals,Engine Parts,Auto Parts,PCS,PCS,ASM-FORD-VEHICLES-T6-OIL-BALANCER-SEALS,Ford vehicles – T6 - Oil balancer seals,stock,1,200628.00,36113.00,236741.00,0.00,ready,ready,
915,Ford vehicles – T6,Ford vehicles – T6 Camshaft,Camshaft,Engine Parts,Auto Parts,PCS,PCS,ASM-FORD-VEHICLES-T6-CAMSHAFT,Ford vehicles – T6 - Camshaft,stock,1,1546126.00,278303.00,1824428.00,1.00,ready,ready,
916,Ford vehicles – T6,Ford vehicles – T6 Oil pump,Oil pump,Engine Parts,Auto Parts,PCS,PCS,ASM-FORD-VEHICLES-T6-OIL-PUMP,Ford vehicles – T6 - Oil pump,stock,1,921426.00,165857.00,1087283.00,0.00,ready,ready,
917,Ford vehicles – T6,Ford vehicles – T6 Oil filter gasket,Oil filter gasket,Engine Parts,Auto Parts,PCS,PCS,ASM-FORD-VEHICLES-T6-OIL-FILTER-GASKET,Ford vehicles – T6 - Oil filter gasket,stock,1,110598.00,19908.00,130506.00,0.00,ready,ready,
918,Ford vehicles – T6,Ford vehicles – T6 Camshaft follower,Camshaft follower,Engine Parts,Auto Parts,PCS,PCS,ASM-FORD-VEHICLES-T6-CAMSHAFT-FOLLOWER,Ford vehicles – T6 - Camshaft follower,stock,1,3929717.00,707349.00,4637066.00,0.00,ready,ready,
919,Ford vehicles – T6,Ford vehicles – T6 Camshaft lifter kit,Camshaft lifter kit,Engine Parts,Auto Parts,PCS,PCS,ASM-FORD-VEHICLES-T6-CAMSHAFT-LIFTER-KIT,Ford vehicles – T6 - Camshaft lifter kit,stock,1,3929717.00,707349.00,4637066.00,0.00,ready,ready,
920,Ford vehicles – T6,Ford vehicles – T6 Oil seal,Oil seal,Engine Parts,Auto Parts,PCS,PCS,ASM-FORD-VEHICLES-T6-OIL-SEAL,Ford vehicles – T6 - Oil seal,stock,1,138581.00,24945.00,163525.00,1.00,ready,ready,
921,Ford vehicles – T6,Ford vehicles – T6 Seal oil,Seal oil,Engine Parts,Auto Parts,PCS,PCS,ASM-FORD-VEHICLES-T6-SEAL-OIL,Ford vehicles – T6 - Seal oil,stock,1,138581.00,24945.00,163525.00,1.00,ready,ready,
922,Ford vehicles – T6,Ford vehicles – T6 Needle bearing,Needle bearing,Engine Parts,Auto Parts,PCS,PCS,ASM-FORD-VEHICLES-T6-NEEDLE-BEARING,Ford vehicles – T6 - Needle bearing,stock,1,197481.00,35547.00,233027.00,1.00,ready,ready,
923,Ford vehicles – T6,Ford vehicles – T6 Bearing Assy Needle,Bearing Assy Needle,Engine Parts,Auto Parts,PCS,PCS,ASM-FORD-VEHICLES-T6-BEARING-ASSY-NEEDLE,Ford vehicles – T6 - Bearing Assy Needle,stock,1,250419.00,45075.00,295495.00,-1.00,ready,ready,
924,Ford vehicles – T6,Ford vehicles – T6 Slave tube,Slave tube,Engine Parts,Auto Parts,PCS,PCS,ASM-FORD-VEHICLES-T6-SLAVE-TUBE,Ford vehicles – T6 - Slave tube,stock,1,765832.00,137850.00,903682.00,0.00,ready,ready,
925,Ford vehicles – T6,Ford vehicles – T6 Oil cooler,Oil cooler,Engine Parts,Auto Parts,PCS,PCS,ASM-FORD-VEHICLES-T6-OIL-COOLER,Ford vehicles – T6 - Oil cooler,stock,1,1966713.00,354008.00,2320721.00,0.00,ready,ready,
926,Ford vehicles – T6,Ford vehicles – T6 Crankshaft oil seal,Crankshaft oil seal,Engine Parts,Auto Parts,PCS,PCS,ASM-FORD-VEHICLES-T6-CRANKSHAFT-OIL-SEAL,Ford vehicles – T6 - Crankshaft oil seal,stock,1,200628.00,36113.00,236741.00,0.00,ready,ready,
927,Ford vehicles – T6,Ford vehicles – T6 Cylinder head complete,Cylinder head complete,Engine Parts,Auto Parts,PCS,PCS,ASM-FORD-VEHICLES-T6-CYLINDER-HEAD-COMPLETE,Ford vehicles – T6 - Cylinder head complete,stock,1,10922575.00,1966063.00,12888638.00,0.00,ready,ready,
928,Ford vehicles – T6,Ford vehicles – T6 Cylinder head cover,Cylinder head cover,Engine Parts,Auto Parts,PCS,PCS,ASM-FORD-VEHICLES-T6-CYLINDER-HEAD-COVER,Ford vehicles – T6 - Cylinder head cover,stock,1,1894779.00,341060.00,2235840.00,-1.00,ready,ready,
929,Ford vehicles – T6,Ford vehicles – T6 Cylinder head gasket,Cylinder head gasket,Engine Parts,Auto Parts,PCS,PCS,ASM-FORD-VEHICLES-T6-CYLINDER-HEAD-GASKET,Ford vehicles – T6 - Cylinder head gasket,stock,1,319880.00,57578.00,377459.00,-1.00,ready,ready,
930,Ford vehicles – T6,Ford vehicles – T6 Inlet manifold,Inlet manifold,Engine Parts,Auto Parts,PCS,PCS,ASM-FORD-VEHICLES-T6-INLET-MANIFOLD,Ford vehicles – T6 - Inlet manifold,stock,1,1394503.00,251011.00,1645513.00,1.00,ready,ready,
931,Ford vehicles – T6,Ford vehicles – T6 Oil sump,Oil sump,Engine Parts,Auto Parts,PCS,PCS,ASM-FORD-VEHICLES-T6-OIL-SUMP,Ford vehicles – T6 - Oil sump,stock,1,1069003.00,192420.00,1261423.00,0.00,ready,ready,
932,Ford vehicles – T6,Ford vehicles – T6 Engine knock sensors,Engine knock sensors,Engine Parts,Auto Parts,PCS,PCS,ASM-FORD-VEHICLES-T6-ENGINE-KNOCK-SENSORS,Ford vehicles – T6 - Engine knock sensors,stock,1,356634.00,64194.00,420828.00,0.00,ready,ready,
933,Ford vehicles – T6,Ford vehicles – T6 Oil strainer,Oil strainer,Engine Parts,Auto Parts,PCS,PCS,ASM-FORD-VEHICLES-T6-OIL-STRAINER,Ford vehicles – T6 - Oil strainer,stock,1,478500.00,86130.00,564630.00,0.00,ready,ready,
934,Ford vehicles – T6,Ford vehicles – T6 Engine mountings,Engine mountings,Engine Parts,Auto Parts,PCS,PCS,ASM-FORD-VEHICLES-T6-ENGINE-MOUNTINGS,Ford vehicles – T6 - Engine mountings,stock,1,686760.00,123617.00,810377.00,0.00,ready,ready,
935,Ford vehicles – T6,Ford vehicles – T6 Oil filler caps,Oil filler caps,Engine Parts,Auto Parts,PCS,PCS,ASM-FORD-VEHICLES-T6-OIL-FILLER-CAPS,Ford vehicles – T6 - Oil filler caps,stock,1,49032.00,8826.00,57858.00,0.00,ready,ready,
936,Ford vehicles – T6,Ford vehicles – T6 Oil cap,Oil cap,Engine Parts,Auto Parts,PCS,PCS,ASM-FORD-VEHICLES-T6-OIL-CAP,Ford vehicles – T6 - Oil cap,stock,1,49032.00,8826.00,57858.00,0.00,ready,ready,
937,Ford vehicles – T6,Ford vehicles – T6 Cylinder head valves,Cylinder head valves,Engine Parts,Auto Parts,PCS,PCS,ASM-FORD-VEHICLES-T6-CYLINDER-HEAD-VALVES,Ford vehicles – T6 - Cylinder head valves,stock,1,186968.00,33654.00,220622.00,0.00,ready,ready,
938,Ford vehicles – T6,Ford vehicles – T6 Valve springs,Valve springs,Engine Parts,Auto Parts,PCS,PCS,ASM-FORD-VEHICLES-T6-VALVE-SPRINGS,Ford vehicles – T6 - Valve springs,stock,1,30323.00,5458.00,35781.00,0.00,ready,ready,
939,Ford vehicles – T6,Ford vehicles – T6 Oil strainer,Oil strainer,Engine Parts,Auto Parts,PCS,PCS,ASM-FORD-VEHICLES-T6-OIL-STRAINER,Ford vehicles – T6 - Oil strainer,stock,1,478500.00,86130.00,564630.00,0.00,ready,collapsed_exact_duplicate,
940,Ford vehicles – T6,Ford vehicles – T6 Heater Control Unit,Heater Control Unit,Engine Parts,Auto Parts,PCS,PCS,ASM-FORD-VEHICLES-T6-HEATER-CONTROL-UNIT,Ford vehicles – T6 - Heater Control Unit,stock,1,687097.00,123677.00,810774.00,0.00,ready,ready,
941,Ford vehicles – T6,Ford vehicles – T6 Heater plugs,Heater plugs,Engine Parts,Auto Parts,PCS,PCS,,,review,,109924.00,19786.00,129710.00,0.00,ready,review_duplicate_conflict,"Conflicting category, unit, or price variants"
942,Ford vehicles – T6,Ford vehicles – T6 Glow plug,Glow plug,Engine Parts,Auto Parts,PCS,PCS,,,review,,109924.00,19786.00,129710.00,0.00,ready,review_duplicate_conflict,"Conflicting category, unit, or price variants"
943,Ford vehicles – T6,Ford vehicles – T6 Mounting bolt,Mounting bolt,Engine Parts,Auto Parts,PCS,PCS,ASM-FORD-VEHICLES-T6-MOUNTING-BOLT,Ford vehicles – T6 - Mounting bolt,stock,1,16410.00,2954.00,19364.00,0.00,ready,ready,
944,Ford vehicles – T6,Ford vehicles – T6 Starter motor,Starter motor,Engine Parts,Auto Parts,PCS,PCS,ASM-FORD-VEHICLES-T6-STARTER-MOTOR,Ford vehicles – T6 - Starter motor,stock,1,2397416.00,431535.00,2828951.00,0.00,ready,ready,
945,Ford vehicles – T6,Ford vehicles – T6 Starter pinion,Starter pinion,Engine Parts,Auto Parts,PCS,PCS,ASM-FORD-VEHICLES-T6-STARTER-PINION,Ford vehicles – T6 - Starter pinion,stock,1,2397416.00,431535.00,2828951.00,0.00,ready,ready,
946,Ford vehicles – T6,Ford vehicles – T6 Turbo sensor,Turbo sensor,Engine Parts,Auto Parts,PCS,PCS,ASM-FORD-VEHICLES-T6-TURBO-SENSOR,Ford vehicles – T6 - Turbo sensor,stock,1,5095226.00,917141.00,6012366.00,1.00,ready,ready,
947,Ford vehicles – T6,Ford vehicles – T6 Turbocharger asy,Turbocharger asy,Engine Parts,Auto Parts,PCS,PCS,ASM-FORD-VEHICLES-T6-TURBOCHARGER-ASY,Ford vehicles – T6 - Turbocharger asy,stock,1,5095226.00,917141.00,6012366.00,1.00,ready,ready,
948,Ford vehicles – T6,Ford vehicles – T6 Tensioner bearings,Tensioner bearings,Engine Parts,Auto Parts,PCS,PCS,ASM-FORD-VEHICLES-T6-TENSIONER-BEARINGS,Ford vehicles – T6 - Tensioner bearings,stock,1,677863.00,122015.00,799878.00,0.00,ready,ready,
949,Ford vehicles – T6,Ford vehicles – T6 Pilot bearing,Pilot bearing,Engine Parts,Auto Parts,PCS,PCS,ASM-FORD-VEHICLES-T6-PILOT-BEARING,Ford vehicles – T6 - Pilot bearing,stock,1,236595.00,42587.00,279182.00,0.00,ready,ready,
950,Ford vehicles – T6,Ford vehicles – T6 Drain Nut,Drain Nut,Engine Parts,Auto Parts,PCS,PCS,ASM-FORD-VEHICLES-T6-DRAIN-NUT,Ford vehicles – T6 - Drain Nut,stock,1,11914.00,2145.00,14059.00,0.00,ready,ready,
951,Ford vehicles – T6,Ford vehicles – T6 IDS - Computer diagnostic,IDS - Computer diagnostic,Engine Parts,Auto Parts,L/S,Lump Sum,ASM-FORD-VEHICLES-T6-IDS-COMPUTER-DIAGNOSTIC,Ford vehicles – T6 - IDS - Computer diagnostic,service,0,100000.00,18000.00,118000.00,0.00,ready,ready,
952,Ford vehicles – T6,Ford vehicles – T6 Thermostat switch,Thermostat switch,Engine Parts,Auto Parts,PCS,PCS,ASM-FORD-VEHICLES-T6-THERMOSTAT-SWITCH,Ford vehicles – T6 - Thermostat switch,stock,1,423060.00,76151.00,499211.00,0.00,ready,ready,
953,Ford vehicles – T6,Ford vehicles – T6 Shaft re-grinding,Shaft re-grinding,Engine Parts,Auto Parts,L/S,Lump Sum,ASM-FORD-VEHICLES-T6-SHAFT-RE-GRINDING,Ford vehicles – T6 - Shaft re-grinding,service,0,50000.00,9000.00,59000.00,0.00,ready,ready,
954,Ford vehicles – T6,Ford vehicles – T6 Coolant hose Pipe,Coolant hose Pipe,Cooling System,Auto Parts,PCS,PCS,ASM-FORD-VEHICLES-T6-COOLANT-HOSE-PIPE,Ford vehicles – T6 - Coolant hose Pipe,stock,1,249600.00,44928.00,294528.00,0.00,ready,ready,
955,Ford vehicles – T6,Ford vehicles – T6 Cooling fan,Cooling fan,Cooling System,Auto Parts,PCS,PCS,ASM-FORD-VEHICLES-T6-COOLING-FAN,Ford vehicles – T6 - Cooling fan,stock,1,1106768.00,199218.00,1305986.00,0.00,ready,ready,
956,Ford vehicles – T6,Ford vehicles – T6 Cowel assy fan,Cowel assy fan,Cooling System,Auto Parts,PCS,PCS,ASM-FORD-VEHICLES-T6-COWEL-ASSY-FAN,Ford vehicles – T6 - Cowel assy fan,stock,1,423365.00,76206.00,499570.00,1.00,ready,ready,
957,Ford vehicles – T6,Ford vehicles – T6 Fan blade,Fan blade,Cooling System,Auto Parts,PCS,PCS,ASM-FORD-VEHICLES-T6-FAN-BLADE,Ford vehicles – T6 - Fan blade,stock,1,1106768.00,199218.00,1305986.00,0.00,ready,ready,
958,Ford vehicles – T6,Ford vehicles – T6 Fan clutch,Fan clutch,Cooling System,Auto Parts,PCS,PCS,ASM-FORD-VEHICLES-T6-FAN-CLUTCH,Ford vehicles – T6 - Fan clutch,stock,1,3068423.00,552316.00,3620739.00,0.00,ready,ready,
959,Ford vehicles – T6,Ford vehicles – T6 Radiator complete,Radiator complete,Cooling System,Auto Parts,PCS,PCS,ASM-FORD-VEHICLES-T6-RADIATOR-COMPLETE,Ford vehicles – T6 - Radiator complete,stock,1,2452603.00,441469.00,2894072.00,0.00,ready,ready,
960,Ford vehicles – T6,Ford vehicles – T6 Radiator pressure cap,Radiator pressure cap,Cooling System,Auto Parts,PCS,PCS,ASM-FORD-VEHICLES-T6-RADIATOR-PRESSURE-CAP,Ford vehicles – T6 - Radiator pressure cap,stock,1,52258.00,9406.00,61665.00,-1.00,ready,ready,
961,Ford vehicles – T6,Ford vehicles – T6 Nozzle washer,Nozzle washer,Cooling System,Auto Parts,PCS,PCS,ASM-FORD-VEHICLES-T6-NOZZLE-WASHER,Ford vehicles – T6 - Nozzle washer,stock,1,106710.00,19208.00,125917.00,1.00,ready,ready,
962,Ford vehicles – T6,Ford vehicles – T6 Radiator mountings,Radiator mountings,Cooling System,Auto Parts,PCS,PCS,ASM-FORD-VEHICLES-T6-RADIATOR-MOUNTINGS,Ford vehicles – T6 - Radiator mountings,stock,1,15174.00,2731.00,17905.00,0.00,ready,ready,
963,Ford vehicles – T6,Ford vehicles – T6 Water tank,Water tank,Cooling System,Auto Parts,PCS,PCS,ASM-FORD-VEHICLES-T6-WATER-TANK,Ford vehicles – T6 - Water tank,stock,1,2068774.00,372379.00,2441154.00,-1.00,ready,ready,
964,Ford vehicles – T6,Ford vehicles – T6 Reservoir tank pipe,Reservoir tank pipe,Cooling System,Auto Parts,PCS,PCS,ASM-FORD-VEHICLES-T6-RESERVOIR-TANK-PIPE,Ford vehicles – T6 - Reservoir tank pipe,stock,1,250082.00,45015.00,295097.00,0.00,ready,ready,
965,Ford vehicles – T6,Ford vehicles – T6 Reservoir tank,Reservoir tank,Cooling System,Auto Parts,PCS,PCS,ASM-FORD-VEHICLES-T6-RESERVOIR-TANK,Ford vehicles – T6 - Reservoir tank,stock,1,562452.00,101241.00,663693.00,0.00,ready,ready,
966,Ford vehicles – T6,Ford vehicles – T6 Air cleaner housing,Air cleaner housing,Cooling System,Auto Parts,PCS,PCS,ASM-FORD-VEHICLES-T6-AIR-CLEANER-HOUSING,Ford vehicles – T6 - Air cleaner housing,stock,1,1398323.00,251698.00,1650021.00,0.00,ready,ready,
967,Ford vehicles – T6,Ford vehicles – T6 Water pipes,Water pipes,Cooling System,Auto Parts,PCS,PCS,ASM-FORD-VEHICLES-T6-WATER-PIPES,Ford vehicles – T6 - Water pipes,stock,1,89130.00,16043.00,105174.00,-1.00,ready,ready,
968,Ford vehicles – T6,Ford vehicles – T6 Water pump,Water pump,Cooling System,Auto Parts,PCS,PCS,ASM-FORD-VEHICLES-T6-WATER-PUMP,Ford vehicles – T6 - Water pump,stock,1,1274351.00,229383.00,1503734.00,0.00,ready,ready,
969,Ford vehicles – T6,Ford vehicles – T6 Water temperature switch,Water temperature switch,Cooling System,Auto Parts,PCS,PCS,ASM-FORD-VEHICLES-T6-WATER-TEMPERATURE-SWITCH,Ford vehicles – T6 - Water temperature switch,stock,1,423060.00,76151.00,499211.00,0.00,ready,ready,
970,Ford vehicles – T6,Ford vehicles – T6 Casted exhaust manifold,Casted exhaust manifold,Exhaust System,Auto Parts,PCS,PCS,ASM-FORD-VEHICLES-T6-CASTED-EXHAUST-MANIFOLD,Ford vehicles – T6 - Casted exhaust manifold,stock,1,5819921.00,1047586.00,6867506.00,1.00,ready,ready,
971,Ford vehicles – T6,"Ford vehicles – T6 Exhuast pipe complete( Silencers,pipes etc","Exhuast pipe complete( Silencers,pipes etc",Exhaust System,Auto Parts,PCS,PCS,ASM-FORD-VEHICLES-T6-EXHUAST-PIPE-COMPLETE-SILENCERS-PIPES-ETC,"Ford vehicles – T6 - Exhuast pipe complete( Silencers,pipes etc",stock,1,3129904.00,563383.00,3693287.00,0.00,ready,ready,
972,Ford vehicles – T6,Ford vehicles – T6 Compressor repair kit,Compressor repair kit,Exhaust System,Auto Parts,PCS,PCS,ASM-FORD-VEHICLES-T6-COMPRESSOR-REPAIR-KIT,Ford vehicles – T6 - Compressor repair kit,stock,1,2947226.00,530501.00,3477726.00,1.00,ready,ready,
973,Ford vehicles – T6,Ford vehicles – T6 Exhaust mounting,Exhaust mounting,Exhaust System,Auto Parts,PCS,PCS,ASM-FORD-VEHICLES-T6-EXHAUST-MOUNTING,Ford vehicles – T6 - Exhaust mounting,stock,1,1633139.00,293965.00,1927104.00,0.00,ready,ready,
974,Ford vehicles – T6,Ford vehicles – T6 Exhaust pipe,Exhaust pipe,Exhaust System,Auto Parts,PCS,PCS,ASM-FORD-VEHICLES-T6-EXHAUST-PIPE,Ford vehicles – T6 - Exhaust pipe,stock,1,1479226.00,266261.00,1745486.00,1.00,ready,ready,
975,Ford vehicles – T6,Ford vehicles – T6 Exhaust silencer,Exhaust silencer,Exhaust System,Auto Parts,PCS,PCS,ASM-FORD-VEHICLES-T6-EXHAUST-SILENCER,Ford vehicles – T6 - Exhaust silencer,stock,1,1407097.00,253277.00,1660374.00,0.00,ready,ready,
976,Ford vehicles – T6,Ford vehicles – T6 Parkin gasket,Parkin gasket,Exhaust System,Auto Parts,PCS,PCS,ASM-FORD-VEHICLES-T6-PARKIN-GASKET,Ford vehicles – T6 - Parkin gasket,stock,1,137461.00,24743.00,162204.00,0.00,ready,ready,
977,Ford vehicles – T6,Ford vehicles – T6 Exhaust flexible pipe,Exhaust flexible pipe,Exhaust System,Auto Parts,PCS,PCS,ASM-FORD-VEHICLES-T6-EXHAUST-FLEXIBLE-PIPE,Ford vehicles – T6 - Exhaust flexible pipe,stock,1,3129904.00,563383.00,3693287.00,0.00,ready,ready,
978,Ford vehicles – T6,Ford vehicles – T6 fuel filter,fuel filter,Fuel Supply System,Auto Parts,PCS,PCS,ASM-FORD-VEHICLES-T6-FUEL-FILTER,Ford vehicles – T6 - fuel filter,stock,1,233548.00,42039.00,275587.00,0.00,ready,ready,
979,Ford vehicles – T6,Ford vehicles – T6 Fuel injector nozzle,Fuel injector nozzle,Fuel Supply System,Auto Parts,PCS,PCS,ASM-FORD-VEHICLES-T6-FUEL-INJECTOR-NOZZLE,Ford vehicles – T6 - Fuel injector nozzle,stock,1,4053402.00,729612.00,4783015.00,-1.00,ready,ready,
980,Ford vehicles – T6,Ford vehicles – T6 Tube/Fuel leak off pipe,Tube/Fuel leak off pipe,Fuel Supply System,Auto Parts,PCS,PCS,ASM-FORD-VEHICLES-T6-TUBE-FUEL-LEAK-OFF-PIPE,Ford vehicles – T6 - Tube/Fuel leak off pipe,stock,1,1437326.00,258719.00,1696044.00,1.00,ready,ready,
981,Ford vehicles – T6,Ford vehicles – T6 Fuel lift pump,Fuel lift pump,Fuel Supply System,Auto Parts,PCS,PCS,ASM-FORD-VEHICLES-T6-FUEL-LIFT-PUMP,Ford vehicles – T6 - Fuel lift pump,stock,1,3693816.00,664887.00,4358703.00,0.00,ready,ready,
982,Ford vehicles – T6,Ford vehicles – T6 Fuel pressure regulator,Fuel pressure regulator,Fuel Supply System,Auto Parts,PCS,PCS,ASM-FORD-VEHICLES-T6-FUEL-PRESSURE-REGULATOR,Ford vehicles – T6 - Fuel pressure regulator,stock,1,8065273.00,1451749.00,9517022.00,0.00,ready,ready,
983,Ford vehicles – T6,Ford vehicles – T6 Fuel pump gasket,Fuel pump gasket,Fuel Supply System,Auto Parts,PCS,PCS,ASM-FORD-VEHICLES-T6-FUEL-PUMP-GASKET,Ford vehicles – T6 - Fuel pump gasket,stock,1,3693816.00,664887.00,4358703.00,0.00,ready,ready,
984,Ford vehicles – T6,Ford vehicles – T6 Fuel rail union pipes,Fuel rail union pipes,Fuel Supply System,Auto Parts,PCS,PCS,ASM-FORD-VEHICLES-T6-FUEL-RAIL-UNION-PIPES,Ford vehicles – T6 - Fuel rail union pipes,stock,1,4493498.00,808830.00,5302327.00,1.00,ready,ready,
985,Ford vehicles – T6,Ford vehicles – T6 Fuel tank complete,Fuel tank complete,Fuel Supply System,Auto Parts,PCS,PCS,ASM-FORD-VEHICLES-T6-FUEL-TANK-COMPLETE,Ford vehicles – T6 - Fuel tank complete,stock,1,3184516.00,573213.00,3757729.00,0.00,ready,ready,
986,Ford vehicles – T6,Ford vehicles – T6 Fuel tank cover,Fuel tank cover,Fuel Supply System,Auto Parts,PCS,PCS,ASM-FORD-VEHICLES-T6-FUEL-TANK-COVER,Ford vehicles – T6 - Fuel tank cover,stock,1,993290.00,178792.00,1172083.00,-1.00,ready,ready,
987,Ford vehicles – T6,Ford vehicles – T6 Injector pump,Injector pump,Fuel Supply System,Auto Parts,PCS,PCS,ASM-FORD-VEHICLES-T6-INJECTOR-PUMP,Ford vehicles – T6 - Injector pump,stock,1,8065273.00,1451749.00,9517022.00,0.00,ready,ready,
988,Ford vehicles – T6,Ford vehicles – T6 Intake manifold,Intake manifold,Fuel Supply System,Auto Parts,PCS,PCS,ASM-FORD-VEHICLES-T6-INTAKE-MANIFOLD,Ford vehicles – T6 - Intake manifold,stock,1,4493498.00,808830.00,5302327.00,1.00,ready,ready,
989,Ford vehicles – T6,Ford vehicles – T6 Ball joints - lower,Ball joints - lower,Suspension & Steering System,Auto Parts,PCS,PCS,ASM-FORD-VEHICLES-T6-BALL-JOINTS-LOWER,Ford vehicles – T6 - Ball joints - lower,stock,1,440258.00,79246.00,519505.00,-1.00,ready,ready,
990,Ford vehicles – T6,Ford vehicles – T6 Ball joints - upper / arms,Ball joints - upper / arms,Suspension & Steering System,Auto Parts,PCS,PCS,ASM-FORD-VEHICLES-T6-BALL-JOINTS-UPPER-ARMS,Ford vehicles – T6 - Ball joints - upper / arms,stock,1,1357419.00,244335.00,1601754.00,0.00,ready,ready,
991,Ford vehicles – T6,Ford vehicles – T6 Chassis mountings,Chassis mountings,Suspension & Steering System,Auto Parts,PCS,PCS,ASM-FORD-VEHICLES-T6-CHASSIS-MOUNTINGS,Ford vehicles – T6 - Chassis mountings,stock,1,194065.00,34932.00,228996.00,1.00,ready,ready,
992,Ford vehicles – T6,Ford vehicles – T6 Coil spring,Coil spring,Suspension & Steering System,Auto Parts,PCS,PCS,ASM-FORD-VEHICLES-T6-COIL-SPRING,Ford vehicles – T6 - Coil spring,stock,1,448462.00,80723.00,529185.00,0.00,ready,ready,
993,Ford vehicles – T6,Ford vehicles – T6 Control arm,Control arm,Suspension & Steering System,Auto Parts,PCS,PCS,ASM-FORD-VEHICLES-T6-CONTROL-ARM,Ford vehicles – T6 - Control arm,stock,1,1058323.00,190498.00,1248821.00,0.00,ready,ready,
994,Ford vehicles – T6,Ford vehicles – T6 Leaf spring,Leaf spring,Suspension & Steering System,Auto Parts,PCS,PCS,ASM-FORD-VEHICLES-T6-LEAF-SPRING,Ford vehicles – T6 - Leaf spring,stock,1,2349548.00,422919.00,2772467.00,0.00,ready,ready,
995,Ford vehicles – T6,Ford vehicles – T6 Leaf spring bushes,Leaf spring bushes,Suspension & Steering System,Auto Parts,PCS,PCS,ASM-FORD-VEHICLES-T6-LEAF-SPRING-BUSHES,Ford vehicles – T6 - Leaf spring bushes,stock,1,25806.00,4645.00,30451.00,0.00,ready,ready,
996,Ford vehicles – T6,Ford vehicles – T6 Rear Spring Mettalic bushes,Rear Spring Mettalic bushes,Suspension & Steering System,Auto Parts,PCS,PCS,ASM-FORD-VEHICLES-T6-REAR-SPRING-METTALIC-BUSHES,Ford vehicles – T6 - Rear Spring Mettalic bushes,stock,1,119742.00,21554.00,141295.00,1.00,ready,ready,
997,Ford vehicles – T6,Ford vehicles – T6 Power steering assembly,Power steering assembly,Suspension & Steering System,Auto Parts,PCS,PCS,ASM-FORD-VEHICLES-T6-POWER-STEERING-ASSEMBLY,Ford vehicles – T6 - Power steering assembly,stock,1,12642968.00,2275734.00,14918702.00,0.00,ready,ready,
998,Ford vehicles – T6,Ford vehicles – T6 Rack ends,Rack ends,Suspension & Steering System,Auto Parts,PCS,PCS,ASM-FORD-VEHICLES-T6-RACK-ENDS,Ford vehicles – T6 - Rack ends,stock,1,260647.00,46917.00,307564.00,0.00,ready,ready,
999,Ford vehicles – T6,Ford vehicles – T6 Shock absorbers - front,Shock absorbers - front,Suspension & Steering System,Auto Parts,PCS,PCS,ASM-FORD-VEHICLES-T6-SHOCK-ABSORBERS-FRONT,Ford vehicles – T6 - Shock absorbers - front,stock,1,877254.00,157906.00,1035160.00,0.00,ready,ready,
1000,Ford vehicles – T6,Ford vehicles – T6 Shock absorbers - rear,Shock absorbers - rear,Suspension & Steering System,Auto Parts,PCS,PCS,ASM-FORD-VEHICLES-T6-SHOCK-ABSORBERS-REAR,Ford vehicles – T6 - Shock absorbers - rear,stock,1,606581.00,109185.00,715765.00,1.00,ready,ready,
1001,Ford vehicles – T6,Ford vehicles – T6 Spindle,Spindle,Suspension & Steering System,Auto Parts,PCS,PCS,ASM-FORD-VEHICLES-T6-SPINDLE,Ford vehicles – T6 - Spindle,stock,1,260647.00,46917.00,307564.00,0.00,ready,ready,
1002,Ford vehicles – T6,Ford vehicles – T6 Damper assy,Damper assy,Suspension & Steering System,Auto Parts,PCS,PCS,ASM-FORD-VEHICLES-T6-DAMPER-ASSY,Ford vehicles – T6 - Damper assy,stock,1,543546.00,97838.00,641384.00,0.00,ready,ready,
1003,Ford vehicles – T6,Ford vehicles – T6 Bumping stopper,Bumping stopper,Suspension & Steering System,Auto Parts,PCS,PCS,ASM-FORD-VEHICLES-T6-BUMPING-STOPPER,Ford vehicles – T6 - Bumping stopper,stock,1,146228.00,26321.00,172549.00,0.00,ready,ready,
1004,Ford vehicles – T6,Ford vehicles – T6 Stabilizer bar 'O' bushes,Stabilizer bar 'O' bushes,Suspension & Steering System,Auto Parts,PCS,PCS,ASM-FORD-VEHICLES-T6-STABILIZER-BAR-O-BUSHES,Ford vehicles – T6 - Stabilizer bar 'O' bushes,stock,1,119742.00,21554.00,141295.00,1.00,ready,ready,
1005,Ford vehicles – T6,Ford vehicles – T6 Stabilizer bar 'U' bushes,Stabilizer bar 'U' bushes,Suspension & Steering System,Auto Parts,PCS,PCS,ASM-FORD-VEHICLES-T6-STABILIZER-BAR-U-BUSHES,Ford vehicles – T6 - Stabilizer bar 'U' bushes,stock,1,119742.00,21554.00,141295.00,1.00,ready,ready,
1006,Ford vehicles – T6,Ford vehicles – T6 Steering arm,Steering arm,Suspension & Steering System,Auto Parts,PCS,PCS,ASM-FORD-VEHICLES-T6-STEERING-ARM,Ford vehicles – T6 - Steering arm,stock,1,679742.00,122354.00,802095.00,1.00,ready,ready,
1007,Ford vehicles – T6,Ford vehicles – T6 Steering box,Steering box,Suspension & Steering System,Auto Parts,PCS,PCS,ASM-FORD-VEHICLES-T6-STEERING-BOX,Ford vehicles – T6 - Steering box,stock,1,2193290.00,394792.00,2588083.00,-1.00,ready,ready,
1008,Ford vehicles – T6,Ford vehicles – T6 Steering column assembly,Steering column assembly,Suspension & Steering System,Auto Parts,PCS,PCS,ASM-FORD-VEHICLES-T6-STEERING-COLUMN-ASSEMBLY,Ford vehicles – T6 - Steering column assembly,stock,1,2135742.00,384434.00,2520175.00,1.00,ready,ready,
1009,Ford vehicles – T6,Ford vehicles – T6 Steering column kit,Steering column kit,Suspension & Steering System,Auto Parts,PCS,PCS,ASM-FORD-VEHICLES-T6-STEERING-COLUMN-KIT,Ford vehicles – T6 - Steering column kit,stock,1,2193290.00,394792.00,2588083.00,-1.00,ready,ready,
1010,Ford vehicles – T6,Ford vehicles – T6 Steering rack and pinion,Steering rack and pinion,Suspension & Steering System,Auto Parts,PCS,PCS,ASM-FORD-VEHICLES-T6-STEERING-RACK-AND-PINION,Ford vehicles – T6 - Steering rack and pinion,stock,1,12642968.00,2275734.00,14918702.00,0.00,ready,ready,
1011,Ford vehicles – T6,Ford vehicles – T6 Steering shaft,Steering shaft,Suspension & Steering System,Auto Parts,PCS,PCS,ASM-FORD-VEHICLES-T6-STEERING-SHAFT,Ford vehicles – T6 - Steering shaft,stock,1,12642968.00,2275734.00,14918702.00,0.00,ready,ready,
1012,Ford vehicles – T6,Ford vehicles – T6 Steering wheel,Steering wheel,Suspension & Steering System,Auto Parts,PCS,PCS,ASM-FORD-VEHICLES-T6-STEERING-WHEEL,Ford vehicles – T6 - Steering wheel,stock,1,3504129.00,630743.00,4134872.00,0.00,ready,ready,
1013,Ford vehicles – T6,Ford vehicles – T6 Steering Pump T6,Steering Pump T6,Suspension & Steering System,Auto Parts,PCS,PCS,ASM-FORD-VEHICLES-T6-STEERING-PUMP-T6,Ford vehicles – T6 - Steering Pump T6,stock,1,1578968.00,284214.00,1863182.00,0.00,ready,ready,
1014,Ford vehicles – T6,Ford vehicles – T6 Z-link,Z-link,Suspension & Steering System,Auto Parts,PCS,PCS,ASM-FORD-VEHICLES-T6-Z-LINK,Ford vehicles – T6 - Z-link,stock,1,583613.00,105050.00,688663.00,0.00,ready,ready,
1015,Ford vehicles – T6,Ford vehicles – T6 Stub axle,Stub axle,Suspension & Steering System,Auto Parts,PCS,PCS,ASM-FORD-VEHICLES-T6-STUB-AXLE,Ford vehicles – T6 - Stub axle,stock,1,1440516.00,259293.00,1699809.00,0.00,ready,ready,
1016,Ford vehicles – T6,Ford vehicles – T6 Suspension links and bolts,Suspension links and bolts,Suspension & Steering System,Auto Parts,PCS,PCS,ASM-FORD-VEHICLES-T6-SUSPENSION-LINKS-AND-BOLTS,Ford vehicles – T6 - Suspension links and bolts,stock,1,405414.00,72975.00,478389.00,0.00,ready,ready,
1017,Ford vehicles – T6,Ford vehicles – T6 Suspension plate - lower,Suspension plate - lower,Suspension & Steering System,Auto Parts,PCS,PCS,ASM-FORD-VEHICLES-T6-SUSPENSION-PLATE-LOWER,Ford vehicles – T6 - Suspension plate - lower,stock,1,1058323.00,190498.00,1248821.00,0.00,ready,ready,
1018,Ford vehicles – T6,Ford vehicles – T6 Suspension plate - upper,Suspension plate - upper,Suspension & Steering System,Auto Parts,PCS,PCS,ASM-FORD-VEHICLES-T6-SUSPENSION-PLATE-UPPER,Ford vehicles – T6 - Suspension plate - upper,stock,1,1310879.00,235958.00,1546837.00,0.00,ready,ready,
1019,Ford vehicles – T6,Ford vehicles – T6 Suspension plate bushes,Suspension plate bushes,Suspension & Steering System,Auto Parts,PCS,PCS,ASM-FORD-VEHICLES-T6-SUSPENSION-PLATE-BUSHES,Ford vehicles – T6 - Suspension plate bushes,stock,1,195345.00,35162.00,230507.00,0.00,ready,ready,
1020,Ford vehicles – T6,Ford vehicles – T6 Tie rod ends,Tie rod ends,Suspension & Steering System,Auto Parts,PCS,PCS,ASM-FORD-VEHICLES-T6-TIE-ROD-ENDS,Ford vehicles – T6 - Tie rod ends,stock,1,196774.00,35419.00,232194.00,-1.00,ready,ready,
1021,Ford vehicles – T6,Ford vehicles – T6 Track rod,Track rod,Suspension & Steering System,Auto Parts,PCS,PCS,ASM-FORD-VEHICLES-T6-TRACK-ROD,Ford vehicles – T6 - Track rod,stock,1,196774.00,35419.00,232194.00,-1.00,ready,ready,
1022,Ford vehicles – T6,Ford vehicles – T6 Centre bearing,Centre bearing,Suspension & Steering System,Auto Parts,PCS,PCS,ASM-FORD-VEHICLES-T6-CENTRE-BEARING,Ford vehicles – T6 - Centre bearing,stock,1,661548.00,119079.00,780627.00,0.00,ready,ready,
1023,Ford vehicles – T6,Ford vehicles – T6 Bell housing,Bell housing,Transmission System,Auto Parts,PCS,PCS,ASM-FORD-VEHICLES-T6-BELL-HOUSING,Ford vehicles – T6 - Bell housing,stock,1,24049918.00,4328985.00,28378904.00,-1.00,ready,ready,
1024,Ford vehicles – T6,Ford vehicles – T6 Motor assy transfer case,Motor assy transfer case,Transmission System,Auto Parts,PCS,PCS,ASM-FORD-VEHICLES-T6-MOTOR-ASSY-TRANSFER-CASE,Ford vehicles – T6 - Motor assy transfer case,stock,1,2880258.00,518446.00,3398705.00,-1.00,ready,ready,
1025,Ford vehicles – T6,Ford vehicles – T6 Kit PTO,Kit PTO,Transmission System,Auto Parts,PCS,PCS,ASM-FORD-VEHICLES-T6-KIT-PTO,Ford vehicles – T6 - Kit PTO,stock,1,841290.00,151432.00,992723.00,-1.00,ready,ready,
1026,Ford vehicles – T6,Ford vehicles – T6 Gear 1,Gear 1,Transmission System,Auto Parts,PCS,PCS,ASM-FORD-VEHICLES-T6-GEAR-1,Ford vehicles – T6 - Gear 1,stock,1,2723029.00,490145.00,3213174.00,0.00,ready,ready,
1027,Ford vehicles – T6,Ford vehicles – T6 Gear 2,Gear 2,Transmission System,Auto Parts,PCS,PCS,ASM-FORD-VEHICLES-T6-GEAR-2,Ford vehicles – T6 - Gear 2,stock,1,2723029.00,490145.00,3213174.00,0.00,ready,ready,
1028,Ford vehicles – T6,Ford vehicles – T6 Gear 3,Gear 3,Transmission System,Auto Parts,PCS,PCS,ASM-FORD-VEHICLES-T6-GEAR-3,Ford vehicles – T6 - Gear 3,stock,1,541189.00,97414.00,638603.00,0.00,ready,ready,
1029,Ford vehicles – T6,Ford vehicles – T6 Cone & Gear,Cone & Gear,Transmission System,Auto Parts,PCS,PCS,ASM-FORD-VEHICLES-T6-CONE-AND-GEAR,Ford vehicles – T6 - Cone & Gear,stock,1,2723029.00,490145.00,3213174.00,0.00,ready,ready,
1030,Ford vehicles – T6,Ford vehicles – T6 Gear plug,Gear plug,Transmission System,Auto Parts,PCS,PCS,ASM-FORD-VEHICLES-T6-GEAR-PLUG,Ford vehicles – T6 - Gear plug,stock,1,125996.00,22679.00,148676.00,-1.00,ready,ready,
1031,Ford vehicles – T6,Ford vehicles – T6 Clutch cylinder assembly,Clutch cylinder assembly,Transmission System,Auto Parts,PCS,PCS,ASM-FORD-VEHICLES-T6-CLUTCH-CYLINDER-ASSEMBLY,Ford vehicles – T6 - Clutch cylinder assembly,stock,1,470829.00,84749.00,555578.00,0.00,ready,ready,
1032,Ford vehicles – T6,Ford vehicles – T6 Clutch cable,Clutch cable,Transmission System,Auto Parts,PCS,PCS,ASM-FORD-VEHICLES-T6-CLUTCH-CABLE,Ford vehicles – T6 - Clutch cable,stock,1,2180379.00,392468.00,2572847.00,0.00,ready,ready,
1033,Ford vehicles – T6,Ford vehicles – T6 Clutch horse,Clutch horse,Transmission System,Auto Parts,PCS,PCS,ASM-FORD-VEHICLES-T6-CLUTCH-HORSE,Ford vehicles – T6 - Clutch horse,stock,1,623351.00,112203.00,735554.00,0.00,ready,ready,
1034,Ford vehicles – T6,Ford vehicles – T6 Clutch Kit ( clutch plate & Pressure plate),Clutch Kit ( clutch plate & Pressure plate),Transmission System,Auto Parts,PCS,PCS,ASM-FORD-VEHICLES-T6-CLUTCH-KIT-CLUTCH-PLATE-AND-PRESSURE-PLATE,Ford vehicles – T6 - Clutch Kit ( clutch plate & Pressure plate),stock,1,2518467.00,453324.00,2971791.00,0.00,ready,ready,
1035,Ford vehicles – T6,Ford vehicles – T6 Clutch lever,Clutch lever,Transmission System,Auto Parts,PCS,PCS,ASM-FORD-VEHICLES-T6-CLUTCH-LEVER,Ford vehicles – T6 - Clutch lever,stock,1,4155184.00,747933.00,4903118.00,-1.00,ready,ready,
1036,Ford vehicles – T6,Ford vehicles – T6 Pilot bearing/Fly wheel bush,Pilot bearing/Fly wheel bush,Transmission System,Auto Parts,PCS,PCS,ASM-FORD-VEHICLES-T6-PILOT-BEARING-FLY-WHEEL-BUSH,Ford vehicles – T6 - Pilot bearing/Fly wheel bush,stock,1,236595.00,42587.00,279182.00,0.00,ready,ready,
1037,Ford vehicles – T6,Ford vehicles – T6 Differential bolts,Differential bolts,Transmission System,Auto Parts,PCS,PCS,ASM-FORD-VEHICLES-T6-DIFFERENTIAL-BOLTS,Ford vehicles – T6 - Differential bolts,stock,1,46839.00,8431.00,55270.00,0.00,ready,ready,
1038,Ford vehicles – T6,Ford vehicles – T6 Differential case/housing,Differential case/housing,Transmission System,Auto Parts,PCS,PCS,ASM-FORD-VEHICLES-T6-DIFFERENTIAL-CASE-HOUSING,Ford vehicles – T6 - Differential case/housing,stock,1,6081902.00,1094742.00,7176644.00,0.00,ready,ready,
1039,Ford vehicles – T6,Ford vehicles – T6 Differential gear (set),Differential gear (set),Transmission System,Auto Parts,PCS,PCS,ASM-FORD-VEHICLES-T6-DIFFERENTIAL-GEAR-SET,Ford vehicles – T6 - Differential gear (set),stock,1,27550323.00,4959058.00,32509381.00,0.00,ready,ready,
1040,Ford vehicles – T6,Ford vehicles – T6 Differential seal,Differential seal,Transmission System,Auto Parts,PCS,PCS,ASM-FORD-VEHICLES-T6-DIFFERENTIAL-SEAL,Ford vehicles – T6 - Differential seal,stock,1,21243.00,3824.00,25067.00,0.00,ready,ready,
1041,Ford vehicles – T6,Ford vehicles – T6 Differential unit complete,Differential unit complete,Transmission System,Auto Parts,PCS,PCS,ASM-FORD-VEHICLES-T6-DIFFERENTIAL-UNIT-COMPLETE,Ford vehicles – T6 - Differential unit complete,stock,1,27550323.00,4959058.00,32509381.00,0.00,ready,ready,
1042,Ford vehicles – T6,Ford vehicles – T6 Driveshaft booth,Driveshaft booth,Transmission System,Auto Parts,PCS,PCS,ASM-FORD-VEHICLES-T6-DRIVESHAFT-BOOTH,Ford vehicles – T6 - Driveshaft booth,stock,1,587355.00,105724.00,693079.00,0.00,ready,ready,
1043,Ford vehicles – T6,Ford vehicles – T6 Driveshaft/Axle shaft,Driveshaft/Axle shaft,Transmission System,Auto Parts,PCS,PCS,ASM-FORD-VEHICLES-T6-DRIVESHAFT-AXLE-SHAFT,Ford vehicles – T6 - Driveshaft/Axle shaft,stock,1,4538968.00,817014.00,5355982.00,0.00,ready,ready,
1044,Ford vehicles – T6,Ford vehicles – T6 Flywheel,Flywheel,Transmission System,Auto Parts,PCS,PCS,ASM-FORD-VEHICLES-T6-FLYWHEEL,Ford vehicles – T6 - Flywheel,stock,1,3782815.00,680907.00,4463722.00,0.00,ready,ready,
1045,Ford vehicles – T6,Ford vehicles – T6 Flywheel ring gears,Flywheel ring gears,Transmission System,Auto Parts,PCS,PCS,ASM-FORD-VEHICLES-T6-FLYWHEEL-RING-GEARS,Ford vehicles – T6 - Flywheel ring gears,stock,1,3782815.00,680907.00,4463722.00,0.00,ready,ready,
1046,Ford vehicles – T6,Ford vehicles – T6 Four wheel drive gear coupling,Four wheel drive gear coupling,Transmission System,Auto Parts,PCS,PCS,ASM-FORD-VEHICLES-T6-FOUR-WHEEL-DRIVE-GEAR-COUPLING,Ford vehicles – T6 - Four wheel drive gear coupling,stock,1,3249548.00,584919.00,3834467.00,0.00,ready,ready,
1047,Ford vehicles – T6,Ford vehicles – T6 Gearbox oil seal,Gearbox oil seal,Transmission System,Auto Parts,PCS,PCS,ASM-FORD-VEHICLES-T6-GEARBOX-OIL-SEAL,Ford vehicles – T6 - Gearbox oil seal,stock,1,138581.00,24945.00,163525.00,1.00,ready,ready,
1048,Ford vehicles – T6,Ford vehicles – T6 Release bearing,Release bearing,Transmission System,Auto Parts,PCS,PCS,ASM-FORD-VEHICLES-T6-RELEASE-BEARING,Ford vehicles – T6 - Release bearing,stock,1,453520.00,81634.00,535153.00,1.00,ready,ready,
1049,Ford vehicles – T6,Ford vehicles – T6 Sealant ( State brand and Quantity),Sealant ( State brand and Quantity),Transmission System,Auto Parts,PCS,PCS,ASM-FORD-VEHICLES-T6-SEALANT-STATE-BRAND-AND-QUANTITY,Ford vehicles – T6 - Sealant ( State brand and Quantity),stock,1,48387.00,8710.00,57097.00,0.00,ready,ready,
1050,Ford vehicles – T6,Ford vehicles – T6 Gear box Assembly /Complete,Gear box Assembly /Complete,Transmission System,Auto Parts,PCS,PCS,ASM-FORD-VEHICLES-T6-GEAR-BOX-ASSEMBLY-COMPLETE,Ford vehicles – T6 - Gear box Assembly /Complete,stock,1,24049918.00,4328985.00,28378904.00,-1.00,ready,ready,
1051,Ford vehicles – T6,Ford vehicles – T6 Gearbox mounting,Gearbox mounting,Transmission System,Auto Parts,PCS,PCS,ASM-FORD-VEHICLES-T6-GEARBOX-MOUNTING,Ford vehicles – T6 - Gearbox mounting,stock,1,529806.00,95365.00,625172.00,-1.00,ready,ready,
1052,Ford vehicles – T6,Ford vehicles – T6 Knuckle,Knuckle,Transmission System,Auto Parts,PCS,PCS,ASM-FORD-VEHICLES-T6-KNUCKLE,Ford vehicles – T6 - Knuckle,stock,1,1440516.00,259293.00,1699809.00,0.00,ready,ready,
1053,Ford vehicles – T6,Ford vehicles – T6 Slave cylinder,Slave cylinder,Transmission System,Auto Parts,PCS,PCS,,,review,,470829.00,84749.00,555578.00,0.00,ready,review_duplicate_conflict,"Conflicting category, unit, or price variants"
1054,Ford vehicles – T6,Ford vehicles – T6 Master cylinder,Master cylinder,Transmission System,Auto Parts,PCS,PCS,,,review,,511291.00,92032.00,603324.00,-1.00,ready,review_duplicate_conflict,"Conflicting category, unit, or price variants"
1055,Ford vehicles – T6,Ford vehicles – T6 Output shaft,Output shaft,Transmission System,Auto Parts,PCS,PCS,ASM-FORD-VEHICLES-T6-OUTPUT-SHAFT,Ford vehicles – T6 - Output shaft,stock,1,1045175.00,188131.00,1233306.00,0.00,ready,ready,
1056,Ford vehicles – T6,Ford vehicles – T6 Propeller shaft complete,Propeller shaft complete,Transmission System,Auto Parts,PCS,PCS,ASM-FORD-VEHICLES-T6-PROPELLER-SHAFT-COMPLETE,Ford vehicles – T6 - Propeller shaft complete,stock,1,5551598.00,999288.00,6550886.00,0.00,ready,ready,
1057,Ford vehicles – T6,Ford vehicles – T6 Shift cable,Shift cable,Transmission System,Auto Parts,PCS,PCS,ASM-FORD-VEHICLES-T6-SHIFT-CABLE,Ford vehicles – T6 - Shift cable,stock,1,2180379.00,392468.00,2572847.00,0.00,ready,ready,
1058,Ford vehicles – T6,Ford vehicles – T6 Shift knob,Shift knob,Transmission System,Auto Parts,PCS,PCS,ASM-FORD-VEHICLES-T6-SHIFT-KNOB,Ford vehicles – T6 - Shift knob,stock,1,471278.00,84830.00,556108.00,0.00,ready,ready,
1059,Ford vehicles – T6,Ford vehicles – T6 Speed reducer,Speed reducer,Transmission System,Auto Parts,PCS,PCS,ASM-FORD-VEHICLES-T6-SPEED-REDUCER,Ford vehicles – T6 - Speed reducer,stock,1,4096387.00,737350.00,4833737.00,0.00,ready,ready,
1060,Ford vehicles – T6,Ford vehicles – T6 Speedometer gears,Speedometer gears,Transmission System,Auto Parts,PCS,PCS,ASM-FORD-VEHICLES-T6-SPEEDOMETER-GEARS,Ford vehicles – T6 - Speedometer gears,stock,1,4096387.00,737350.00,4833737.00,0.00,ready,ready,
1061,Ford vehicles – T6,Ford vehicles – T6 Transfer case,Transfer case,Transmission System,Auto Parts,PCS,PCS,ASM-FORD-VEHICLES-T6-TRANSFER-CASE,Ford vehicles – T6 - Transfer case,stock,1,15400903.00,2772163.00,18173066.00,0.00,ready,ready,
1062,Ford vehicles – T6,Ford vehicles – T6 Transfer gearbox mounting,Transfer gearbox mounting,Transmission System,Auto Parts,PCS,PCS,ASM-FORD-VEHICLES-T6-TRANSFER-GEARBOX-MOUNTING,Ford vehicles – T6 - Transfer gearbox mounting,stock,1,529806.00,95365.00,625172.00,-1.00,ready,ready,
1063,Ford vehicles – T6,Ford vehicles – T6 Synchronizer 3rd and 4th,Synchronizer 3rd and 4th,Transmission System,Auto Parts,PCS,PCS,ASM-FORD-VEHICLES-T6-SYNCHRONIZER-3RD-AND-4TH,Ford vehicles – T6 - Synchronizer 3rd and 4th,stock,1,2723029.00,490145.00,3213174.00,0.00,ready,ready,
1064,Ford vehicles – T6,Ford vehicles – T6 Synchronizer 1st and 2nd,Synchronizer 1st and 2nd,Transmission System,Auto Parts,PCS,PCS,ASM-FORD-VEHICLES-T6-SYNCHRONIZER-1ST-AND-2ND,Ford vehicles – T6 - Synchronizer 1st and 2nd,stock,1,2723029.00,490145.00,3213174.00,0.00,ready,ready,
1065,Ford vehicles – T6,Ford vehicles – T6 Synchroniser,Synchroniser,Transmission System,Auto Parts,PCS,PCS,ASM-FORD-VEHICLES-T6-SYNCHRONISER,Ford vehicles – T6 - Synchroniser,stock,1,197481.00,35547.00,233027.00,1.00,ready,ready,
1066,Ford vehicles – T6,Ford vehicles – T6 GEAR - COUNTERSHAFT CLUSTER,GEAR - COUNTERSHAFT CLUSTER,Transmission System,Auto Parts,PCS,PCS,ASM-FORD-VEHICLES-T6-GEAR-COUNTERSHAFT-CLUSTER,Ford vehicles – T6 - GEAR - COUNTERSHAFT CLUSTER,stock,1,494094.80,88937.00,583032.00,-0.20,ready,ready,
1067,Ford vehicles – T6,Ford vehicles – T6 GEAR ASY - 1ST AND REVERSE,GEAR ASY - 1ST AND REVERSE,Transmission System,Auto Parts,PCS,PCS,ASM-FORD-VEHICLES-T6-GEAR-ASY-1ST-AND-REVERSE,Ford vehicles – T6 - GEAR ASY - 1ST AND REVERSE,stock,1,967733.45,174192.00,1141925.00,0.45,ready,ready,
1068,Ford vehicles – T6,Ford vehicles – T6 GEAR - MAINSHAFT 2ND SPEED,GEAR - MAINSHAFT 2ND SPEED,Transmission System,Auto Parts,PCS,PCS,ASM-FORD-VEHICLES-T6-GEAR-MAINSHAFT-2ND-SPEED,Ford vehicles – T6 - GEAR - MAINSHAFT 2ND SPEED,stock,1,1041240.73,187423.00,1228664.00,-0.27,ready,ready,
1069,Ford vehicles – T6,Ford vehicles – T6 NUT,NUT,Transmission System,Auto Parts,PCS,PCS,ASM-FORD-VEHICLES-T6-NUT,Ford vehicles – T6 - NUT,stock,1,70022.99,12604.00,82627.00,-0.01,ready,ready,
1070,Ford vehicles – T6,Ford vehicles – T6 STIFFNER ASSY,STIFFNER ASSY,Transmission System,Auto Parts,PCS,PCS,ASM-FORD-VEHICLES-T6-STIFFNER-ASSY,Ford vehicles – T6 - STIFFNER ASSY,stock,1,112958.43,20333.00,133291.00,0.43,ready,ready,
1071,Ford vehicles – T6,Ford vehicles – T6 GASKET - OIL PAN,GASKET - OIL PAN,Transmission System,Auto Parts,PCS,PCS,ASM-FORD-VEHICLES-T6-GASKET-OIL-PAN,Ford vehicles – T6 - GASKET - OIL PAN,stock,1,312349.74,56223.00,368573.00,-0.26,ready,ready,
1072,Ford vehicles – T6,Ford vehicles – T6 HOSE ASY,HOSE ASY,Transmission System,Auto Parts,PCS,PCS,ASM-FORD-VEHICLES-T6-HOSE-ASY,Ford vehicles – T6 - HOSE ASY,stock,1,150611.25,27110.00,177721.00,0.25,ready,ready,
1073,Ford vehicles – T6,Ford vehicles – T6 NUT,NUT,Transmission System,Auto Parts,PCS,PCS,ASM-FORD-VEHICLES-T6-NUT,Ford vehicles – T6 - NUT,stock,1,70022.99,12604.00,82627.00,-0.01,ready,collapsed_exact_duplicate,
1074,Ford vehicles – T6,Ford vehicles – T6 SHIELD nozzle washer,SHIELD nozzle washer,Transmission System,Auto Parts,PCS,PCS,ASM-FORD-VEHICLES-T6-SHIELD-NOZZLE-WASHER,Ford vehicles – T6 - SHIELD nozzle washer,stock,1,31358.61,5645.00,37003.00,0.61,ready,ready,
1075,Ford vehicles – T6,Ford vehicles – T6 BOLT,BOLT,Transmission System,Auto Parts,PCS,PCS,ASM-FORD-VEHICLES-T6-BOLT,Ford vehicles – T6 - BOLT,stock,1,20680.95,3723.00,24404.00,-0.05,ready,ready,
1076,Ford vehicles – T6,Ford vehicles – T6 MANIFOLD ASY - EXHAUST,MANIFOLD ASY - EXHAUST,Transmission System,Auto Parts,PCS,PCS,ASM-FORD-VEHICLES-T6-MANIFOLD-ASY-EXHAUST,Ford vehicles – T6 - MANIFOLD ASY - EXHAUST,stock,1,1896240.54,341323.00,2237564.00,-0.46,ready,ready,
1077,Ford vehicles – T6,Ford vehicles – T6 COVER - CYLINDER FRONT,COVER - CYLINDER FRONT,Transmission System,Auto Parts,PCS,PCS,ASM-FORD-VEHICLES-T6-COVER-CYLINDER-FRONT,Ford vehicles – T6 - COVER - CYLINDER FRONT,stock,1,1064506.79,191611.00,1256118.00,-0.21,ready,ready,
1078,Ford vehicles – T6,Ford vehicles – T6 Aluminium alloy wheel rim,Aluminium alloy wheel rim,Transmission System,Auto Parts,PCS,PCS,ASM-FORD-VEHICLES-T6-ALUMINIUM-ALLOY-WHEEL-RIM,Ford vehicles – T6 - Aluminium alloy wheel rim,stock,1,2691097.00,484397.00,3175494.00,0.00,ready,ready,
1079,Ford vehicles – T6,Ford vehicles – T6 Hub cap and wheel covers,Hub cap and wheel covers,Transmission System,Auto Parts,PCS,PCS,ASM-FORD-VEHICLES-T6-HUB-CAP-AND-WHEEL-COVERS,Ford vehicles – T6 - Hub cap and wheel covers,stock,1,210968.00,37974.00,248942.00,0.00,ready,ready,
1080,Ford vehicles – T6,Ford vehicles – T6 Inner and outer rings,Inner and outer rings,Transmission System,Auto Parts,PCS,PCS,ASM-FORD-VEHICLES-T6-INNER-AND-OUTER-RINGS,Ford vehicles – T6 - Inner and outer rings,stock,1,59233.00,10662.00,69895.00,0.00,ready,ready,
1081,Ford vehicles – T6,Ford vehicles – T6 Locking nut sets,Locking nut sets,Transmission System,Auto Parts,PCS,PCS,ASM-FORD-VEHICLES-T6-LOCKING-NUT-SETS,Ford vehicles – T6 - Locking nut sets,stock,1,452774.00,81499.00,534274.00,-1.00,ready,ready,
1082,Ford vehicles – T6,Ford vehicles – T6 wheel sensor Front,wheel sensor Front,Transmission System,Auto Parts,PCS,PCS,ASM-FORD-VEHICLES-T6-WHEEL-SENSOR-FRONT,Ford vehicles – T6 - wheel sensor Front,stock,1,327226.00,58901.00,386126.00,1.00,ready,ready,
1083,Ford vehicles – T6,Ford vehicles – T6 Tyres: 265/65R17,Tyres: 265/65R17,Transmission System,Auto Parts,PCS,PCS,ASM-FORD-VEHICLES-T6-TYRES-265-65R17,Ford vehicles – T6 - Tyres: 265/65R17,stock,1,886775.00,159620.00,1046395.00,0.00,ready,ready,
1084,Ford vehicles – T6,Ford vehicles – T6 Wheel spanner for Ford T6,Wheel spanner for Ford T6,Transmission System,Auto Parts,PCS,PCS,ASM-FORD-VEHICLES-T6-WHEEL-SPANNER-FOR-FORD-T6,Ford vehicles – T6 - Wheel spanner for Ford T6,stock,1,452774.00,81499.00,534274.00,-1.00,ready,ready,
1085,Ford vehicles – T6,Ford vehicles – T6 Lockout hub,Lockout hub,Transmission System,Auto Parts,PCS,PCS,ASM-FORD-VEHICLES-T6-LOCKOUT-HUB,Ford vehicles – T6 - Lockout hub,stock,1,422323.00,76018.00,498341.00,0.00,ready,ready,
1086,Ford vehicles – T6,Ford vehicles – T6 Jack,Jack,Transmission System,Auto Parts,PCS,PCS,ASM-FORD-VEHICLES-T6-JACK,Ford vehicles – T6 - Jack,stock,1,716000.00,128880.00,844880.00,0.00,ready,ready,
1087,Ford vehicles – T6,Ford vehicles – T6 Steel wheel rim,Steel wheel rim,Transmission System,Auto Parts,PCS,PCS,ASM-FORD-VEHICLES-T6-STEEL-WHEEL-RIM,Ford vehicles – T6 - Steel wheel rim,stock,1,1057875.00,190418.00,1248293.00,0.00,ready,ready,
1088,Ford vehicles – T6,Ford vehicles – T6 Spare tyre carrier,Spare tyre carrier,Transmission System,Auto Parts,PCS,PCS,ASM-FORD-VEHICLES-T6-SPARE-TYRE-CARRIER,Ford vehicles – T6 - Spare tyre carrier,stock,1,822292.00,148013.00,970305.00,0.00,ready,ready,
1089,Ford vehicles – T6,Ford vehicles – T6 Alloy centre caps,Alloy centre caps,Transmission System,Auto Parts,PCS,PCS,ASM-FORD-VEHICLES-T6-ALLOY-CENTRE-CAPS,Ford vehicles – T6 - Alloy centre caps,stock,1,178036.00,32046.00,210082.00,0.00,ready,ready,
1090,Ford vehicles – T6,Ford vehicles – T6 wheel nuts,wheel nuts,Transmission System,Auto Parts,PCS,PCS,ASM-FORD-VEHICLES-T6-WHEEL-NUTS,Ford vehicles – T6 - wheel nuts,stock,1,42839.00,7711.00,50550.00,0.00,ready,ready,
1091,Ford vehicles – T6,Ford vehicles – T6 Wheel stud,Wheel stud,Transmission System,Auto Parts,PCS,PCS,ASM-FORD-VEHICLES-T6-WHEEL-STUD,Ford vehicles – T6 - Wheel stud,stock,1,46839.00,8431.00,55270.00,0.00,ready,ready,
1092,Ford vehicles – T6,Ford vehicles – T6 Wheel hub bearing - inner,Wheel hub bearing - inner,Transmission System,Auto Parts,PCS,PCS,ASM-FORD-VEHICLES-T6-WHEEL-HUB-BEARING-INNER,Ford vehicles – T6 - Wheel hub bearing - inner,stock,1,483305.00,86995.00,570300.00,0.00,ready,ready,
1093,Ford vehicles – T6,Ford vehicles – T6 Wheel hub bearing - inner,Wheel hub bearing - inner,Transmission System,Auto Parts,PCS,PCS,ASM-FORD-VEHICLES-T6-WHEEL-HUB-BEARING-INNER,Ford vehicles – T6 - Wheel hub bearing - inner,stock,1,483305.00,86995.00,570300.00,0.00,ready,collapsed_exact_duplicate,
1094,Ford vehicles – T6,Ford vehicles – T6 Wheel hub bearing - outer,Wheel hub bearing - outer,Transmission System,Auto Parts,PCS,PCS,ASM-FORD-VEHICLES-T6-WHEEL-HUB-BEARING-OUTER,Ford vehicles – T6 - Wheel hub bearing - outer,stock,1,422323.00,76018.00,498341.00,0.00,ready,ready,
1095,Ford vehicles – T6,Ford vehicles – T6 Hose pipe gromet water,Hose pipe gromet water,Air Conditioning System,Auto Parts,PCS,PCS,ASM-FORD-VEHICLES-T6-HOSE-PIPE-GROMET-WATER,Ford vehicles – T6 - Hose pipe gromet water,stock,1,492971.00,88735.00,581706.00,0.00,ready,ready,
1096,Ford vehicles – T6,Ford vehicles – T6 A/C Compressor,A/C Compressor,Air Conditioning System,Auto Parts,PCS,PCS,ASM-FORD-VEHICLES-T6-A-C-COMPRESSOR,Ford vehicles – T6 - A/C Compressor,stock,1,2947226.00,530501.00,3477726.00,1.00,ready,ready,
1097,Ford vehicles – T6,Ford vehicles – T6 Vacuump pump,Vacuump pump,Air Conditioning System,Auto Parts,PCS,PCS,ASM-FORD-VEHICLES-T6-VACUUMP-PUMP,Ford vehicles – T6 - Vacuump pump,stock,1,3482941.00,626929.00,4109871.00,-1.00,ready,ready,
1098,Ford vehicles – T6,Ford vehicles – T6 A/C Condenser,A/C Condenser,Air Conditioning System,Auto Parts,PCS,PCS,ASM-FORD-VEHICLES-T6-A-C-CONDENSER,Ford vehicles – T6 - A/C Condenser,stock,1,1874098.00,337338.00,2211436.00,0.00,ready,ready,
1099,Ford vehicles – T6,Ford vehicles – T6 A/C Expansion valve,A/C Expansion valve,Air Conditioning System,Auto Parts,PCS,PCS,ASM-FORD-VEHICLES-T6-A-C-EXPANSION-VALVE,Ford vehicles – T6 - A/C Expansion valve,stock,1,269548.00,48519.00,318067.00,0.00,ready,ready,
1100,Ford vehicles – T6,Ford vehicles – T6 A/C Hose,A/C Hose,Air Conditioning System,Auto Parts,PCS,PCS,ASM-FORD-VEHICLES-T6-A-C-HOSE,Ford vehicles – T6 - A/C Hose,stock,1,492971.00,88735.00,581706.00,0.00,ready,ready,
1101,Ford vehicles – T6,"Ford vehicles – T6 Pollen, AC Fresh air","Pollen, AC Fresh air",Air Conditioning System,Auto Parts,PCS,PCS,ASM-FORD-VEHICLES-T6-POLLEN-AC-FRESH-AIR,"Ford vehicles – T6 - Pollen, AC Fresh air",stock,1,231058.00,41590.00,272648.00,0.00,ready,ready,
1102,Ford vehicles – T6,Ford vehicles – T6 A/C evaporators,A/C evaporators,Air Conditioning System,Auto Parts,PCS,PCS,ASM-FORD-VEHICLES-T6-A-C-EVAPORATORS,Ford vehicles – T6 - A/C evaporators,stock,1,4915771.00,884839.00,5800610.00,0.00,ready,ready,
1103,Ford vehicles – T6,Ford vehicles – T6 A/C Control switch,A/C Control switch,Air Conditioning System,Auto Parts,PCS,PCS,ASM-FORD-VEHICLES-T6-A-C-CONTROL-SWITCH,Ford vehicles – T6 - A/C Control switch,stock,1,1814839.00,326671.00,2141510.00,0.00,ready,ready,
1104,Ford vehicles – T6,Ford vehicles – T6 A/C Low pressure valve,A/C Low pressure valve,Air Conditioning System,Auto Parts,PCS,PCS,ASM-FORD-VEHICLES-T6-A-C-LOW-PRESSURE-VALVE,Ford vehicles – T6 - A/C Low pressure valve,stock,1,269548.00,48519.00,318067.00,0.00,ready,ready,
1105,Ford vehicles – T6,Ford vehicles – T6 A/C Refilling/Gas,A/C Refilling/Gas,Air Conditioning System,Auto Parts,KG,Kg,ASM-FORD-VEHICLES-T6-A-C-REFILLING-GAS,Ford vehicles – T6 - A/C Refilling/Gas,stock,1,227.00,41.00,268.00,0.00,ready,ready,
1106,Ford vehicles – T6,Ford vehicles – T6 A/C Regulator switch,A/C Regulator switch,Air Conditioning System,Auto Parts,PCS,PCS,ASM-FORD-VEHICLES-T6-A-C-REGULATOR-SWITCH,Ford vehicles – T6 - A/C Regulator switch,stock,1,1814839.00,326671.00,2141510.00,0.00,ready,ready,
1107,Ford vehicles – T6,Ford vehicles – T6 Assy STNG Cooling INTERM- A/C Pipe,Assy STNG Cooling INTERM- A/C Pipe,Air Conditioning System,Auto Parts,PCS,PCS,ASM-FORD-VEHICLES-T6-ASSY-STNG-COOLING-INTERM-A-C-PIPE,Ford vehicles – T6 - Assy STNG Cooling INTERM- A/C Pipe,stock,1,546200.00,98316.00,644516.00,0.00,ready,ready,
1108,Ford vehicles – T6,Ford vehicles – T6 A/C Pipe,A/C Pipe,Air Conditioning System,Auto Parts,PCS,PCS,ASM-FORD-VEHICLES-T6-A-C-PIPE,Ford vehicles – T6 - A/C Pipe,stock,1,320129.00,57623.00,377752.00,0.00,ready,ready,
1109,Ford vehicles – T6,Ford vehicles – T6 Washer hose,Washer hose,Wiper System,Auto Parts,PCS,PCS,ASM-FORD-VEHICLES-T6-WASHER-HOSE,Ford vehicles – T6 - Washer hose,stock,1,177032.00,31866.00,208898.00,0.00,ready,ready,
1110,Ford vehicles – T6,Ford vehicles – T6 Wiper Arm,Wiper Arm,Wiper System,Auto Parts,PCS,PCS,ASM-FORD-VEHICLES-T6-WIPER-ARM,Ford vehicles – T6 - Wiper Arm,stock,1,413548.00,74439.00,487987.00,0.00,ready,ready,
1111,Ford vehicles – T6,Ford vehicles – T6 Wiper Blade Left,Wiper Blade Left,Wiper System,Auto Parts,PCS,PCS,ASM-FORD-VEHICLES-T6-WIPER-BLADE-LEFT,Ford vehicles – T6 - Wiper Blade Left,stock,1,138129.00,24863.00,162992.00,0.00,ready,ready,
1112,Ford vehicles – T6,Ford vehicles – T6 Wiper levers,Wiper levers,Wiper System,Auto Parts,PCS,PCS,ASM-FORD-VEHICLES-T6-WIPER-LEVERS,Ford vehicles – T6 - Wiper levers,stock,1,413548.00,74439.00,487987.00,0.00,ready,ready,
1113,Ford vehicles – T6,Ford vehicles – T6 Wiper Linkage,Wiper Linkage,Wiper System,Auto Parts,PCS,PCS,ASM-FORD-VEHICLES-T6-WIPER-LINKAGE,Ford vehicles – T6 - Wiper Linkage,stock,1,810710.00,145928.00,956637.00,1.00,ready,ready,
1114,Ford vehicles – T6,Ford vehicles – T6 Wiper motor,Wiper motor,Wiper System,Auto Parts,PCS,PCS,ASM-FORD-VEHICLES-T6-WIPER-MOTOR,Ford vehicles – T6 - Wiper motor,stock,1,1121161.00,201809.00,1322970.00,0.00,ready,ready,
1115,Ford vehicles – T6,Ford vehicles – T6 Alternator brushes,Alternator brushes,Electrical System,Auto Parts,PCS,PCS,ASM-FORD-VEHICLES-T6-ALTERNATOR-BRUSHES,Ford vehicles – T6 - Alternator brushes,stock,1,4485032.00,807306.00,5292338.00,0.00,ready,ready,
1116,Ford vehicles – T6,Ford vehicles – T6 Alternator complete,Alternator complete,Electrical System,Auto Parts,PCS,PCS,ASM-FORD-VEHICLES-T6-ALTERNATOR-COMPLETE,Ford vehicles – T6 - Alternator complete,stock,1,4485032.00,807306.00,5292338.00,0.00,ready,ready,
1117,Ford vehicles – T6,Ford vehicles – T6 Fog lamps,Fog lamps,Electrical System,Auto Parts,PCS,PCS,ASM-FORD-VEHICLES-T6-FOG-LAMPS,Ford vehicles – T6 - Fog lamps,stock,1,491397.00,88452.00,579849.00,0.00,ready,ready,
1118,Ford vehicles – T6,Ford vehicles – T6 Sport lights,Sport lights,Electrical System,Auto Parts,PCS,PCS,,,review,,491397.00,88452.00,579849.00,0.00,ready,review_duplicate_conflict,"Conflicting category, unit, or price variants"
1119,Ford vehicles – T6,Ford vehicles – T6 Electrical fuel pump,Electrical fuel pump,Electrical System,Auto Parts,PCS,PCS,ASM-FORD-VEHICLES-T6-ELECTRICAL-FUEL-PUMP,Ford vehicles – T6 - Electrical fuel pump,stock,1,3693816.00,664887.00,4358703.00,0.00,ready,ready,
1120,Ford vehicles – T6,Ford vehicles – T6 Fuse box complete,Fuse box complete,Electrical System,Auto Parts,PCS,PCS,ASM-FORD-VEHICLES-T6-FUSE-BOX-COMPLETE,Ford vehicles – T6 - Fuse box complete,stock,1,2605032.00,468906.00,3073938.00,0.00,ready,ready,
1121,Ford vehicles – T6,Ford vehicles – T6 Fuel gauges,Fuel gauges,Electrical System,Auto Parts,PCS,PCS,ASM-FORD-VEHICLES-T6-FUEL-GAUGES,Ford vehicles – T6 - Fuel gauges,stock,1,4096387.00,737350.00,4833737.00,0.00,ready,ready,
1122,Ford vehicles – T6,Ford vehicles – T6 Glow plug,Glow plug,Electrical System,Auto Parts,PCS,PCS,,,review,,109924.00,19786.00,129710.00,0.00,ready,review_duplicate_conflict,"Conflicting category, unit, or price variants"
1123,Ford vehicles – T6,Ford vehicles – T6 Door mirror switch,Door mirror switch,Electrical System,Auto Parts,PCS,PCS,ASM-FORD-VEHICLES-T6-DOOR-MIRROR-SWITCH,Ford vehicles – T6 - Door mirror switch,stock,1,576215.00,103719.00,679934.00,0.00,ready,ready,
1124,Ford vehicles – T6,Ford vehicles – T6 Door glass switch,Door glass switch,Electrical System,Auto Parts,PCS,PCS,ASM-FORD-VEHICLES-T6-DOOR-GLASS-SWITCH,Ford vehicles – T6 - Door glass switch,stock,1,804073.00,144733.00,948806.00,0.00,ready,ready,
1125,Ford vehicles – T6,Ford vehicles – T6 Window motors,Window motors,Electrical System,Auto Parts,PCS,PCS,ASM-FORD-VEHICLES-T6-WINDOW-MOTORS,Ford vehicles – T6 - Window motors,stock,1,2104375.00,378788.00,2483163.00,0.00,ready,ready,
1126,Ford vehicles – T6,Ford vehicles – T6 Window regulators,Window regulators,Electrical System,Auto Parts,PCS,PCS,ASM-FORD-VEHICLES-T6-WINDOW-REGULATORS,Ford vehicles – T6 - Window regulators,stock,1,2104375.00,378788.00,2483163.00,0.00,ready,ready,
1127,Ford vehicles – T6,Ford vehicles – T6 LAMP,LAMP,Electrical System,Auto Parts,PCS,PCS,ASM-FORD-VEHICLES-T6-LAMP,Ford vehicles – T6 - LAMP,stock,1,4897677.00,881582.00,5779259.00,0.00,ready,ready,
1128,Ford vehicles – T6,Ford vehicles – T6 Wiper motor relays,Wiper motor relays,Electrical System,Auto Parts,PCS,PCS,ASM-FORD-VEHICLES-T6-WIPER-MOTOR-RELAYS,Ford vehicles – T6 - Wiper motor relays,stock,1,1121161.00,201809.00,1322970.00,0.00,ready,ready,
1129,Ford vehicles – T6,Ford vehicles – T6 Headlamp relays,Headlamp relays,Electrical System,Auto Parts,PCS,PCS,ASM-FORD-VEHICLES-T6-HEADLAMP-RELAYS,Ford vehicles – T6 - Headlamp relays,stock,1,387097.00,69677.00,456774.00,0.00,ready,ready,
1130,Ford vehicles – T6,Ford vehicles – T6 Heater relay,Heater relay,Electrical System,Auto Parts,PCS,PCS,ASM-FORD-VEHICLES-T6-HEATER-RELAY,Ford vehicles – T6 - Heater relay,stock,1,876516.00,157773.00,1034289.00,0.00,ready,ready,
1131,Ford vehicles – T6,Ford vehicles – T6 Electrical window master switches,Electrical window master switches,Electrical System,Auto Parts,PCS,PCS,ASM-FORD-VEHICLES-T6-ELECTRICAL-WINDOW-MASTER-SWITCHES,Ford vehicles – T6 - Electrical window master switches,stock,1,1656774.00,298219.00,1954994.00,-1.00,ready,ready,
1132,Ford vehicles – T6,Ford vehicles – T6 Single Switch,Single Switch,Electrical System,Auto Parts,PCS,PCS,ASM-FORD-VEHICLES-T6-SINGLE-SWITCH,Ford vehicles – T6 - Single Switch,stock,1,804073.00,144733.00,948806.00,0.00,ready,ready,
1133,Ford vehicles – T6,Ford vehicles – T6 Head lamp switches,Head lamp switches,Electrical System,Auto Parts,PCS,PCS,ASM-FORD-VEHICLES-T6-HEAD-LAMP-SWITCHES,Ford vehicles – T6 - Head lamp switches,stock,1,500000.00,90000.00,590000.00,0.00,ready,ready,
1134,Ford vehicles – T6,Ford vehicles – T6 Number plate lamps,Number plate lamps,Electrical System,Auto Parts,PCS,PCS,ASM-FORD-VEHICLES-T6-NUMBER-PLATE-LAMPS,Ford vehicles – T6 - Number plate lamps,stock,1,11000.00,1980.00,12980.00,0.00,ready,ready,
1135,Ford vehicles – T6,Ford vehicles – T6 Heater blower motors,Heater blower motors,Electrical System,Auto Parts,PCS,PCS,ASM-FORD-VEHICLES-T6-HEATER-BLOWER-MOTORS,Ford vehicles – T6 - Heater blower motors,stock,1,993290.00,178792.00,1172083.00,-1.00,ready,ready,
1136,Ford vehicles – T6,Ford vehicles – T6 Heater control valves,Heater control valves,Electrical System,Auto Parts,PCS,PCS,ASM-FORD-VEHICLES-T6-HEATER-CONTROL-VALVES,Ford vehicles – T6 - Heater control valves,stock,1,1035226.00,186341.00,1221566.00,1.00,ready,ready,
1137,Ford vehicles – T6,Ford vehicles – T6 Battery Din 80,Battery Din 80,Electrical System,Auto Parts,PCS,PCS,ASM-FORD-VEHICLES-T6-BATTERY-DIN-80,Ford vehicles – T6 - Battery Din 80,stock,1,1040000.00,187200.00,1227200.00,0.00,ready,ready,
1138,Ford vehicles – T6,Ford vehicles – T6 Battery N45,Battery N45,Electrical System,Auto Parts,PCS,PCS,ASM-FORD-VEHICLES-T6-BATTERY-N45,Ford vehicles – T6 - Battery N45,stock,1,581613.00,104690.00,686303.00,0.00,ready,ready,
1139,Ford vehicles – T6,Ford vehicles – T6 Electronic Control Unit (ECU),Electronic Control Unit (ECU),Electrical System,Auto Parts,PCS,PCS,ASM-FORD-VEHICLES-T6-ELECTRONIC-CONTROL-UNIT-ECU,Ford vehicles – T6 - Electronic Control Unit (ECU),stock,1,6353434.00,1143618.00,7497052.00,0.00,ready,ready,
1140,Ford vehicles – T6,Ford vehicles – T6 Body Control Module (BCM),Body Control Module (BCM),Electrical System,Auto Parts,PCS,PCS,ASM-FORD-VEHICLES-T6-BODY-CONTROL-MODULE-BCM,Ford vehicles – T6 - Body Control Module (BCM),stock,1,6353434.00,1143618.00,7497052.00,0.00,ready,ready,
1141,Ford vehicles – T6,Ford vehicles – T6 Heater plugs,Heater plugs,Electrical System,Auto Parts,PCS,PCS,,,review,,109924.00,19786.00,129710.00,0.00,ready,review_duplicate_conflict,"Conflicting category, unit, or price variants"
1142,Ford vehicles – T6,Ford vehicles – T6 Bulb head lamp,Bulb head lamp,Electrical System,Auto Parts,PCS,PCS,ASM-FORD-VEHICLES-T6-BULB-HEAD-LAMP,Ford vehicles – T6 - Bulb head lamp,stock,1,369110.00,66440.00,435550.00,0.00,ready,ready,
1143,Ford vehicles – T6,Ford vehicles – T6 Brake bulb double filament,Brake bulb double filament,Electrical System,Auto Parts,PCS,PCS,ASM-FORD-VEHICLES-T6-BRAKE-BULB-DOUBLE-FILAMENT,Ford vehicles – T6 - Brake bulb double filament,stock,1,78194.00,14075.00,92268.00,1.00,ready,ready,
1144,Ford vehicles – T6,"Ford vehicles – T6 Bulb, single filament","Bulb, single filament",Electrical System,Auto Parts,PCS,PCS,ASM-FORD-VEHICLES-T6-BULB-SINGLE-FILAMENT,"Ford vehicles – T6 - Bulb, single filament",stock,1,132000.00,23760.00,155760.00,0.00,ready,ready,
1145,Ford vehicles – T6,Ford vehicles – T6 Bulb Number plate,Bulb Number plate,Electrical System,Auto Parts,PCS,PCS,ASM-FORD-VEHICLES-T6-BULB-NUMBER-PLATE,Ford vehicles – T6 - Bulb Number plate,stock,1,11914.00,2145.00,14059.00,0.00,ready,ready,
1146,Ford vehicles – T6,Ford vehicles – T6 Bulb Indicator front,Bulb Indicator front,Electrical System,Auto Parts,PCS,PCS,ASM-FORD-VEHICLES-T6-BULB-INDICATOR-FRONT,Ford vehicles – T6 - Bulb Indicator front,stock,1,12265.00,2208.00,14472.00,1.00,ready,ready,
1147,Ford vehicles – T6,Ford vehicles – T6 Bulb indicator rear,Bulb indicator rear,Electrical System,Auto Parts,PCS,PCS,ASM-FORD-VEHICLES-T6-BULB-INDICATOR-REAR,Ford vehicles – T6 - Bulb indicator rear,stock,1,12265.00,2208.00,14472.00,1.00,ready,ready,
1148,Ford vehicles – T6,"Ford vehicles – T6 Bulb, parking front","Bulb, parking front",Electrical System,Auto Parts,PCS,PCS,ASM-FORD-VEHICLES-T6-BULB-PARKING-FRONT,"Ford vehicles – T6 - Bulb, parking front",stock,1,308713.00,55568.00,364281.00,0.00,ready,ready,
1149,Ford vehicles – T6,Ford vehicles – T6 Head lamp,Head lamp,Electrical System,Auto Parts,PCS,PCS,ASM-FORD-VEHICLES-T6-HEAD-LAMP,Ford vehicles – T6 - Head lamp,stock,1,1021687.00,183904.00,1205591.00,0.00,ready,ready,
1150,Ford vehicles – T6,Ford vehicles – T6 High tension leads,High tension leads,Electrical System,Auto Parts,PCS,PCS,ASM-FORD-VEHICLES-T6-HIGH-TENSION-LEADS,Ford vehicles – T6 - High tension leads,stock,1,486740.00,87613.00,574353.00,0.00,ready,ready,
1151,Ford vehicles – T6,Ford vehicles – T6 Ignition control units,Ignition control units,Electrical System,Auto Parts,PCS,PCS,ASM-FORD-VEHICLES-T6-IGNITION-CONTROL-UNITS,Ford vehicles – T6 - Ignition control units,stock,1,6353434.00,1143618.00,7497052.00,0.00,ready,ready,
1152,Ford vehicles – T6,Ford vehicles – T6 Ignition switch,Ignition switch,Electrical System,Auto Parts,PCS,PCS,ASM-FORD-VEHICLES-T6-IGNITION-SWITCH,Ford vehicles – T6 - Ignition switch,stock,1,1958006.00,352441.00,2310447.00,0.00,ready,ready,
1153,Ford vehicles – T6,Ford vehicles – T6 Indicator lights,Indicator lights,Electrical System,Auto Parts,PCS,PCS,ASM-FORD-VEHICLES-T6-INDICATOR-LIGHTS,Ford vehicles – T6 - Indicator lights,stock,1,12265.00,2208.00,14472.00,1.00,ready,ready,
1154,Ford vehicles – T6,Ford vehicles – T6 Parking light,Parking light,Electrical System,Auto Parts,PCS,PCS,ASM-FORD-VEHICLES-T6-PARKING-LIGHT,Ford vehicles – T6 - Parking light,stock,1,286740.00,51613.00,338353.00,0.00,ready,ready,
1155,Ford vehicles – T6,Ford vehicles – T6 50 amps,50 amps,Electrical System,Auto Parts,PCS,PCS,ASM-FORD-VEHICLES-T6-50-AMPS,Ford vehicles – T6 - 50 amps,stock,1,120000.00,21600.00,141600.00,0.00,ready,ready,
1156,Ford vehicles – T6,Ford vehicles – T6 10 amps,10 amps,Electrical System,Auto Parts,PCS,PCS,ASM-FORD-VEHICLES-T6-10-AMPS,Ford vehicles – T6 - 10 amps,stock,1,76400.00,13752.00,90152.00,0.00,ready,ready,
1157,Ford vehicles – T6,Ford vehicles – T6 15 amps,15 amps,Electrical System,Auto Parts,PCS,PCS,ASM-FORD-VEHICLES-T6-15-AMPS,Ford vehicles – T6 - 15 amps,stock,1,892350.00,160623.00,1052973.00,0.00,ready,ready,
1158,Ford vehicles – T6,Ford vehicles – T6 Tails lights/rear light,Tails lights/rear light,Electrical System,Auto Parts,PCS,PCS,ASM-FORD-VEHICLES-T6-TAILS-LIGHTS-REAR-LIGHT,Ford vehicles – T6 - Tails lights/rear light,stock,1,1590581.00,286305.00,1876885.00,1.00,ready,ready,
1159,Ford vehicles – T6,Ford vehicles – T6 Thermostat housing,Thermostat housing,Electrical System,Auto Parts,PCS,PCS,ASM-FORD-VEHICLES-T6-THERMOSTAT-HOUSING,Ford vehicles – T6 - Thermostat housing,stock,1,423060.00,76151.00,499211.00,0.00,ready,ready,
1160,Ford vehicles – T6,Ford vehicles – T6 Door handle - outer,Door handle - outer,Other Miscellaneous Parts,Auto Parts,PCS,PCS,ASM-FORD-VEHICLES-T6-DOOR-HANDLE-OUTER,Ford vehicles – T6 - Door handle - outer,stock,1,251355.00,45244.00,296599.00,0.00,ready,ready,
1161,Ford vehicles – T6,Ford vehicles – T6 Door handles,Door handles,Other Miscellaneous Parts,Auto Parts,PCS,PCS,ASM-FORD-VEHICLES-T6-DOOR-HANDLES,Ford vehicles – T6 - Door handles,stock,1,251355.00,45244.00,296599.00,0.00,ready,ready,
1162,Ford vehicles – T6,Ford vehicles – T6 Door locks,Door locks,Other Miscellaneous Parts,Auto Parts,PCS,PCS,ASM-FORD-VEHICLES-T6-DOOR-LOCKS,Ford vehicles – T6 - Door locks,stock,1,559097.00,100637.00,659734.00,0.00,ready,ready,
1163,Ford vehicles – T6,Ford vehicles – T6 Rear and Front bumper,Rear and Front bumper,Other Miscellaneous Parts,Auto Parts,PCS,PCS,ASM-FORD-VEHICLES-T6-REAR-AND-FRONT-BUMPER,Ford vehicles – T6 - Rear and Front bumper,stock,1,4731355.00,851644.00,5582999.00,0.00,ready,ready,
1164,Ford vehicles – T6,Ford vehicles – T6 Door winding machine,Door winding machine,Other Miscellaneous Parts,Auto Parts,PCS,PCS,ASM-FORD-VEHICLES-T6-DOOR-WINDING-MACHINE,Ford vehicles – T6 - Door winding machine,stock,1,1656774.00,298219.00,1954994.00,-1.00,ready,ready,
1165,Ford vehicles – T6,Ford vehicles – T6 Front grill,Front grill,Other Miscellaneous Parts,Auto Parts,PCS,PCS,ASM-FORD-VEHICLES-T6-FRONT-GRILL,Ford vehicles – T6 - Front grill,stock,1,2712903.00,488323.00,3201226.00,0.00,ready,ready,
1166,Ford vehicles – T6,Ford vehicles – T6 Bonnet cable,Bonnet cable,Other Miscellaneous Parts,Auto Parts,PCS,PCS,ASM-FORD-VEHICLES-T6-BONNET-CABLE,Ford vehicles – T6 - Bonnet cable,stock,1,248284.00,44691.00,292975.00,0.00,ready,ready,
1167,Ford vehicles – T6,Ford vehicles – T6 Bonnet mounting,Bonnet mounting,Other Miscellaneous Parts,Auto Parts,PCS,PCS,ASM-FORD-VEHICLES-T6-BONNET-MOUNTING,Ford vehicles – T6 - Bonnet mounting,stock,1,56903.00,10243.00,67146.00,0.00,ready,ready,
1168,Ford vehicles – T6,Ford vehicles – T6 Rear lights complete,Rear lights complete,Other Miscellaneous Parts,Auto Parts,PCS,PCS,ASM-FORD-VEHICLES-T6-REAR-LIGHTS-COMPLETE,Ford vehicles – T6 - Rear lights complete,stock,1,1590581.00,286305.00,1876885.00,1.00,ready,ready,
1169,Ford vehicles – T6,Ford vehicles – T6 Reflectors,Reflectors,Other Miscellaneous Parts,Auto Parts,PCS,PCS,,,review,,79800.00,14364.00,94164.00,0.00,ready,review_duplicate_conflict,"Conflicting category, unit, or price variants"
1170,Ford vehicles – T6,Ford vehicles – T6 Bonnet,Bonnet,Other Miscellaneous Parts,Auto Parts,PCS,PCS,ASM-FORD-VEHICLES-T6-BONNET,Ford vehicles – T6 - Bonnet,stock,1,2097935.00,377628.00,2475564.00,-1.00,ready,ready,
1171,Ford vehicles – T6,Ford vehicles – T6 Bonnet lock,Bonnet lock,Other Miscellaneous Parts,Auto Parts,PCS,PCS,ASM-FORD-VEHICLES-T6-BONNET-LOCK,Ford vehicles – T6 - Bonnet lock,stock,1,441548.00,79479.00,521027.00,0.00,ready,ready,
1172,Ford vehicles – T6,Ford vehicles – T6 Rear cabin door locks,Rear cabin door locks,Other Miscellaneous Parts,Auto Parts,PCS,PCS,ASM-FORD-VEHICLES-T6-REAR-CABIN-DOOR-LOCKS,Ford vehicles – T6 - Rear cabin door locks,stock,1,491397.00,88452.00,579849.00,0.00,ready,ready,
1173,Ford vehicles – T6,Ford vehicles – T6 Sport lights,Sport lights,Other Miscellaneous Parts,Auto Parts,PCS,PCS,,,review,,491397.00,88452.00,579849.00,0.00,ready,review_duplicate_conflict,"Conflicting category, unit, or price variants"
1174,Ford vehicles – T6,Ford vehicles – T6 Indicators,Indicators,Other Miscellaneous Parts,Auto Parts,PCS,PCS,ASM-FORD-VEHICLES-T6-INDICATORS,Ford vehicles – T6 - Indicators,stock,1,12265.00,2208.00,14472.00,1.00,ready,ready,
1175,Ford vehicles – T6,Ford vehicles – T6 Parking lights,Parking lights,Other Miscellaneous Parts,Auto Parts,PCS,PCS,ASM-FORD-VEHICLES-T6-PARKING-LIGHTS,Ford vehicles – T6 - Parking lights,stock,1,993290.00,178792.00,1172083.00,-1.00,ready,ready,
1176,Ford vehicles – T6,Ford vehicles – T6 Bulbs (12v double filament),Bulbs (12v double filament),Other Miscellaneous Parts,Auto Parts,PCS,PCS,ASM-FORD-VEHICLES-T6-BULBS-12V-DOUBLE-FILAMENT,Ford vehicles – T6 - Bulbs (12v double filament),stock,1,78194.00,14075.00,92268.00,1.00,ready,ready,
1177,Ford vehicles – T6,Ford vehicles – T6 Bulbs (12v single filament),Bulbs (12v single filament),Other Miscellaneous Parts,Auto Parts,PCS,PCS,ASM-FORD-VEHICLES-T6-BULBS-12V-SINGLE-FILAMENT,Ford vehicles – T6 - Bulbs (12v single filament),stock,1,78194.00,14075.00,92268.00,1.00,ready,ready,
1178,Ford vehicles – T6,Ford vehicles – T6 Bulbs (24v double filament),Bulbs (24v double filament),Other Miscellaneous Parts,Auto Parts,PCS,PCS,ASM-FORD-VEHICLES-T6-BULBS-24V-DOUBLE-FILAMENT,Ford vehicles – T6 - Bulbs (24v double filament),stock,1,369110.00,66440.00,435550.00,0.00,ready,ready,
1179,Ford vehicles – T6,Ford vehicles – T6 Bulbs (24v single filament),Bulbs (24v single filament),Other Miscellaneous Parts,Auto Parts,PCS,PCS,ASM-FORD-VEHICLES-T6-BULBS-24V-SINGLE-FILAMENT,Ford vehicles – T6 - Bulbs (24v single filament),stock,1,369110.00,66440.00,435550.00,0.00,ready,ready,
1180,Ford vehicles – T6,Ford vehicles – T6 Bulbs (halogen for headlamps),Bulbs (halogen for headlamps),Other Miscellaneous Parts,Auto Parts,PCS,PCS,ASM-FORD-VEHICLES-T6-BULBS-HALOGEN-FOR-HEADLAMPS,Ford vehicles – T6 - Bulbs (halogen for headlamps),stock,1,308713.00,55568.00,364281.00,0.00,ready,ready,
1181,Ford vehicles – T6,Ford vehicles – T6 Dashboard,Dashboard,Other Miscellaneous Parts,Auto Parts,PCS,PCS,ASM-FORD-VEHICLES-T6-DASHBOARD,Ford vehicles – T6 - Dashboard,stock,1,3490065.00,628212.00,4118276.00,1.00,ready,ready,
1182,Ford vehicles – T6,Ford vehicles – T6 Door - front,Door - front,Other Miscellaneous Parts,Auto Parts,PCS,PCS,ASM-FORD-VEHICLES-T6-DOOR-FRONT,Ford vehicles – T6 - Door - front,stock,1,1918452.00,345321.00,2263773.00,0.00,ready,ready,
1183,Ford vehicles – T6,Ford vehicles – T6 Door - hind gate,Door - hind gate,Other Miscellaneous Parts,Auto Parts,PCS,PCS,ASM-FORD-VEHICLES-T6-DOOR-HIND-GATE,Ford vehicles – T6 - Door - hind gate,stock,1,248000.00,44640.00,292640.00,0.00,ready,ready,
1184,Ford vehicles – T6,Ford vehicles – T6 Door - rear,Door - rear,Other Miscellaneous Parts,Auto Parts,PCS,PCS,ASM-FORD-VEHICLES-T6-DOOR-REAR,Ford vehicles – T6 - Door - rear,stock,1,2323010.00,418142.00,2741152.00,0.00,ready,ready,
1185,Ford vehicles – T6,Ford vehicles – T6 Z- link,Z- link,Other Miscellaneous Parts,Auto Parts,PCS,PCS,ASM-FORD-VEHICLES-T6-Z-LINK-2,Ford vehicles – T6 - Z- link,stock,1,583613.00,105050.00,688663.00,0.00,ready,ready,
1186,Ford vehicles – T6,Ford vehicles – T6 Driving mirror,Driving mirror,Other Miscellaneous Parts,Auto Parts,PCS,PCS,ASM-FORD-VEHICLES-T6-DRIVING-MIRROR,Ford vehicles – T6 - Driving mirror,stock,1,695355.00,125164.00,820519.00,0.00,ready,ready,
1187,Ford vehicles – T6,Ford vehicles – T6 Floor carpets,Floor carpets,Other Miscellaneous Parts,Auto Parts,PCS,PCS,ASM-FORD-VEHICLES-T6-FLOOR-CARPETS,Ford vehicles – T6 - Floor carpets,stock,1,189600.00,34128.00,223728.00,0.00,ready,ready,
1188,Ford vehicles – T6,Ford vehicles – T6 Grill Radiator,Grill Radiator,Other Miscellaneous Parts,Auto Parts,PCS,PCS,ASM-FORD-VEHICLES-T6-GRILL-RADIATOR,Ford vehicles – T6 - Grill Radiator,stock,1,2712903.00,488323.00,3201226.00,0.00,ready,ready,
1189,Ford vehicles – T6,Ford vehicles – T6 Hood and trunk release cables,Hood and trunk release cables,Other Miscellaneous Parts,Auto Parts,PCS,PCS,ASM-FORD-VEHICLES-T6-HOOD-AND-TRUNK-RELEASE-CABLES,Ford vehicles – T6 - Hood and trunk release cables,stock,1,248284.00,44691.00,292975.00,0.00,ready,ready,
1190,Ford vehicles – T6,Ford vehicles – T6 Horn,Horn,Other Miscellaneous Parts,Auto Parts,PCS,PCS,ASM-FORD-VEHICLES-T6-HORN,Ford vehicles – T6 - Horn,stock,1,411355.00,74044.00,485399.00,0.00,ready,ready,
1191,Ford vehicles – T6,Ford vehicles – T6 Mad flaps,Mad flaps,Other Miscellaneous Parts,Auto Parts,PCS,PCS,ASM-FORD-VEHICLES-T6-MAD-FLAPS,Ford vehicles – T6 - Mad flaps,stock,1,174323.00,31378.00,205701.00,0.00,ready,ready,
1192,Ford vehicles – T6,Ford vehicles – T6 Nuts,Nuts,Other Miscellaneous Parts,Auto Parts,PCS,PCS,ASM-FORD-VEHICLES-T6-NUTS,Ford vehicles – T6 - Nuts,stock,1,46839.00,8431.00,55270.00,0.00,ready,ready,
1193,Ford vehicles – T6,Ford vehicles – T6 Radio; CD Player,Radio; CD Player,Other Miscellaneous Parts,Auto Parts,PCS,PCS,ASM-FORD-VEHICLES-T6-RADIO-CD-PLAYER,Ford vehicles – T6 - Radio; CD Player,stock,1,2502065.00,450372.00,2952436.00,1.00,ready,ready,
1194,Ford vehicles – T6,Ford vehicles – T6 Reflectors,Reflectors,Other Miscellaneous Parts,Auto Parts,PCS,PCS,,,review,,125630.00,22613.00,148243.00,0.00,ready,review_duplicate_conflict,"Conflicting category, unit, or price variants"
1195,Ford vehicles – T6,Ford vehicles – T6 Side mirror assy,Side mirror assy,Other Miscellaneous Parts,Auto Parts,PCS,PCS,ASM-FORD-VEHICLES-T6-SIDE-MIRROR-ASSY,Ford vehicles – T6 - Side mirror assy,stock,1,3082697.00,554886.00,3637583.00,0.00,ready,ready,
1196,Ford vehicles – T6,Ford vehicles – T6 Washers,Washers,Other Miscellaneous Parts,Auto Parts,PCS,PCS,ASM-FORD-VEHICLES-T6-WASHERS,Ford vehicles – T6 - Washers,stock,1,186710.00,33608.00,220317.00,1.00,ready,ready,
1197,Ford vehicles – T6,Ford vehicles – T6 Wheel alignment,Wheel alignment,Other Miscellaneous Parts,Auto Parts,PCS,PCS,ASM-FORD-VEHICLES-T6-WHEEL-ALIGNMENT,Ford vehicles – T6 - Wheel alignment,service,0,93500.00,16830.00,110330.00,0.00,ready,ready,
1198,Ford vehicles – T6,Ford vehicles – T6 Wheel balancing,Wheel balancing,Other Miscellaneous Parts,Auto Parts,PCS,PCS,ASM-FORD-VEHICLES-T6-WHEEL-BALANCING,Ford vehicles – T6 - Wheel balancing,service,0,13200.00,2376.00,15576.00,0.00,ready,ready,
1199,Ford vehicles – T6,Ford vehicles – T6 Screen washer motor,Screen washer motor,Other Miscellaneous Parts,Auto Parts,PCS,PCS,ASM-FORD-VEHICLES-T6-SCREEN-WASHER-MOTOR,Ford vehicles – T6 - Screen washer motor,stock,1,1121161.00,201809.00,1322970.00,0.00,ready,ready,
1200,Ford vehicles – T6,Ford vehicles – T6 Tow bars,Tow bars,Other Miscellaneous Parts,Auto Parts,PCS,PCS,ASM-FORD-VEHICLES-T6-TOW-BARS,Ford vehicles – T6 - Tow bars,stock,1,746194.00,134315.00,880508.00,1.00,ready,ready,
1201,Ford vehicles – T6,Ford vehicles – T6 Aerial assembly,Aerial assembly,Other Miscellaneous Parts,Auto Parts,PCS,PCS,ASM-FORD-VEHICLES-T6-AERIAL-ASSEMBLY,Ford vehicles – T6 - Aerial assembly,stock,1,1024831.00,184470.00,1209300.00,1.00,ready,ready,
1202,Ford vehicles – T6,Ford vehicles – T6 central locking Switch,central locking Switch,Other Miscellaneous Parts,Auto Parts,PCS,PCS,ASM-FORD-VEHICLES-T6-CENTRAL-LOCKING-SWITCH,Ford vehicles – T6 - central locking Switch,stock,1,746194.00,134315.00,880508.00,1.00,ready,ready,
1203,Ford vehicles – T6,Ford vehicles – T6 Drivers’ seats,Drivers’ seats,Other Miscellaneous Parts,Auto Parts,PCS,PCS,ASM-FORD-VEHICLES-T6-DRIVERS-SEATS,Ford vehicles – T6 - Drivers’ seats,stock,1,10277337.00,1849921.00,12127257.00,1.00,ready,ready,
1204,Ford vehicles – T6,Ford vehicles – T6 Rear Steps,Rear Steps,Other Miscellaneous Parts,Auto Parts,PCS,PCS,ASM-FORD-VEHICLES-T6-REAR-STEPS,Ford vehicles – T6 - Rear Steps,stock,1,2013419.00,362415.00,2375835.00,-1.00,ready,ready,
1205,Ford vehicles – T6,Ford vehicles – T6 Rubber mats,Rubber mats,Other Miscellaneous Parts,Auto Parts,PCS,PCS,ASM-FORD-VEHICLES-T6-RUBBER-MATS,Ford vehicles – T6 - Rubber mats,stock,1,189000.00,34020.00,223020.00,0.00,ready,ready,
1206,Ford vehicles – T6,Ford vehicles – T6 Warning triangles,Warning triangles,Other Miscellaneous Parts,Auto Parts,PCS,PCS,ASM-FORD-VEHICLES-T6-WARNING-TRIANGLES,Ford vehicles – T6 - Warning triangles,stock,1,175300.00,31554.00,206854.00,0.00,ready,ready,
1207,Ford vehicles – T6,Ford vehicles – T6 Washer jets,Washer jets,Other Miscellaneous Parts,Auto Parts,PCS,PCS,ASM-FORD-VEHICLES-T6-WASHER-JETS,Ford vehicles – T6 - Washer jets,stock,1,106710.00,19208.00,125917.00,1.00,ready,ready,
1208,Ford vehicles – T6,Ford vehicles – T6 Door glasses,Door glasses,Other Miscellaneous Parts,Auto Parts,PCS,PCS,ASM-FORD-VEHICLES-T6-DOOR-GLASSES,Ford vehicles – T6 - Door glasses,stock,1,320129.00,57623.00,377752.00,0.00,ready,ready,
1209,Ford vehicles – T6,Ford vehicles – T6 Rear view mirrors,Rear view mirrors,Other Miscellaneous Parts,Auto Parts,PCS,PCS,ASM-FORD-VEHICLES-T6-REAR-VIEW-MIRRORS,Ford vehicles – T6 - Rear view mirrors,stock,1,4466997.00,804059.00,5271056.00,0.00,ready,ready,
1210,Ford vehicles – T6,Ford vehicles – T6 Bumpers / cover front bumper,Bumpers / cover front bumper,Other Miscellaneous Parts,Auto Parts,PCS,PCS,ASM-FORD-VEHICLES-T6-BUMPERS-COVER-FRONT-BUMPER,Ford vehicles – T6 - Bumpers / cover front bumper,stock,1,2743742.00,493874.00,3237615.00,1.00,ready,ready,
1211,Ford vehicles – T6,Ford vehicles – T6 Side steps,Side steps,Other Miscellaneous Parts,Auto Parts,PCS,PCS,ASM-FORD-VEHICLES-T6-SIDE-STEPS,Ford vehicles – T6 - Side steps,stock,1,2013419.00,362415.00,2375835.00,-1.00,ready,ready,
1212,Ford vehicles – T6,Ford vehicles – T6 Four-wheel drive locks,Four-wheel drive locks,Other Miscellaneous Parts,Auto Parts,PCS,PCS,ASM-FORD-VEHICLES-T6-FOUR-WHEEL-DRIVE-LOCKS,Ford vehicles – T6 - Four-wheel drive locks,stock,1,3249548.00,584919.00,3834467.00,0.00,ready,ready,
1213,Ford vehicles – T6,Ford vehicles – T6 Dust seals,Dust seals,Other Miscellaneous Parts,Auto Parts,PCS,PCS,ASM-FORD-VEHICLES-T6-DUST-SEALS,Ford vehicles – T6 - Dust seals,stock,1,60976.00,10976.00,71952.00,0.00,ready,ready,
1214,Ford vehicles – T6,Ford vehicles – T6 Driving shaft boot,Driving shaft boot,Other Miscellaneous Parts,Auto Parts,PCS,PCS,ASM-FORD-VEHICLES-T6-DRIVING-SHAFT-BOOT,Ford vehicles – T6 - Driving shaft boot,stock,1,1054710.00,189848.00,1244557.00,1.00,ready,ready,
1215,Ford vehicles – T6,Ford vehicles – T6 Tarpaulin cover,Tarpaulin cover,Other Miscellaneous Parts,Auto Parts,PCS,PCS,ASM-FORD-VEHICLES-T6-TARPAULIN-COVER,Ford vehicles – T6 - Tarpaulin cover,stock,1,1445161.00,260129.00,1705290.00,0.00,ready,ready,
1216,Ford vehicles – T6,Ford vehicles – T6 Tarpaulin rope,Tarpaulin rope,Other Miscellaneous Parts,Auto Parts,PCS,PCS,ASM-FORD-VEHICLES-T6-TARPAULIN-ROPE,Ford vehicles – T6 - Tarpaulin rope,stock,1,262967.00,47334.00,310301.00,0.00,ready,ready,
1217,Ford vehicles – T6,Ford vehicles – T6 Diesel Engine oil,Diesel Engine oil,Service,Auto Parts,LTR,Litre,ASM-FORD-VEHICLES-T6-DIESEL-ENGINE-OIL,Ford vehicles – T6 - Diesel Engine oil,stock,1,81069.00,14592.00,95662.00,-1.00,ready,ready,
1218,Ford vehicles – T6,Ford vehicles – T6 Petrol Engine oil 15w40,Petrol Engine oil 15w40,Service,Auto Parts,LTR,Litre,ASM-FORD-VEHICLES-T6-PETROL-ENGINE-OIL-15W40,Ford vehicles – T6 - Petrol Engine oil 15w40,stock,1,50016.00,9003.00,59018.00,1.00,ready,ready,
1219,Ford vehicles – T6,Ford vehicles – T6 Brake fluid,Brake fluid,Service,Auto Parts,LTR,Litre,ASM-FORD-VEHICLES-T6-BRAKE-FLUID,Ford vehicles – T6 - Brake fluid,stock,1,33871.00,6097.00,39968.00,0.00,ready,ready,
1220,Ford vehicles – T6,Ford vehicles – T6 Manual transmission oil,Manual transmission oil,Service,Auto Parts,LTR,Litre,ASM-FORD-VEHICLES-T6-MANUAL-TRANSMISSION-OIL,Ford vehicles – T6 - Manual transmission oil,stock,1,73531.00,13236.00,86766.00,1.00,ready,ready,
1221,Ford vehicles – T6,Ford vehicles – T6 Gear oil,Gear oil,Service,Auto Parts,LTR,Litre,ASM-FORD-VEHICLES-T6-GEAR-OIL,Ford vehicles – T6 - Gear oil,stock,1,128237.00,23083.00,151320.00,0.00,ready,ready,
1222,Ford vehicles – T6,Ford vehicles – T6 Coolant,Coolant,Service,Auto Parts,LTR,Litre,ASM-FORD-VEHICLES-T6-COOLANT,Ford vehicles – T6 - Coolant,stock,1,88105.00,15859.00,103964.00,0.00,ready,ready,
1223,Ford vehicles – T6,Ford vehicles – T6 Grease,Grease,Service,Auto Parts,KG,Kg,ASM-FORD-VEHICLES-T6-GREASE,Ford vehicles – T6 - Grease,stock,1,24800.00,4464.00,29264.00,0.00,ready,ready,
1224,Ford vehicles – T6,Ford vehicles – T6 Hydraulic oil,Hydraulic oil,Service,Auto Parts,LTR,Litre,ASM-FORD-VEHICLES-T6-HYDRAULIC-OIL,Ford vehicles – T6 - Hydraulic oil,stock,1,63510.00,11432.00,74941.00,1.00,ready,ready,
1225,Ford vehicles – T6,Ford vehicles – T6 Oil filter,Oil filter,Service,Auto Parts,PCS,PCS,ASM-FORD-VEHICLES-T6-OIL-FILTER,Ford vehicles – T6 - Oil filter,stock,1,114525.00,20614.00,135139.00,0.00,ready,ready,
1226,Ford vehicles – T6,Ford vehicles – T6 Fuel filter,Fuel filter,Service,Auto Parts,PCS,PCS,ASM-FORD-VEHICLES-T6-FUEL-FILTER-2,Ford vehicles – T6 - Fuel filter,stock,1,233548.00,42039.00,275587.00,0.00,ready,ready,
1227,Ford vehicles – T6,Ford vehicles – T6 Air filter,Air filter,Service,Auto Parts,PCS,PCS,ASM-FORD-VEHICLES-T6-AIR-FILTER,Ford vehicles – T6 - Air filter,stock,1,262967.00,47334.00,310301.00,0.00,ready,ready,
1228,Nissan vans,Nissan vans Pad Kit-disc (Brake pads front),Pad Kit-disc (Brake pads front),Brake System,Auto Parts,PC,PCS,ASM-NISSAN-VANS-PAD-KIT-DISC-BRAKE-PADS-FRONT,Nissan vans - Pad Kit-disc (Brake pads front),stock,1,697166.00,125490.00,822656.00,0.00,ready,ready,
1229,Nissan vans,Nissan vans SHOE SET-REAR (Brake shoes),SHOE SET-REAR (Brake shoes),Brake System,Auto Parts,PC,PCS,ASM-NISSAN-VANS-SHOE-SET-REAR-BRAKE-SHOES,Nissan vans - SHOE SET-REAR (Brake shoes),stock,1,606081.00,109094.00,715175.00,0.00,ready,ready,
1230,Nissan vans,Nissan vans BOOSTER ASSY MA (brake booster),BOOSTER ASSY MA (brake booster),Brake System,Auto Parts,PC,PCS,ASM-NISSAN-VANS-BOOSTER-ASSY-MA-BRAKE-BOOSTER,Nissan vans - BOOSTER ASSY MA (brake booster),stock,1,5223460.00,940223.00,6163683.00,0.00,ready,ready,
1231,Nissan vans,Nissan vans Rotor Disc Brak (Front Rotor Discs),Rotor Disc Brak (Front Rotor Discs),Brake System,Auto Parts,Set,Set,ASM-NISSAN-VANS-ROTOR-DISC-BRAK-FRONT-ROTOR-DISCS,Nissan vans - Rotor Disc Brak (Front Rotor Discs),stock,1,1776554.00,319780.00,2096333.00,1.00,ready,ready,
1232,Nissan vans,Nissan vans Disc skimming,Disc skimming,Brake System,Auto Parts,Set,Set,ASM-NISSAN-VANS-DISC-SKIMMING,Nissan vans - Disc skimming,service,0,161290.00,29032.00,190323.00,-1.00,ready,ready,
1233,Nissan vans,Nissan vans DRUM 4X4 and hi (Brake drum),DRUM 4X4 and hi (Brake drum),Brake System,Auto Parts,PC,PCS,ASM-NISSAN-VANS-DRUM-4X4-AND-HI-BRAKE-DRUM,Nissan vans - DRUM 4X4 and hi (Brake drum),stock,1,2174176.00,391352.00,2565527.00,1.00,ready,ready,
1234,Nissan vans,Nissan vans Drum Skimming,Drum Skimming,Brake System,Auto Parts,Set,Set,ASM-NISSAN-VANS-DRUM-SKIMMING,Nissan vans - Drum Skimming,service,0,161290.00,29032.00,190323.00,-1.00,ready,ready,
1235,Nissan vans,Nissan vans BOLT-PIN (Calipper bolts),BOLT-PIN (Calipper bolts),Brake System,Auto Parts,Set,Set,ASM-NISSAN-VANS-BOLT-PIN-CALIPPER-BOLTS,Nissan vans - BOLT-PIN (Calipper bolts),stock,1,189268.00,34068.00,223337.00,-1.00,ready,ready,
1236,Nissan vans,Nissan vans CYL ASSY CLUTCH,CYL ASSY CLUTCH,Brake System,Auto Parts,PC,PCS,ASM-NISSAN-VANS-CYL-ASSY-CLUTCH,Nissan vans - CYL ASSY CLUTCH,stock,1,404082.00,72735.00,476817.00,0.00,ready,ready,
1237,Nissan vans,Nissan vans CYL ASSY-CLUTCH,CYL ASSY-CLUTCH,Brake System,Auto Parts,PC,PCS,ASM-NISSAN-VANS-CYL-ASSY-CLUTCH-2,Nissan vans - CYL ASSY-CLUTCH,stock,1,693682.00,124863.00,818545.00,0.00,ready,ready,
1238,Nissan vans,Nissan vans CALIPER ASSY-BR (Brake caliper),CALIPER ASSY-BR (Brake caliper),Brake System,Auto Parts,PC,PCS,ASM-NISSAN-VANS-CALIPER-ASSY-BR-BRAKE-CALIPER,Nissan vans - CALIPER ASSY-BR (Brake caliper),stock,1,2478939.00,446209.00,2925148.00,0.00,ready,ready,
1239,Nissan vans,"Nissan vans CABLE COMPL - P (Hand brake cable, short)","CABLE COMPL - P (Hand brake cable, short)",Brake System,Auto Parts,PC,PCS,ASM-NISSAN-VANS-CABLE-COMPL-P-HAND-BRAKE-CABLE-SHORT,"Nissan vans - CABLE COMPL - P (Hand brake cable, short)",stock,1,967567.00,174162.00,1141729.00,0.00,ready,ready,
1240,Nissan vans,"Nissan vans DVC ASSY-PKB C (handbrake cable, long)","DVC ASSY-PKB C (handbrake cable, long)",Brake System,Auto Parts,PC,PCS,ASM-NISSAN-VANS-DVC-ASSY-PKB-C-HANDBRAKE-CABLE-LONG,"Nissan vans - DVC ASSY-PKB C (handbrake cable, long)",stock,1,939826.00,169169.00,1108995.00,0.00,ready,ready,
1241,Nissan vans,Nissan vans PACK (brake shims),PACK (brake shims),Brake System,Auto Parts,PC,PCS,ASM-NISSAN-VANS-PACK-BRAKE-SHIMS,Nissan vans - PACK (brake shims),stock,1,145835.00,26250.00,172085.00,0.00,ready,ready,
1242,Nissan vans,Nissan vans SPACER VACUUM BOOST (brake servo bolt),SPACER VACUUM BOOST (brake servo bolt),Brake System,Auto Parts,PC,PCS,ASM-NISSAN-VANS-SPACER-VACUUM-BOOST-BRAKE-SERVO-BOLT,Nissan vans - SPACER VACUUM BOOST (brake servo bolt),stock,1,38424.00,6916.00,45341.00,-1.00,ready,ready,
1243,Nissan vans,Nissan vans Brake pad plates,Brake pad plates,Brake System,Auto Parts,Set,Set,ASM-NISSAN-VANS-BRAKE-PAD-PLATES,Nissan vans - Brake pad plates,stock,1,701783.00,126321.00,828104.00,0.00,ready,ready,
1244,Nissan vans,Nissan vans ABS sensor,ABS sensor,Brake System,Auto Parts,PC,PCS,ASM-NISSAN-VANS-ABS-SENSOR,Nissan vans - ABS sensor,stock,1,2895091.00,521116.00,3416207.00,0.00,ready,ready,
1245,Nissan vans,Nissan vans Brake master cylinder,Brake master cylinder,Brake System,Auto Parts,PC,PCS,ASM-NISSAN-VANS-BRAKE-MASTER-CYLINDER,Nissan vans - Brake master cylinder,stock,1,1446716.00,260409.00,1707125.00,0.00,ready,ready,
1246,Nissan vans,Nissan vans Drive shaft boot,Drive shaft boot,Axle,Auto Parts,PC,PCS,ASM-NISSAN-VANS-DRIVE-SHAFT-BOOT,Nissan vans - Drive shaft boot,stock,1,575429.00,103577.00,679006.00,0.00,ready,ready,
1247,Nissan vans,Nissan vans SEAL HUB FRONT (Front grease seals),SEAL HUB FRONT (Front grease seals),Axle,Auto Parts,Set,Set,ASM-NISSAN-VANS-SEAL-HUB-FRONT-FRONT-GREASE-SEALS,Nissan vans - SEAL HUB FRONT (Front grease seals),stock,1,145550.00,26199.00,171748.00,1.00,ready,ready,
1248,Nissan vans,Nissan vans BEARING ASSY-FR (Wheel bearings inner),BEARING ASSY-FR (Wheel bearings inner),Axle,Auto Parts,Set,Set,ASM-NISSAN-VANS-BEARING-ASSY-FR-WHEEL-BEARINGS-INNER,Nissan vans - BEARING ASSY-FR (Wheel bearings inner),stock,1,699446.00,125900.00,825347.00,-1.00,ready,ready,
1249,Nissan vans,Nissan vans Bearing KLM3008 (Wheel bearings outer),Bearing KLM3008 (Wheel bearings outer),Axle,Auto Parts,Set,Set,ASM-NISSAN-VANS-BEARING-KLM3008-WHEEL-BEARINGS-OUTER,Nissan vans - Bearing KLM3008 (Wheel bearings outer),stock,1,988031.00,177846.00,1165877.00,0.00,ready,ready,
1250,Nissan vans,Nissan vans SHAFT ASSY FRON (Drive shaft),SHAFT ASSY FRON (Drive shaft),Axle,Auto Parts,Set,Set,ASM-NISSAN-VANS-SHAFT-ASSY-FRON-DRIVE-SHAFT,Nissan vans - SHAFT ASSY FRON (Drive shaft),stock,1,7649291.00,1376872.00,9026163.00,0.00,ready,ready,
1251,Nissan vans,Nissan vans ORNAMENT ROAD C (Hub cap),ORNAMENT ROAD C (Hub cap),Axle,Auto Parts,PC,PCS,ASM-NISSAN-VANS-ORNAMENT-ROAD-C-HUB-CAP,Nissan vans - ORNAMENT ROAD C (Hub cap),stock,1,270274.00,48649.00,318924.00,-1.00,ready,ready,
1252,Nissan vans,Nissan vans LEVER-COMPLETE (*Accelerator pedal),LEVER-COMPLETE (*Accelerator pedal),Axle,Auto Parts,PC,PCS,ASM-NISSAN-VANS-LEVER-COMPLETE-ACCELERATOR-PEDAL,Nissan vans - LEVER-COMPLETE (*Accelerator pedal),stock,1,2540443.00,457280.00,2997723.00,0.00,ready,ready,
1253,Nissan vans,Nissan vans CYL ASSY-RR WHE (Wheel cylinder),CYL ASSY-RR WHE (Wheel cylinder),Axle,Auto Parts,Set,Set,ASM-NISSAN-VANS-CYL-ASSY-RR-WHE-WHEEL-CYLINDER,Nissan vans - CYL ASSY-RR WHE (Wheel cylinder),stock,1,968153.00,174268.00,1142421.00,0.00,ready,ready,
1254,Nissan vans,Nissan vans Nut (Wheel lock nut),Nut (Wheel lock nut),Axle,Auto Parts,PC,PCS,ASM-NISSAN-VANS-NUT-WHEEL-LOCK-NUT,Nissan vans - Nut (Wheel lock nut),stock,1,124118.00,22341.00,146459.00,0.00,ready,ready,
1255,Nissan vans,Nissan vans Wash-lock Wheel (Wheel hub washers),Wash-lock Wheel (Wheel hub washers),Axle,Auto Parts,PC,PCS,ASM-NISSAN-VANS-WASH-LOCK-WHEEL-WHEEL-HUB-WASHERS,Nissan vans - Wash-lock Wheel (Wheel hub washers),stock,1,87057.00,15670.00,102727.00,0.00,ready,ready,
1256,Nissan vans,Nissan vans Scr-truss HD (Wheel hub screw),Scr-truss HD (Wheel hub screw),Axle,Auto Parts,Set,Set,ASM-NISSAN-VANS-SCR-TRUSS-HD-WHEEL-HUB-SCREW,Nissan vans - Scr-truss HD (Wheel hub screw),stock,1,22890.00,4120.00,27010.00,0.00,ready,ready,
1257,Nissan vans,Nissan vans COMP BRG NEEDLE (Wheel hub lock nut),COMP BRG NEEDLE (Wheel hub lock nut),Axle,Auto Parts,PC,PCS,ASM-NISSAN-VANS-COMP-BRG-NEEDLE-WHEEL-HUB-LOCK-NUT,Nissan vans - COMP BRG NEEDLE (Wheel hub lock nut),stock,1,178870.00,32197.00,211066.00,1.00,ready,ready,
1258,Nissan vans,Nissan vans HUB ASSY-AUTO F (Free running hub),HUB ASSY-AUTO F (Free running hub),Axle,Auto Parts,Set,Set,ASM-NISSAN-VANS-HUB-ASSY-AUTO-F-FREE-RUNNING-HUB,Nissan vans - HUB ASSY-AUTO F (Free running hub),stock,1,4881409.00,878654.00,5760063.00,0.00,ready,ready,
1259,Nissan vans,Nissan vans BELT-ALTNTR,BELT-ALTNTR,Engine Components,Auto Parts,PC,PCS,ASM-NISSAN-VANS-BELT-ALTNTR,Nissan vans - BELT-ALTNTR,stock,1,355800.00,64044.00,419844.00,0.00,ready,ready,
1260,Nissan vans,Nissan vans BELT-COMPRESSOR,BELT-COMPRESSOR,Engine Components,Auto Parts,PC,PCS,ASM-NISSAN-VANS-BELT-COMPRESSOR,Nissan vans - BELT-COMPRESSOR,stock,1,102840.00,18511.00,121352.00,-1.00,ready,ready,
1261,Nissan vans,Nissan vans BELT-POWER STEE,BELT-POWER STEE,Engine Components,Auto Parts,PC,PCS,ASM-NISSAN-VANS-BELT-POWER-STEE,Nissan vans - BELT-POWER STEE,stock,1,260259.00,46847.00,307106.00,0.00,ready,ready,
1262,Nissan vans,"Nissan vans GUIDE-CHAIN TEN (Guide chain tensioner, smal","GUIDE-CHAIN TEN (Guide chain tensioner, smal",Engine Components,Auto Parts,PC,PCS,ASM-NISSAN-VANS-GUIDE-CHAIN-TEN-GUIDE-CHAIN-TENSIONER-SMAL,"Nissan vans - GUIDE-CHAIN TEN (Guide chain tensioner, smal",stock,1,129581.00,23325.00,152905.00,1.00,ready,ready,
1263,Nissan vans,"Nissan vans GUIDE-CHAIN TEN (Guide chain tensioner, big)","GUIDE-CHAIN TEN (Guide chain tensioner, big)",Engine Components,Auto Parts,PC,PCS,ASM-NISSAN-VANS-GUIDE-CHAIN-TEN-GUIDE-CHAIN-TENSIONER-BIG,"Nissan vans - GUIDE-CHAIN TEN (Guide chain tensioner, big)",stock,1,379565.00,68322.00,447887.00,0.00,ready,ready,
1264,Nissan vans,Nissan vans CHAIN-TIMING CA (Timing chain loose end),CHAIN-TIMING CA (Timing chain loose end),Engine Components,Auto Parts,PC,PCS,ASM-NISSAN-VANS-CHAIN-TIMING-CA-TIMING-CHAIN-LOOSE-END,Nissan vans - CHAIN-TIMING CA (Timing chain loose end),stock,1,623381.00,112208.00,735589.00,0.00,ready,ready,
1265,Nissan vans,Nissan vans CHAIN-TIMING CA (Timing chain tension end),CHAIN-TIMING CA (Timing chain tension end),Engine Components,Auto Parts,PC,PCS,ASM-NISSAN-VANS-CHAIN-TIMING-CA-TIMING-CHAIN-TENSION-END,Nissan vans - CHAIN-TIMING CA (Timing chain tension end),stock,1,473963.00,85313.00,559277.00,-1.00,ready,ready,
1266,Nissan vans,Nissan vans Tension Chain,Tension Chain,Engine Components,Auto Parts,PC,PCS,ASM-NISSAN-VANS-TENSION-CHAIN,Nissan vans - Tension Chain,stock,1,362812.00,65306.00,428118.00,0.00,ready,ready,
1267,Nissan vans,"Nissan vans SEAL-OIL CRANKS (Crankshaft oil seal, front)","SEAL-OIL CRANKS (Crankshaft oil seal, front)",Engine Components,Auto Parts,PC,PCS,ASM-NISSAN-VANS-SEAL-OIL-CRANKS-CRANKSHAFT-OIL-SEAL-FRONT,"Nissan vans - SEAL-OIL CRANKS (Crankshaft oil seal, front)",stock,1,108552.00,19539.00,128091.00,0.00,ready,ready,
1268,Nissan vans,"Nissan vans SEAL-OIL CRANKS (Crankshaft oil seal, rear))","SEAL-OIL CRANKS (Crankshaft oil seal, rear))",Engine Components,Auto Parts,PC,PCS,ASM-NISSAN-VANS-SEAL-OIL-CRANKS-CRANKSHAFT-OIL-SEAL-REAR,"Nissan vans - SEAL-OIL CRANKS (Crankshaft oil seal, rear))",stock,1,187398.00,33732.00,221129.00,1.00,ready,ready,
1269,Nissan vans,Nissan vans HEAD CYLINDER (Cylinder head),HEAD CYLINDER (Cylinder head),Engine Components,Auto Parts,PC,PCS,ASM-NISSAN-VANS-HEAD-CYLINDER-CYLINDER-HEAD,Nissan vans - HEAD CYLINDER (Cylinder head),stock,1,9640622.00,1735312.00,11375934.00,0.00,ready,ready,
1270,Nissan vans,Nissan vans Cylinder head refacing,Cylinder head refacing,Engine Components,Auto Parts,PC,PCS,ASM-NISSAN-VANS-CYLINDER-HEAD-REFACING,Nissan vans - Cylinder head refacing,stock,1,1174194.00,211355.00,1385548.00,1.00,ready,ready,
1271,Nissan vans,Nissan vans Gasket Cylinder (Cylinde head gasket),Gasket Cylinder (Cylinde head gasket),Engine Components,Auto Parts,PC,PCS,ASM-NISSAN-VANS-GASKET-CYLINDER-CYLINDE-HEAD-GASKET,Nissan vans - Gasket Cylinder (Cylinde head gasket),stock,1,336497.00,60570.00,397067.00,0.00,ready,ready,
1272,Nissan vans,Nissan vans GASKET-ROCKER C (Rocker cover gasket),GASKET-ROCKER C (Rocker cover gasket),Engine Components,Auto Parts,PC,PCS,ASM-NISSAN-VANS-GASKET-ROCKER-C-ROCKER-COVER-GASKET,Nissan vans - GASKET-ROCKER C (Rocker cover gasket),stock,1,151351.00,27243.00,178594.00,0.00,ready,ready,
1273,Nissan vans,"Nissan vans INSULATOR-ENGIN (Engine mounting, rear)","INSULATOR-ENGIN (Engine mounting, rear)",Engine Components,Auto Parts,PC,PCS,ASM-NISSAN-VANS-INSULATOR-ENGIN-ENGINE-MOUNTING-REAR,"Nissan vans - INSULATOR-ENGIN (Engine mounting, rear)",stock,1,751269.00,135228.00,886497.00,0.00,ready,ready,
1274,Nissan vans,"Nissan vans INSULATOR-ENG M (Engine mounting, front)","INSULATOR-ENG M (Engine mounting, front)",Engine Components,Auto Parts,PC,PCS,ASM-NISSAN-VANS-INSULATOR-ENG-M-ENGINE-MOUNTING-FRONT,"Nissan vans - INSULATOR-ENG M (Engine mounting, front)",stock,1,477270.00,85909.00,563179.00,0.00,ready,ready,
1275,Nissan vans,Nissan vans Plug Drain,Plug Drain,Engine Components,Auto Parts,PC,PCS,ASM-NISSAN-VANS-PLUG-DRAIN,Nissan vans - Plug Drain,stock,1,19894.00,3581.00,23475.00,0.00,ready,ready,
1276,Nissan vans,"Nissan vans ENGINE BARE, complete engine assy","ENGINE BARE, complete engine assy",Engine Components,Auto Parts,PC,PCS,ASM-NISSAN-VANS-ENGINE-BARE-COMPLETE-ENGINE-ASSY,"Nissan vans - ENGINE BARE, complete engine assy",stock,1,61521902.00,11073942.00,72595845.00,-1.00,ready,ready,
1277,Nissan vans,Nissan vans RING SET-PISTON (Piston rings),RING SET-PISTON (Piston rings),Engine Components,Auto Parts,Set,Set,ASM-NISSAN-VANS-RING-SET-PISTON-PISTON-RINGS,Nissan vans - RING SET-PISTON (Piston rings),stock,1,1211051.00,217989.00,1429040.00,0.00,ready,ready,
1278,Nissan vans,Nissan vans PISTON WITH PIN (Piston),PISTON WITH PIN (Piston),Engine Components,Auto Parts,Set,Set,ASM-NISSAN-VANS-PISTON-WITH-PIN-PISTON,Nissan vans - PISTON WITH PIN (Piston),stock,1,4677811.00,842006.00,5519817.00,0.00,ready,ready,
1279,Nissan vans,Nissan vans Bearing Set (Main bearings),Bearing Set (Main bearings),Engine Components,Auto Parts,Set,Set,ASM-NISSAN-VANS-BEARING-SET-MAIN-BEARINGS,Nissan vans - Bearing Set (Main bearings),stock,1,254862.00,45875.00,300737.00,0.00,ready,ready,
1280,Nissan vans,Nissan vans BUSHING SET-CON (Piece bearings),BUSHING SET-CON (Piece bearings),Engine Components,Auto Parts,Set,Set,ASM-NISSAN-VANS-BUSHING-SET-CON-PIECE-BEARINGS,Nissan vans - BUSHING SET-CON (Piece bearings),stock,1,480304.00,86455.00,566759.00,0.00,ready,ready,
1281,Nissan vans,Nissan vans Block Sleeve,Block Sleeve,Engine Components,Auto Parts,Set,Set,ASM-NISSAN-VANS-BLOCK-SLEEVE,Nissan vans - Block Sleeve,stock,1,1612903.00,290323.00,1903226.00,0.00,ready,ready,
1282,Nissan vans,Nissan vans GASKET-ENGINE (Overhaul gasket kit),GASKET-ENGINE (Overhaul gasket kit),Engine Components,Auto Parts,PC,PCS,ASM-NISSAN-VANS-GASKET-ENGINE-OVERHAUL-GASKET-KIT,Nissan vans - GASKET-ENGINE (Overhaul gasket kit),stock,1,1286961.00,231653.00,1518614.00,0.00,ready,ready,
1283,Nissan vans,Nissan vans PUMP ASSY OIL D (Oil pump),PUMP ASSY OIL D (Oil pump),Engine Components,Auto Parts,PC,PCS,,,review,,1105943.00,199070.00,1305012.00,1.00,ready,review_duplicate_conflict,"Conflicting category, unit, or price variants"
1284,Nissan vans,Nissan vans ROD COMP-CON (Connecting rods),ROD COMP-CON (Connecting rods),Engine Components,Auto Parts,Set,Set,ASM-NISSAN-VANS-ROD-COMP-CON-CONNECTING-RODS,Nissan vans - ROD COMP-CON (Connecting rods),stock,1,3540870.00,637357.00,4178226.00,1.00,ready,ready,
1285,Nissan vans,Nissan vans PUMP INJECTION (Injector pump),PUMP INJECTION (Injector pump),Engine Components,Auto Parts,PC,PCS,ASM-NISSAN-VANS-PUMP-INJECTION-INJECTOR-PUMP,Nissan vans - PUMP INJECTION (Injector pump),stock,1,9990431.00,1798278.00,11788709.00,0.00,ready,ready,
1286,Nissan vans,Nissan vans Injector nozzles,Injector nozzles,Engine Components,Auto Parts,Set,Set,ASM-NISSAN-VANS-INJECTOR-NOZZLES,Nissan vans - Injector nozzles,stock,1,14188364.00,2553906.00,16742270.00,0.00,ready,ready,
1287,Nissan vans,Nissan vans Injector pump service,Injector pump service,Engine Components,Auto Parts,PC,PCS,ASM-NISSAN-VANS-INJECTOR-PUMP-SERVICE,Nissan vans - Injector pump service,stock,1,1877119.00,337881.00,2215000.00,0.00,ready,ready,
1288,Nissan vans,Nissan vans Fluid Gasket (Sealant tube),Fluid Gasket (Sealant tube),Engine Components,Auto Parts,PC,PCS,ASM-NISSAN-VANS-FLUID-GASKET-SEALANT-TUBE,Nissan vans - Fluid Gasket (Sealant tube),stock,1,525513.00,94592.00,620105.00,0.00,ready,ready,
1289,Nissan vans,Nissan vans FAN COOLING,FAN COOLING,Engine Components,Auto Parts,PC,PCS,ASM-NISSAN-VANS-FAN-COOLING,Nissan vans - FAN COOLING,stock,1,1093420.00,196816.00,1290235.00,1.00,ready,ready,
1290,Nissan vans,Nissan vans Camshaft pulley,Camshaft pulley,Engine Components,Auto Parts,PC,PCS,ASM-NISSAN-VANS-CAMSHAFT-PULLEY,Nissan vans - Camshaft pulley,stock,1,453126.00,81563.00,534689.00,0.00,ready,ready,
1291,Nissan vans,Nissan vans Crankshaft pulley,Crankshaft pulley,Engine Components,Auto Parts,PC,PCS,ASM-NISSAN-VANS-CRANKSHAFT-PULLEY,Nissan vans - Crankshaft pulley,stock,1,918630.00,165353.00,1083983.00,0.00,ready,ready,
1292,Nissan vans,Nissan vans Fan coupling,Fan coupling,Engine Components,Auto Parts,PC,PCS,ASM-NISSAN-VANS-FAN-COUPLING,Nissan vans - Fan coupling,stock,1,2041554.00,367480.00,2409033.00,1.00,ready,ready,
1293,Nissan vans,Nissan vans Hose air inlet,Hose air inlet,Engine Components,Auto Parts,PC,PCS,ASM-NISSAN-VANS-HOSE-AIR-INLET,Nissan vans - Hose air inlet,stock,1,544917.00,98085.00,643003.00,-1.00,ready,ready,
1294,Nissan vans,Nissan vans FAN ASSY-COND (AC fan shroud),FAN ASSY-COND (AC fan shroud),Engine Cooling System,Auto Parts,PC,PCS,ASM-NISSAN-VANS-FAN-ASSY-COND-AC-FAN-SHROUD,Nissan vans - FAN ASSY-COND (AC fan shroud),stock,1,259570.00,46723.00,306293.00,0.00,ready,ready,
1295,Nissan vans,Nissan vans Shroud-rad.lowe (Cooling fan shroud),Shroud-rad.lowe (Cooling fan shroud),Engine Cooling System,Auto Parts,PC,PCS,ASM-NISSAN-VANS-SHROUD-RAD-LOWE-COOLING-FAN-SHROUD,Nissan vans - Shroud-rad.lowe (Cooling fan shroud),stock,1,841626.00,151493.00,993118.00,1.00,ready,ready,
1296,Nissan vans,Nissan vans Radiator assy,Radiator assy,Engine Cooling System,Auto Parts,PC,PCS,ASM-NISSAN-VANS-RADIATOR-ASSY,Nissan vans - Radiator assy,stock,1,3234148.00,582147.00,3816294.00,1.00,ready,ready,
1297,Nissan vans,Nissan vans CAP ASSY-PRESSU (Radiator cap),CAP ASSY-PRESSU (Radiator cap),Engine Cooling System,Auto Parts,PC,PCS,ASM-NISSAN-VANS-CAP-ASSY-PRESSU-RADIATOR-CAP,Nissan vans - CAP ASSY-PRESSU (Radiator cap),stock,1,62693.00,11285.00,73978.00,0.00,ready,ready,
1298,Nissan vans,Nissan vans MOUNTING RUBBER (Upper radiator mountings,MOUNTING RUBBER (Upper radiator mountings,Engine Cooling System,Auto Parts,Set,Set,ASM-NISSAN-VANS-MOUNTING-RUBBER-UPPER-RADIATOR-MOUNTINGS,Nissan vans - MOUNTING RUBBER (Upper radiator mountings,stock,1,118985.00,21417.00,140402.00,0.00,ready,ready,
1299,Nissan vans,Nissan vans RUBBER-MOUNTING (Lower radiator mounting,RUBBER-MOUNTING (Lower radiator mounting,Engine Cooling System,Auto Parts,Set,Set,ASM-NISSAN-VANS-RUBBER-MOUNTING-LOWER-RADIATOR-MOUNTING,Nissan vans - RUBBER-MOUNTING (Lower radiator mounting,stock,1,52722.00,9490.00,62213.00,-1.00,ready,ready,
1300,Nissan vans,Nissan vans HOSE-RESERVE TA (Reserve tank pipe),HOSE-RESERVE TA (Reserve tank pipe),Engine Cooling System,Auto Parts,PC,PCS,ASM-NISSAN-VANS-HOSE-RESERVE-TA-RESERVE-TANK-PIPE,Nissan vans - HOSE-RESERVE TA (Reserve tank pipe),stock,1,108010.00,19442.00,127452.00,0.00,ready,ready,
1301,Nissan vans,Nissan vans Nozzle Washer (Wiper nozzles),Nozzle Washer (Wiper nozzles),Engine Cooling System,Auto Parts,Set,Set,ASM-NISSAN-VANS-NOZZLE-WASHER-WIPER-NOZZLES,Nissan vans - Nozzle Washer (Wiper nozzles),stock,1,114322.00,20578.00,134900.00,0.00,ready,ready,
1302,Nissan vans,Nissan vans TANK ASSY-RESER (Reservoir tank),TANK ASSY-RESER (Reservoir tank),Engine Cooling System,Auto Parts,PC,PCS,ASM-NISSAN-VANS-TANK-ASSY-RESER-RESERVOIR-TANK,Nissan vans - TANK ASSY-RESER (Reservoir tank),stock,1,674117.00,121341.00,795458.00,0.00,ready,ready,
1303,Nissan vans,Nissan vans BODY-CLEANER (Air cleaner housing),BODY-CLEANER (Air cleaner housing),Engine Cooling System,Auto Parts,PC,PCS,ASM-NISSAN-VANS-BODY-CLEANER-AIR-CLEANER-HOUSING,Nissan vans - BODY-CLEANER (Air cleaner housing),stock,1,865213.00,155738.00,1020951.00,0.00,ready,ready,
1304,Nissan vans,Nissan vans PUMP ASSY-WATER (Water pump),PUMP ASSY-WATER (Water pump),Engine Cooling System,Auto Parts,PC,PCS,ASM-NISSAN-VANS-PUMP-ASSY-WATER-WATER-PUMP,Nissan vans - PUMP ASSY-WATER (Water pump),stock,1,1967835.00,354210.00,2322045.00,0.00,ready,ready,
1305,Nissan vans,Nissan vans GASKET-WATER PU (Water pump gasket),GASKET-WATER PU (Water pump gasket),Engine Cooling System,Auto Parts,PC,PCS,ASM-NISSAN-VANS-GASKET-WATER-PU-WATER-PUMP-GASKET,Nissan vans - GASKET-WATER PU (Water pump gasket),stock,1,30181.00,5433.00,35614.00,0.00,ready,ready,
1306,Nissan vans,Nissan vans TANK ASSY -WS WASH (Wiper tank tank),TANK ASSY -WS WASH (Wiper tank tank),Engine Cooling System,Auto Parts,PC,PCS,ASM-NISSAN-VANS-TANK-ASSY-WS-WASH-WIPER-TANK-TANK,Nissan vans - TANK ASSY -WS WASH (Wiper tank tank),stock,1,185083.00,33315.00,218398.00,0.00,ready,ready,
1307,Nissan vans,Nissan vans AIR FILTER ASSY,AIR FILTER ASSY,Engine Cooling System,Auto Parts,PC,PCS,ASM-NISSAN-VANS-AIR-FILTER-ASSY,Nissan vans - AIR FILTER ASSY,stock,1,231799.00,41724.00,273523.00,0.00,ready,ready,
1308,Nissan vans,Nissan vans INTRCOOLER(CHARGER AIR COOLER),INTRCOOLER(CHARGER AIR COOLER),Engine Cooling System,Auto Parts,PC,PCS,ASM-NISSAN-VANS-INTRCOOLER-CHARGER-AIR-COOLER,Nissan vans - INTRCOOLER(CHARGER AIR COOLER),stock,1,7088378.00,1275908.00,8364286.00,0.00,ready,ready,
1309,Nissan vans,Nissan vans CHARGER TURBO,CHARGER TURBO,Engine Cooling System,Auto Parts,PC,PCS,ASM-NISSAN-VANS-CHARGER-TURBO,Nissan vans - CHARGER TURBO,stock,1,9183925.00,1653106.00,10837031.00,0.00,ready,ready,
1310,Nissan vans,Nissan vans FILTER ASSY-OIL (Oil filter),FILTER ASSY-OIL (Oil filter),Engine Oil System,Auto Parts,PC,PCS,ASM-NISSAN-VANS-FILTER-ASSY-OIL-OIL-FILTER,Nissan vans - FILTER ASSY-OIL (Oil filter),stock,1,116319.00,20937.00,137257.00,-1.00,ready,ready,
1311,Nissan vans,Nissan vans CAP ASSY-OIL FI (Oil filler cap),CAP ASSY-OIL FI (Oil filler cap),Engine Oil System,Auto Parts,PC,PCS,ASM-NISSAN-VANS-CAP-ASSY-OIL-FI-OIL-FILLER-CAP,Nissan vans - CAP ASSY-OIL FI (Oil filler cap),stock,1,179513.00,32312.00,211826.00,-1.00,ready,ready,
1312,Nissan vans,Nissan vans PUMP ASSY OIL D (Oil pump),PUMP ASSY OIL D (Oil pump),Engine Oil System,Auto Parts,PC,PCS,,,review,,1043502.00,187830.00,1231333.00,-1.00,ready,review_duplicate_conflict,"Conflicting category, unit, or price variants"
1313,Nissan vans,Nissan vans HOSE-WATER (Oil cooler pipe),HOSE-WATER (Oil cooler pipe),Engine Oil System,Auto Parts,PC,PCS,ASM-NISSAN-VANS-HOSE-WATER-OIL-COOLER-PIPE,Nissan vans - HOSE-WATER (Oil cooler pipe),stock,1,96727.00,17411.00,114137.00,1.00,ready,ready,
1314,Nissan vans,Nissan vans COOLER OIL (Oil cooler),COOLER OIL (Oil cooler),Engine Oil System,Auto Parts,PC,PCS,ASM-NISSAN-VANS-COOLER-OIL-OIL-COOLER,Nissan vans - COOLER OIL (Oil cooler),stock,1,1015637.00,182815.00,1198452.00,0.00,ready,ready,
1315,Nissan vans,Nissan vans STRAINER OIL (Oil strainer),STRAINER OIL (Oil strainer),Engine Oil System,Auto Parts,PC,PCS,ASM-NISSAN-VANS-STRAINER-OIL-OIL-STRAINER,Nissan vans - STRAINER OIL (Oil strainer),stock,1,228786.00,41182.00,269968.00,0.00,ready,ready,
1316,Nissan vans,Nissan vans GAUGE OIL LEVEL (Dipstick),GAUGE OIL LEVEL (Dipstick),Engine Oil System,Auto Parts,PC,PCS,ASM-NISSAN-VANS-GAUGE-OIL-LEVEL-DIPSTICK,Nissan vans - GAUGE OIL LEVEL (Dipstick),stock,1,86740.00,15613.00,102353.00,0.00,ready,ready,
1317,Nissan vans,Nissan vans PAN ASSY-OIL (Oil pan),PAN ASSY-OIL (Oil pan),Engine Oil System,Auto Parts,PC,PCS,ASM-NISSAN-VANS-PAN-ASSY-OIL-OIL-PAN,Nissan vans - PAN ASSY-OIL (Oil pan),stock,1,858365.00,154506.00,1012871.00,0.00,ready,ready,
1318,Nissan vans,Nissan vans BRACKET-OIL FIL (Oil filter bracket),BRACKET-OIL FIL (Oil filter bracket),Engine Oil System,Auto Parts,PC,PCS,ASM-NISSAN-VANS-BRACKET-OIL-FIL-OIL-FILTER-BRACKET,Nissan vans - BRACKET-OIL FIL (Oil filter bracket),stock,1,449710.00,80948.00,530658.00,0.00,ready,ready,
1319,Nissan vans,Nissan vans WASHER DRAIN (Drain plug washer),WASHER DRAIN (Drain plug washer),Engine Oil System,Auto Parts,PC,PCS,ASM-NISSAN-VANS-WASHER-DRAIN-DRAIN-PLUG-WASHER,Nissan vans - WASHER DRAIN (Drain plug washer),stock,1,19894.00,3581.00,23475.00,0.00,ready,ready,
1320,Nissan vans,Nissan vans Oil pressure switch,Oil pressure switch,Engine Oil System,Auto Parts,PC,PCS,ASM-NISSAN-VANS-OIL-PRESSURE-SWITCH,Nissan vans - Oil pressure switch,stock,1,69881.00,12579.00,82460.00,0.00,ready,ready,
1321,Nissan vans,"Nissan vans MFLR ASSY (Exhaust pipe complete( Silencers,pipes etc))","MFLR ASSY (Exhaust pipe complete( Silencers,pipes etc))",Exhaust System,Auto Parts,PC,PCS,ASM-NISSAN-VANS-MFLR-ASSY-EXHAUST-PIPE-COMPLETE-SILENCERS-PIPES-ETC,"Nissan vans - MFLR ASSY (Exhaust pipe complete( Silencers,pipes etc))",stock,1,838477.00,150926.00,989403.00,0.00,ready,ready,
1322,Nissan vans,Nissan vans CONVERTER ASSY (Catalytic converter),CONVERTER ASSY (Catalytic converter),Exhaust System,Auto Parts,PC,PCS,ASM-NISSAN-VANS-CONVERTER-ASSY-CATALYTIC-CONVERTER,Nissan vans - CONVERTER ASSY (Catalytic converter),stock,1,2875531.00,517596.00,3393127.00,0.00,ready,ready,
1323,Nissan vans,Nissan vans BOLT (Exhaust bolt),BOLT (Exhaust bolt),Exhaust System,Auto Parts,PC,PCS,,,review,,7006.00,1261.00,8268.00,-1.00,ready,review_duplicate_conflict,"Conflicting category, unit, or price variants"
1324,Nissan vans,Nissan vans BOLT HEX HD (Exhaust bolt),BOLT HEX HD (Exhaust bolt),Exhaust System,Auto Parts,PC,PCS,ASM-NISSAN-VANS-BOLT-HEX-HD-EXHAUST-BOLT,Nissan vans - BOLT HEX HD (Exhaust bolt),stock,1,104874.00,18877.00,123752.00,-1.00,ready,ready,
1325,Nissan vans,Nissan vans BOLT (Exhaust bolt),BOLT (Exhaust bolt),Exhaust System,Auto Parts,PC,PCS,,,review,,42038.00,7567.00,49605.00,0.00,ready,review_duplicate_conflict,"Conflicting category, unit, or price variants"
1326,Nissan vans,Nissan vans SCR-HEX HD PP W (Exhaust bolt),SCR-HEX HD PP W (Exhaust bolt),Exhaust System,Auto Parts,Set,Set,ASM-NISSAN-VANS-SCR-HEX-HD-PP-W-EXHAUST-BOLT,Nissan vans - SCR-HEX HD PP W (Exhaust bolt),stock,1,47745.00,8594.00,56339.00,0.00,ready,ready,
1327,Nissan vans,Nissan vans CLAMP-EXH MTG (exhaust clamp),CLAMP-EXH MTG (exhaust clamp),Exhaust System,Auto Parts,PC,PCS,ASM-NISSAN-VANS-CLAMP-EXH-MTG-EXHAUST-CLAMP,Nissan vans - CLAMP-EXH MTG (exhaust clamp),stock,1,187588.00,33766.00,221354.00,0.00,ready,ready,
1328,Nissan vans,"Nissan vans Gasket, exhaust Big (Exhaust manifold gasket)","Gasket, exhaust Big (Exhaust manifold gasket)",Exhaust System,Auto Parts,PC,PCS,ASM-NISSAN-VANS-GASKET-EXHAUST-BIG-EXHAUST-MANIFOLD-GASKET,"Nissan vans - Gasket, exhaust Big (Exhaust manifold gasket)",stock,1,162857.00,29314.00,192171.00,0.00,ready,ready,
1329,Nissan vans,Nissan vans Bracket - Exh M (Exhaust mounting bracket),Bracket - Exh M (Exhaust mounting bracket),Exhaust System,Auto Parts,PC,PCS,ASM-NISSAN-VANS-BRACKET-EXH-M-EXHAUST-MOUNTING-BRACKET,Nissan vans - Bracket - Exh M (Exhaust mounting bracket),stock,1,151785.00,27321.00,179107.00,-1.00,ready,ready,
1330,Nissan vans,Nissan vans INSUL EXH MTG (Exhaust mounting),INSUL EXH MTG (Exhaust mounting),Exhaust System,Auto Parts,PC,PCS,ASM-NISSAN-VANS-INSUL-EXH-MTG-EXHAUST-MOUNTING,Nissan vans - INSUL EXH MTG (Exhaust mounting),stock,1,176000.00,31680.00,207681.00,-1.00,ready,ready,
1331,Nissan vans,"Nissan vans MNTG Bracket (Exhaust mounting, front)","MNTG Bracket (Exhaust mounting, front)",Exhaust System,Auto Parts,PC,PCS,ASM-NISSAN-VANS-MNTG-BRACKET-EXHAUST-MOUNTING-FRONT,"Nissan vans - MNTG Bracket (Exhaust mounting, front)",stock,1,125830.00,22649.00,148480.00,-1.00,ready,ready,
1332,Nissan vans,Nissan vans BRKT EXH MTG (Exhaust pipe bracket),BRKT EXH MTG (Exhaust pipe bracket),Exhaust System,Auto Parts,PC,PCS,ASM-NISSAN-VANS-BRKT-EXH-MTG-EXHAUST-PIPE-BRACKET,Nissan vans - BRKT EXH MTG (Exhaust pipe bracket),stock,1,30150.00,5427.00,35577.00,0.00,ready,ready,
1333,Nissan vans,Nissan vans Insul-heat Exh (Exhaust insulator),Insul-heat Exh (Exhaust insulator),Exhaust System,Auto Parts,PC,PCS,ASM-NISSAN-VANS-INSUL-HEAT-EXH-EXHAUST-INSULATOR,Nissan vans - Insul-heat Exh (Exhaust insulator),stock,1,155553.00,28000.00,183553.00,0.00,ready,ready,
1334,Nissan vans,"Nissan vans INJECTOR-FUEL (Injector Nozzle, complete)","INJECTOR-FUEL (Injector Nozzle, complete)",Fuel Supply System,Auto Parts,Set,Set,ASM-NISSAN-VANS-INJECTOR-FUEL-INJECTOR-NOZZLE-COMPLETE,"Nissan vans - INJECTOR-FUEL (Injector Nozzle, complete)",stock,1,9990431.00,1798278.00,11788709.00,0.00,ready,ready,
1335,Nissan vans,Nissan vans 16401-VC10C COVER-UPPER (Fuel Lift pump),16401-VC10C COVER-UPPER (Fuel Lift pump),Fuel Supply System,Auto Parts,PC,PCS,ASM-NISSAN-VANS-16401-VC10C-COVER-UPPER-FUEL-LIFT-PUMP,Nissan vans - 16401-VC10C COVER-UPPER (Fuel Lift pump),stock,1,449783.00,80961.00,530744.00,0.00,ready,ready,
1336,Nissan vans,Nissan vans Gasket-nozzle (Injector Nozzle seal),Gasket-nozzle (Injector Nozzle seal),Fuel Supply System,Auto Parts,Set,Set,ASM-NISSAN-VANS-GASKET-NOZZLE-INJECTOR-NOZZLE-SEAL,Nissan vans - Gasket-nozzle (Injector Nozzle seal),stock,1,65689.00,11824.00,77513.00,0.00,ready,ready,
1337,Nissan vans,Nissan vans TUBE ASSY-FUEL (Fuel return pipe),TUBE ASSY-FUEL (Fuel return pipe),Fuel Supply System,Auto Parts,PC,PCS,ASM-NISSAN-VANS-TUBE-ASSY-FUEL-FUEL-RETURN-PIPE,Nissan vans - TUBE ASSY-FUEL (Fuel return pipe),stock,1,365819.00,65847.00,431666.00,0.00,ready,ready,
1338,Nissan vans,Nissan vans TUBE ASSY-INJEC (Fuel rail),TUBE ASSY-INJEC (Fuel rail),Fuel Supply System,Auto Parts,PC,PCS,ASM-NISSAN-VANS-TUBE-ASSY-INJEC-FUEL-RAIL,Nissan vans - TUBE ASSY-INJEC (Fuel rail),stock,1,4790638.00,862315.00,5652953.00,0.00,ready,ready,
1339,Nissan vans,Nissan vans TUBE-INJECTION (Fuel rail pipe1),TUBE-INJECTION (Fuel rail pipe1),Fuel Supply System,Auto Parts,PC,PCS,ASM-NISSAN-VANS-TUBE-INJECTION-FUEL-RAIL-PIPE1,Nissan vans - TUBE-INJECTION (Fuel rail pipe1),stock,1,365819.00,65847.00,431666.00,0.00,ready,ready,
1340,Nissan vans,Nissan vans TUBE ASSY-INJEC (Fuel rail pipe2),TUBE ASSY-INJEC (Fuel rail pipe2),Fuel Supply System,Auto Parts,PC,PCS,ASM-NISSAN-VANS-TUBE-ASSY-INJEC-FUEL-RAIL-PIPE2,Nissan vans - TUBE ASSY-INJEC (Fuel rail pipe2),stock,1,381628.00,68693.00,450321.00,0.00,ready,ready,
1341,Nissan vans,Nissan vans TUBE ASSY-INJEC (Fuel rail pipe3),TUBE ASSY-INJEC (Fuel rail pipe3),Fuel Supply System,Auto Parts,PC,PCS,ASM-NISSAN-VANS-TUBE-ASSY-INJEC-FUEL-RAIL-PIPE3,Nissan vans - TUBE ASSY-INJEC (Fuel rail pipe3),stock,1,252056.00,45370.00,297427.00,-1.00,ready,ready,
1342,Nissan vans,Nissan vans TUBE ASSY-INJEC (Fuel rail pipe4),TUBE ASSY-INJEC (Fuel rail pipe4),Fuel Supply System,Auto Parts,PC,PCS,ASM-NISSAN-VANS-TUBE-ASSY-INJEC-FUEL-RAIL-PIPE4,Nissan vans - TUBE ASSY-INJEC (Fuel rail pipe4),stock,1,515796.00,92843.00,608639.00,0.00,ready,ready,
1343,Nissan vans,Nissan vans O RING (Tank belt clamp),O RING (Tank belt clamp),Fuel Supply System,Auto Parts,PC,PCS,ASM-NISSAN-VANS-O-RING-TANK-BELT-CLAMP,Nissan vans - O RING (Tank belt clamp),stock,1,30990.00,5578.00,36568.00,0.00,ready,ready,
1344,Nissan vans,Nissan vans Cap-filler-scre (Fuel tank cap - rubber),Cap-filler-scre (Fuel tank cap - rubber),Fuel Supply System,Auto Parts,PC,PCS,ASM-NISSAN-VANS-CAP-FILLER-SCRE-FUEL-TANK-CAP-RUBBER,Nissan vans - Cap-filler-scre (Fuel tank cap - rubber),stock,1,179773.00,32359.00,212132.00,0.00,ready,ready,
1345,Nissan vans,Nissan vans Manifold Assy-I (Intake manifold ass),Manifold Assy-I (Intake manifold ass),Fuel Supply System,Auto Parts,PC,PCS,ASM-NISSAN-VANS-MANIFOLD-ASSY-I-INTAKE-MANIFOLD-ASS,Nissan vans - Manifold Assy-I (Intake manifold ass),stock,1,2666412.00,479954.00,3146366.00,0.00,ready,ready,
1346,Nissan vans,Nissan vans Suction control valve,Suction control valve,Fuel Supply System,Auto Parts,PC,PCS,ASM-NISSAN-VANS-SUCTION-CONTROL-VALVE,Nissan vans - Suction control valve,stock,1,1300000.00,234000.00,1534000.00,0.00,ready,ready,
1347,Nissan vans,Nissan vans Fuel filter sensor,Fuel filter sensor,Fuel Supply System,Auto Parts,PC,PCS,ASM-NISSAN-VANS-FUEL-FILTER-SENSOR,Nissan vans - Fuel filter sensor,stock,1,516531.00,92976.00,609507.00,0.00,ready,ready,
1348,Nissan vans,Nissan vans Gasket-manifold,Gasket-manifold,Fuel Supply System,Auto Parts,PC,PCS,ASM-NISSAN-VANS-GASKET-MANIFOLD,Nissan vans - Gasket-manifold,stock,1,239454.00,43102.00,282556.00,0.00,ready,ready,
1349,Nissan vans,Nissan vans Injector nozzle service,Injector nozzle service,Fuel Supply System,Auto Parts,PC,PCS,ASM-NISSAN-VANS-INJECTOR-NOZZLE-SERVICE,Nissan vans - Injector nozzle service,stock,1,1054717.00,189849.00,1244566.00,0.00,ready,ready,
1350,Nissan vans,Nissan vans Link Compl-fr S (Ball joint - upper LH),Link Compl-fr S (Ball joint - upper LH),Suspension & Steering System,Auto Parts,PC,PCS,ASM-NISSAN-VANS-LINK-COMPL-FR-S-BALL-JOINT-UPPER-LH,Nissan vans - Link Compl-fr S (Ball joint - upper LH),stock,1,1378737.00,248173.00,1626909.00,1.00,ready,ready,
1351,Nissan vans,Nissan vans LINK COMPL RH (Ball joint - upper RH),LINK COMPL RH (Ball joint - upper RH),Suspension & Steering System,Auto Parts,PC,PCS,ASM-NISSAN-VANS-LINK-COMPL-RH-BALL-JOINT-UPPER-RH,Nissan vans - LINK COMPL RH (Ball joint - upper RH),stock,1,1378737.00,248173.00,1626909.00,1.00,ready,ready,
1352,Nissan vans,Nissan vans Link Compl-fr S (Ball joint - lower RH),Link Compl-fr S (Ball joint - lower RH),Suspension & Steering System,Auto Parts,PC,PCS,ASM-NISSAN-VANS-LINK-COMPL-FR-S-BALL-JOINT-LOWER-RH,Nissan vans - Link Compl-fr S (Ball joint - lower RH),stock,1,972216.00,174999.00,1147215.00,0.00,ready,ready,
1353,Nissan vans,Nissan vans Link Compl-fr S (Ball joint - lower LH),Link Compl-fr S (Ball joint - lower LH),Suspension & Steering System,Auto Parts,PC,PCS,ASM-NISSAN-VANS-LINK-COMPL-FR-S-BALL-JOINT-LOWER-LH,Nissan vans - Link Compl-fr S (Ball joint - lower LH),stock,1,972216.00,174999.00,1147215.00,0.00,ready,ready,
1354,Nissan vans,Nissan vans Rod Kit-relay * (Track rod),Rod Kit-relay * (Track rod),Suspension & Steering System,Auto Parts,PC,PCS,ASM-NISSAN-VANS-ROD-KIT-RELAY-TRACK-ROD,Nissan vans - Rod Kit-relay * (Track rod),stock,1,1610048.00,289809.00,1899857.00,0.00,ready,ready,
1355,Nissan vans,Nissan vans Rod Kit - Tie; (Tie rod ends),Rod Kit - Tie; (Tie rod ends),Suspension & Steering System,Auto Parts,Set,Set,ASM-NISSAN-VANS-ROD-KIT-TIE-TIE-ROD-ENDS,Nissan vans - Rod Kit - Tie; (Tie rod ends),stock,1,1688863.00,303995.00,1992858.00,0.00,ready,ready,
1356,Nissan vans,Nissan vans Z-link(ROD CONN rhs),Z-link(ROD CONN rhs),Suspension & Steering System,Auto Parts,PC,PCS,ASM-NISSAN-VANS-Z-LINK-ROD-CONN-RHS,Nissan vans - Z-link(ROD CONN rhs),stock,1,349894.00,62981.00,412875.00,0.00,ready,ready,
1357,Nissan vans,Nissan vans Z-link(ROD CONN lhs),Z-link(ROD CONN lhs),Suspension & Steering System,Auto Parts,PC,PCS,ASM-NISSAN-VANS-Z-LINK-ROD-CONN-LHS,Nissan vans - Z-link(ROD CONN lhs),stock,1,349894.00,62981.00,412875.00,0.00,ready,ready,
1358,Nissan vans,Nissan vans ABSORBER-SHOCK (Front shock absorbers),ABSORBER-SHOCK (Front shock absorbers),Suspension & Steering System,Auto Parts,Set,Set,ASM-NISSAN-VANS-ABSORBER-SHOCK-FRONT-SHOCK-ABSORBERS,Nissan vans - ABSORBER-SHOCK (Front shock absorbers),stock,1,1548507.00,278731.00,1827239.00,-1.00,ready,ready,
1359,Nissan vans,Nissan vans Bush *telex* (Shock absorber bushes),Bush *telex* (Shock absorber bushes),Suspension & Steering System,Auto Parts,Set,Set,ASM-NISSAN-VANS-BUSH-TELEX-SHOCK-ABSORBER-BUSHES,Nissan vans - Bush *telex* (Shock absorber bushes),stock,1,61282.00,11031.00,72313.00,0.00,ready,ready,
1360,Nissan vans,Nissan vans Shock RR 2WD KA (rear shock absorbers),Shock RR 2WD KA (rear shock absorbers),Suspension & Steering System,Auto Parts,Set,Set,ASM-NISSAN-VANS-SHOCK-RR-2WD-KA-REAR-SHOCK-ABSORBERS,Nissan vans - Shock RR 2WD KA (rear shock absorbers),stock,1,1769308.00,318475.00,2087784.00,-1.00,ready,ready,
1361,Nissan vans,"Nissan vans BUSH STAB (Stabiliser bar bushes, big)","BUSH STAB (Stabiliser bar bushes, big)",Suspension & Steering System,Auto Parts,Set,Set,ASM-NISSAN-VANS-BUSH-STAB-STABILISER-BAR-BUSHES-BIG,"Nissan vans - BUSH STAB (Stabiliser bar bushes, big)",stock,1,129283.00,23271.00,152555.00,-1.00,ready,ready,
1362,Nissan vans,"Nissan vans Stabiliser bar bushes, small","Stabiliser bar bushes, small",Suspension & Steering System,Auto Parts,Set,Set,ASM-NISSAN-VANS-STABILISER-BAR-BUSHES-SMALL,"Nissan vans - Stabiliser bar bushes, small",stock,1,125398.00,22572.00,147970.00,0.00,ready,ready,
1363,Nissan vans,"Nissan vans BUSH RR SPR RR (Spring bushes, small)","BUSH RR SPR RR (Spring bushes, small)",Suspension & Steering System,Auto Parts,Set,Set,ASM-NISSAN-VANS-BUSH-RR-SPR-RR-SPRING-BUSHES-SMALL,"Nissan vans - BUSH RR SPR RR (Spring bushes, small)",stock,1,224532.00,40416.00,264948.00,0.00,ready,ready,
1364,Nissan vans,"Nissan vans Bush-spring (Spring bushes, big)","Bush-spring (Spring bushes, big)",Suspension & Steering System,Auto Parts,Set,Set,ASM-NISSAN-VANS-BUSH-SPRING-SPRING-BUSHES-BIG,"Nissan vans - Bush-spring (Spring bushes, big)",stock,1,336005.00,60481.00,396486.00,0.00,ready,ready,
1365,Nissan vans,Nissan vans Shock absorber bushes,Shock absorber bushes,Suspension & Steering System,Auto Parts,Set,Set,ASM-NISSAN-VANS-SHOCK-ABSORBER-BUSHES,Nissan vans - Shock absorber bushes,stock,1,126910.00,22844.00,149754.00,0.00,ready,ready,
1366,Nissan vans,Nissan vans Bush fitting,Bush fitting,Suspension & Steering System,Auto Parts,Set,Set,ASM-NISSAN-VANS-BUSH-FITTING,Nissan vans - Bush fitting,stock,1,96774.00,17419.00,114194.00,-1.00,ready,ready,
1367,Nissan vans,"Nissan vans SPRING ASSY RR (Leaf spring, complete)","SPRING ASSY RR (Leaf spring, complete)",Suspension & Steering System,Auto Parts,Set,Set,ASM-NISSAN-VANS-SPRING-ASSY-RR-LEAF-SPRING-COMPLETE,"Nissan vans - SPRING ASSY RR (Leaf spring, complete)",stock,1,5059640.00,910735.00,5970375.00,0.00,ready,ready,
1368,Nissan vans,Nissan vans Clip RR Spring (leaf spring clamps),Clip RR Spring (leaf spring clamps),Suspension & Steering System,Auto Parts,PC,PCS,ASM-NISSAN-VANS-CLIP-RR-SPRING-LEAF-SPRING-CLAMPS,Nissan vans - Clip RR Spring (leaf spring clamps),stock,1,394242.00,70964.00,465205.00,1.00,ready,ready,
1369,Nissan vans,Nissan vans SEAT ASSY-RR SP U - bolts mounting plates - set,SEAT ASSY-RR SP U - bolts mounting plates - set,Suspension & Steering System,Auto Parts,PC,PCS,ASM-NISSAN-VANS-SEAT-ASSY-RR-SP-U-BOLTS-MOUNTING-PLATES-SET,Nissan vans - SEAT ASSY-RR SP U - bolts mounting plates - set,stock,1,686009.00,123482.00,809491.00,0.00,ready,ready,
1370,Nissan vans,Nissan vans PAD ASSY-RR SPR (Leaf spring seat),PAD ASSY-RR SPR (Leaf spring seat),Suspension & Steering System,Auto Parts,PC,PCS,ASM-NISSAN-VANS-PAD-ASSY-RR-SPR-LEAF-SPRING-SEAT,Nissan vans - PAD ASSY-RR SPR (Leaf spring seat),stock,1,170215.00,30639.00,200853.00,1.00,ready,ready,
1371,Nissan vans,Nissan vans ARM ASSY FR SPR (Anchor arm),ARM ASSY FR SPR (Anchor arm),Suspension & Steering System,Auto Parts,PC,PCS,ASM-NISSAN-VANS-ARM-ASSY-FR-SPR-ANCHOR-ARM,Nissan vans - ARM ASSY FR SPR (Anchor arm),stock,1,213822.00,38488.00,252310.00,0.00,ready,ready,
1372,Nissan vans,Nissan vans ARM ASSY ANCHOR (Anchor arm),ARM ASSY ANCHOR (Anchor arm),Suspension & Steering System,Auto Parts,PC,PCS,ASM-NISSAN-VANS-ARM-ASSY-ANCHOR-ANCHOR-ARM,Nissan vans - ARM ASSY ANCHOR (Anchor arm),stock,1,221019.00,39783.00,260802.00,0.00,ready,ready,
1373,Nissan vans,Nissan vans PULLEY-PUMP (Power steering pump pulley),PULLEY-PUMP (Power steering pump pulley),Suspension & Steering System,Auto Parts,PC,PCS,ASM-NISSAN-VANS-PULLEY-PUMP-POWER-STEERING-PUMP-PULLEY,Nissan vans - PULLEY-PUMP (Power steering pump pulley),stock,1,564891.00,101680.00,666571.00,0.00,ready,ready,
1374,Nissan vans,Nissan vans Power Pump assy (Steering pump),Power Pump assy (Steering pump),Suspension & Steering System,Auto Parts,PC,PCS,ASM-NISSAN-VANS-POWER-PUMP-ASSY-STEERING-PUMP,Nissan vans - Power Pump assy (Steering pump),stock,1,3117403.00,561132.00,3678535.00,0.00,ready,ready,
1375,Nissan vans,Nissan vans ArmKit-Pitman+- (Pitman arm),ArmKit-Pitman+- (Pitman arm),Suspension & Steering System,Auto Parts,PC,PCS,ASM-NISSAN-VANS-ARMKIT-PITMAN-PITMAN-ARM,Nissan vans - ArmKit-Pitman+- (Pitman arm),stock,1,550447.00,99081.00,649528.00,0.00,ready,ready,
1376,Nissan vans,Nissan vans Idler Kit **tel (Idler arm),Idler Kit **tel (Idler arm),Suspension & Steering System,Auto Parts,PC,PCS,ASM-NISSAN-VANS-IDLER-KIT-TEL-IDLER-ARM,Nissan vans - Idler Kit **tel (Idler arm),stock,1,770166.00,138630.00,908796.00,0.00,ready,ready,
1377,Nissan vans,Nissan vans COLUMN ASSY-STE (steering column),COLUMN ASSY-STE (steering column),Suspension & Steering System,Auto Parts,PC,PCS,ASM-NISSAN-VANS-COLUMN-ASSY-STE-STEERING-COLUMN,Nissan vans - COLUMN ASSY-STE (steering column),stock,1,889239.00,160063.00,1049302.00,0.00,ready,ready,
1378,Nissan vans,Nissan vans WHEEL ASSY-STEE (Steering wheel),WHEEL ASSY-STEE (Steering wheel),Suspension & Steering System,Auto Parts,PC,PCS,ASM-NISSAN-VANS-WHEEL-ASSY-STEE-STEERING-WHEEL,Nissan vans - WHEEL ASSY-STEE (Steering wheel),stock,1,2686336.00,483541.00,3169877.00,0.00,ready,ready,
1379,Nissan vans,Nissan vans Transfer case seal,Transfer case seal,Suspension & Steering System,Auto Parts,PC,PCS,ASM-NISSAN-VANS-TRANSFER-CASE-SEAL,Nissan vans - Transfer case seal,stock,1,185994.00,33479.00,219473.00,0.00,ready,ready,
1380,Nissan vans,Nissan vans BRNG. Kit Centr (Center bearing),BRNG. Kit Centr (Center bearing),Transmission System,Auto Parts,PC,PCS,ASM-NISSAN-VANS-BRNG-KIT-CENTR-CENTER-BEARING,Nissan vans - BRNG. Kit Centr (Center bearing),stock,1,791776.00,142520.00,934296.00,0.00,ready,ready,
1381,Nissan vans,Nissan vans Clutch Disc (Clutch plate),Clutch Disc (Clutch plate),Transmission System,Auto Parts,PC,PCS,ASM-NISSAN-VANS-CLUTCH-DISC-CLUTCH-PLATE,Nissan vans - Clutch Disc (Clutch plate),stock,1,2926647.00,526796.00,3453443.00,0.00,ready,ready,
1382,Nissan vans,Nissan vans Cover-Clutch (Pressure plate),Cover-Clutch (Pressure plate),Transmission System,Auto Parts,PC,PCS,ASM-NISSAN-VANS-COVER-CLUTCH-PRESSURE-PLATE,Nissan vans - Cover-Clutch (Pressure plate),stock,1,2563803.00,461485.00,3025288.00,0.00,ready,ready,
1383,Nissan vans,Nissan vans Bearing Clutch (Release bearing),Bearing Clutch (Release bearing),Transmission System,Auto Parts,PC,PCS,ASM-NISSAN-VANS-BEARING-CLUTCH-RELEASE-BEARING,Nissan vans - Bearing Clutch (Release bearing),stock,1,176489.00,31768.00,208258.00,-1.00,ready,ready,
1384,Nissan vans,Nissan vans Spring-return (Return spring),Spring-return (Return spring),Transmission System,Auto Parts,PC,PCS,ASM-NISSAN-VANS-SPRING-RETURN-RETURN-SPRING,Nissan vans - Spring-return (Return spring),stock,1,14766.00,2658.00,17424.00,0.00,ready,ready,
1385,Nissan vans,Nissan vans Pedal Assy Clut (Clutch pedal assembly),Pedal Assy Clut (Clutch pedal assembly),Transmission System,Auto Parts,PC,PCS,ASM-NISSAN-VANS-PEDAL-ASSY-CLUT-CLUTCH-PEDAL-ASSEMBLY,Nissan vans - Pedal Assy Clut (Clutch pedal assembly),stock,1,955828.00,172049.00,1127877.00,0.00,ready,ready,
1386,Nissan vans,Nissan vans TRANSMISSION (Gearbox assembly),TRANSMISSION (Gearbox assembly),Transmission System,Auto Parts,PC,PCS,ASM-NISSAN-VANS-TRANSMISSION-GEARBOX-ASSEMBLY,Nissan vans - TRANSMISSION (Gearbox assembly),stock,1,17720981.00,3189777.00,20910758.00,0.00,ready,ready,
1387,Nissan vans,Nissan vans RR EXC BRAKES A (,RR EXC BRAKES A (,Transmission System,Auto Parts,PC,PCS,ASM-NISSAN-VANS-RR-EXC-BRAKES-A,Nissan vans - RR EXC BRAKES A (,stock,1,2960155.00,532828.00,3492982.00,1.00,ready,ready,
1388,Nissan vans,Nissan vans SFT-RR AXLE RH (Differential shaft RH),SFT-RR AXLE RH (Differential shaft RH),Transmission System,Auto Parts,PC,PCS,ASM-NISSAN-VANS-SFT-RR-AXLE-RH-DIFFERENTIAL-SHAFT-RH,Nissan vans - SFT-RR AXLE RH (Differential shaft RH),stock,1,3067398.00,552132.00,3619530.00,0.00,ready,ready,
1389,Nissan vans,Nissan vans SFT-RR Axle (Differential shaft LH),SFT-RR Axle (Differential shaft LH),Transmission System,Auto Parts,PC,PCS,ASM-NISSAN-VANS-SFT-RR-AXLE-DIFFERENTIAL-SHAFT-LH,Nissan vans - SFT-RR Axle (Differential shaft LH),stock,1,1154314.00,207777.00,1362091.00,0.00,ready,ready,
1390,Nissan vans,Nissan vans Seal - Grease R (Grease seal),Seal - Grease R (Grease seal),Transmission System,Auto Parts,PC,PCS,ASM-NISSAN-VANS-SEAL-GREASE-R-GREASE-SEAL,Nissan vans - Seal - Grease R (Grease seal),stock,1,75137.00,13525.00,88661.00,1.00,ready,ready,
1391,Nissan vans,Nissan vans BRG Assy - Tape,BRG Assy - Tape,Transmission System,Auto Parts,Set,Set,ASM-NISSAN-VANS-BRG-ASSY-TAPE,Nissan vans - BRG Assy - Tape,stock,1,462962.00,83333.00,546295.00,0.00,ready,ready,
1392,Nissan vans,Nissan vans FLYWHELL ASSY,FLYWHELL ASSY,Transmission System,Auto Parts,PC,PCS,ASM-NISSAN-VANS-FLYWHELL-ASSY,Nissan vans - FLYWHELL ASSY,stock,1,5898067.00,1061652.00,6959720.00,-1.00,ready,ready,
1393,Nissan vans,Nissan vans Seal (Transfer case seal),Seal (Transfer case seal),Transmission System,Auto Parts,PC,PCS,ASM-NISSAN-VANS-SEAL-TRANSFER-CASE-SEAL,Nissan vans - Seal (Transfer case seal),stock,1,31164.00,5610.00,36774.00,0.00,ready,ready,
1394,Nissan vans,Nissan vans INSULATOR-ENGIN (Gearbox mountings),INSULATOR-ENGIN (Gearbox mountings),Transmission System,Auto Parts,Set,Set,ASM-NISSAN-VANS-INSULATOR-ENGIN-GEARBOX-MOUNTINGS,Nissan vans - INSULATOR-ENGIN (Gearbox mountings),stock,1,510580.00,91904.00,602485.00,-1.00,ready,ready,
1395,Nissan vans,"Nissan vans Case Transfer F (Transfer case, front)","Case Transfer F (Transfer case, front)",Transmission System,Auto Parts,PC,PCS,ASM-NISSAN-VANS-CASE-TRANSFER-F-TRANSFER-CASE-FRONT,"Nissan vans - Case Transfer F (Transfer case, front)",stock,1,2438248.00,438885.00,2877132.00,1.00,ready,ready,
1396,Nissan vans,"Nissan vans Case (Transfer case, center)","Case (Transfer case, center)",Transmission System,Auto Parts,PC,PCS,ASM-NISSAN-VANS-CASE-TRANSFER-CASE-CENTER,"Nissan vans - Case (Transfer case, center)",stock,1,2587633.00,465774.00,3053407.00,0.00,ready,ready,
1397,Nissan vans,Nissan vans CASE-TRANSFER (Differential case),CASE-TRANSFER (Differential case),Transmission System,Auto Parts,PC,PCS,ASM-NISSAN-VANS-CASE-TRANSFER-DIFFERENTIAL-CASE,Nissan vans - CASE-TRANSFER (Differential case),stock,1,3201059.00,576191.00,3777249.00,1.00,ready,ready,
1398,Nissan vans,Nissan vans High gear cover,High gear cover,Transmission System,Auto Parts,PC,PCS,ASM-NISSAN-VANS-HIGH-GEAR-COVER,Nissan vans - High gear cover,stock,1,3551106.00,639199.00,4190305.00,0.00,ready,ready,
1399,Nissan vans,Nissan vans Cross bearing,Cross bearing,Transmission System,Auto Parts,PC,PCS,ASM-NISSAN-VANS-CROSS-BEARING,Nissan vans - Cross bearing,stock,1,791776.00,142520.00,934296.00,0.00,ready,ready,
1400,Nissan vans,Nissan vans Alloy Wheel (Rim),Alloy Wheel (Rim),Transmission System,Auto Parts,PC,PCS,ASM-NISSAN-VANS-ALLOY-WHEEL-RIM,Nissan vans - Alloy Wheel (Rim),stock,1,5677987.00,1022038.00,6700024.00,1.00,ready,ready,
1401,Nissan vans,Nissan vans Tyre repair (per tyre),Tyre repair (per tyre),Transmission System,Auto Parts,PC,PCS,ASM-NISSAN-VANS-TYRE-REPAIR-PER-TYRE,Nissan vans - Tyre repair (per tyre),stock,1,33619.00,6052.00,39671.00,0.00,ready,ready,
1402,Nissan vans,Nissan vans WRENCH WHL NUT (Wheel spanner),WRENCH WHL NUT (Wheel spanner),Transmission System,Auto Parts,PC,PCS,ASM-NISSAN-VANS-WRENCH-WHL-NUT-WHEEL-SPANNER,Nissan vans - WRENCH WHL NUT (Wheel spanner),stock,1,66545.00,11978.00,78523.00,0.00,ready,ready,
1403,Nissan vans,"Nissan vans WHEEL BOLT (Wheel stud, front)","WHEEL BOLT (Wheel stud, front)",Transmission System,Auto Parts,PC,PCS,ASM-NISSAN-VANS-WHEEL-BOLT-WHEEL-STUD-FRONT,"Nissan vans - WHEEL BOLT (Wheel stud, front)",stock,1,130300.00,23454.00,153754.00,0.00,ready,ready,
1404,Nissan vans,"Nissan vans BOLT-HUB (Wheel stud,rear)","BOLT-HUB (Wheel stud,rear)",Transmission System,Auto Parts,PC,PCS,ASM-NISSAN-VANS-BOLT-HUB-WHEEL-STUD-REAR,"Nissan vans - BOLT-HUB (Wheel stud,rear)",stock,1,144757.00,26056.00,170813.00,0.00,ready,ready,
1405,Nissan vans,Nissan vans NUT- WHEEL(wheel nut),NUT- WHEEL(wheel nut),Transmission System,Auto Parts,PC,PCS,ASM-NISSAN-VANS-NUT-WHEEL-WHEEL-NUT,Nissan vans - NUT- WHEEL(wheel nut),stock,1,4560.00,821.00,5381.00,0.00,ready,ready,
1406,Nissan vans,Nissan vans Compressor (AC pump),Compressor (AC pump),Air Conditioning System,Auto Parts,PC,PCS,ASM-NISSAN-VANS-COMPRESSOR-AC-PUMP,Nissan vans - Compressor (AC pump),stock,1,7186390.00,1293550.00,8479940.00,0.00,ready,ready,
1407,Nissan vans,Nissan vans Pipe Assy-Fr cooler High (Condenser),Pipe Assy-Fr cooler High (Condenser),Air Conditioning System,Auto Parts,PC,PCS,ASM-NISSAN-VANS-PIPE-ASSY-FR-COOLER-HIGH-CONDENSER,Nissan vans - Pipe Assy-Fr cooler High (Condenser),stock,1,2957313.00,532316.00,3489630.00,-1.00,ready,ready,
1408,Nissan vans,Nissan vans VALVE-EXPANSION (Expansion valve),VALVE-EXPANSION (Expansion valve),Air Conditioning System,Auto Parts,PC,PCS,ASM-NISSAN-VANS-VALVE-EXPANSION-EXPANSION-VALVE,Nissan vans - VALVE-EXPANSION (Expansion valve),stock,1,725497.00,130589.00,856086.00,0.00,ready,ready,
1409,Nissan vans,Nissan vans Evaporator Assy (Ac evaporator),Evaporator Assy (Ac evaporator),Air Conditioning System,Auto Parts,PC,PCS,ASM-NISSAN-VANS-EVAPORATOR-ASSY-AC-EVAPORATOR,Nissan vans - Evaporator Assy (Ac evaporator),stock,1,5268680.00,948362.00,6217042.00,0.00,ready,ready,
1410,Nissan vans,Nissan vans RELAY-LIGHT (AC relay),RELAY-LIGHT (AC relay),Air Conditioning System,Auto Parts,PC,PCS,ASM-NISSAN-VANS-RELAY-LIGHT-AC-RELAY,Nissan vans - RELAY-LIGHT (AC relay),stock,1,143980.00,25916.00,169897.00,-1.00,ready,ready,
1411,Nissan vans,Nissan vans CONT ASSY-AIR C (AC selector knob assy),CONT ASSY-AIR C (AC selector knob assy),Air Conditioning System,Auto Parts,PC,PCS,ASM-NISSAN-VANS-CONT-ASSY-AIR-C-AC-SELECTOR-KNOB-ASSY,Nissan vans - CONT ASSY-AIR C (AC selector knob assy),stock,1,1237615.00,222771.00,1460385.00,1.00,ready,ready,
1412,Nissan vans,Nissan vans Ac gas,Ac gas,Air Conditioning System,Auto Parts,Gram,Gram,ASM-NISSAN-VANS-AC-GAS,Nissan vans - Ac gas,stock,1,390.00,70.00,460.00,0.00,ready,ready,
1413,Nissan vans,Nissan vans Liquid tank,Liquid tank,Air Conditioning System,Auto Parts,PC,PCS,ASM-NISSAN-VANS-LIQUID-TANK,Nissan vans - Liquid tank,stock,1,795410.00,143174.00,938583.00,1.00,ready,ready,
1414,Nissan vans,Nissan vans Front Evaporator,Front Evaporator,Air Conditioning System,Auto Parts,PC,PCS,ASM-NISSAN-VANS-FRONT-EVAPORATOR,Nissan vans - Front Evaporator,stock,1,3449713.00,620948.00,4070662.00,-1.00,ready,ready,
1415,Nissan vans,Nissan vans Rear Evaporator,Rear Evaporator,Air Conditioning System,Auto Parts,PC,PCS,ASM-NISSAN-VANS-REAR-EVAPORATOR,Nissan vans - Rear Evaporator,stock,1,3449713.00,620948.00,4070662.00,-1.00,ready,ready,
1416,Nissan vans,Nissan vans HOSE FLEXIBLE,HOSE FLEXIBLE,Air Conditioning System,Auto Parts,PC,PCS,ASM-NISSAN-VANS-HOSE-FLEXIBLE,Nissan vans - HOSE FLEXIBLE,stock,1,867351.00,156123.00,1023475.00,-1.00,ready,ready,
1417,Nissan vans,Nissan vans O RINGS,O RINGS,Air Conditioning System,Auto Parts,PC,PCS,ASM-NISSAN-VANS-O-RINGS,Nissan vans - O RINGS,stock,1,12437.00,2239.00,14676.00,0.00,ready,ready,
1418,Nissan vans,Nissan vans EXPANSION BLOCK,EXPANSION BLOCK,Air Conditioning System,Auto Parts,PC,PCS,ASM-NISSAN-VANS-EXPANSION-BLOCK,Nissan vans - EXPANSION BLOCK,stock,1,455356.00,81964.00,537320.00,0.00,ready,ready,
1419,Nissan vans,Nissan vans single wiper blade 21 (Wiper blade),single wiper blade 21 (Wiper blade),Wiper System,Auto Parts,PC,PCS,ASM-NISSAN-VANS-SINGLE-WIPER-BLADE-21-WIPER-BLADE,Nissan vans - single wiper blade 21 (Wiper blade),stock,1,41348.00,7443.00,48791.00,0.00,ready,ready,
1420,Nissan vans,Nissan vans Blade wiper,Blade wiper,Wiper System,Auto Parts,PC,PCS,ASM-NISSAN-VANS-BLADE-WIPER,Nissan vans - Blade wiper,stock,1,157004.00,28261.00,185265.00,0.00,ready,ready,
1421,Nissan vans,Nissan vans MOTOR A-WIPER (Wiper motor),MOTOR A-WIPER (Wiper motor),Wiper System,Auto Parts,PC,PCS,ASM-NISSAN-VANS-MOTOR-A-WIPER-WIPER-MOTOR,Nissan vans - MOTOR A-WIPER (Wiper motor),stock,1,873168.00,157170.00,1030338.00,0.00,ready,ready,
1422,Nissan vans,Nissan vans Wiper Arm,Wiper Arm,Wiper System,Auto Parts,PC,PCS,ASM-NISSAN-VANS-WIPER-ARM,Nissan vans - Wiper Arm,stock,1,268770.00,48379.00,317149.00,0.00,ready,ready,
1423,Nissan vans,Nissan vans Wiper hose,Wiper hose,Wiper System,Auto Parts,PC,PCS,ASM-NISSAN-VANS-WIPER-HOSE,Nissan vans - Wiper hose,stock,1,233226.00,41981.00,275207.00,0.00,ready,ready,
1424,Nissan vans,Nissan vans Wiper water sensor,Wiper water sensor,Wiper System,Auto Parts,PC,PCS,ASM-NISSAN-VANS-WIPER-WATER-SENSOR,Nissan vans - Wiper water sensor,stock,1,156614.00,28191.00,184804.00,1.00,ready,ready,
1425,Nissan vans,Nissan vans Wiper water pump,Wiper water pump,Wiper System,Auto Parts,PC,PCS,ASM-NISSAN-VANS-WIPER-WATER-PUMP,Nissan vans - Wiper water pump,stock,1,176941.00,31849.00,208790.00,0.00,ready,ready,
1426,Nissan vans,Nissan vans Wiper water tank,Wiper water tank,Wiper System,Auto Parts,PC,PCS,ASM-NISSAN-VANS-WIPER-WATER-TANK,Nissan vans - Wiper water tank,stock,1,795897.00,143262.00,939159.00,0.00,ready,ready,
1427,Nissan vans,Nissan vans Wiper nozzle,Wiper nozzle,Wiper System,Auto Parts,PC,PCS,ASM-NISSAN-VANS-WIPER-NOZZLE,Nissan vans - Wiper nozzle,stock,1,216850.00,39033.00,255883.00,0.00,ready,ready,
1428,Nissan vans,Nissan vans Bulb Head Lamp,Bulb Head Lamp,Electrical System,Auto Parts,PC,PCS,ASM-NISSAN-VANS-BULB-HEAD-LAMP,Nissan vans - Bulb Head Lamp,stock,1,465135.00,83724.00,548859.00,0.00,ready,ready,
1429,Nissan vans,Nissan vans LAMP ASSY-LH (Headlamp LHS),LAMP ASSY-LH (Headlamp LHS),Electrical System,Auto Parts,PC,PCS,ASM-NISSAN-VANS-LAMP-ASSY-LH-HEADLAMP-LHS,Nissan vans - LAMP ASSY-LH (Headlamp LHS),stock,1,1602342.00,288422.00,1890764.00,0.00,ready,ready,
1430,Nissan vans,Nissan vans LAMP ASSY-HEAD (Headlamp RHS),LAMP ASSY-HEAD (Headlamp RHS),Electrical System,Auto Parts,PC,PCS,ASM-NISSAN-VANS-LAMP-ASSY-HEAD-HEADLAMP-RHS,Nissan vans - LAMP ASSY-HEAD (Headlamp RHS),stock,1,1289943.00,232190.00,1522133.00,0.00,ready,ready,
1431,Nissan vans,Nissan vans Plug-glow (Glow plugs),Plug-glow (Glow plugs),Electrical System,Auto Parts,Set,Set,ASM-NISSAN-VANS-PLUG-GLOW-GLOW-PLUGS,Nissan vans - Plug-glow (Glow plugs),stock,1,1470981.00,264777.00,1735757.00,1.00,ready,ready,
1432,Nissan vans,Nissan vans Bulb 12V5W (Parking bulb),Bulb 12V5W (Parking bulb),Electrical System,Auto Parts,PC,PCS,ASM-NISSAN-VANS-BULB-12V5W-PARKING-BULB,Nissan vans - Bulb 12V5W (Parking bulb),stock,1,51613.00,9290.00,60903.00,0.00,ready,ready,
1433,Nissan vans,Nissan vans Double filament round based (Brake bulb),Double filament round based (Brake bulb),Electrical System,Auto Parts,PC,PCS,ASM-NISSAN-VANS-DOUBLE-FILAMENT-ROUND-BASED-BRAKE-BULB,Nissan vans - Double filament round based (Brake bulb),stock,1,83871.00,15097.00,98968.00,0.00,ready,ready,
1434,Nissan vans,"Nissan vans BULB (Brake bulb, single filament)","BULB (Brake bulb, single filament)",Electrical System,Auto Parts,PC,PCS,ASM-NISSAN-VANS-BULB-BRAKE-BULB-SINGLE-FILAMENT,"Nissan vans - BULB (Brake bulb, single filament)",stock,1,6848.00,1233.00,8081.00,0.00,ready,ready,
1435,Nissan vans,Nissan vans Turn signal switch,Turn signal switch,Electrical System,Auto Parts,PC,PCS,ASM-NISSAN-VANS-TURN-SIGNAL-SWITCH,Nissan vans - Turn signal switch,stock,1,1040549.00,187299.00,1227847.00,1.00,ready,ready,
1436,Nissan vans,Nissan vans BODY-COMB SW (Spiral cable),BODY-COMB SW (Spiral cable),Electrical System,Auto Parts,PC,PCS,ASM-NISSAN-VANS-BODY-COMB-SW-SPIRAL-CABLE,Nissan vans - BODY-COMB SW (Spiral cable),stock,1,700288.00,126052.00,826339.00,1.00,ready,ready,
1437,Nissan vans,Nissan vans Fuse-mini 10A,Fuse-mini 10A,Electrical System,Auto Parts,PC,PCS,ASM-NISSAN-VANS-FUSE-MINI-10A,Nissan vans - Fuse-mini 10A,stock,1,1918.00,345.00,2263.00,0.00,ready,ready,
1438,Nissan vans,Nissan vans Fuse-mini 15AM,Fuse-mini 15AM,Electrical System,Auto Parts,PC,PCS,ASM-NISSAN-VANS-FUSE-MINI-15AM,Nissan vans - Fuse-mini 15AM,stock,1,9828.00,1769.00,11597.00,0.00,ready,ready,
1439,Nissan vans,Nissan vans Fuse-mini,Fuse-mini,Electrical System,Auto Parts,PC,PCS,ASM-NISSAN-VANS-FUSE-MINI,Nissan vans - Fuse-mini,stock,1,9828.00,1769.00,11597.00,0.00,ready,ready,
1440,Nissan vans,Nissan vans ALTERNATOR ASSY,ALTERNATOR ASSY,Electrical System,Auto Parts,PC,PCS,ASM-NISSAN-VANS-ALTERNATOR-ASSY,Nissan vans - ALTERNATOR ASSY,stock,1,9823537.00,1768237.00,11591774.00,0.00,ready,ready,
1441,Nissan vans,Nissan vans LAMP ASSY-FOG L,LAMP ASSY-FOG L,Electrical System,Auto Parts,PC,PCS,ASM-NISSAN-VANS-LAMP-ASSY-FOG-L,Nissan vans - LAMP ASSY-FOG L,stock,1,2944864.00,530075.00,3474939.00,0.00,ready,ready,
1442,Nissan vans,"Nissan vans LAMP ASSY-FOG,R","LAMP ASSY-FOG,R",Electrical System,Auto Parts,PC,PCS,ASM-NISSAN-VANS-LAMP-ASSY-FOG-R,"Nissan vans - LAMP ASSY-FOG,R",stock,1,2944864.00,530075.00,3474939.00,0.00,ready,ready,
1443,Nissan vans,Nissan vans Bulb-fog Lamp,Bulb-fog Lamp,Electrical System,Auto Parts,Set,Set,ASM-NISSAN-VANS-BULB-FOG-LAMP,Nissan vans - Bulb-fog Lamp,stock,1,368928.00,66407.00,435335.00,0.00,ready,ready,
1444,Nissan vans,"Nissan vans SW-AUTO-POWER-W (Power window switch, main)","SW-AUTO-POWER-W (Power window switch, main)",Electrical System,Auto Parts,PC,PCS,ASM-NISSAN-VANS-SW-AUTO-POWER-W-POWER-WINDOW-SWITCH-MAIN,"Nissan vans - SW-AUTO-POWER-W (Power window switch, main)",stock,1,896128.00,161303.00,1057431.00,0.00,ready,ready,
1445,Nissan vans,"Nissan vans SW ASSY-P/WINDW (Power window switch, co- driver's door)","SW ASSY-P/WINDW (Power window switch, co- driver's door)",Electrical System,Auto Parts,PC,PCS,ASM-NISSAN-VANS-SW-ASSY-P-WINDW-POWER-WINDOW-SWITCH-CO-DRIVER-S-DOOR,"Nissan vans - SW ASSY-P/WINDW (Power window switch, co- driver's door)",stock,1,460711.00,82928.00,543639.00,0.00,ready,ready,
1446,Nissan vans,Nissan vans Regulator Assy- (Driver's door regulator),Regulator Assy- (Driver's door regulator),Electrical System,Auto Parts,PC,PCS,ASM-NISSAN-VANS-REGULATOR-ASSY-DRIVER-S-DOOR-REGULATOR,Nissan vans - Regulator Assy- (Driver's door regulator),stock,1,1120185.00,201633.00,1321818.00,0.00,ready,ready,
1447,Nissan vans,Nissan vans REGULATOR-DOOR (Co-driver's door regulator),REGULATOR-DOOR (Co-driver's door regulator),Electrical System,Auto Parts,PC,PCS,ASM-NISSAN-VANS-REGULATOR-DOOR-CO-DRIVER-S-DOOR-REGULATOR,Nissan vans - REGULATOR-DOOR (Co-driver's door regulator),stock,1,1120185.00,201633.00,1321818.00,0.00,ready,ready,
1448,Nissan vans,"Nissan vans Door regulator (Window regulator, rear door)","Door regulator (Window regulator, rear door)",Electrical System,Auto Parts,PC,PCS,ASM-NISSAN-VANS-DOOR-REGULATOR-WINDOW-REGULATOR-REAR-DOOR,"Nissan vans - Door regulator (Window regulator, rear door)",stock,1,1215380.00,218768.00,1434148.00,0.00,ready,ready,
1449,Nissan vans,Nissan vans Starter Motor,Starter Motor,Electrical System,Auto Parts,PC,PCS,ASM-NISSAN-VANS-STARTER-MOTOR,Nissan vans - Starter Motor,stock,1,6013261.00,1082387.00,7095647.00,1.00,ready,ready,
1450,Nissan vans,Nissan vans Lamp Assy Rr.** (Tail lamp RHS),Lamp Assy Rr.** (Tail lamp RHS),Electrical System,Auto Parts,PC,PCS,ASM-NISSAN-VANS-LAMP-ASSY-RR-TAIL-LAMP-RHS,Nissan vans - Lamp Assy Rr.** (Tail lamp RHS),stock,1,800726.00,144131.00,944857.00,0.00,ready,ready,
1451,Nissan vans,Nissan vans Lamp Assy Rr.** (Tail lamp LHS),Lamp Assy Rr.** (Tail lamp LHS),Electrical System,Auto Parts,PC,PCS,ASM-NISSAN-VANS-LAMP-ASSY-RR-TAIL-LAMP-LHS,Nissan vans - Lamp Assy Rr.** (Tail lamp LHS),stock,1,682692.00,122885.00,805577.00,0.00,ready,ready,
1452,Nissan vans,Nissan vans 70 Amp Maintenance free battery,70 Amp Maintenance free battery,Electrical System,Auto Parts,PC,PCS,ASM-NISSAN-VANS-70-AMP-MAINTENANCE-FREE-BATTERY,Nissan vans - 70 Amp Maintenance free battery,stock,1,784308.00,141176.00,925484.00,0.00,ready,ready,
1453,Nissan vans,Nissan vans Radio,Radio,Electrical System,Auto Parts,PC,PCS,ASM-NISSAN-VANS-RADIO,Nissan vans - Radio,stock,1,1887097.00,339677.00,2226774.00,0.00,ready,ready,
1454,Nissan vans,"Nissan vans Mirror Assy DR (Side mirror, complete)","Mirror Assy DR (Side mirror, complete)",Electrical System,Auto Parts,PC,PCS,ASM-NISSAN-VANS-MIRROR-ASSY-DR-SIDE-MIRROR-COMPLETE,"Nissan vans - Mirror Assy DR (Side mirror, complete)",stock,1,806969.00,145254.00,952223.00,0.00,ready,ready,
1455,Nissan vans,Nissan vans GLASS-FR WIND (Windscreen),GLASS-FR WIND (Windscreen),Electrical System,Auto Parts,PC,PCS,ASM-NISSAN-VANS-GLASS-FR-WIND-WINDSCREEN,Nissan vans - GLASS-FR WIND (Windscreen),stock,1,3981364.00,716646.00,4698010.00,0.00,ready,ready,
1456,Nissan vans,Nissan vans Rubber Sealant,Rubber Sealant,Electrical System,Auto Parts,PC,PCS,ASM-NISSAN-VANS-RUBBER-SEALANT,Nissan vans - Rubber Sealant,stock,1,137624.00,24772.00,162396.00,0.00,ready,ready,
1457,Nissan vans,Nissan vans MLDG WS UPPER (Upper windscreen molding),MLDG WS UPPER (Upper windscreen molding),Electrical System,Auto Parts,PC,PCS,ASM-NISSAN-VANS-MLDG-WS-UPPER-UPPER-WINDSCREEN-MOLDING,Nissan vans - MLDG WS UPPER (Upper windscreen molding),stock,1,151129.00,27203.00,178333.00,-1.00,ready,ready,
1458,Nissan vans,Nissan vans RUBBER-DUMDum rubber,RUBBER-DUMDum rubber,Electrical System,Auto Parts,PC,PCS,ASM-NISSAN-VANS-RUBBER-DUMDUM-RUBBER,Nissan vans - RUBBER-DUMDum rubber,stock,1,689434.00,124098.00,813532.00,0.00,ready,ready,
1459,Nissan vans,Nissan vans MUD FLAP-FRONT,MUD FLAP-FRONT,Electrical System,Auto Parts,PC,PCS,ASM-NISSAN-VANS-MUD-FLAP-FRONT,Nissan vans - MUD FLAP-FRONT,stock,1,465903.00,83863.00,549766.00,0.00,ready,ready,
1460,Nissan vans,Nissan vans MUD GUARD-RR RH,MUD GUARD-RR RH,Electrical System,Auto Parts,PC,PCS,ASM-NISSAN-VANS-MUD-GUARD-RR-RH,Nissan vans - MUD GUARD-RR RH,stock,1,465903.00,83863.00,549766.00,0.00,ready,ready,
1461,Nissan vans,Nissan vans MUD GUARD-RR LH,MUD GUARD-RR LH,Electrical System,Auto Parts,PC,PCS,ASM-NISSAN-VANS-MUD-GUARD-RR-LH,Nissan vans - MUD GUARD-RR LH,stock,1,465903.00,83863.00,549766.00,0.00,ready,ready,
1462,Nissan vans,Nissan vans GLASS FR DR LH,GLASS FR DR LH,Electrical System,Auto Parts,PC,PCS,ASM-NISSAN-VANS-GLASS-FR-DR-LH,Nissan vans - GLASS FR DR LH,stock,1,1627997.00,293040.00,1921037.00,0.00,ready,ready,
1463,Nissan vans,Nissan vans GLASS FR DR RH,GLASS FR DR RH,Electrical System,Auto Parts,PC,PCS,ASM-NISSAN-VANS-GLASS-FR-DR-RH,Nissan vans - GLASS FR DR RH,stock,1,1627997.00,293040.00,1921037.00,0.00,ready,ready,
1464,Nissan vans,Nissan vans GRILLE-RADIATOR,GRILLE-RADIATOR,Electrical System,Auto Parts,PC,PCS,ASM-NISSAN-VANS-GRILLE-RADIATOR,Nissan vans - GRILLE-RADIATOR,stock,1,1647775.00,296600.00,1944375.00,0.00,ready,ready,
1465,Nissan vans,Nissan vans WINDOW GLASS,WINDOW GLASS,Electrical System,Auto Parts,PC,PCS,ASM-NISSAN-VANS-WINDOW-GLASS,Nissan vans - WINDOW GLASS,stock,1,4174564.00,751421.00,4925985.00,0.00,ready,ready,
1466,Nissan vans,"Nissan vans Assy- Fr Door outs (Outer door handle, driver's door)","Assy- Fr Door outs (Outer door handle, driver's door)",Electrical System,Auto Parts,PC,PCS,ASM-NISSAN-VANS-ASSY-FR-DOOR-OUTS-OUTER-DOOR-HANDLE-DRIVER-S-DOOR,"Nissan vans - Assy- Fr Door outs (Outer door handle, driver's door)",stock,1,152699.00,27486.00,180184.00,1.00,ready,ready,
1467,Nissan vans,"Nissan vans HANDLE ASSY-FR (Outer door handle, co- driver's door)","HANDLE ASSY-FR (Outer door handle, co- driver's door)",Electrical System,Auto Parts,PC,PCS,ASM-NISSAN-VANS-HANDLE-ASSY-FR-OUTER-DOOR-HANDLE-CO-DRIVER-S-DOOR,"Nissan vans - HANDLE ASSY-FR (Outer door handle, co- driver's door)",stock,1,152699.00,27486.00,180184.00,1.00,ready,ready,
1468,Nissan vans,"Nissan vans ASY FR DR INS L (Inner door handle, LH)","ASY FR DR INS L (Inner door handle, LH)",Electrical System,Auto Parts,PC,PCS,ASM-NISSAN-VANS-ASY-FR-DR-INS-L-INNER-DOOR-HANDLE-LH,"Nissan vans - ASY FR DR INS L (Inner door handle, LH)",stock,1,162305.00,29215.00,191519.00,1.00,ready,ready,
1469,Nissan vans,"Nissan vans ASY FR DR INS R (Inner door hande, RH)","ASY FR DR INS R (Inner door hande, RH)",Electrical System,Auto Parts,PC,PCS,ASM-NISSAN-VANS-ASY-FR-DR-INS-R-INNER-DOOR-HANDE-RH,"Nissan vans - ASY FR DR INS R (Inner door hande, RH)",stock,1,162305.00,29215.00,191519.00,1.00,ready,ready,
1470,Nissan vans,Nissan vans Antenna,Antenna,Electrical System,Auto Parts,PC,PCS,ASM-NISSAN-VANS-ANTENNA,Nissan vans - Antenna,stock,1,519140.00,93445.00,612586.00,-1.00,ready,ready,
1471,Nissan vans,Nissan vans LOCK ASSY-FR DO (door lock),LOCK ASSY-FR DO (door lock),Electrical System,Auto Parts,PC,PCS,ASM-NISSAN-VANS-LOCK-ASSY-FR-DO-DOOR-LOCK,Nissan vans - LOCK ASSY-FR DO (door lock),stock,1,748196.00,134675.00,882871.00,0.00,ready,ready,
1472,Nissan vans,Nissan vans VAD D22 FRT MOULDED BMPR (Front bumper),VAD D22 FRT MOULDED BMPR (Front bumper),Electrical System,Auto Parts,PC,PCS,ASM-NISSAN-VANS-VAD-D22-FRT-MOULDED-BMPR-FRONT-BUMPER,Nissan vans - VAD D22 FRT MOULDED BMPR (Front bumper),stock,1,1732033.00,311766.00,2043798.00,1.00,ready,ready,
1473,Nissan vans,Nissan vans Reinf assy frnt (Front reinforcement bumper),Reinf assy frnt (Front reinforcement bumper),Electrical System,Auto Parts,PC,PCS,ASM-NISSAN-VANS-REINF-ASSY-FRNT-FRONT-REINFORCEMENT-BUMPER,Nissan vans - Reinf assy frnt (Front reinforcement bumper),stock,1,1407623.00,253372.00,1660995.00,0.00,ready,ready,
1474,Nissan vans,Nissan vans BUMPER-REAR (Rear bumper),BUMPER-REAR (Rear bumper),Electrical System,Auto Parts,PC,PCS,ASM-NISSAN-VANS-BUMPER-REAR-REAR-BUMPER,Nissan vans - BUMPER-REAR (Rear bumper),stock,1,2071806.00,372925.00,2444731.00,0.00,ready,ready,
1475,Nissan vans,Nissan vans CABLE COMPL HOO (Bonnet cable),CABLE COMPL HOO (Bonnet cable),Electrical System,Auto Parts,PC,PCS,ASM-NISSAN-VANS-CABLE-COMPL-HOO-BONNET-CABLE,Nissan vans - CABLE COMPL HOO (Bonnet cable),stock,1,217405.00,39133.00,256538.00,0.00,ready,ready,
1476,Nissan vans,"Nissan vans Reflector, pair","Reflector, pair",Electrical System,Auto Parts,Set,Set,ASM-NISSAN-VANS-REFLECTOR-PAIR,"Nissan vans - Reflector, pair",stock,1,75484.00,13587.00,89071.00,0.00,ready,ready,
1477,Nissan vans,Nissan vans MIR ASSY INSIDE (Driving mirror),MIR ASSY INSIDE (Driving mirror),Electrical System,Auto Parts,PC,PCS,ASM-NISSAN-VANS-MIR-ASSY-INSIDE-DRIVING-MIRROR,Nissan vans - MIR ASSY INSIDE (Driving mirror),stock,1,547863.00,98615.00,646479.00,-1.00,ready,ready,
1478,Nissan vans,Nissan vans SUNVISOR LH,SUNVISOR LH,Electrical System,Auto Parts,PC,PCS,ASM-NISSAN-VANS-SUNVISOR-LH,Nissan vans - SUNVISOR LH,stock,1,300034.00,54006.00,354041.00,-1.00,ready,ready,
1479,Nissan vans,Nissan vans SUNVISOR RH,SUNVISOR RH,Electrical System,Auto Parts,PC,PCS,ASM-NISSAN-VANS-SUNVISOR-RH,Nissan vans - SUNVISOR RH,stock,1,196671.00,35401.00,232072.00,0.00,ready,ready,
1480,Nissan vans,Nissan vans JACK COMPL (Jack),JACK COMPL (Jack),Electrical System,Auto Parts,PC,PCS,ASM-NISSAN-VANS-JACK-COMPL-JACK,Nissan vans - JACK COMPL (Jack),stock,1,765887.00,137860.00,903746.00,1.00,ready,ready,
1481,Nissan vans,Nissan vans ROD ASSY JACK (Jack handle),ROD ASSY JACK (Jack handle),Electrical System,Auto Parts,PC,PCS,ASM-NISSAN-VANS-ROD-ASSY-JACK-JACK-HANDLE,Nissan vans - ROD ASSY JACK (Jack handle),stock,1,128203.00,23077.00,151280.00,0.00,ready,ready,
1482,Nissan vans,Nissan vans Warning triangle,Warning triangle,Electrical System,Auto Parts,Set,Set,ASM-NISSAN-VANS-WARNING-TRIANGLE,Nissan vans - Warning triangle,stock,1,167742.00,30194.00,197935.00,1.00,ready,ready,
1483,Nissan vans,Nissan vans LAMP STOP,LAMP STOP,Electrical System,Auto Parts,PC,PCS,ASM-NISSAN-VANS-LAMP-STOP,Nissan vans - LAMP STOP,stock,1,964705.00,173647.00,1138352.00,0.00,ready,ready,
1484,Nissan vans,Nissan vans Carpet Floor Covering,Carpet Floor Covering,Electrical System,Auto Parts,Set,Set,ASM-NISSAN-VANS-CARPET-FLOOR-COVERING,Nissan vans - Carpet Floor Covering,stock,1,766667.00,138000.00,904667.00,0.00,ready,ready,
1485,Nissan vans,Nissan vans SEAT COVERS E26,SEAT COVERS E26,Electrical System,Auto Parts,Set,Set,ASM-NISSAN-VANS-SEAT-COVERS-E26,Nissan vans - SEAT COVERS E26,stock,1,2366667.00,426000.00,2792667.00,0.00,ready,ready,
1486,Nissan vans,Nissan vans LOWER DOOR BEARING(ROLLER A/S DOOR),LOWER DOOR BEARING(ROLLER A/S DOOR),Electrical System,Auto Parts,PC,PCS,ASM-NISSAN-VANS-LOWER-DOOR-BEARING-ROLLER-A-S-DOOR,Nissan vans - LOWER DOOR BEARING(ROLLER A/S DOOR),stock,1,281104.00,50599.00,331702.00,1.00,ready,ready,
1487,Nissan vans,Nissan vans DOOR HINGE1,DOOR HINGE1,Electrical System,Auto Parts,PC,PCS,ASM-NISSAN-VANS-DOOR-HINGE1,Nissan vans - DOOR HINGE1,stock,1,281104.00,50599.00,331702.00,1.00,ready,ready,
1488,Nissan vans,Nissan vans TAIL GATE,TAIL GATE,Electrical System,Auto Parts,PC,PCS,ASM-NISSAN-VANS-TAIL-GATE,Nissan vans - TAIL GATE,stock,1,4354839.00,783871.00,5138710.00,0.00,ready,ready,
1489,Nissan vans,Nissan vans BACK DOOR LOCK & HANDLE,BACK DOOR LOCK & HANDLE,Electrical System,Auto Parts,PC,PCS,ASM-NISSAN-VANS-BACK-DOOR-LOCK-AND-HANDLE,Nissan vans - BACK DOOR LOCK & HANDLE,stock,1,2325932.00,418668.00,2744599.00,1.00,ready,ready,
1490,Nissan vans,Nissan vans DOOR LOCK ACTUATOR,DOOR LOCK ACTUATOR,Electrical System,Auto Parts,PC,PCS,ASM-NISSAN-VANS-DOOR-LOCK-ACTUATOR,Nissan vans - DOOR LOCK ACTUATOR,stock,1,643649.00,115857.00,759505.00,1.00,ready,ready,
1491,Nissan vans,Nissan vans LOCK & REMOTE CONTROL,LOCK & REMOTE CONTROL,Electrical System,Auto Parts,PC,PCS,ASM-NISSAN-VANS-LOCK-AND-REMOTE-CONTROL,Nissan vans - LOCK & REMOTE CONTROL,stock,1,638747.00,114974.00,753721.00,0.00,ready,ready,
1492,Nissan vans,Nissan vans ROLLER ASSY LH,ROLLER ASSY LH,Electrical System,Auto Parts,PC,PCS,ASM-NISSAN-VANS-ROLLER-ASSY-LH,Nissan vans - ROLLER ASSY LH,stock,1,414471.00,74605.00,489076.00,0.00,ready,ready,
1493,Nissan vans,Nissan vans ROLLER,ROLLER,Electrical System,Auto Parts,PC,PCS,ASM-NISSAN-VANS-ROLLER,Nissan vans - ROLLER,stock,1,256723.00,46210.00,302933.00,0.00,ready,ready,
1494,Nissan vans,Nissan vans ROLLER A S/DOOR,ROLLER A S/DOOR,Electrical System,Auto Parts,PC,PCS,ASM-NISSAN-VANS-ROLLER-A-S-DOOR,Nissan vans - ROLLER A S/DOOR,stock,1,281104.00,50599.00,331702.00,1.00,ready,ready,
1495,Nissan vans,Nissan vans INSUL BODY MTG (middle cabin mountings),INSUL BODY MTG (middle cabin mountings),Other Miscellaneous Parts,Auto Parts,Set,Set,ASM-NISSAN-VANS-INSUL-BODY-MTG-MIDDLE-CABIN-MOUNTINGS,Nissan vans - INSUL BODY MTG (middle cabin mountings),stock,1,987120.00,177682.00,1164802.00,0.00,ready,ready,
1496,Nissan vans,Nissan vans INSULATOR-3RD (Front body mountings),INSULATOR-3RD (Front body mountings),Other Miscellaneous Parts,Auto Parts,Set,Set,ASM-NISSAN-VANS-INSULATOR-3RD-FRONT-BODY-MOUNTINGS,Nissan vans - INSULATOR-3RD (Front body mountings),stock,1,520409.00,93674.00,614083.00,0.00,ready,ready,
1497,Nissan vans,Nissan vans RUB-BODY MTG 4T (Rear body mountings),RUB-BODY MTG 4T (Rear body mountings),Other Miscellaneous Parts,Auto Parts,Set,Set,ASM-NISSAN-VANS-RUB-BODY-MTG-4T-REAR-BODY-MOUNTINGS,Nissan vans - RUB-BODY MTG 4T (Rear body mountings),stock,1,520409.00,93674.00,614083.00,0.00,ready,ready,
1498,Nissan vans,Nissan vans MALE ASSY-HOOD (Bonnet lock),MALE ASSY-HOOD (Bonnet lock),Other Miscellaneous Parts,Auto Parts,PC,PCS,ASM-NISSAN-VANS-MALE-ASSY-HOOD-BONNET-LOCK,Nissan vans - MALE ASSY-HOOD (Bonnet lock),stock,1,224142.00,40346.00,264487.00,1.00,ready,ready,
1499,Nissan vans,Nissan vans RUB BMPR HOOD (Front bonnet rubbers),RUB BMPR HOOD (Front bonnet rubbers),Other Miscellaneous Parts,Auto Parts,PC,PCS,ASM-NISSAN-VANS-RUB-BMPR-HOOD-FRONT-BONNET-RUBBERS,Nissan vans - RUB BMPR HOOD (Front bonnet rubbers),stock,1,7260.00,1307.00,8567.00,0.00,ready,ready,
1500,Nissan vans,Nissan vans BMPR HOODLEDGE (Bonnet side rubbers),BMPR HOODLEDGE (Bonnet side rubbers),Other Miscellaneous Parts,Auto Parts,PC,PCS,ASM-NISSAN-VANS-BMPR-HOODLEDGE-BONNET-SIDE-RUBBERS,Nissan vans - BMPR HOODLEDGE (Bonnet side rubbers),stock,1,9606.00,1729.00,11335.00,0.00,ready,ready,
1501,Nissan vans,Nissan vans Panel assy-inst (Bonnet),Panel assy-inst (Bonnet),Other Miscellaneous Parts,Auto Parts,PC,PCS,ASM-NISSAN-VANS-PANEL-ASSY-INST-BONNET,Nissan vans - Panel assy-inst (Bonnet),stock,1,2014249.00,362565.00,2376813.00,1.00,ready,ready,
1502,Nissan vans,"Nissan vans Floor mats, rubber","Floor mats, rubber",Other Miscellaneous Parts,Auto Parts,Set,Set,ASM-NISSAN-VANS-FLOOR-MATS-RUBBER,"Nissan vans - Floor mats, rubber",stock,1,167742.00,30194.00,197935.00,1.00,ready,ready,
1503,Nissan vans,Nissan vans CHECK LINK FR D (Seal),CHECK LINK FR D (Seal),Other Miscellaneous Parts,Auto Parts,PC,PCS,ASM-NISSAN-VANS-CHECK-LINK-FR-D-SEAL,Nissan vans - CHECK LINK FR D (Seal),stock,1,327875.00,59017.00,386892.00,0.00,ready,ready,
1504,Nissan vans,Nissan vans HORN ASSY (Low tone horn),HORN ASSY (Low tone horn),Other Miscellaneous Parts,Auto Parts,PC,PCS,ASM-NISSAN-VANS-HORN-ASSY-LOW-TONE-HORN,Nissan vans - HORN ASSY (Low tone horn),stock,1,432099.00,77778.00,509877.00,0.00,ready,ready,
1505,Nissan vans,Nissan vans HORN ASSY-HIGH (High tone horn),HORN ASSY-HIGH (High tone horn),Other Miscellaneous Parts,Auto Parts,PC,PCS,ASM-NISSAN-VANS-HORN-ASSY-HIGH-HIGH-TONE-HORN,Nissan vans - HORN ASSY-HIGH (High tone horn),stock,1,361972.00,65155.00,427126.00,1.00,ready,ready,
1506,Nissan vans,Nissan vans Base (Flat gasket),Base (Flat gasket),Other Miscellaneous Parts,Auto Parts,PC,PCS,ASM-NISSAN-VANS-BASE-FLAT-GASKET,Nissan vans - Base (Flat gasket),stock,1,22747.00,4094.00,26842.00,-1.00,ready,ready,
1507,Nissan vans,Nissan vans VAD Roll Bar D/ (Central lock switch),VAD Roll Bar D/ (Central lock switch),Other Miscellaneous Parts,Auto Parts,PC,PCS,ASM-NISSAN-VANS-VAD-ROLL-BAR-D-CENTRAL-LOCK-SWITCH,Nissan vans - VAD Roll Bar D/ (Central lock switch),stock,1,3674864.00,661475.00,4336339.00,0.00,ready,ready,
1508,Nissan vans,Nissan vans First aid kit,First aid kit,Other Miscellaneous Parts,Auto Parts,PC,PCS,ASM-NISSAN-VANS-FIRST-AID-KIT,Nissan vans - First aid kit,stock,1,629032.00,113226.00,742258.00,0.00,ready,ready,
1509,Nissan vans,Nissan vans VAD CMPL-SLIDE (Side step RH),VAD CMPL-SLIDE (Side step RH),Other Miscellaneous Parts,Auto Parts,PC,PCS,ASM-NISSAN-VANS-VAD-CMPL-SLIDE-SIDE-STEP-RH,Nissan vans - VAD CMPL-SLIDE (Side step RH),stock,1,1091954.00,196552.00,1288506.00,0.00,ready,ready,
1510,Nissan vans,Nissan vans VAD CMPL-SLIDE (Side step LH),VAD CMPL-SLIDE (Side step LH),Other Miscellaneous Parts,Auto Parts,PC,PCS,ASM-NISSAN-VANS-VAD-CMPL-SLIDE-SIDE-STEP-LH,Nissan vans - VAD CMPL-SLIDE (Side step LH),stock,1,1092049.00,196569.00,1288618.00,0.00,ready,ready,
1511,Nissan vans,Nissan vans BOLT STOP (Stopper bolt),BOLT STOP (Stopper bolt),Other Miscellaneous Parts,Auto Parts,PC,PCS,ASM-NISSAN-VANS-BOLT-STOP-STOPPER-BOLT,Nissan vans - BOLT STOP (Stopper bolt),stock,1,96251.00,17325.00,113576.00,0.00,ready,ready,
1512,Nissan vans,Nissan vans Cap-bolt STRG S,Cap-bolt STRG S,Other Miscellaneous Parts,Auto Parts,PC,PCS,ASM-NISSAN-VANS-CAP-BOLT-STRG-S,Nissan vans - Cap-bolt STRG S,stock,1,67147.00,12087.00,79234.00,0.00,ready,ready,
1513,Nissan vans,Nissan vans Fire Extinguisher,Fire Extinguisher,Other Miscellaneous Parts,Auto Parts,PC,PCS,ASM-NISSAN-VANS-FIRE-EXTINGUISHER,Nissan vans - Fire Extinguisher,stock,1,170968.00,30774.00,201742.00,0.00,ready,ready,
1514,Nissan vans,Nissan vans Engine oil (Diesel engine oil),Engine oil (Diesel engine oil),Service,Auto Parts,Litre,Litre,ASM-NISSAN-VANS-ENGINE-OIL-DIESEL-ENGINE-OIL,Nissan vans - Engine oil (Diesel engine oil),stock,1,224119.00,40341.00,264460.00,0.00,ready,ready,
1515,Nissan vans,Nissan vans Brake fluid,Brake fluid,Service,Auto Parts,0.25L,0.25L,ASM-NISSAN-VANS-BRAKE-FLUID,Nissan vans - Brake fluid,stock,1,19090.00,3436.00,22526.00,0.00,ready,ready,
1516,Nissan vans,Nissan vans Transmission oil GL4 75-W85,Transmission oil GL4 75-W85,Service,Auto Parts,Litre,Litre,ASM-NISSAN-VANS-TRANSMISSION-OIL-GL4-75-W85,Nissan vans - Transmission oil GL4 75-W85,stock,1,397066.00,71472.00,468538.00,0.00,ready,ready,
1517,Nissan vans,Nissan vans Coolant Total,Coolant Total,Service,Auto Parts,Litre,Litre,ASM-NISSAN-VANS-COOLANT-TOTAL,Nissan vans - Coolant Total,stock,1,221895.00,39941.00,261837.00,-1.00,ready,ready,
1518,Nissan vans,Nissan vans ATF FLUIDMATIC D2 1L,ATF FLUIDMATIC D2 1L,Service,Auto Parts,Litre,Litre,ASM-NISSAN-VANS-ATF-FLUIDMATIC-D2-1L,Nissan vans - ATF FLUIDMATIC D2 1L,stock,1,151374.00,27247.00,178622.00,-1.00,ready,ready,
1519,Nissan vans,Nissan vans SUNDRY,SUNDRY,Service,Auto Parts,Lump,Lump Sum,ASM-NISSAN-VANS-SUNDRY,Nissan vans - SUNDRY,stock,1,27342.00,4922.00,32264.00,0.00,ready,ready,
1520,Nissan vans,Nissan vans FILTER ASSY-OIL,FILTER ASSY-OIL,Service,Auto Parts,PC,PCS,ASM-NISSAN-VANS-FILTER-ASSY-OIL,Nissan vans - FILTER ASSY-OIL,stock,1,103218.00,18579.00,121798.00,-1.00,ready,ready,
1521,Nissan vans,Nissan vans FILTER ASSY-FUE,FILTER ASSY-FUE,Service,Auto Parts,PC,PCS,ASM-NISSAN-VANS-FILTER-ASSY-FUE,Nissan vans - FILTER ASSY-FUE,stock,1,265527.00,47795.00,313322.00,0.00,ready,ready,
1522,Nissan vans,Nissan vans Fuel strainer,Fuel strainer,Service,Auto Parts,PC,PCS,ASM-NISSAN-VANS-FUEL-STRAINER,Nissan vans - Fuel strainer,stock,1,658135.00,118464.00,776599.00,0.00,ready,ready,
1523,Nissan vans,Nissan vans ELEMENT ASSY(AIR CLEANER),ELEMENT ASSY(AIR CLEANER),Service,Auto Parts,PC,PCS,ASM-NISSAN-VANS-ELEMENT-ASSY-AIR-CLEANER,Nissan vans - ELEMENT ASSY(AIR CLEANER),stock,1,282951.00,50931.00,333883.00,-1.00,ready,ready,
1524,Nissan vans,Nissan vans GEAR OIL-HYPOID 1L 75-W90,GEAR OIL-HYPOID 1L 75-W90,Service,Auto Parts,Litre,Litre,ASM-NISSAN-VANS-GEAR-OIL-HYPOID-1L-75-W90,Nissan vans - GEAR OIL-HYPOID 1L 75-W90,stock,1,307017.00,55263.00,362280.00,0.00,ready,ready,
1525,Nissan vans,Nissan vans DETRON 6,DETRON 6,Service,Auto Parts,PC,PCS,ASM-NISSAN-VANS-DETRON-6,Nissan vans - DETRON 6,stock,1,112903.00,20323.00,133226.00,0.00,ready,ready,
1526,Nissan vans,Nissan vans Labour,Labour,Service,Auto Parts,Hour,Hour,ASM-NISSAN-VANS-LABOUR,Nissan vans - Labour,service,0,45000.00,8100.00,53100.00,0.00,ready,ready,
1527,Nissan vans,Nissan vans Wheel alignment,Wheel alignment,Service,Auto Parts,,Unit,ASM-NISSAN-VANS-WHEEL-ALIGNMENT,Nissan vans - Wheel alignment,service,0,55000.00,9900.00,64900.00,0.00,ready,ready,
1528,Nissan vans,Nissan vans Wheel balancing per tyre,Wheel balancing per tyre,Service,Auto Parts,,Unit,ASM-NISSAN-VANS-WHEEL-BALANCING-PER-TYRE,Nissan vans - Wheel balancing per tyre,service,0,52800.00,9504.00,62304.00,0.00,ready,ready,
