source_row,vehicle_group,source_full_item_name,source_item_name,system_category,source_item_group,source_unit,normalized_uom,item_code,item_name,catalog_type,stock_item,source_qty,source_exclusive,source_vat,source_inclusive,vat_arithmetic_delta,price_status,status,review_reason,dedup_key,source_section
4,Nissan Navara – YD25 engine,Nissan Navara – YD25 engine Pad Kit-disc (Brake pads front),Pad Kit-disc (Brake pads front),Brake System,not supplied by workbook,PC,PCS,ASM-NISSAN-NAVARA-YD25-ENGINE-PAD-KIT-DISC-BRAKE-PADS-FRONT,Nissan Navara – YD25 engine - Pad Kit-disc (Brake pads front),stock,1,1,567868.86,102216.39,670085.25,0.00,not_imported,ignored_previous_package_duplicate,same normalized source item name exists in previous catalog_audit.csv,PAD KIT DISC BRAKE PADS FRONT,Brake System
5,Nissan Navara – YD25 engine,Nissan Navara – YD25 engine SHOE SET-REAR (Brake shoes),SHOE SET-REAR (Brake shoes),Brake System,not supplied by workbook,PC,PCS,ASM-NISSAN-NAVARA-YD25-ENGINE-SHOE-SET-REAR-BRAKE-SHOES,Nissan Navara – YD25 engine - SHOE SET-REAR (Brake shoes),stock,1,1,952824.28,171508.37,1124332.65,0.00,not_imported,ignored_previous_package_duplicate,same normalized source item name exists in previous catalog_audit.csv,SHOE SET REAR BRAKE SHOES,Brake System
6,Nissan Navara – YD25 engine,Nissan Navara – YD25 engine BOOSTER ASSY MA (brake booster),BOOSTER ASSY MA (brake booster),Brake System,not supplied by workbook,PC,PCS,ASM-NISSAN-NAVARA-YD25-ENGINE-BOOSTER-ASSY-MA-BRAKE-BOOSTER,Nissan Navara – YD25 engine - BOOSTER ASSY MA (brake booster),stock,1,1,4614183.09,830552.96,5444736.05,0.00,not_imported,ignored_previous_package_duplicate,same normalized source item name exists in previous catalog_audit.csv,BOOSTER ASSY MA BRAKE BOOSTER,Brake System
7,Nissan Navara – YD25 engine,Nissan Navara – YD25 engine Rotor Disc Brak (Front Rotor Discs),Rotor Disc Brak (Front Rotor Discs),Brake System,not supplied by workbook,PC,PCS,ASM-NISSAN-NAVARA-YD25-ENGINE-ROTOR-DISC-BRAK-FRONT-ROTOR-DISCS,Nissan Navara – YD25 engine - Rotor Disc Brak (Front Rotor Discs),stock,1,2,1612564.09,290261.54,1902825.63,-0.00,not_imported,ignored_previous_package_duplicate,same normalized source item name exists in previous catalog_audit.csv,ROTOR DISC BRAK FRONT ROTOR DISCS,Brake System
8,Nissan Navara – YD25 engine,Nissan Navara – YD25 engine Disc skimming,Disc skimming,Brake System,not supplied by workbook,PC,PCS,ASM-NISSAN-NAVARA-YD25-ENGINE-DISC-SKIMMING,Nissan Navara – YD25 engine - Disc skimming,service,0,2,46666.67,8400.00,55066.67,0.00,not_imported,ignored_previous_package_duplicate,same normalized source item name exists in previous catalog_audit.csv,DISC SKIMMING,Brake System
9,Nissan Navara – YD25 engine,Nissan Navara – YD25 engine DRUM 4X4 and hi (Brake drum),DRUM 4X4 and hi (Brake drum),Brake System,not supplied by workbook,PC,PCS,ASM-NISSAN-NAVARA-YD25-ENGINE-DRUM-4X4-AND-HI-BRAKE-DRUM,Nissan Navara – YD25 engine - DRUM 4X4 and hi (Brake drum),stock,1,2,1973482.40,355226.83,2328709.23,0.00,not_imported,ignored_previous_package_duplicate,same normalized source item name exists in previous catalog_audit.csv,DRUM 4X4 AND HI BRAKE DRUM,Brake System
10,Nissan Navara – YD25 engine,Nissan Navara – YD25 engine Drum Skimming,Drum Skimming,Brake System,not supplied by workbook,PC,PCS,ASM-NISSAN-NAVARA-YD25-ENGINE-DRUM-SKIMMING,Nissan Navara – YD25 engine - Drum Skimming,service,0,2,46666.67,8400.00,55066.67,0.00,not_imported,ignored_previous_package_duplicate,same normalized source item name exists in previous catalog_audit.csv,DRUM SKIMMING,Brake System
11,Nissan Navara – YD25 engine,Nissan Navara – YD25 engine BOLT-PIN (Calipper bolts),BOLT-PIN (Calipper bolts),Brake System,not supplied by workbook,PC,PCS,ASM-NISSAN-NAVARA-YD25-ENGINE-BOLT-PIN-CALIPPER-BOLTS,Nissan Navara – YD25 engine - BOLT-PIN (Calipper bolts),stock,1,4,171797.34,30923.52,202720.86,-0.00,not_imported,ignored_previous_package_duplicate,same normalized source item name exists in previous catalog_audit.csv,BOLT PIN CALIPPER BOLTS,Brake System
12,Nissan Navara – YD25 engine,Nissan Navara – YD25 engine CYL ASSY CLUTCH,CYL ASSY CLUTCH,Brake System,not supplied by workbook,PC,PCS,ASM-NISSAN-NAVARA-YD25-ENGINE-CYL-ASSY-CLUTCH,Nissan Navara – YD25 engine - CYL ASSY CLUTCH,stock,1,1,323925.75,58306.63,382232.39,0.00,not_imported,ignored_previous_package_duplicate,same normalized source item name exists in previous catalog_audit.csv,CYL ASSY CLUTCH,Brake System
13,Nissan Navara – YD25 engine,Nissan Navara – YD25 engine CYL ASSY-CLUTCH,CYL ASSY-CLUTCH,Brake System,not supplied by workbook,PC,PCS,ASM-NISSAN-NAVARA-YD25-ENGINE-CYL-ASSY-CLUTCH,Nissan Navara – YD25 engine - CYL ASSY-CLUTCH,stock,1,1,629650.21,113337.04,742987.25,0.00,not_imported,ignored_previous_package_duplicate,same normalized source item name exists in previous catalog_audit.csv,CYL ASSY CLUTCH,Brake System
14,Nissan Navara – YD25 engine,Nissan Navara – YD25 engine CALIPER ASSY-BR (Brake caliper),CALIPER ASSY-BR (Brake caliper),Brake System,not supplied by workbook,PC,PCS,ASM-NISSAN-NAVARA-YD25-ENGINE-CALIPER-ASSY-BR-BRAKE-CALIPER,Nissan Navara – YD25 engine - CALIPER ASSY-BR (Brake caliper),stock,1,1,2250113.53,405020.44,2655133.97,-0.00,not_imported,ignored_previous_package_duplicate,same normalized source item name exists in previous catalog_audit.csv,CALIPER ASSY BR BRAKE CALIPER,Brake System
15,Nissan Navara – YD25 engine,"Nissan Navara – YD25 engine CABLE COMPL - P (Hand brake cable, short)","CABLE COMPL - P (Hand brake cable, short)",Brake System,not supplied by workbook,PC,PCS,ASM-NISSAN-NAVARA-YD25-ENGINE-CABLE-COMPL-P-HAND-BRAKE-CABLE-SHORT,"Nissan Navara – YD25 engine - CABLE COMPL - P (Hand brake cable, short)",stock,1,1,878252.76,158085.50,1036338.26,0.00,not_imported,ignored_previous_package_duplicate,same normalized source item name exists in previous catalog_audit.csv,CABLE COMPL P HAND BRAKE CABLE SHORT,Brake System
16,Nissan Navara – YD25 engine,"Nissan Navara – YD25 engine DVC ASSY-PKB  C (handbrake cable, long)","DVC ASSY-PKB  C (handbrake cable, long)",Brake System,not supplied by workbook,PC,PCS,ASM-NISSAN-NAVARA-YD25-ENGINE-DVC-ASSY-PKB-C-HANDBRAKE-CABLE-LONG,"Nissan Navara – YD25 engine - DVC ASSY-PKB  C (handbrake cable, long)",stock,1,1,853073.08,153553.15,1006626.23,0.00,not_imported,ignored_previous_package_duplicate,same normalized source item name exists in previous catalog_audit.csv,DVC ASSY PKB C HANDBRAKE CABLE LONG,Brake System
17,Nissan Navara – YD25 engine,Nissan Navara – YD25 engine PACK (brake shims),PACK (brake shims),Brake System,not supplied by workbook,PC,PCS,ASM-NISSAN-NAVARA-YD25-ENGINE-PACK-BRAKE-SHIMS,Nissan Navara – YD25 engine - PACK (brake shims),stock,1,4,132373.17,23827.17,156200.34,0.00,not_imported,ignored_previous_package_duplicate,same normalized source item name exists in previous catalog_audit.csv,PACK BRAKE SHIMS,Brake System
18,Nissan Navara – YD25 engine,Nissan Navara – YD25 engine SPACER VACUUM BOOST (brake servo bolt),SPACER VACUUM BOOST (brake servo bolt),Brake System,not supplied by workbook,PC,PCS,ASM-NISSAN-NAVARA-YD25-ENGINE-SPACER-VACUUM-BOOST-BRAKE-SERVO-BOLT,Nissan Navara – YD25 engine - SPACER VACUUM BOOST (brake servo bolt),stock,1,1,34877.45,6277.94,41155.39,-0.00,not_imported,ignored_previous_package_duplicate,same normalized source item name exists in previous catalog_audit.csv,SPACER VACUUM BOOST BRAKE SERVO BOLT,Brake System
19,Nissan Navara – YD25 engine,Nissan Navara – YD25 engine Brake pad plates,Brake pad plates,Brake System,not supplied by workbook,PC,PCS,ASM-NISSAN-NAVARA-YD25-ENGINE-BRAKE-PAD-PLATES,Nissan Navara – YD25 engine - Brake pad plates,stock,1,1,637003.38,114660.61,751663.99,0.00,not_imported,ignored_previous_package_duplicate,same normalized source item name exists in previous catalog_audit.csv,BRAKE PAD PLATES,Brake System
20,Nissan Navara – YD25 engine,Nissan Navara – YD25 engine ABS sensor,ABS sensor,Brake System,not supplied by workbook,PC,PCS,ASM-NISSAN-NAVARA-YD25-ENGINE-ABS-SENSOR,Nissan Navara – YD25 engine - ABS sensor,stock,1,1,2627851.86,473013.33,3100865.19,-0.00,not_imported,ignored_previous_package_duplicate,same normalized source item name exists in previous catalog_audit.csv,ABS SENSOR,Brake System
23,Nissan Navara – YD25 engine,Nissan Navara – YD25 engine Drive shaft boot,Drive shaft boot,Axle,not supplied by workbook,PC,PCS,ASM-NISSAN-NAVARA-YD25-ENGINE-DRIVE-SHAFT-BOOT,Nissan Navara – YD25 engine - Drive shaft boot,stock,1,1,522312.55,94016.26,616328.81,0.00,not_imported,ignored_previous_package_duplicate,same normalized source item name exists in previous catalog_audit.csv,DRIVE SHAFT BOOT,Axle
24,Nissan Navara – YD25 engine,Nissan Navara – YD25 engine SEAL HUB FRONT (Front grease seals),SEAL HUB FRONT (Front grease seals),Axle,not supplied by workbook,PC,PCS,ASM-NISSAN-NAVARA-YD25-ENGINE-SEAL-HUB-FRONT-FRONT-GREASE-SEALS,Nissan Navara – YD25 engine - SEAL HUB FRONT (Front grease seals),stock,1,2,132114.17,23780.55,155894.72,-0.00,not_imported,ignored_previous_package_duplicate,same normalized source item name exists in previous catalog_audit.csv,SEAL HUB FRONT FRONT GREASE SEALS,Axle
25,Nissan Navara – YD25 engine,Nissan Navara – YD25 engine BEARING ASSY-FR (Wheel bearings inner),BEARING ASSY-FR (Wheel bearings inner),Axle,not supplied by workbook,PC,PCS,ASM-NISSAN-NAVARA-YD25-ENGINE-BEARING-ASSY-FR-WHEEL-BEARINGS-INNER,Nissan Navara – YD25 engine - BEARING ASSY-FR (Wheel bearings inner),stock,1,2,402587.07,72465.67,475052.74,0.00,not_imported,ignored_previous_package_duplicate,same normalized source item name exists in previous catalog_audit.csv,BEARING ASSY FR WHEEL BEARINGS INNER,Axle
26,Nissan Navara – YD25 engine,Nissan Navara – YD25 engine Bearing KLM3008 (Wheel bearings outer),Bearing KLM3008 (Wheel bearings outer),Axle,not supplied by workbook,PC,PCS,ASM-NISSAN-NAVARA-YD25-ENGINE-BEARING-KLM3008-WHEEL-BEARINGS-OUTER,Nissan Navara – YD25 engine - Bearing KLM3008 (Wheel bearings outer),stock,1,2,896828.47,161429.12,1058257.59,0.00,not_imported,ignored_previous_package_duplicate,same normalized source item name exists in previous catalog_audit.csv,BEARING KLM3008 WHEEL BEARINGS OUTER,Axle
27,Nissan Navara – YD25 engine,Nissan Navara – YD25 engine SHAFT ASSY FRON (Drive shaft),SHAFT ASSY FRON (Drive shaft),Axle,not supplied by workbook,PC,PCS,ASM-NISSAN-NAVARA-YD25-ENGINE-SHAFT-ASSY-FRON-DRIVE-SHAFT,Nissan Navara – YD25 engine - SHAFT ASSY FRON (Drive shaft),stock,1,2,6943202.53,1249776.46,8192978.99,0.00,not_imported,ignored_previous_package_duplicate,same normalized source item name exists in previous catalog_audit.csv,SHAFT ASSY FRON DRIVE SHAFT,Axle
28,Nissan Navara – YD25 engine,Nissan Navara – YD25 engine ORNAMENT ROAD C (Hub cap),ORNAMENT ROAD C (Hub cap),Axle,not supplied by workbook,PC,PCS,ASM-NISSAN-NAVARA-YD25-ENGINE-ORNAMENT-ROAD-C-HUB-CAP,Nissan Navara – YD25 engine - ORNAMENT ROAD C (Hub cap),stock,1,2,159941.31,28789.44,188730.75,0.00,not_imported,ignored_previous_package_duplicate,same normalized source item name exists in previous catalog_audit.csv,ORNAMENT ROAD C HUB CAP,Axle
29,Nissan Navara – YD25 engine,Nissan Navara – YD25 engine LEVER-COMPLETE (*Accelerator pedal),LEVER-COMPLETE (*Accelerator pedal),Axle,not supplied by workbook,PC,PCS,ASM-NISSAN-NAVARA-YD25-ENGINE-LEVER-COMPLETE-ACCELERATOR-PEDAL,Nissan Navara – YD25 engine - LEVER-COMPLETE (*Accelerator pedal),stock,1,1,2305940.47,415069.28,2721009.75,0.00,not_imported,ignored_previous_package_duplicate,same normalized source item name exists in previous catalog_audit.csv,LEVER COMPLETE ACCELERATOR PEDAL,Axle
30,Nissan Navara – YD25 engine,Nissan Navara – YD25 engine CYL ASSY-RR WHE (Wheel cylinder),CYL ASSY-RR WHE (Wheel cylinder),Axle,not supplied by workbook,PC,PCS,ASM-NISSAN-NAVARA-YD25-ENGINE-CYL-ASSY-RR-WHE-WHEEL-CYLINDER,Nissan Navara – YD25 engine - CYL ASSY-RR WHE (Wheel cylinder),stock,1,2,878785.13,158181.32,1036966.45,0.00,not_imported,ignored_previous_package_duplicate,same normalized source item name exists in previous catalog_audit.csv,CYL ASSY RR WHE WHEEL CYLINDER,Axle
31,Nissan Navara – YD25 engine,Nissan Navara – YD25 engine Nut (Wheel lock nut),Nut (Wheel lock nut),Axle,not supplied by workbook,PC,PCS,ASM-NISSAN-NAVARA-YD25-ENGINE-NUT-WHEEL-LOCK-NUT,Nissan Navara – YD25 engine - Nut (Wheel lock nut),stock,1,1,112661.07,20278.99,132940.06,0.00,not_imported,ignored_previous_package_duplicate,same normalized source item name exists in previous catalog_audit.csv,NUT WHEEL LOCK NUT,Axle
32,Nissan Navara – YD25 engine,Nissan Navara – YD25 engine Wash-lock Wheel (Wheel hub washers),Wash-lock Wheel (Wheel hub washers),Axle,not supplied by workbook,PC,PCS,ASM-NISSAN-NAVARA-YD25-ENGINE-WASH-LOCK-WHEEL-WHEEL-HUB-WASHERS,Nissan Navara – YD25 engine - Wash-lock Wheel (Wheel hub washers),stock,1,2,79021.02,14223.78,93244.80,0.00,not_imported,ignored_previous_package_duplicate,same normalized source item name exists in previous catalog_audit.csv,WASH LOCK WHEEL WHEEL HUB WASHERS,Axle
33,Nissan Navara – YD25 engine,Nissan Navara – YD25 engine Scr-truss HD (Wheel hub screw),Scr-truss HD (Wheel hub screw),Axle,not supplied by workbook,PC,PCS,ASM-NISSAN-NAVARA-YD25-ENGINE-SCR-TRUSS-HD-WHEEL-HUB-SCREW,Nissan Navara – YD25 engine - Scr-truss HD (Wheel hub screw),stock,1,4,20776.83,3739.83,24516.66,0.00,not_imported,ignored_previous_package_duplicate,same normalized source item name exists in previous catalog_audit.csv,SCR TRUSS HD WHEEL HUB SCREW,Axle
34,Nissan Navara – YD25 engine,Nissan Navara – YD25 engine COMP BRG NEEDLE (Wheel hub lock nut),COMP BRG NEEDLE (Wheel hub lock nut),Axle,not supplied by workbook,PC,PCS,ASM-NISSAN-NAVARA-YD25-ENGINE-COMP-BRG-NEEDLE-WHEEL-HUB-LOCK-NUT,Nissan Navara – YD25 engine - COMP BRG NEEDLE (Wheel hub lock nut),stock,1,2,162358.56,29224.54,191583.10,0.00,not_imported,ignored_previous_package_duplicate,same normalized source item name exists in previous catalog_audit.csv,COMP BRG NEEDLE WHEEL HUB LOCK NUT,Axle
35,Nissan Navara – YD25 engine,Nissan Navara – YD25 engine HUB ASSY-AUTO F (Free running hub),HUB ASSY-AUTO F (Free running hub),Axle,not supplied by workbook,PC,PCS,ASM-NISSAN-NAVARA-YD25-ENGINE-HUB-ASSY-AUTO-F-FREE-RUNNING-HUB,Nissan Navara – YD25 engine - HUB ASSY-AUTO F (Free running hub),stock,1,2,4430817.47,797547.14,5228364.61,0.00,not_imported,ignored_previous_package_duplicate,same normalized source item name exists in previous catalog_audit.csv,HUB ASSY AUTO F FREE RUNNING HUB,Axle
38,Nissan Navara – YD25 engine,Nissan Navara – YD25 engine BELT-ALTNTR,BELT-ALTNTR,Engine Components,not supplied by workbook,PC,PCS,ASM-NISSAN-NAVARA-YD25-ENGINE-BELT-ALTNTR,Nissan Navara – YD25 engine - BELT-ALTNTR,stock,1,1,322957.09,58132.28,381089.37,0.00,not_imported,ignored_previous_package_duplicate,same normalized source item name exists in previous catalog_audit.csv,BELT ALTNTR,Engine Components
39,Nissan Navara – YD25 engine,Nissan Navara – YD25 engine BELT-COMPRESSOR,BELT-COMPRESSOR,Engine Components,not supplied by workbook,PC,PCS,ASM-NISSAN-NAVARA-YD25-ENGINE-BELT-COMPRESSOR,Nissan Navara – YD25 engine - BELT-COMPRESSOR,stock,1,1,81236.83,14622.63,95859.46,0.00,not_imported,ignored_previous_package_duplicate,same normalized source item name exists in previous catalog_audit.csv,BELT COMPRESSOR,Engine Components
40,Nissan Navara – YD25 engine,Nissan Navara – YD25 engine BELT-POWER STEE,BELT-POWER STEE,Engine Components,not supplied by workbook,PC,PCS,ASM-NISSAN-NAVARA-YD25-ENGINE-BELT-POWER-STEE,Nissan Navara – YD25 engine - BELT-POWER STEE,stock,1,1,65049.90,11708.98,76758.88,0.00,not_imported,ignored_previous_package_duplicate,same normalized source item name exists in previous catalog_audit.csv,BELT POWER STEE,Engine Components
41,Nissan Navara – YD25 engine,"Nissan Navara – YD25 engine GUIDE-CHAIN TEN (Guide chain tensioner, small)","GUIDE-CHAIN TEN (Guide chain tensioner, small)",Engine Components,not supplied by workbook,PC,PCS,ASM-NISSAN-NAVARA-YD25-ENGINE-GUIDE-CHAIN-TEN-GUIDE-CHAIN-TENSIONER-SMALL,"Nissan Navara – YD25 engine - GUIDE-CHAIN TEN (Guide chain tensioner, small)",stock,1,1,38460.15,6922.83,45382.98,0.00,not_imported,ignored_previous_package_duplicate,same normalized source item name exists in previous catalog_audit.csv,GUIDE CHAIN TEN GUIDE CHAIN TENSIONER SMALL,Engine Components
42,Nissan Navara – YD25 engine,"Nissan Navara – YD25 engine GUIDE-CHAIN TEN (Guide chain tensioner, big)","GUIDE-CHAIN TEN (Guide chain tensioner, big)",Engine Components,not supplied by workbook,PC,PCS,ASM-NISSAN-NAVARA-YD25-ENGINE-GUIDE-CHAIN-TEN-GUIDE-CHAIN-TENSIONER-BIG,"Nissan Navara – YD25 engine - GUIDE-CHAIN TEN (Guide chain tensioner, big)",stock,1,1,61337.70,11040.79,72378.49,-0.00,not_imported,ignored_previous_package_duplicate,same normalized source item name exists in previous catalog_audit.csv,GUIDE CHAIN TEN GUIDE CHAIN TENSIONER BIG,Engine Components
43,Nissan Navara – YD25 engine,Nissan Navara – YD25 engine CHAIN-TIMING CA (Timing chain loose end),CHAIN-TIMING CA (Timing chain loose end),Engine Components,not supplied by workbook,PC,PCS,ASM-NISSAN-NAVARA-YD25-ENGINE-CHAIN-TIMING-CA-TIMING-CHAIN-LOOSE-END,Nissan Navara – YD25 engine - CHAIN-TIMING CA (Timing chain loose end),stock,1,1,565837.71,101850.79,667688.50,0.00,not_imported,ignored_previous_package_duplicate,same normalized source item name exists in previous catalog_audit.csv,CHAIN TIMING CA TIMING CHAIN LOOSE END,Engine Components
44,Nissan Navara – YD25 engine,Nissan Navara – YD25 engine CHAIN-TIMING CA (Timing chain tension end),CHAIN-TIMING CA (Timing chain tension end),Engine Components,not supplied by workbook,PC,PCS,ASM-NISSAN-NAVARA-YD25-ENGINE-CHAIN-TIMING-CA-TIMING-CHAIN-TENSION-END,Nissan Navara – YD25 engine - CHAIN-TIMING CA (Timing chain tension end),stock,1,1,430212.78,77438.30,507651.08,0.00,not_imported,ignored_previous_package_duplicate,same normalized source item name exists in previous catalog_audit.csv,CHAIN TIMING CA TIMING CHAIN TENSION END,Engine Components
45,Nissan Navara – YD25 engine,Nissan Navara – YD25 engine Tension Chain,Tension Chain,Engine Components,not supplied by workbook,PC,PCS,ASM-NISSAN-NAVARA-YD25-ENGINE-TENSION-CHAIN,Nissan Navara – YD25 engine - Tension Chain,stock,1,1,329321.41,59277.85,388599.26,-0.00,not_imported,ignored_previous_package_duplicate,same normalized source item name exists in previous catalog_audit.csv,TENSION CHAIN,Engine Components
46,Nissan Navara – YD25 engine,"Nissan Navara – YD25 engine SEAL-OIL CRANKS (Crankshaft oil seal, front)","SEAL-OIL CRANKS (Crankshaft oil seal, front)",Engine Components,not supplied by workbook,PC,PCS,ASM-NISSAN-NAVARA-YD25-ENGINE-SEAL-OIL-CRANKS-CRANKSHAFT-OIL-SEAL-FRONT,"Nissan Navara – YD25 engine - SEAL-OIL CRANKS (Crankshaft oil seal, front)",stock,1,1,98531.68,17735.70,116267.38,-0.00,not_imported,ignored_previous_package_duplicate,same normalized source item name exists in previous catalog_audit.csv,SEAL OIL CRANKS CRANKSHAFT OIL SEAL FRONT,Engine Components
47,Nissan Navara – YD25 engine,"Nissan Navara – YD25 engine SEAL-OIL CRANKS (Crankshaft oil seal, rear))","SEAL-OIL CRANKS (Crankshaft oil seal, rear))",Engine Components,not supplied by workbook,PC,PCS,ASM-NISSAN-NAVARA-YD25-ENGINE-SEAL-OIL-CRANKS-CRANKSHAFT-OIL-SEAL-REAR,"Nissan Navara – YD25 engine - SEAL-OIL CRANKS (Crankshaft oil seal, rear))",stock,1,1,170099.51,30617.91,200717.42,0.00,not_imported,ignored_previous_package_duplicate,same normalized source item name exists in previous catalog_audit.csv,SEAL OIL CRANKS CRANKSHAFT OIL SEAL REAR,Engine Components
48,Nissan Navara – YD25 engine,Nissan Navara – YD25 engine HEAD CYLINDER (Cylinder head),HEAD CYLINDER (Cylinder head),Engine Components,not supplied by workbook,PC,PCS,ASM-NISSAN-NAVARA-YD25-ENGINE-HEAD-CYLINDER-CYLINDER-HEAD,Nissan Navara – YD25 engine - HEAD CYLINDER (Cylinder head),stock,1,1,6443666.50,1159859.97,7603526.47,0.00,not_imported,ignored_previous_package_duplicate,same normalized source item name exists in previous catalog_audit.csv,HEAD CYLINDER CYLINDER HEAD,Engine Components
49,Nissan Navara – YD25 engine,Nissan Navara – YD25 engine Cylinder head refacing,Cylinder head refacing,Engine Components,not supplied by workbook,PC,PCS,ASM-NISSAN-NAVARA-YD25-ENGINE-CYLINDER-HEAD-REFACING,Nissan Navara – YD25 engine - Cylinder head refacing,stock,1,1,1065806.46,191845.16,1257651.62,0.00,not_imported,ignored_previous_package_duplicate,same normalized source item name exists in previous catalog_audit.csv,CYLINDER HEAD REFACING,Engine Components
50,Nissan Navara – YD25 engine,Nissan Navara – YD25 engine Gasket Cylinder (Cylinde head gasket),Gasket Cylinder (Cylinde head gasket),Engine Components,not supplied by workbook,PC,PCS,ASM-NISSAN-NAVARA-YD25-ENGINE-GASKET-CYLINDER-CYLINDE-HEAD-GASKET,Nissan Navara – YD25 engine - Gasket Cylinder (Cylinde head gasket),stock,1,1,305436.00,54978.48,360414.48,0.00,not_imported,ignored_previous_package_duplicate,same normalized source item name exists in previous catalog_audit.csv,GASKET CYLINDER CYLINDE HEAD GASKET,Engine Components
51,Nissan Navara – YD25 engine,Nissan Navara – YD25 engine GASKET-ROCKER C (Rocker cover gasket),GASKET-ROCKER C (Rocker cover gasket),Engine Components,not supplied by workbook,PC,PCS,ASM-NISSAN-NAVARA-YD25-ENGINE-GASKET-ROCKER-C-ROCKER-COVER-GASKET,Nissan Navara – YD25 engine - GASKET-ROCKER C (Rocker cover gasket),stock,1,1,137380.32,24728.46,162108.78,0.00,not_imported,ignored_previous_package_duplicate,same normalized source item name exists in previous catalog_audit.csv,GASKET ROCKER C ROCKER COVER GASKET,Engine Components
52,Nissan Navara – YD25 engine,"Nissan Navara – YD25 engine INSULATOR-ENGIN (Engine  mounting, rear)","INSULATOR-ENGIN (Engine  mounting, rear)",Engine Components,not supplied by workbook,PC,PCS,ASM-NISSAN-NAVARA-YD25-ENGINE-INSULATOR-ENGIN-ENGINE-MOUNTING-REAR,"Nissan Navara – YD25 engine - INSULATOR-ENGIN (Engine  mounting, rear)",stock,1,1,2626772.72,472819.09,3099591.81,0.00,not_imported,ignored_previous_package_duplicate,same normalized source item name exists in previous catalog_audit.csv,INSULATOR ENGIN ENGINE MOUNTING REAR,Engine Components
53,Nissan Navara – YD25 engine,"Nissan Navara – YD25 engine INSULATOR-ENG M (Engine mounting, front)","INSULATOR-ENG M (Engine mounting, front)",Engine Components,not supplied by workbook,PC,PCS,ASM-NISSAN-NAVARA-YD25-ENGINE-INSULATOR-ENG-M-ENGINE-MOUNTING-FRONT,"Nissan Navara – YD25 engine - INSULATOR-ENG M (Engine mounting, front)",stock,1,1,587060.58,105670.90,692731.48,0.00,not_imported,ignored_previous_package_duplicate,same normalized source item name exists in previous catalog_audit.csv,INSULATOR ENG M ENGINE MOUNTING FRONT,Engine Components
54,Nissan Navara – YD25 engine,Nissan Navara – YD25 engine Plug Drain,Plug Drain,Engine Components,not supplied by workbook,PC,PCS,ASM-NISSAN-NAVARA-YD25-ENGINE-PLUG-DRAIN,Nissan Navara – YD25 engine - Plug Drain,stock,1,1,18057.42,3250.34,21307.76,-0.00,not_imported,ignored_previous_package_duplicate,same normalized source item name exists in previous catalog_audit.csv,PLUG DRAIN,Engine Components
55,Nissan Navara – YD25 engine,"Nissan Navara – YD25 engine ENGINE BARE, complete engine assy","ENGINE BARE, complete engine assy",Engine Components,not supplied by workbook,PC,PCS,ASM-NISSAN-NAVARA-YD25-ENGINE-ENGINE-BARE-COMPLETE-ENGINE-ASSY,"Nissan Navara – YD25 engine - ENGINE BARE, complete engine assy",stock,1,1,76910979.35,13843976.28,90754955.63,-0.00,not_imported,ignored_previous_package_duplicate,same normalized source item name exists in previous catalog_audit.csv,ENGINE BARE COMPLETE ENGINE ASSY,Engine Components
56,Nissan Navara – YD25 engine,Nissan Navara – YD25 engine RING SET-PISTON (Piston rings),RING SET-PISTON (Piston rings),Engine Components,not supplied by workbook,PC,PCS,ASM-NISSAN-NAVARA-YD25-ENGINE-RING-SET-PISTON-PISTON-RINGS,Nissan Navara – YD25 engine - RING SET-PISTON (Piston rings),stock,1,1,1673182.37,301172.83,1974355.20,0.00,not_imported,ignored_previous_package_duplicate,same normalized source item name exists in previous catalog_audit.csv,RING SET PISTON PISTON RINGS,Engine Components
57,Nissan Navara – YD25 engine,Nissan Navara – YD25 engine PISTON WITH PIN (Piston),PISTON WITH PIN (Piston),Engine Components,not supplied by workbook,PC,PCS,ASM-NISSAN-NAVARA-YD25-ENGINE-PISTON-WITH-PIN-PISTON,Nissan Navara – YD25 engine - PISTON WITH PIN (Piston),stock,1,4,4246013.03,764282.35,5010295.38,0.00,not_imported,ignored_previous_package_duplicate,same normalized source item name exists in previous catalog_audit.csv,PISTON WITH PIN PISTON,Engine Components
58,Nissan Navara – YD25 engine,Nissan Navara – YD25 engine Bearing Set (Main bearings),Bearing Set (Main bearings),Engine Components,not supplied by workbook,PC,PCS,ASM-NISSAN-NAVARA-YD25-ENGINE-BEARING-SET-MAIN-BEARINGS,Nissan Navara – YD25 engine - Bearing Set (Main bearings),stock,1,1,231336.49,41640.57,272977.06,-0.00,not_imported,ignored_previous_package_duplicate,same normalized source item name exists in previous catalog_audit.csv,BEARING SET MAIN BEARINGS,Engine Components
59,Nissan Navara – YD25 engine,Nissan Navara – YD25 engine BUSHING SET-CON (Piece bearings),BUSHING SET-CON (Piece bearings),Engine Components,not supplied by workbook,PC,PCS,ASM-NISSAN-NAVARA-YD25-ENGINE-BUSHING-SET-CON-PIECE-BEARINGS,Nissan Navara – YD25 engine - BUSHING SET-CON (Piece bearings),stock,1,1,96315.86,17336.85,113652.71,0.00,not_imported,ignored_previous_package_duplicate,same normalized source item name exists in previous catalog_audit.csv,BUSHING SET CON PIECE BEARINGS,Engine Components
60,Nissan Navara – YD25 engine,Nissan Navara – YD25 engine Block Sleeve,Block Sleeve,Engine Components,not supplied by workbook,PC,PCS,ASM-NISSAN-NAVARA-YD25-ENGINE-BLOCK-SLEEVE,Nissan Navara – YD25 engine - Block Sleeve,stock,1,4,1141935.49,205548.39,1347483.88,0.00,not_imported,ignored_previous_package_duplicate,same normalized source item name exists in previous catalog_audit.csv,BLOCK SLEEVE,Engine Components
61,Nissan Navara – YD25 engine,Nissan Navara – YD25 engine GASKET-ENGINE (Overhaul gasket kit),GASKET-ENGINE (Overhaul gasket kit),Engine Components,not supplied by workbook,PC,PCS,ASM-NISSAN-NAVARA-YD25-ENGINE-GASKET-ENGINE-OVERHAUL-GASKET-KIT,Nissan Navara – YD25 engine - GASKET-ENGINE (Overhaul gasket kit),stock,1,1,1168164.38,210269.59,1378433.97,0.00,not_imported,ignored_previous_package_duplicate,same normalized source item name exists in previous catalog_audit.csv,GASKET ENGINE OVERHAUL GASKET KIT,Engine Components
62,Nissan Navara – YD25 engine,Nissan Navara – YD25 engine PUMP ASSY OIL D (Oil pump),PUMP ASSY OIL D (Oil pump),Engine Components,not supplied by workbook,PC,PCS,ASM-NISSAN-NAVARA-YD25-ENGINE-PUMP-ASSY-OIL-D-OIL-PUMP,Nissan Navara – YD25 engine - PUMP ASSY OIL D (Oil pump),stock,1,1,947179.06,170492.23,1117671.29,0.00,not_imported,ignored_previous_package_duplicate,same normalized source item name exists in previous catalog_audit.csv,PUMP ASSY OIL D OIL PUMP,Engine Components
63,Nissan Navara – YD25 engine,Nissan Navara – YD25 engine ROD COMP-CON (Connecting rods),ROD COMP-CON (Connecting rods),Engine Components,not supplied by workbook,PC,PCS,ASM-NISSAN-NAVARA-YD25-ENGINE-ROD-COMP-CON-CONNECTING-RODS,Nissan Navara – YD25 engine - ROD COMP-CON (Connecting rods),stock,1,4,3214020.35,578523.66,3792544.01,0.00,not_imported,ignored_previous_package_duplicate,same normalized source item name exists in previous catalog_audit.csv,ROD COMP CON CONNECTING RODS,Engine Components
64,Nissan Navara – YD25 engine,Nissan Navara – YD25 engine PUMP INJECTION (Injector pump),PUMP INJECTION (Injector pump),Engine Components,not supplied by workbook,PC,PCS,ASM-NISSAN-NAVARA-YD25-ENGINE-PUMP-INJECTION-INJECTOR-PUMP,Nissan Navara – YD25 engine - PUMP INJECTION (Injector pump),stock,1,1,9068237.80,1632282.80,10700520.60,0.00,not_imported,ignored_previous_package_duplicate,same normalized source item name exists in previous catalog_audit.csv,PUMP INJECTION INJECTOR PUMP,Engine Components
65,Nissan Navara – YD25 engine,Nissan Navara – YD25 engine injector pump service,injector pump service,Engine Components,not supplied by workbook,PC,PCS,ASM-NISSAN-NAVARA-YD25-ENGINE-INJECTOR-PUMP-SERVICE,Nissan Navara – YD25 engine - injector pump service,stock,1,1,7041935.49,1267548.39,8309483.88,0.00,not_imported,ignored_previous_package_duplicate,same normalized source item name exists in previous catalog_audit.csv,INJECTOR PUMP SERVICE,Engine Components
66,Nissan Navara – YD25 engine,Nissan Navara – YD25 engine Fluid Gasket (Sealant tube),Fluid Gasket (Sealant tube),Engine Components,not supplied by workbook,PC,PCS,ASM-NISSAN-NAVARA-YD25-ENGINE-FLUID-GASKET-SEALANT-TUBE,Nissan Navara – YD25 engine - Fluid Gasket (Sealant tube),stock,1,1,477003.81,85860.69,562864.50,0.00,not_imported,ignored_previous_package_duplicate,same normalized source item name exists in previous catalog_audit.csv,FLUID GASKET SEALANT TUBE,Engine Components
67,Nissan Navara – YD25 engine,Nissan Navara – YD25 engine FAN COOLING,FAN COOLING,Engine Components,not supplied by workbook,PC,PCS,ASM-NISSAN-NAVARA-YD25-ENGINE-FAN-COOLING,Nissan Navara – YD25 engine - FAN COOLING,stock,1,1,599362.65,107885.28,707247.93,0.00,not_imported,ignored_previous_package_duplicate,same normalized source item name exists in previous catalog_audit.csv,FAN COOLING,Engine Components
68,Nissan Navara – YD25 engine,Nissan Navara – YD25 engine Canshaft pulley,Canshaft pulley,Engine Components,not supplied by workbook,PC,PCS,ASM-NISSAN-NAVARA-YD25-ENGINE-CANSHAFT-PULLEY,Nissan Navara – YD25 engine - Canshaft pulley,stock,1,1,411299.11,74033.84,485332.95,0.00,not_imported,ignored_previous_package_duplicate,same normalized source item name exists in previous catalog_audit.csv,CANSHAFT PULLEY,Engine Components
69,Nissan Navara – YD25 engine,Nissan Navara – YD25 engine Crankshaft pulley,Crankshaft pulley,Engine Components,not supplied by workbook,PC,PCS,ASM-NISSAN-NAVARA-YD25-ENGINE-CRANKSHAFT-PULLEY,Nissan Navara – YD25 engine - Crankshaft pulley,stock,1,1,833833.36,150090.00,983923.36,0.00,not_imported,ignored_previous_package_duplicate,same normalized source item name exists in previous catalog_audit.csv,CRANKSHAFT PULLEY,Engine Components
72,Nissan Navara – YD25 engine,Nissan Navara – YD25 engine FAN ASSY-COND (AC fan shroud),FAN ASSY-COND (AC fan shroud),Engine Cooling System,not supplied by workbook,PC,PCS,ASM-NISSAN-NAVARA-YD25-ENGINE-FAN-ASSY-COND-AC-FAN-SHROUD,Nissan Navara – YD25 engine - FAN ASSY-COND (AC fan shroud),stock,1,1,235609.83,42409.77,278019.60,0.00,not_imported,ignored_previous_package_duplicate,same normalized source item name exists in previous catalog_audit.csv,FAN ASSY COND AC FAN SHROUD,Engine Cooling System
73,Nissan Navara – YD25 engine,Nissan Navara – YD25 engine Shroud-rad.lowe (Cooling fan shroud),Shroud-rad.lowe (Cooling fan shroud),Engine Cooling System,not supplied by workbook,PC,PCS,ASM-NISSAN-NAVARA-YD25-ENGINE-SHROUD-RAD-LOWE-COOLING-FAN-SHROUD,Nissan Navara – YD25 engine - Shroud-rad.lowe (Cooling fan shroud),stock,1,1,763937.03,137508.67,901445.70,0.00,not_imported,ignored_previous_package_duplicate,same normalized source item name exists in previous catalog_audit.csv,SHROUD RAD LOWE COOLING FAN SHROUD,Engine Cooling System
74,Nissan Navara – YD25 engine,Nissan Navara – YD25 engine Radiator assy,Radiator assy,Engine Cooling System,not supplied by workbook,PC,PCS,ASM-NISSAN-NAVARA-YD25-ENGINE-RADIATOR-ASSY,Nissan Navara – YD25 engine - Radiator assy,stock,1,1,4285040.53,771307.30,5056347.83,-0.00,not_imported,ignored_previous_package_duplicate,same normalized source item name exists in previous catalog_audit.csv,RADIATOR ASSY,Engine Cooling System
75,Nissan Navara – YD25 engine,Nissan Navara – YD25 engine CAP ASSY-PRESSU (Radiator cap),CAP ASSY-PRESSU (Radiator cap),Engine Cooling System,not supplied by workbook,PC,PCS,ASM-NISSAN-NAVARA-YD25-ENGINE-CAP-ASSY-PRESSU-RADIATOR-CAP,Nissan Navara – YD25 engine - CAP ASSY-PRESSU (Radiator cap),stock,1,1,56906.07,10243.09,67149.16,0.00,not_imported,ignored_previous_package_duplicate,same normalized source item name exists in previous catalog_audit.csv,CAP ASSY PRESSU RADIATOR CAP,Engine Cooling System
76,Nissan Navara – YD25 engine,Nissan Navara – YD25 engine MOUNTING RUBBER (Upper radiator mountings),MOUNTING RUBBER (Upper radiator mountings),Engine Cooling System,not supplied by workbook,PC,PCS,ASM-NISSAN-NAVARA-YD25-ENGINE-MOUNTING-RUBBER-UPPER-RADIATOR-MOUNTINGS,Nissan Navara – YD25 engine - MOUNTING RUBBER (Upper radiator mountings),stock,1,2,59769.36,10758.48,70527.84,0.00,not_imported,ignored_previous_package_duplicate,same normalized source item name exists in previous catalog_audit.csv,MOUNTING RUBBER UPPER RADIATOR MOUNTINGS,Engine Cooling System
77,Nissan Navara – YD25 engine,Nissan Navara – YD25 engine RUBBER-MOUNTING (Lower radiator mounting),RUBBER-MOUNTING (Lower radiator mounting),Engine Cooling System,not supplied by workbook,PC,PCS,ASM-NISSAN-NAVARA-YD25-ENGINE-RUBBER-MOUNTING-LOWER-RADIATOR-MOUNTING,Nissan Navara – YD25 engine - RUBBER-MOUNTING (Lower radiator mounting),stock,1,2,47855.77,8614.04,56469.81,0.00,not_imported,ignored_previous_package_duplicate,same normalized source item name exists in previous catalog_audit.csv,RUBBER MOUNTING LOWER RADIATOR MOUNTING,Engine Cooling System
78,Nissan Navara – YD25 engine,Nissan Navara – YD25 engine HOSE-RESERVE TA (Reserve tank pipe),HOSE-RESERVE TA (Reserve tank pipe),Engine Cooling System,not supplied by workbook,PC,PCS,ASM-NISSAN-NAVARA-YD25-ENGINE-HOSE-RESERVE-TA-RESERVE-TANK-PIPE,Nissan Navara – YD25 engine - HOSE-RESERVE TA (Reserve tank pipe),stock,1,1,25352.34,4563.42,29915.76,0.00,not_imported,ignored_previous_package_duplicate,same normalized source item name exists in previous catalog_audit.csv,HOSE RESERVE TA RESERVE TANK PIPE,Engine Cooling System
79,Nissan Navara – YD25 engine,Nissan Navara – YD25 engine Nozzle Washer (Wiper nozzles),Nozzle Washer (Wiper nozzles),Engine Cooling System,not supplied by workbook,PC,PCS,ASM-NISSAN-NAVARA-YD25-ENGINE-NOZZLE-WASHER-WIPER-NOZZLES,Nissan Navara – YD25 engine - Nozzle Washer (Wiper nozzles),stock,1,2,103769.05,18678.43,122447.48,0.00,not_imported,ignored_previous_package_duplicate,same normalized source item name exists in previous catalog_audit.csv,NOZZLE WASHER WIPER NOZZLES,Engine Cooling System
80,Nissan Navara – YD25 engine,Nissan Navara – YD25 engine TANK ASSY-RESER (Reservoir tank),TANK ASSY-RESER (Reservoir tank),Engine Cooling System,not supplied by workbook,PC,PCS,ASM-NISSAN-NAVARA-YD25-ENGINE-TANK-ASSY-RESER-RESERVOIR-TANK,Nissan Navara – YD25 engine - TANK ASSY-RESER (Reservoir tank),stock,1,1,336299.78,60533.96,396833.74,0.00,not_imported,ignored_previous_package_duplicate,same normalized source item name exists in previous catalog_audit.csv,TANK ASSY RESER RESERVOIR TANK,Engine Cooling System
81,Nissan Navara – YD25 engine,Nissan Navara – YD25 engine BODY-CLEANER (Air cleaner housing),BODY-CLEANER (Air cleaner housing),Engine Cooling System,not supplied by workbook,PC,PCS,ASM-NISSAN-NAVARA-YD25-ENGINE-BODY-CLEANER-AIR-CLEANER-HOUSING,Nissan Navara – YD25 engine - BODY-CLEANER (Air cleaner housing),stock,1,1,785346.95,141362.45,926709.40,0.00,not_imported,ignored_previous_package_duplicate,same normalized source item name exists in previous catalog_audit.csv,BODY CLEANER AIR CLEANER HOUSING,Engine Cooling System
82,Nissan Navara – YD25 engine,Nissan Navara – YD25 engine PUMP ASSY-WATER (Water pump),PUMP ASSY-WATER (Water pump),Engine Cooling System,not supplied by workbook,PC,PCS,ASM-NISSAN-NAVARA-YD25-ENGINE-PUMP-ASSY-WATER-WATER-PUMP,Nissan Navara – YD25 engine - PUMP ASSY-WATER (Water pump),stock,1,1,1786188.76,321513.98,2107702.74,0.00,not_imported,ignored_previous_package_duplicate,same normalized source item name exists in previous catalog_audit.csv,PUMP ASSY WATER WATER PUMP,Engine Cooling System
83,Nissan Navara – YD25 engine,Nissan Navara – YD25 engine ENGINE COOLANT,ENGINE COOLANT,Engine Cooling System,not supplied by workbook,PC,PCS,ASM-NISSAN-NAVARA-YD25-ENGINE-ENGINE-COOLANT,Nissan Navara – YD25 engine - ENGINE COOLANT,stock,1,1,181394.39,32650.99,214045.38,0.00,not_imported,ignored_previous_package_duplicate,same normalized source item name exists in previous catalog_audit.csv,ENGINE COOLANT,Engine Cooling System
84,Nissan Navara – YD25 engine,Nissan Navara – YD25 engine GASKET-WATER PU (Water pump gasket),GASKET-WATER PU (Water pump gasket),Engine Cooling System,not supplied by workbook,PC,PCS,ASM-NISSAN-NAVARA-YD25-ENGINE-GASKET-WATER-PU-WATER-PUMP-GASKET,Nissan Navara – YD25 engine - GASKET-WATER PU (Water pump gasket),stock,1,1,27395.49,4931.19,32326.68,0.00,not_imported,ignored_previous_package_duplicate,same normalized source item name exists in previous catalog_audit.csv,GASKET WATER PU WATER PUMP GASKET,Engine Cooling System
85,Nissan Navara – YD25 engine,Nissan Navara – YD25 engine TANK ASSY -WS WASH (Wiper tank tank),TANK ASSY -WS WASH (Wiper tank tank),Engine Cooling System,not supplied by workbook,PC,PCS,ASM-NISSAN-NAVARA-YD25-ENGINE-TANK-ASSY-WS-WASH-WIPER-TANK-TANK,Nissan Navara – YD25 engine - TANK ASSY -WS WASH (Wiper tank tank),stock,1,1,167998.81,30239.79,198238.60,0.00,not_imported,ignored_previous_package_duplicate,same normalized source item name exists in previous catalog_audit.csv,TANK ASSY WS WASH WIPER TANK TANK,Engine Cooling System
88,Nissan Navara – YD25 engine,Nissan Navara – YD25 engine FILTER ASSY-OIL (Oil filter),FILTER ASSY-OIL (Oil filter),Engine Oil System,not supplied by workbook,PC,PCS,ASM-NISSAN-NAVARA-YD25-ENGINE-FILTER-ASSY-OIL-OIL-FILTER,Nissan Navara – YD25 engine - FILTER ASSY-OIL (Oil filter),stock,1,1,105581.99,19004.76,124586.75,0.00,not_imported,ignored_previous_package_duplicate,same normalized source item name exists in previous catalog_audit.csv,FILTER ASSY OIL OIL FILTER,Engine Oil System
89,Nissan Navara – YD25 engine,Nissan Navara – YD25 engine CAP ASSY-OIL FI (Oil filler cap),CAP ASSY-OIL FI (Oil filler cap),Engine Oil System,not supplied by workbook,PC,PCS,ASM-NISSAN-NAVARA-YD25-ENGINE-CAP-ASSY-OIL-FI-OIL-FILLER-CAP,Nissan Navara – YD25 engine - CAP ASSY-OIL FI (Oil filler cap),stock,1,1,14115.01,2540.70,16655.71,0.00,not_imported,ignored_previous_package_duplicate,same normalized source item name exists in previous catalog_audit.csv,CAP ASSY OIL FI OIL FILLER CAP,Engine Oil System
90,Nissan Navara – YD25 engine,Nissan Navara – YD25 engine PUMP ASSY OIL D (Oil pump),PUMP ASSY OIL D (Oil pump),Engine Oil System,not supplied by workbook,PC,PCS,ASM-NISSAN-NAVARA-YD25-ENGINE-PUMP-ASSY-OIL-D-OIL-PUMP,Nissan Navara – YD25 engine - PUMP ASSY OIL D (Oil pump),stock,1,1,947179.06,170492.23,1117671.29,0.00,not_imported,ignored_previous_package_duplicate,same normalized source item name exists in previous catalog_audit.csv,PUMP ASSY OIL D OIL PUMP,Engine Oil System
91,Nissan Navara – YD25 engine,Nissan Navara – YD25 engine HOSE-WATER (Oil cooler pipe),HOSE-WATER (Oil cooler pipe),Engine Oil System,not supplied by workbook,PC,PCS,ASM-NISSAN-NAVARA-YD25-ENGINE-HOSE-WATER-OIL-COOLER-PIPE,Nissan Navara – YD25 engine - HOSE-WATER (Oil cooler pipe),stock,1,1,87797.94,15803.63,103601.57,0.00,not_imported,ignored_previous_package_duplicate,same normalized source item name exists in previous catalog_audit.csv,HOSE WATER OIL COOLER PIPE,Engine Oil System
92,Nissan Navara – YD25 engine,Nissan Navara – YD25 engine COOLER OIL (Oil cooler),COOLER OIL (Oil cooler),Engine Oil System,not supplied by workbook,PC,PCS,ASM-NISSAN-NAVARA-YD25-ENGINE-COOLER-OIL-OIL-COOLER,Nissan Navara – YD25 engine - COOLER OIL (Oil cooler),stock,1,1,5828606.12,1049149.10,6877755.22,0.00,not_imported,ignored_previous_package_duplicate,same normalized source item name exists in previous catalog_audit.csv,COOLER OIL OIL COOLER,Engine Oil System
93,Nissan Navara – YD25 engine,Nissan Navara – YD25 engine STRAINER OIL (Oil strainer),STRAINER OIL (Oil strainer),Engine Oil System,not supplied by workbook,PC,PCS,ASM-NISSAN-NAVARA-YD25-ENGINE-STRAINER-OIL-OIL-STRAINER,Nissan Navara – YD25 engine - STRAINER OIL (Oil strainer),stock,1,1,207667.59,37380.17,245047.76,0.00,not_imported,ignored_previous_package_duplicate,same normalized source item name exists in previous catalog_audit.csv,STRAINER OIL OIL STRAINER,Engine Oil System
94,Nissan Navara – YD25 engine,Nissan Navara – YD25 engine GAUGE OIL LEVEL (Dipstick),GAUGE OIL LEVEL (Dipstick),Engine Oil System,not supplied by workbook,PC,PCS,ASM-NISSAN-NAVARA-YD25-ENGINE-GAUGE-OIL-LEVEL-DIPSTICK,Nissan Navara – YD25 engine - GAUGE OIL LEVEL (Dipstick),stock,1,1,78733.26,14171.99,92905.25,0.00,not_imported,ignored_previous_package_duplicate,same normalized source item name exists in previous catalog_audit.csv,GAUGE OIL LEVEL DIPSTICK,Engine Oil System
95,Nissan Navara – YD25 engine,Nissan Navara – YD25 engine PAN ASSY-OIL (Oil pan),PAN ASSY-OIL (Oil pan),Engine Oil System,not supplied by workbook,PC,PCS,ASM-NISSAN-NAVARA-YD25-ENGINE-PAN-ASSY-OIL-OIL-PAN,Nissan Navara – YD25 engine - PAN ASSY-OIL (Oil pan),stock,1,1,779131.17,140243.61,919374.78,0.00,not_imported,ignored_previous_package_duplicate,same normalized source item name exists in previous catalog_audit.csv,PAN ASSY OIL OIL PAN,Engine Oil System
96,Nissan Navara – YD25 engine,Nissan Navara – YD25 engine BRACKET-OIL FIL (Oil filter bracket),BRACKET-OIL FIL (Oil filter bracket),Engine Oil System,not supplied by workbook,PC,PCS,ASM-NISSAN-NAVARA-YD25-ENGINE-BRACKET-OIL-FIL-OIL-FILTER-BRACKET,Nissan Navara – YD25 engine - BRACKET-OIL FIL (Oil filter bracket),stock,1,1,408198.54,73475.74,481674.28,-0.00,not_imported,ignored_previous_package_duplicate,same normalized source item name exists in previous catalog_audit.csv,BRACKET OIL FIL OIL FILTER BRACKET,Engine Oil System
97,Nissan Navara – YD25 engine,Nissan Navara – YD25 engine WASHER DRAIN (Drain plug washer),WASHER DRAIN (Drain plug washer),Engine Oil System,not supplied by workbook,PC,PCS,ASM-NISSAN-NAVARA-YD25-ENGINE-WASHER-DRAIN-DRAIN-PLUG-WASHER,Nissan Navara – YD25 engine - WASHER DRAIN (Drain plug washer),stock,1,1,6273.34,1129.20,7402.54,0.00,not_imported,ignored_previous_package_duplicate,same normalized source item name exists in previous catalog_audit.csv,WASHER DRAIN DRAIN PLUG WASHER,Engine Oil System
100,Nissan Navara – YD25 engine,"Nissan Navara – YD25 engine MFLR ASSY (Exhaust pipe complete( Silencers,pipes etc))","MFLR ASSY (Exhaust pipe complete( Silencers,pipes etc))",Exhaust System,not supplied by workbook,PC,PCS,ASM-NISSAN-NAVARA-YD25-ENGINE-MFLR-ASSY-EXHAUST-PIPE-COMPLETE-SILENCERS-PIPES-ETC,"Nissan Navara – YD25 engine - MFLR ASSY (Exhaust pipe complete( Silencers,pipes etc))",stock,1,1,1000064.84,180011.67,1180076.51,0.00,not_imported,ignored_previous_package_duplicate,same normalized source item name exists in previous catalog_audit.csv,MFLR ASSY EXHAUST PIPE COMPLETE SILENCERS PIPES ETC,Exhaust System
101,Nissan Navara – YD25 engine,Nissan Navara – YD25 engine CONVERTER ASSY (Catalytic converter),CONVERTER ASSY (Catalytic converter),Exhaust System,not supplied by workbook,PC,PCS,ASM-NISSAN-NAVARA-YD25-ENGINE-CONVERTER-ASSY-CATALYTIC-CONVERTER,Nissan Navara – YD25 engine - CONVERTER ASSY (Catalytic converter),stock,1,1,4752196.49,855395.37,5607591.86,0.00,not_imported,ignored_previous_package_duplicate,same normalized source item name exists in previous catalog_audit.csv,CONVERTER ASSY CATALYTIC CONVERTER,Exhaust System
102,Nissan Navara – YD25 engine,Nissan Navara – YD25 engine BOLT (Exhaust bolt),BOLT (Exhaust bolt),Exhaust System,not supplied by workbook,PC,PCS,ASM-NISSAN-NAVARA-YD25-ENGINE-BOLT-EXHAUST-BOLT,Nissan Navara – YD25 engine - BOLT (Exhaust bolt),stock,1,1,6359.67,1144.74,7504.41,0.00,not_imported,ignored_previous_package_duplicate,same normalized source item name exists in previous catalog_audit.csv,BOLT EXHAUST BOLT,Exhaust System
103,Nissan Navara – YD25 engine,Nissan Navara – YD25 engine BOLT HEX HD (Exhaust bolt),BOLT HEX HD (Exhaust bolt),Exhaust System,not supplied by workbook,PC,PCS,ASM-NISSAN-NAVARA-YD25-ENGINE-BOLT-HEX-HD-EXHAUST-BOLT,Nissan Navara – YD25 engine - BOLT HEX HD (Exhaust bolt),stock,1,4,95193.57,17134.84,112328.41,0.00,not_imported,ignored_previous_package_duplicate,same normalized source item name exists in previous catalog_audit.csv,BOLT HEX HD EXHAUST BOLT,Exhaust System
104,Nissan Navara – YD25 engine,Nissan Navara – YD25 engine BOLT (Exhaust bolt),BOLT (Exhaust bolt),Exhaust System,not supplied by workbook,PC,PCS,ASM-NISSAN-NAVARA-YD25-ENGINE-BOLT-EXHAUST-BOLT,Nissan Navara – YD25 engine - BOLT (Exhaust bolt),stock,1,6,38158.00,6868.44,45026.44,0.00,not_imported,ignored_previous_package_duplicate,same normalized source item name exists in previous catalog_audit.csv,BOLT EXHAUST BOLT,Exhaust System
105,Nissan Navara – YD25 engine,Nissan Navara – YD25 engine SCR-HEX HD PP W (Exhaust bolt),SCR-HEX HD PP W (Exhaust bolt),Exhaust System,not supplied by workbook,PC,PCS,ASM-NISSAN-NAVARA-YD25-ENGINE-SCR-HEX-HD-PP-W-EXHAUST-BOLT,Nissan Navara – YD25 engine - SCR-HEX HD PP W (Exhaust bolt),stock,1,2,43337.82,7800.81,51138.63,0.00,not_imported,ignored_previous_package_duplicate,same normalized source item name exists in previous catalog_audit.csv,SCR HEX HD PP W EXHAUST BOLT,Exhaust System
106,Nissan Navara – YD25 engine,Nissan Navara – YD25 engine CLAMP-EXH MTG (exhaust clamp),CLAMP-EXH MTG (exhaust clamp),Exhaust System,not supplied by workbook,PC,PCS,ASM-NISSAN-NAVARA-YD25-ENGINE-CLAMP-EXH-MTG-EXHAUST-CLAMP,Nissan Navara – YD25 engine - CLAMP-EXH MTG (exhaust clamp),stock,1,1,170272.17,30648.99,200921.16,0.00,not_imported,ignored_previous_package_duplicate,same normalized source item name exists in previous catalog_audit.csv,CLAMP EXH MTG EXHAUST CLAMP,Exhaust System
107,Nissan Navara – YD25 engine,"Nissan Navara – YD25 engine Gasket, exhaust Big (Exhaust manifold gasket)","Gasket, exhaust Big (Exhaust manifold gasket)",Exhaust System,not supplied by workbook,PC,PCS,ASM-NISSAN-NAVARA-YD25-ENGINE-GASKET-EXHAUST-BIG-EXHAUST-MANIFOLD-GASKET,"Nissan Navara – YD25 engine - Gasket, exhaust Big (Exhaust manifold gasket)",stock,1,1,21913.51,3944.43,25857.94,-0.00,not_imported,ignored_previous_package_duplicate,same normalized source item name exists in previous catalog_audit.csv,GASKET EXHAUST BIG EXHAUST MANIFOLD GASKET,Exhaust System
108,Nissan Navara – YD25 engine,Nissan Navara – YD25 engine Bracket - Exh M (Exhaust mounting bracket),Bracket - Exh M (Exhaust mounting bracket),Exhaust System,not supplied by workbook,PC,PCS,ASM-NISSAN-NAVARA-YD25-ENGINE-BRACKET-EXH-M-EXHAUST-MOUNTING-BRACKET,Nissan Navara – YD25 engine - Bracket - Exh M (Exhaust mounting bracket),stock,1,2,95481.34,17186.64,112667.98,0.00,not_imported,ignored_previous_package_duplicate,same normalized source item name exists in previous catalog_audit.csv,BRACKET EXH M EXHAUST MOUNTING BRACKET,Exhaust System
109,Nissan Navara – YD25 engine,Nissan Navara – YD25 engine INSUL EXH MTG (Exhaust mounting),INSUL EXH MTG (Exhaust mounting),Exhaust System,not supplied by workbook,PC,PCS,ASM-NISSAN-NAVARA-YD25-ENGINE-INSUL-EXH-MTG-EXHAUST-MOUNTING,Nissan Navara – YD25 engine - INSUL EXH MTG (Exhaust mounting),stock,1,1,159754.26,28755.77,188510.03,0.00,not_imported,ignored_previous_package_duplicate,same normalized source item name exists in previous catalog_audit.csv,INSUL EXH MTG EXHAUST MOUNTING,Exhaust System
110,Nissan Navara – YD25 engine,"Nissan Navara – YD25 engine MNTG Bracket (Exhaust mounting, front)","MNTG Bracket (Exhaust mounting, front)",Exhaust System,not supplied by workbook,PC,PCS,ASM-NISSAN-NAVARA-YD25-ENGINE-MNTG-BRACKET-EXHAUST-MOUNTING-FRONT,"Nissan Navara – YD25 engine - MNTG Bracket (Exhaust mounting, front)",stock,1,1,114215.02,20558.70,134773.72,0.00,not_imported,ignored_previous_package_duplicate,same normalized source item name exists in previous catalog_audit.csv,MNTG BRACKET EXHAUST MOUNTING FRONT,Exhaust System
111,Nissan Navara – YD25 engine,Nissan Navara – YD25 engine BRKT EXH MTG (Exhaust pipe bracket),BRKT EXH MTG (Exhaust pipe bracket),Exhaust System,not supplied by workbook,PC,PCS,ASM-NISSAN-NAVARA-YD25-ENGINE-BRKT-EXH-MTG-EXHAUST-PIPE-BRACKET,Nissan Navara – YD25 engine - BRKT EXH MTG (Exhaust pipe bracket),stock,1,1,27366.71,4926.01,32292.72,0.00,not_imported,ignored_previous_package_duplicate,same normalized source item name exists in previous catalog_audit.csv,BRKT EXH MTG EXHAUST PIPE BRACKET,Exhaust System
112,Nissan Navara – YD25 engine,Nissan Navara – YD25 engine Insul-heat Exh (Exhaust insulator),Insul-heat Exh (Exhaust insulator),Exhaust System,not supplied by workbook,PC,PCS,ASM-NISSAN-NAVARA-YD25-ENGINE-INSUL-HEAT-EXH-EXHAUST-INSULATOR,Nissan Navara – YD25 engine - Insul-heat Exh (Exhaust insulator),stock,1,1,32071.72,5772.91,37844.63,0.00,not_imported,ignored_previous_package_duplicate,same normalized source item name exists in previous catalog_audit.csv,INSUL HEAT EXH EXHAUST INSULATOR,Exhaust System
115,Nissan Navara – YD25 engine,"Nissan Navara – YD25 engine INJECTOR-FUEL (Injector Nozzle, complete)","INJECTOR-FUEL (Injector Nozzle, complete)",Fuel Supply System,not supplied by workbook,PC,PCS,ASM-NISSAN-NAVARA-YD25-ENGINE-INJECTOR-FUEL-INJECTOR-NOZZLE-COMPLETE,"Nissan Navara – YD25 engine - INJECTOR-FUEL (Injector Nozzle, complete)",stock,1,4,15972836.29,2875110.53,18847946.82,0.00,not_imported,ignored_previous_package_duplicate,same normalized source item name exists in previous catalog_audit.csv,INJECTOR FUEL INJECTOR NOZZLE COMPLETE,Fuel Supply System
116,Nissan Navara – YD25 engine,Nissan Navara – YD25 engine 16401-VC10C COVER-UPPER (Fuel Lift pump),16401-VC10C COVER-UPPER (Fuel Lift pump),Fuel Supply System,not supplied by workbook,PC,PCS,ASM-NISSAN-NAVARA-YD25-ENGINE-16401-VC10C-COVER-UPPER-FUEL-LIFT-PUMP,Nissan Navara – YD25 engine - 16401-VC10C COVER-UPPER (Fuel Lift pump),stock,1,1,245634.39,44214.19,289848.58,0.00,not_imported,ignored_previous_package_duplicate,same normalized source item name exists in previous catalog_audit.csv,16401 VC10C COVER UPPER FUEL LIFT PUMP,Fuel Supply System
117,Nissan Navara – YD25 engine,Nissan Navara – YD25 engine Gasket-nozzle (Injector Nozzle seal),Gasket-nozzle (Injector Nozzle seal),Fuel Supply System,not supplied by workbook,PC,PCS,ASM-NISSAN-NAVARA-YD25-ENGINE-GASKET-NOZZLE-INJECTOR-NOZZLE-SEAL,Nissan Navara – YD25 engine - Gasket-nozzle (Injector Nozzle seal),stock,1,4,59625.47,10732.58,70358.05,0.00,not_imported,ignored_previous_package_duplicate,same normalized source item name exists in previous catalog_audit.csv,GASKET NOZZLE INJECTOR NOZZLE SEAL,Fuel Supply System
118,Nissan Navara – YD25 engine,Nissan Navara – YD25 engine TUBE ASSY-FUEL (Fuel return pipe),TUBE ASSY-FUEL (Fuel return pipe),Fuel Supply System,not supplied by workbook,PC,PCS,ASM-NISSAN-NAVARA-YD25-ENGINE-TUBE-ASSY-FUEL-FUEL-RETURN-PIPE,Nissan Navara – YD25 engine - TUBE ASSY-FUEL (Fuel return pipe),stock,1,1,4400127.05,792022.87,5192149.92,0.00,not_imported,ignored_previous_package_duplicate,same normalized source item name exists in previous catalog_audit.csv,TUBE ASSY FUEL FUEL RETURN PIPE,Fuel Supply System
119,Nissan Navara – YD25 engine,Nissan Navara – YD25 engine TUBE ASSY-INJEC (Fuel rail),TUBE ASSY-INJEC (Fuel rail),Fuel Supply System,not supplied by workbook,PC,PCS,ASM-NISSAN-NAVARA-YD25-ENGINE-TUBE-ASSY-INJEC-FUEL-RAIL,Nissan Navara – YD25 engine - TUBE ASSY-INJEC (Fuel rail),stock,1,1,349824.85,62968.47,412793.32,0.00,not_imported,ignored_previous_package_duplicate,same normalized source item name exists in previous catalog_audit.csv,TUBE ASSY INJEC FUEL RAIL,Fuel Supply System
120,Nissan Navara – YD25 engine,Nissan Navara – YD25 engine TUBE-INJECTION (Fuel rail pipe1),TUBE-INJECTION (Fuel rail pipe1),Fuel Supply System,not supplied by workbook,PC,PCS,ASM-NISSAN-NAVARA-YD25-ENGINE-TUBE-INJECTION-FUEL-RAIL-PIPE1,Nissan Navara – YD25 engine - TUBE-INJECTION (Fuel rail pipe1),stock,1,1,225638.69,40614.96,266253.65,0.00,not_imported,ignored_previous_package_duplicate,same normalized source item name exists in previous catalog_audit.csv,TUBE INJECTION FUEL RAIL PIPE1,Fuel Supply System
121,Nissan Navara – YD25 engine,Nissan Navara – YD25 engine TUBE ASSY-INJEC  (Fuel rail pipe2),TUBE ASSY-INJEC  (Fuel rail pipe2),Fuel Supply System,not supplied by workbook,PC,PCS,ASM-NISSAN-NAVARA-YD25-ENGINE-TUBE-ASSY-INJEC-FUEL-RAIL-PIPE2,Nissan Navara – YD25 engine - TUBE ASSY-INJEC  (Fuel rail pipe2),stock,1,1,346400.42,62352.08,408752.50,-0.00,not_imported,ignored_previous_package_duplicate,same normalized source item name exists in previous catalog_audit.csv,TUBE ASSY INJEC FUEL RAIL PIPE2,Fuel Supply System
122,Nissan Navara – YD25 engine,Nissan Navara – YD25 engine TUBE ASSY-INJEC  (Fuel rail pipe3),TUBE ASSY-INJEC  (Fuel rail pipe3),Fuel Supply System,not supplied by workbook,PC,PCS,ASM-NISSAN-NAVARA-YD25-ENGINE-TUBE-ASSY-INJEC-FUEL-RAIL-PIPE3,Nissan Navara – YD25 engine - TUBE ASSY-INJEC  (Fuel rail pipe3),stock,1,1,228789.74,41182.15,269971.89,0.00,not_imported,ignored_previous_package_duplicate,same normalized source item name exists in previous catalog_audit.csv,TUBE ASSY INJEC FUEL RAIL PIPE3,Fuel Supply System
123,Nissan Navara – YD25 engine,Nissan Navara – YD25 engine TUBE ASSY-INJEC  (Fuel rail pipe4),TUBE ASSY-INJEC  (Fuel rail pipe4),Fuel Supply System,not supplied by workbook,PC,PCS,ASM-NISSAN-NAVARA-YD25-ENGINE-TUBE-ASSY-INJEC-FUEL-RAIL-PIPE4,Nissan Navara – YD25 engine - TUBE ASSY-INJEC  (Fuel rail pipe4),stock,1,1,468183.73,84273.07,552456.80,0.00,not_imported,ignored_previous_package_duplicate,same normalized source item name exists in previous catalog_audit.csv,TUBE ASSY INJEC FUEL RAIL PIPE4,Fuel Supply System
124,Nissan Navara – YD25 engine,Nissan Navara – YD25 engine O RING (Tank belt clamp),O RING (Tank belt clamp),Fuel Supply System,not supplied by workbook,PC,PCS,ASM-NISSAN-NAVARA-YD25-ENGINE-O-RING-TANK-BELT-CLAMP,Nissan Navara – YD25 engine - O RING (Tank belt clamp),stock,1,1,28129.30,5063.27,33192.57,0.00,not_imported,ignored_previous_package_duplicate,same normalized source item name exists in previous catalog_audit.csv,O RING TANK BELT CLAMP,Fuel Supply System
125,Nissan Navara – YD25 engine,Nissan Navara – YD25 engine Cap-filler-scre (Fuel tank cap - rubber),Cap-filler-scre (Fuel tank cap - rubber),Fuel Supply System,not supplied by workbook,PC,PCS,ASM-NISSAN-NAVARA-YD25-ENGINE-CAP-FILLER-SCRE-FUEL-TANK-CAP-RUBBER,Nissan Navara – YD25 engine - Cap-filler-scre (Fuel tank cap - rubber),stock,1,1,163178.70,29372.17,192550.87,0.00,not_imported,ignored_previous_package_duplicate,same normalized source item name exists in previous catalog_audit.csv,CAP FILLER SCRE FUEL TANK CAP RUBBER,Fuel Supply System
126,Nissan Navara – YD25 engine,Nissan Navara – YD25 engine Manifold Assy-I (Intake manifold ass),Manifold Assy-I (Intake manifold ass),Fuel Supply System,not supplied by workbook,PC,PCS,ASM-NISSAN-NAVARA-YD25-ENGINE-MANIFOLD-ASSY-I-INTAKE-MANIFOLD-ASS,Nissan Navara – YD25 engine - Manifold Assy-I (Intake manifold ass),stock,1,1,2647981.21,476636.62,3124617.83,0.00,not_imported,ignored_previous_package_duplicate,same normalized source item name exists in previous catalog_audit.csv,MANIFOLD ASSY I INTAKE MANIFOLD ASS,Fuel Supply System
127,Nissan Navara – YD25 engine,Nissan Navara – YD25 engine Suction control valve,Suction control valve,Fuel Supply System,not supplied by workbook,PC,PCS,ASM-NISSAN-NAVARA-YD25-ENGINE-SUCTION-CONTROL-VALVE,Nissan Navara – YD25 engine - Suction control valve,stock,1,1,1180000.00,212400.00,1392400.00,0.00,not_imported,ignored_previous_package_duplicate,same normalized source item name exists in previous catalog_audit.csv,SUCTION CONTROL VALVE,Fuel Supply System
128,Nissan Navara – YD25 engine,Nissan Navara – YD25 engine Fuel filter sensor,Fuel filter sensor,Fuel Supply System,not supplied by workbook,PC,PCS,ASM-NISSAN-NAVARA-YD25-ENGINE-FUEL-FILTER-SENSOR,Nissan Navara – YD25 engine - Fuel filter sensor,stock,1,1,468851.29,84393.23,553244.52,0.00,not_imported,ignored_previous_package_duplicate,same normalized source item name exists in previous catalog_audit.csv,FUEL FILTER SENSOR,Fuel Supply System
129,Nissan Navara – YD25 engine,Nissan Navara – YD25 engine Gasket-manifold,Gasket-manifold,Fuel Supply System,not supplied by workbook,PC,PCS,ASM-NISSAN-NAVARA-YD25-ENGINE-GASKET-MANIFOLD,Nissan Navara – YD25 engine - Gasket-manifold,stock,1,1,217350.97,39123.17,256474.14,0.00,not_imported,ignored_previous_package_duplicate,same normalized source item name exists in previous catalog_audit.csv,GASKET MANIFOLD,Fuel Supply System
130,Nissan Navara – YD25 engine,Nissan Navara – YD25 engine Injector nozzle service,Injector nozzle service,Fuel Supply System,not supplied by workbook,PC,PCS,ASM-NISSAN-NAVARA-YD25-ENGINE-INJECTOR-NOZZLE-SERVICE,Nissan Navara – YD25 engine - Injector nozzle service,stock,1,4,957358.50,172324.53,1129683.03,0.00,not_imported,ignored_previous_package_duplicate,same normalized source item name exists in previous catalog_audit.csv,INJECTOR NOZZLE SERVICE,Fuel Supply System
133,Nissan Navara – YD25 engine,Nissan Navara – YD25 engine Link Compl-fr S (Ball joint - upper LH),Link Compl-fr S (Ball joint - upper LH),Suspension & Steering System,not supplied by workbook,PC,PCS,ASM-NISSAN-NAVARA-YD25-ENGINE-LINK-COMPL-FR-S-BALL-JOINT-UPPER-LH,Nissan Navara – YD25 engine - Link Compl-fr S (Ball joint - upper LH),stock,1,1,858555.06,154539.91,1013094.97,0.00,not_imported,ignored_previous_package_duplicate,same normalized source item name exists in previous catalog_audit.csv,LINK COMPL FR S BALL JOINT UPPER LH,Suspension & Steering System
134,Nissan Navara – YD25 engine,Nissan Navara – YD25 engine LINK COMPL RH (Ball joint - upper RH),LINK COMPL RH (Ball joint - upper RH),Suspension & Steering System,not supplied by workbook,PC,PCS,ASM-NISSAN-NAVARA-YD25-ENGINE-LINK-COMPL-RH-BALL-JOINT-UPPER-RH,Nissan Navara – YD25 engine - LINK COMPL RH (Ball joint - upper RH),stock,1,1,858555.06,154539.91,1013094.97,0.00,not_imported,ignored_previous_package_duplicate,same normalized source item name exists in previous catalog_audit.csv,LINK COMPL RH BALL JOINT UPPER RH,Suspension & Steering System
135,Nissan Navara – YD25 engine,Nissan Navara – YD25 engine Link Compl-fr S (Ball joint - lower RH),Link Compl-fr S (Ball joint - lower RH),Suspension & Steering System,not supplied by workbook,PC,PCS,ASM-NISSAN-NAVARA-YD25-ENGINE-LINK-COMPL-FR-S-BALL-JOINT-LOWER-RH,Nissan Navara – YD25 engine - Link Compl-fr S (Ball joint - lower RH),stock,1,1,868986.64,156417.60,1025404.24,0.00,not_imported,ignored_previous_package_duplicate,same normalized source item name exists in previous catalog_audit.csv,LINK COMPL FR S BALL JOINT LOWER RH,Suspension & Steering System
136,Nissan Navara – YD25 engine,Nissan Navara – YD25 engine Link Compl-fr S (Ball joint - lower LH),Link Compl-fr S (Ball joint - lower LH),Suspension & Steering System,not supplied by workbook,PC,PCS,ASM-NISSAN-NAVARA-YD25-ENGINE-LINK-COMPL-FR-S-BALL-JOINT-LOWER-LH,Nissan Navara – YD25 engine - Link Compl-fr S (Ball joint - lower LH),stock,1,1,868986.64,156417.60,1025404.24,0.00,not_imported,ignored_previous_package_duplicate,same normalized source item name exists in previous catalog_audit.csv,LINK COMPL FR S BALL JOINT LOWER LH,Suspension & Steering System
137,Nissan Navara – YD25 engine,Nissan Navara – YD25 engine Rod Kit-relay * (Track rod),Rod Kit-relay * (Track rod),Suspension & Steering System,not supplied by workbook,PC,PCS,ASM-NISSAN-NAVARA-YD25-ENGINE-ROD-KIT-RELAY-TRACK-ROD,Nissan Navara – YD25 engine - Rod Kit-relay * (Track rod),stock,1,1,1461428.48,263057.13,1724485.61,0.00,not_imported,ignored_previous_package_duplicate,same normalized source item name exists in previous catalog_audit.csv,ROD KIT RELAY TRACK ROD,Suspension & Steering System
138,Nissan Navara – YD25 engine,Nissan Navara – YD25 engine Rod Kit - Tie; (Tie rod ends),Rod Kit - Tie; (Tie rod ends),Suspension & Steering System,not supplied by workbook,PC,PCS,ASM-NISSAN-NAVARA-YD25-ENGINE-ROD-KIT-TIE-TIE-ROD-ENDS,Nissan Navara – YD25 engine - Rod Kit - Tie; (Tie rod ends),stock,1,2,1532967.54,275934.16,1808901.70,0.00,not_imported,ignored_previous_package_duplicate,same normalized source item name exists in previous catalog_audit.csv,ROD KIT TIE TIE ROD ENDS,Suspension & Steering System
139,Nissan Navara – YD25 engine,Nissan Navara – YD25 engine ABSORBER-SHOCK (Front shock absorbers),ABSORBER-SHOCK (Front shock absorbers),Suspension & Steering System,not supplied by workbook,PC,PCS,ASM-NISSAN-NAVARA-YD25-ENGINE-ABSORBER-SHOCK-FRONT-SHOCK-ABSORBERS,Nissan Navara – YD25 engine - ABSORBER-SHOCK (Front shock absorbers),stock,1,2,622949.44,112130.90,735080.34,-0.00,not_imported,ignored_previous_package_duplicate,same normalized source item name exists in previous catalog_audit.csv,ABSORBER SHOCK FRONT SHOCK ABSORBERS,Suspension & Steering System
140,Nissan Navara – YD25 engine,Nissan Navara – YD25 engine Bush *telex* (Shock absorber bushes),Bush *telex* (Shock absorber bushes),Suspension & Steering System,not supplied by workbook,PC,PCS,ASM-NISSAN-NAVARA-YD25-ENGINE-BUSH-TELEX-SHOCK-ABSORBER-BUSHES,Nissan Navara – YD25 engine - Bush *telex* (Shock absorber bushes),stock,1,2,55625.51,10012.59,65638.10,0.00,not_imported,ignored_previous_package_duplicate,same normalized source item name exists in previous catalog_audit.csv,BUSH TELEX SHOCK ABSORBER BUSHES,Suspension & Steering System
141,Nissan Navara – YD25 engine,Nissan Navara – YD25 engine Shock RR 2WD KA (rear shock absorbers),Shock RR 2WD KA (rear shock absorbers),Suspension & Steering System,not supplied by workbook,PC,PCS,ASM-NISSAN-NAVARA-YD25-ENGINE-SHOCK-RR-2WD-KA-REAR-SHOCK-ABSORBERS,Nissan Navara – YD25 engine - Shock RR 2WD KA (rear shock absorbers),stock,1,2,589233.22,106061.98,695295.20,-0.00,not_imported,ignored_previous_package_duplicate,same normalized source item name exists in previous catalog_audit.csv,SHOCK RR 2WD KA REAR SHOCK ABSORBERS,Suspension & Steering System
142,Nissan Navara – YD25 engine,"Nissan Navara – YD25 engine BUSH STAB (Stabiliser bar bushes, big)","BUSH STAB (Stabiliser bar bushes, big)",Suspension & Steering System,not supplied by workbook,PC,PCS,ASM-NISSAN-NAVARA-YD25-ENGINE-BUSH-STAB-STABILISER-BAR-BUSHES-BIG,"Nissan Navara – YD25 engine - BUSH STAB (Stabiliser bar bushes, big)",stock,1,2,117349.62,21122.93,138472.55,0.00,not_imported,ignored_previous_package_duplicate,same normalized source item name exists in previous catalog_audit.csv,BUSH STAB STABILISER BAR BUSHES BIG,Suspension & Steering System
143,Nissan Navara – YD25 engine,"Nissan Navara – YD25 engine Stabiliser bar bushes, small","Stabiliser bar bushes, small",Suspension & Steering System,not supplied by workbook,PC,PCS,ASM-NISSAN-NAVARA-YD25-ENGINE-STABILISER-BAR-BUSHES-SMALL,"Nissan Navara – YD25 engine - Stabiliser bar bushes, small",stock,1,8,212266.33,38207.94,250474.27,0.00,not_imported,ignored_previous_package_duplicate,same normalized source item name exists in previous catalog_audit.csv,STABILISER BAR BUSHES SMALL,Suspension & Steering System
144,Nissan Navara – YD25 engine,"Nissan Navara – YD25 engine BUSH RR SPR RR (Spring bushes, small)","BUSH RR SPR RR (Spring bushes, small)",Suspension & Steering System,not supplied by workbook,PC,PCS,ASM-NISSAN-NAVARA-YD25-ENGINE-BUSH-RR-SPR-RR-SPRING-BUSHES-SMALL,"Nissan Navara – YD25 engine - BUSH RR SPR RR (Spring bushes, small)",stock,1,8,78411.30,14114.03,92525.33,0.00,not_imported,ignored_previous_package_duplicate,same normalized source item name exists in previous catalog_audit.csv,BUSH RR SPR RR SPRING BUSHES SMALL,Suspension & Steering System
145,Nissan Navara – YD25 engine,"Nissan Navara – YD25 engine Bush-spring (Spring bushes, big)","Bush-spring (Spring bushes, big)",Suspension & Steering System,not supplied by workbook,PC,PCS,ASM-NISSAN-NAVARA-YD25-ENGINE-BUSH-SPRING-SPRING-BUSHES-BIG,"Nissan Navara – YD25 engine - Bush-spring (Spring bushes, big)",stock,1,4,47899.61,8621.93,56521.54,0.00,not_imported,ignored_previous_package_duplicate,same normalized source item name exists in previous catalog_audit.csv,BUSH SPRING SPRING BUSHES BIG,Suspension & Steering System
146,Nissan Navara – YD25 engine,"Nissan Navara – YD25 engine SPRING ASSY RR (Leaf spring, complete)","SPRING ASSY RR (Leaf spring, complete)",Suspension & Steering System,not supplied by workbook,PC,PCS,ASM-NISSAN-NAVARA-YD25-ENGINE-SPRING-ASSY-RR-LEAF-SPRING-COMPLETE,"Nissan Navara – YD25 engine - SPRING ASSY RR (Leaf spring, complete)",stock,1,2,5106755.12,919215.92,6025971.04,0.00,not_imported,ignored_previous_package_duplicate,same normalized source item name exists in previous catalog_audit.csv,SPRING ASSY RR LEAF SPRING COMPLETE,Suspension & Steering System
147,Nissan Navara – YD25 engine,Nissan Navara – YD25 engine Clip RR Spring (leaf spring clamps),Clip RR Spring (leaf spring clamps),Suspension & Steering System,not supplied by workbook,PC,PCS,ASM-NISSAN-NAVARA-YD25-ENGINE-CLIP-RR-SPRING-LEAF-SPRING-CLAMPS,Nissan Navara – YD25 engine - Clip RR Spring (leaf spring clamps),stock,1,4,165984.43,29877.20,195861.63,0.00,not_imported,ignored_previous_package_duplicate,same normalized source item name exists in previous catalog_audit.csv,CLIP RR SPRING LEAF SPRING CLAMPS,Suspension & Steering System
148,Nissan Navara – YD25 engine,Nissan Navara – YD25 engine SEAT ASSY-RR SP U - bolts mounting plates - set,SEAT ASSY-RR SP U - bolts mounting plates - set,Suspension & Steering System,not supplied by workbook,PC,PCS,ASM-NISSAN-NAVARA-YD25-ENGINE-SEAT-ASSY-RR-SP-U-BOLTS-MOUNTING-PLATES-SET,Nissan Navara – YD25 engine - SEAT ASSY-RR SP U - bolts mounting plates - set,stock,1,2,343853.68,61893.66,405747.34,-0.00,not_imported,ignored_previous_package_duplicate,same normalized source item name exists in previous catalog_audit.csv,SEAT ASSY RR SP U BOLTS MOUNTING PLATES SET,Suspension & Steering System
149,Nissan Navara – YD25 engine,Nissan Navara – YD25 engine PAD ASSY-RR SPR (Leaf spring seat),PAD ASSY-RR SPR (Leaf spring seat),Suspension & Steering System,not supplied by workbook,PC,PCS,ASM-NISSAN-NAVARA-YD25-ENGINE-PAD-ASSY-RR-SPR-LEAF-SPRING-SEAT,Nissan Navara – YD25 engine - PAD ASSY-RR SPR (Leaf spring seat),stock,1,2,154502.50,27810.45,182312.95,0.00,not_imported,ignored_previous_package_duplicate,same normalized source item name exists in previous catalog_audit.csv,PAD ASSY RR SPR LEAF SPRING SEAT,Suspension & Steering System
150,Nissan Navara – YD25 engine,Nissan Navara – YD25 engine ARM ASSY FR SPR (Anchor arm),ARM ASSY FR SPR (Anchor arm),Suspension & Steering System,not supplied by workbook,PC,PCS,ASM-NISSAN-NAVARA-YD25-ENGINE-ARM-ASSY-FR-SPR-ANCHOR-ARM,Nissan Navara – YD25 engine - ARM ASSY FR SPR (Anchor arm),stock,1,1,194084.95,34935.29,229020.24,0.00,not_imported,ignored_previous_package_duplicate,same normalized source item name exists in previous catalog_audit.csv,ARM ASSY FR SPR ANCHOR ARM,Suspension & Steering System
151,Nissan Navara – YD25 engine,Nissan Navara – YD25 engine ARM ASSY ANCHOR (Anchor arm),ARM ASSY ANCHOR (Anchor arm),Suspension & Steering System,not supplied by workbook,PC,PCS,ASM-NISSAN-NAVARA-YD25-ENGINE-ARM-ASSY-ANCHOR-ANCHOR-ARM,Nissan Navara – YD25 engine - ARM ASSY ANCHOR (Anchor arm),stock,1,1,200617.29,36111.11,236728.40,0.00,not_imported,ignored_previous_package_duplicate,same normalized source item name exists in previous catalog_audit.csv,ARM ASSY ANCHOR ANCHOR ARM,Suspension & Steering System
152,Nissan Navara – YD25 engine,Nissan Navara – YD25 engine PULLEY-PUMP (Power steering pump pulley),PULLEY-PUMP (Power steering pump pulley),Suspension & Steering System,not supplied by workbook,PC,PCS,ASM-NISSAN-NAVARA-YD25-ENGINE-PULLEY-PUMP-POWER-STEERING-PUMP-PULLEY,Nissan Navara – YD25 engine - PULLEY-PUMP (Power steering pump pulley),stock,1,1,577794.46,104003.00,681797.46,0.00,not_imported,ignored_previous_package_duplicate,same normalized source item name exists in previous catalog_audit.csv,PULLEY PUMP POWER STEERING PUMP PULLEY,Suspension & Steering System
153,Nissan Navara – YD25 engine,Nissan Navara – YD25 engine Power Pump assy (Steering pump),Power Pump assy (Steering pump),Suspension & Steering System,not supplied by workbook,PC,PCS,ASM-NISSAN-NAVARA-YD25-ENGINE-POWER-PUMP-ASSY-STEERING-PUMP,Nissan Navara – YD25 engine - Power Pump assy (Steering pump),stock,1,1,2847303.54,512514.64,3359818.18,0.00,not_imported,ignored_previous_package_duplicate,same normalized source item name exists in previous catalog_audit.csv,POWER PUMP ASSY STEERING PUMP,Suspension & Steering System
154,Nissan Navara – YD25 engine,Nissan Navara – YD25 engine ArmKit-Pitman+- (Pitman arm),ArmKit-Pitman+- (Pitman arm),Suspension & Steering System,not supplied by workbook,PC,PCS,ASM-NISSAN-NAVARA-YD25-ENGINE-ARMKIT-PITMAN-PITMAN-ARM,Nissan Navara – YD25 engine - ArmKit-Pitman+- (Pitman arm),stock,1,1,499636.74,89934.61,589571.35,0.00,not_imported,ignored_previous_package_duplicate,same normalized source item name exists in previous catalog_audit.csv,ARMKIT PITMAN PITMAN ARM,Suspension & Steering System
155,Nissan Navara – YD25 engine,Nissan Navara – YD25 engine Idler Kit **tel (Idler arm),Idler Kit **tel (Idler arm),Suspension & Steering System,not supplied by workbook,PC,PCS,ASM-NISSAN-NAVARA-YD25-ENGINE-IDLER-KIT-TEL-IDLER-ARM,Nissan Navara – YD25 engine - Idler Kit **tel (Idler arm),stock,1,1,699074.17,125833.35,824907.52,0.00,not_imported,ignored_previous_package_duplicate,same normalized source item name exists in previous catalog_audit.csv,IDLER KIT TEL IDLER ARM,Suspension & Steering System
156,Nissan Navara – YD25 engine,Nissan Navara – YD25 engine COLUMN ASSY-STE (steering column),COLUMN ASSY-STE (steering column),Suspension & Steering System,not supplied by workbook,PC,PCS,ASM-NISSAN-NAVARA-YD25-ENGINE-COLUMN-ASSY-STE-STEERING-COLUMN,Nissan Navara – YD25 engine - COLUMN ASSY-STE (steering column),stock,1,1,2882468.75,518844.38,3401313.13,0.00,not_imported,ignored_previous_package_duplicate,same normalized source item name exists in previous catalog_audit.csv,COLUMN ASSY STE STEERING COLUMN,Suspension & Steering System
157,Nissan Navara – YD25 engine,Nissan Navara – YD25 engine WHEEL ASSY-STEE (Steering wheel),WHEEL ASSY-STEE (Steering wheel),Suspension & Steering System,not supplied by workbook,PC,PCS,ASM-NISSAN-NAVARA-YD25-ENGINE-WHEEL-ASSY-STEE-STEERING-WHEEL,Nissan Navara – YD25 engine - WHEEL ASSY-STEE (Steering wheel),stock,1,1,4945864.18,890255.55,5836119.73,0.00,not_imported,ignored_previous_package_duplicate,same normalized source item name exists in previous catalog_audit.csv,WHEEL ASSY STEE STEERING WHEEL,Suspension & Steering System
158,Nissan Navara – YD25 engine,Nissan Navara – YD25 engine Transfer case seal,Transfer case seal,Suspension & Steering System,not supplied by workbook,PC,PCS,ASM-NISSAN-NAVARA-YD25-ENGINE-TRANSFER-CASE-SEAL,Nissan Navara – YD25 engine - Transfer case seal,stock,1,1,168825.36,30388.56,199213.92,-0.00,not_imported,ignored_previous_package_duplicate,same normalized source item name exists in previous catalog_audit.csv,TRANSFER CASE SEAL,Suspension & Steering System
161,Nissan Navara – YD25 engine,Nissan Navara – YD25 engine BRNG. Kit Centr (Center bearing),BRNG. Kit Centr (Center bearing),Transmission System,not supplied by workbook,PC,PCS,ASM-NISSAN-NAVARA-YD25-ENGINE-BRNG-KIT-CENTR-CENTER-BEARING,Nissan Navara – YD25 engine - BRNG. Kit Centr (Center bearing),stock,1,1,488716.62,87968.99,576685.61,0.00,not_imported,ignored_previous_package_duplicate,same normalized source item name exists in previous catalog_audit.csv,BRNG KIT CENTR CENTER BEARING,Transmission System
162,Nissan Navara – YD25 engine,Nissan Navara – YD25 engine Clutch Disc (Clutch plate),Clutch Disc (Clutch plate),Transmission System,not supplied by workbook,PC,PCS,ASM-NISSAN-NAVARA-YD25-ENGINE-CLUTCH-DISC-CLUTCH-PLATE,Nissan Navara – YD25 engine - Clutch Disc (Clutch plate),stock,1,1,1279803.87,230364.70,1510168.57,-0.00,not_imported,ignored_previous_package_duplicate,same normalized source item name exists in previous catalog_audit.csv,CLUTCH DISC CLUTCH PLATE,Transmission System
163,Nissan Navara – YD25 engine,Nissan Navara – YD25 engine Cover-Clutch (Pressure plate),Cover-Clutch (Pressure plate),Transmission System,not supplied by workbook,PC,PCS,ASM-NISSAN-NAVARA-YD25-ENGINE-COVER-CLUTCH-PRESSURE-PLATE,Nissan Navara – YD25 engine - Cover-Clutch (Pressure plate),stock,1,1,1370565.03,246701.71,1617266.74,0.00,not_imported,ignored_previous_package_duplicate,same normalized source item name exists in previous catalog_audit.csv,COVER CLUTCH PRESSURE PLATE,Transmission System
164,Nissan Navara – YD25 engine,Nissan Navara – YD25 engine Bearing Clutch (Release bearing),Bearing Clutch (Release bearing),Transmission System,not supplied by workbook,PC,PCS,ASM-NISSAN-NAVARA-YD25-ENGINE-BEARING-CLUTCH-RELEASE-BEARING,Nissan Navara – YD25 engine - Bearing Clutch (Release bearing),stock,1,1,442923.30,79726.19,522649.49,-0.00,not_imported,ignored_previous_package_duplicate,same normalized source item name exists in previous catalog_audit.csv,BEARING CLUTCH RELEASE BEARING,Transmission System
165,Nissan Navara – YD25 engine,Nissan Navara – YD25 engine Spring-return (Return spring),Spring-return (Return spring),Transmission System,not supplied by workbook,PC,PCS,ASM-NISSAN-NAVARA-YD25-ENGINE-SPRING-RETURN-RETURN-SPRING,Nissan Navara – YD25 engine - Spring-return (Return spring),stock,1,1,8848.86,1592.79,10441.65,-0.00,not_imported,ignored_previous_package_duplicate,same normalized source item name exists in previous catalog_audit.csv,SPRING RETURN RETURN SPRING,Transmission System
166,Nissan Navara – YD25 engine,Nissan Navara – YD25 engine Pedal Assy Clut (Clutch pedal assembly),Pedal Assy Clut (Clutch pedal assembly),Transmission System,not supplied by workbook,PC,PCS,ASM-NISSAN-NAVARA-YD25-ENGINE-PEDAL-ASSY-CLUT-CLUTCH-PEDAL-ASSEMBLY,Nissan Navara – YD25 engine - Pedal Assy Clut (Clutch pedal assembly),stock,1,1,912468.35,164244.30,1076712.65,0.00,not_imported,ignored_previous_package_duplicate,same normalized source item name exists in previous catalog_audit.csv,PEDAL ASSY CLUT CLUTCH PEDAL ASSEMBLY,Transmission System
167,Nissan Navara – YD25 engine,Nissan Navara – YD25 engine TRANSMISSION (Gearbox assembly),TRANSMISSION (Gearbox assembly),Transmission System,not supplied by workbook,PC,PCS,ASM-NISSAN-NAVARA-YD25-ENGINE-TRANSMISSION-GEARBOX-ASSEMBLY,Nissan Navara – YD25 engine - TRANSMISSION (Gearbox assembly),stock,1,1,20298791.20,3653782.42,23952573.62,0.00,not_imported,ignored_previous_package_duplicate,same normalized source item name exists in previous catalog_audit.csv,TRANSMISSION GEARBOX ASSEMBLY,Transmission System
168,Nissan Navara – YD25 engine,Nissan Navara – YD25 engine RR EXC BRAKES A (,RR EXC BRAKES A (,Transmission System,not supplied by workbook,PC,PCS,ASM-NISSAN-NAVARA-YD25-ENGINE-RR-EXC-BRAKES-A,Nissan Navara – YD25 engine - RR EXC BRAKES A (,stock,1,1,42524662.23,7654439.20,50179101.43,-0.00,not_imported,ignored_previous_package_duplicate,same normalized source item name exists in previous catalog_audit.csv,RR EXC BRAKES A,Transmission System
169,Nissan Navara – YD25 engine,Nissan Navara – YD25 engine SFT-RR AXLE RH (Differential shaft RH),SFT-RR AXLE RH (Differential shaft RH),Transmission System,not supplied by workbook,PC,PCS,ASM-NISSAN-NAVARA-YD25-ENGINE-SFT-RR-AXLE-RH-DIFFERENTIAL-SHAFT-RH,Nissan Navara – YD25 engine - SFT-RR AXLE RH (Differential shaft RH),stock,1,1,2784253.62,501165.65,3285419.27,0.00,not_imported,ignored_previous_package_duplicate,same normalized source item name exists in previous catalog_audit.csv,SFT RR AXLE RH DIFFERENTIAL SHAFT RH,Transmission System
170,Nissan Navara – YD25 engine,Nissan Navara – YD25 engine SFT-RR Axle (Differential shaft LH),SFT-RR Axle (Differential shaft LH),Transmission System,not supplied by workbook,PC,PCS,ASM-NISSAN-NAVARA-YD25-ENGINE-SFT-RR-AXLE-DIFFERENTIAL-SHAFT-LH,Nissan Navara – YD25 engine - SFT-RR Axle (Differential shaft LH),stock,1,1,1047762.34,188597.22,1236359.56,-0.00,not_imported,ignored_previous_package_duplicate,same normalized source item name exists in previous catalog_audit.csv,SFT RR AXLE DIFFERENTIAL SHAFT LH,Transmission System
171,Nissan Navara – YD25 engine,Nissan Navara – YD25 engine Seal - Grease R (Grease seal),Seal - Grease R (Grease seal),Transmission System,not supplied by workbook,PC,PCS,ASM-NISSAN-NAVARA-YD25-ENGINE-SEAL-GREASE-R-GREASE-SEAL,Nissan Navara – YD25 engine - Seal - Grease R (Grease seal),stock,1,2,68200.96,12276.17,80477.13,0.00,not_imported,ignored_previous_package_duplicate,same normalized source item name exists in previous catalog_audit.csv,SEAL GREASE R GREASE SEAL,Transmission System
172,Nissan Navara – YD25 engine,Nissan Navara – YD25 engine BRG Assy - Tape,BRG Assy - Tape,Transmission System,not supplied by workbook,PC,PCS,ASM-NISSAN-NAVARA-YD25-ENGINE-BRG-ASSY-TAPE,Nissan Navara – YD25 engine - BRG Assy - Tape,stock,1,2,420227.23,75640.90,495868.13,-0.00,not_imported,ignored_previous_package_duplicate,same normalized source item name exists in previous catalog_audit.csv,BRG ASSY TAPE,Transmission System
173,Nissan Navara – YD25 engine,Nissan Navara – YD25 engine FLYWHELL ASSY,FLYWHELL ASSY,Transmission System,not supplied by workbook,PC,PCS,ASM-NISSAN-NAVARA-YD25-ENGINE-FLYWHELL-ASSY,Nissan Navara – YD25 engine - FLYWHELL ASSY,stock,1,1,5130553.52,923499.63,6054053.15,0.00,not_imported,ignored_previous_package_duplicate,same normalized source item name exists in previous catalog_audit.csv,FLYWHELL ASSY,Transmission System
174,Nissan Navara – YD25 engine,Nissan Navara – YD25 engine Seal (Transfer case seal),Seal (Transfer case seal),Transmission System,not supplied by workbook,PC,PCS,ASM-NISSAN-NAVARA-YD25-ENGINE-SEAL-TRANSFER-CASE-SEAL,Nissan Navara – YD25 engine - Seal (Transfer case seal),stock,1,1,28287.57,5091.76,33379.33,0.00,not_imported,ignored_previous_package_duplicate,same normalized source item name exists in previous catalog_audit.csv,SEAL TRANSFER CASE SEAL,Transmission System
175,Nissan Navara – YD25 engine,Nissan Navara – YD25 engine INSULATOR-ENGIN (Gearbox mountings),INSULATOR-ENGIN (Gearbox mountings),Transmission System,not supplied by workbook,PC,PCS,ASM-NISSAN-NAVARA-YD25-ENGINE-INSULATOR-ENGIN-GEARBOX-MOUNTINGS,Nissan Navara – YD25 engine - INSULATOR-ENGIN (Gearbox mountings),stock,1,2,463449.94,83420.99,546870.93,0.00,not_imported,ignored_previous_package_duplicate,same normalized source item name exists in previous catalog_audit.csv,INSULATOR ENGIN GEARBOX MOUNTINGS,Transmission System
176,Nissan Navara – YD25 engine,"Nissan Navara – YD25 engine Case Transfer F (Transfer case, front)","Case Transfer F (Transfer case, front)",Transmission System,not supplied by workbook,PC,PCS,ASM-NISSAN-NAVARA-YD25-ENGINE-CASE-TRANSFER-F-TRANSFER-CASE-FRONT,"Nissan Navara – YD25 engine - Case Transfer F (Transfer case, front)",stock,1,1,2213178.54,398372.14,2611550.68,0.00,not_imported,ignored_previous_package_duplicate,same normalized source item name exists in previous catalog_audit.csv,CASE TRANSFER F TRANSFER CASE FRONT,Transmission System
177,Nissan Navara – YD25 engine,"Nissan Navara – YD25 engine Case (Transfer case, center)","Case (Transfer case, center)",Transmission System,not supplied by workbook,PC,PCS,ASM-NISSAN-NAVARA-YD25-ENGINE-CASE-TRANSFER-CASE-CENTER,"Nissan Navara – YD25 engine - Case (Transfer case, center)",stock,1,1,2348774.70,422779.45,2771554.15,0.00,not_imported,ignored_previous_package_duplicate,same normalized source item name exists in previous catalog_audit.csv,CASE TRANSFER CASE CENTER,Transmission System
178,Nissan Navara – YD25 engine,Nissan Navara – YD25 engine CASE-TRANSFER (Differential case),CASE-TRANSFER (Differential case),Transmission System,not supplied by workbook,PC,PCS,ASM-NISSAN-NAVARA-YD25-ENGINE-CASE-TRANSFER-DIFFERENTIAL-CASE,Nissan Navara – YD25 engine - CASE-TRANSFER (Differential case),stock,1,1,2905576.50,523003.77,3428580.27,0.00,not_imported,ignored_previous_package_duplicate,same normalized source item name exists in previous catalog_audit.csv,CASE TRANSFER DIFFERENTIAL CASE,Transmission System
179,Nissan Navara – YD25 engine,Nissan Navara – YD25 engine High gear cover,High gear cover,Transmission System,not supplied by workbook,PC,PCS,ASM-NISSAN-NAVARA-YD25-ENGINE-HIGH-GEAR-COVER,Nissan Navara – YD25 engine - High gear cover,stock,1,1,3223311.22,580196.02,3803507.24,0.00,not_imported,ignored_previous_package_duplicate,same normalized source item name exists in previous catalog_audit.csv,HIGH GEAR COVER,Transmission System
180,Nissan Navara – YD25 engine,Nissan Navara – YD25 engine Cross bearing,Cross bearing,Transmission System,not supplied by workbook,PC,PCS,ASM-NISSAN-NAVARA-YD25-ENGINE-CROSS-BEARING,Nissan Navara – YD25 engine - Cross bearing,stock,1,1,400754.72,72135.85,472890.57,-0.00,not_imported,ignored_previous_package_duplicate,same normalized source item name exists in previous catalog_audit.csv,CROSS BEARING,Transmission System
183,Nissan Navara – YD25 engine,Nissan Navara – YD25 engine Alloy Wheel (Rim),Alloy Wheel (Rim),Wheels And Tyres,not supplied by workbook,PC,PCS,ASM-NISSAN-NAVARA-YD25-ENGINE-ALLOY-WHEEL-RIM,Nissan Navara – YD25 engine - Alloy Wheel (Rim),stock,1,4,6054633.29,1089833.99,7144467.28,0.00,not_imported,ignored_previous_package_duplicate,same normalized source item name exists in previous catalog_audit.csv,ALLOY WHEEL RIM,Wheels And Tyres
184,Nissan Navara – YD25 engine,Nissan Navara – YD25 engine Tyre repair (per tyre),Tyre repair (per tyre),Wheels And Tyres,not supplied by workbook,PC,PCS,ASM-NISSAN-NAVARA-YD25-ENGINE-TYRE-REPAIR-PER-TYRE,Nissan Navara – YD25 engine - Tyre repair (per tyre),stock,1,1,30516.13,5492.90,36009.03,0.00,not_imported,ignored_previous_package_duplicate,same normalized source item name exists in previous catalog_audit.csv,TYRE REPAIR PER TYRE,Wheels And Tyres
185,Nissan Navara – YD25 engine,Nissan Navara – YD25 engine WRENCH WHL NUT (Wheel spanner),WRENCH WHL NUT (Wheel spanner),Wheels And Tyres,not supplied by workbook,PC,PCS,ASM-NISSAN-NAVARA-YD25-ENGINE-WRENCH-WHL-NUT-WHEEL-SPANNER,Nissan Navara – YD25 engine - WRENCH WHL NUT (Wheel spanner),stock,1,1,60402.45,10872.44,71274.89,0.00,not_imported,ignored_previous_package_duplicate,same normalized source item name exists in previous catalog_audit.csv,WRENCH WHL NUT WHEEL SPANNER,Wheels And Tyres
186,Nissan Navara – YD25 engine,"Nissan Navara – YD25 engine WHEEL BOLT (Wheel stud, front)","WHEEL BOLT (Wheel stud, front)",Wheels And Tyres,not supplied by workbook,PC,PCS,ASM-NISSAN-NAVARA-YD25-ENGINE-WHEEL-BOLT-WHEEL-STUD-FRONT,"Nissan Navara – YD25 engine - WHEEL BOLT (Wheel stud, front)",stock,1,12,118272.54,21289.06,139561.60,0.00,not_imported,ignored_previous_package_duplicate,same normalized source item name exists in previous catalog_audit.csv,WHEEL BOLT WHEEL STUD FRONT,Wheels And Tyres
187,Nissan Navara – YD25 engine,"Nissan Navara – YD25 engine BOLT-HUB (Wheel stud,rear)","BOLT-HUB (Wheel stud,rear)",Wheels And Tyres,not supplied by workbook,PC,PCS,ASM-NISSAN-NAVARA-YD25-ENGINE-BOLT-HUB-WHEEL-STUD-REAR,"Nissan Navara – YD25 engine - BOLT-HUB (Wheel stud,rear)",stock,1,12,131394.75,23651.06,155045.81,0.00,not_imported,ignored_previous_package_duplicate,same normalized source item name exists in previous catalog_audit.csv,BOLT HUB WHEEL STUD REAR,Wheels And Tyres
190,Nissan Navara – YD25 engine,Nissan Navara – YD25 engine Compressor (AC pump),Compressor (AC pump),Air Conditioning System,not supplied by workbook,PC,PCS,ASM-NISSAN-NAVARA-YD25-ENGINE-COMPRESSOR-AC-PUMP,Nissan Navara – YD25 engine - Compressor (AC pump),stock,1,1,6497435.90,1169538.46,7666974.36,0.00,not_imported,ignored_previous_package_duplicate,same normalized source item name exists in previous catalog_audit.csv,COMPRESSOR AC PUMP,Air Conditioning System
191,Nissan Navara – YD25 engine,Nissan Navara – YD25 engine Pipe Assy-Fr cooler High (Condenser),Pipe Assy-Fr cooler High (Condenser),Air Conditioning System,not supplied by workbook,PC,PCS,ASM-NISSAN-NAVARA-YD25-ENGINE-PIPE-ASSY-FR-COOLER-HIGH-CONDENSER,Nissan Navara – YD25 engine - Pipe Assy-Fr cooler High (Condenser),stock,1,1,934712.79,168248.30,1102961.09,0.00,not_imported,ignored_previous_package_duplicate,same normalized source item name exists in previous catalog_audit.csv,PIPE ASSY FR COOLER HIGH CONDENSER,Air Conditioning System
192,Nissan Navara – YD25 engine,Nissan Navara – YD25 engine VALVE-EXPANSION (Expansion valve),VALVE-EXPANSION (Expansion valve),Air Conditioning System,not supplied by workbook,PC,PCS,ASM-NISSAN-NAVARA-YD25-ENGINE-VALVE-EXPANSION-EXPANSION-VALVE,Nissan Navara – YD25 engine - VALVE-EXPANSION (Expansion valve),stock,1,1,658527.70,118534.99,777062.69,0.00,not_imported,ignored_previous_package_duplicate,same normalized source item name exists in previous catalog_audit.csv,VALVE EXPANSION EXPANSION VALVE,Air Conditioning System
193,Nissan Navara – YD25 engine,Nissan Navara – YD25 engine Evaporator Assy (Ac evaporator),Evaporator Assy (Ac evaporator),Air Conditioning System,not supplied by workbook,PC,PCS,ASM-NISSAN-NAVARA-YD25-ENGINE-EVAPORATOR-ASSY-AC-EVAPORATOR,Nissan Navara – YD25 engine - Evaporator Assy (Ac evaporator),stock,1,1,4782340.17,860821.23,5643161.40,0.00,not_imported,ignored_previous_package_duplicate,same normalized source item name exists in previous catalog_audit.csv,EVAPORATOR ASSY AC EVAPORATOR,Air Conditioning System
194,Nissan Navara – YD25 engine,Nissan Navara – YD25 engine RELAY-LIGHT (AC relay),RELAY-LIGHT (AC relay),Air Conditioning System,not supplied by workbook,PC,PCS,ASM-NISSAN-NAVARA-YD25-ENGINE-RELAY-LIGHT-AC-RELAY,Nissan Navara – YD25 engine - RELAY-LIGHT (AC relay),stock,1,1,130689.72,23524.15,154213.87,0.00,not_imported,ignored_previous_package_duplicate,same normalized source item name exists in previous catalog_audit.csv,RELAY LIGHT AC RELAY,Air Conditioning System
195,Nissan Navara – YD25 engine,Nissan Navara – YD25 engine CONT ASSY-AIR C (AC selector knob assy),CONT ASSY-AIR C (AC selector knob assy),Air Conditioning System,not supplied by workbook,PC,PCS,ASM-NISSAN-NAVARA-YD25-ENGINE-CONT-ASSY-AIR-C-AC-SELECTOR-KNOB-ASSY,Nissan Navara – YD25 engine - CONT ASSY-AIR C (AC selector knob assy),stock,1,1,1123373.32,202207.20,1325580.52,0.00,not_imported,ignored_previous_package_duplicate,same normalized source item name exists in previous catalog_audit.csv,CONT ASSY AIR C AC SELECTOR KNOB ASSY,Air Conditioning System
196,Nissan Navara – YD25 engine,Nissan Navara – YD25 engine Ac gas,Ac gas,Air Conditioning System,not supplied by workbook,PC,PCS,ASM-NISSAN-NAVARA-YD25-ENGINE-AC-GAS,Nissan Navara – YD25 engine - Ac gas,stock,1,1,354.00,63.72,417.72,0.00,not_imported,ignored_previous_package_duplicate,same normalized source item name exists in previous catalog_audit.csv,AC GAS,Air Conditioning System
197,Nissan Navara – YD25 engine,Nissan Navara – YD25 engine AC pipe brazing,AC pipe brazing,Air Conditioning System,not supplied by workbook,PC,PCS,ASM-NISSAN-NAVARA-YD25-ENGINE-AC-PIPE-BRAZING,Nissan Navara – YD25 engine - AC pipe brazing,stock,1,,350000.00,63000.00,413000.00,0.00,not_imported,excluded_incomplete_missing_qty,quantity is missing; confirm quantity before importing,AC PIPE BRAZING,Air Conditioning System
200,Nissan Navara – YD25 engine,Nissan Navara – YD25 engine BLADE ASSY WIND,BLADE ASSY WIND,Wiper System,not supplied by workbook,PC,PCS,ASM-NISSAN-NAVARA-YD25-ENGINE-BLADE-ASSY-WIND,Nissan Navara – YD25 engine - BLADE ASSY WIND,stock,1,1,160454.90,28881.88,189336.78,0.00,not_imported,review_source_duplicate_conflict,same normalized item name has multiple source variants/prices,BLADE ASSY WIND,Wiper System
201,Nissan Navara – YD25 engine,Nissan Navara – YD25 engine BLADE ASSY WIND,BLADE ASSY WIND,Wiper System,not supplied by workbook,PC,PCS,ASM-NISSAN-NAVARA-YD25-ENGINE-BLADE-ASSY-WIND,Nissan Navara – YD25 engine - BLADE ASSY WIND,stock,1,1,138128.54,24863.14,162991.68,0.00,not_imported,review_source_duplicate_conflict,same normalized item name has multiple source variants/prices,BLADE ASSY WIND,Wiper System
202,Nissan Navara – YD25 engine,Nissan Navara – YD25 engine MOTOR A-WIPER (Wiper motor),MOTOR A-WIPER (Wiper motor),Wiper System,not supplied by workbook,PC,PCS,ASM-NISSAN-NAVARA-YD25-ENGINE-MOTOR-A-WIPER-WIPER-MOTOR,Nissan Navara – YD25 engine - MOTOR A-WIPER (Wiper motor),stock,1,1,1580060.73,284410.93,1864471.66,0.00,not_imported,ignored_previous_package_duplicate,same normalized source item name exists in previous catalog_audit.csv,MOTOR A WIPER WIPER MOTOR,Wiper System
203,Nissan Navara – YD25 engine,Nissan Navara – YD25 engine Wiper Arm,Wiper Arm,Wiper System,not supplied by workbook,PC,PCS,ASM-NISSAN-NAVARA-YD25-ENGINE-WIPER-ARM,Nissan Navara – YD25 engine - Wiper Arm,stock,1,2,235998.32,42479.70,278478.02,0.00,not_imported,ignored_previous_package_duplicate,same normalized source item name exists in previous catalog_audit.csv,WIPER ARM,Wiper System
204,Nissan Navara – YD25 engine,Nissan Navara – YD25 engine Wiper hose,Wiper hose,Wiper System,not supplied by workbook,PC,PCS,ASM-NISSAN-NAVARA-YD25-ENGINE-WIPER-HOSE,Nissan Navara – YD25 engine - Wiper hose,stock,1,1,281159.33,50608.68,331768.01,0.00,not_imported,ignored_previous_package_duplicate,same normalized source item name exists in previous catalog_audit.csv,WIPER HOSE,Wiper System
207,Nissan Navara – YD25 engine,Nissan Navara – YD25 engine Bulb Head Lamp,Bulb Head Lamp,Electrical System,not supplied by workbook,PC,PCS,ASM-NISSAN-NAVARA-YD25-ENGINE-BULB-HEAD-LAMP,Nissan Navara – YD25 engine - Bulb Head Lamp,stock,1,2,367741.90,66193.54,433935.44,0.00,not_imported,ignored_previous_package_duplicate,same normalized source item name exists in previous catalog_audit.csv,BULB HEAD LAMP,Electrical System
208,Nissan Navara – YD25 engine,Nissan Navara – YD25 engine LAMP ASSY-LH (Headlamp LHS),LAMP ASSY-LH (Headlamp LHS),Electrical System,not supplied by workbook,PC,PCS,ASM-NISSAN-NAVARA-YD25-ENGINE-LAMP-ASSY-LH-HEADLAMP-LHS,Nissan Navara – YD25 engine - LAMP ASSY-LH (Headlamp LHS),stock,1,1,865101.78,155718.32,1020820.10,0.00,not_imported,ignored_previous_package_duplicate,same normalized source item name exists in previous catalog_audit.csv,LAMP ASSY LH HEADLAMP LHS,Electrical System
209,Nissan Navara – YD25 engine,Nissan Navara – YD25 engine LAMP ASSY-HEAD (Headlamp RHS),LAMP ASSY-HEAD (Headlamp RHS),Electrical System,not supplied by workbook,PC,PCS,ASM-NISSAN-NAVARA-YD25-ENGINE-LAMP-ASSY-HEAD-HEADLAMP-RHS,Nissan Navara – YD25 engine - LAMP ASSY-HEAD (Headlamp RHS),stock,1,1,865101.78,155718.32,1020820.10,0.00,not_imported,ignored_previous_package_duplicate,same normalized source item name exists in previous catalog_audit.csv,LAMP ASSY HEAD HEADLAMP RHS,Electrical System
210,Nissan Navara – YD25 engine,Nissan Navara – YD25 engine Plug-glow (Glow plugs),Plug-glow (Glow plugs),Electrical System,not supplied by workbook,PC,PCS,ASM-NISSAN-NAVARA-YD25-ENGINE-PLUG-GLOW-GLOW-PLUGS,Nissan Navara – YD25 engine - Plug-glow (Glow plugs),stock,1,4,1276537.70,229776.79,1506314.49,0.00,not_imported,ignored_previous_package_duplicate,same normalized source item name exists in previous catalog_audit.csv,PLUG GLOW GLOW PLUGS,Electrical System
211,Nissan Navara – YD25 engine,Nissan Navara – YD25 engine Bulb 12V5W (Parking bulb),Bulb 12V5W (Parking bulb),Electrical System,not supplied by workbook,PC,PCS,ASM-NISSAN-NAVARA-YD25-ENGINE-BULB-12V5W-PARKING-BULB,Nissan Navara – YD25 engine - Bulb 12V5W (Parking bulb),stock,1,2,21028.59,3785.15,24813.74,0.00,not_imported,ignored_previous_package_duplicate,same normalized source item name exists in previous catalog_audit.csv,BULB 12V5W PARKING BULB,Electrical System
212,Nissan Navara – YD25 engine,Nissan Navara – YD25 engine Double filament round based (Brake bulb),Double filament round based (Brake bulb),Electrical System,not supplied by workbook,PC,PCS,ASM-NISSAN-NAVARA-YD25-ENGINE-DOUBLE-FILAMENT-ROUND-BASED-BRAKE-BULB,Nissan Navara – YD25 engine - Double filament round based (Brake bulb),stock,1,2,76129.03,13703.23,89832.26,0.00,not_imported,ignored_previous_package_duplicate,same normalized source item name exists in previous catalog_audit.csv,DOUBLE FILAMENT ROUND BASED BRAKE BULB,Electrical System
213,Nissan Navara – YD25 engine,"Nissan Navara – YD25 engine BULB (Brake bulb, single filament)","BULB (Brake bulb, single filament)",Electrical System,not supplied by workbook,PC,PCS,ASM-NISSAN-NAVARA-YD25-ENGINE-BULB-BRAKE-BULB-SINGLE-FILAMENT,"Nissan Navara – YD25 engine - BULB (Brake bulb, single filament)",stock,1,2,6215.78,1118.84,7334.62,0.00,not_imported,ignored_previous_package_duplicate,same normalized source item name exists in previous catalog_audit.csv,BULB BRAKE BULB SINGLE FILAMENT,Electrical System
214,Nissan Navara – YD25 engine,Nissan Navara – YD25 engine BODY-COMB SW (Spiral cable),BODY-COMB SW (Spiral cable),Electrical System,not supplied by workbook,PC,PCS,ASM-NISSAN-NAVARA-YD25-ENGINE-BODY-COMB-SW-SPIRAL-CABLE,Nissan Navara – YD25 engine - BODY-COMB SW (Spiral cable),stock,1,1,146790.32,26422.26,173212.58,0.00,not_imported,ignored_previous_package_duplicate,same normalized source item name exists in previous catalog_audit.csv,BODY COMB SW SPIRAL CABLE,Electrical System
215,Nissan Navara – YD25 engine,Nissan Navara – YD25 engine Fuse-mini 10A,Fuse-mini 10A,Electrical System,not supplied by workbook,PC,PCS,ASM-NISSAN-NAVARA-YD25-ENGINE-FUSE-MINI-10A,Nissan Navara – YD25 engine - Fuse-mini 10A,stock,1,1,1741.00,313.38,2054.38,0.00,not_imported,ignored_previous_package_duplicate,same normalized source item name exists in previous catalog_audit.csv,FUSE MINI 10A,Electrical System
216,Nissan Navara – YD25 engine,Nissan Navara – YD25 engine Fuse-mini 15AM,Fuse-mini 15AM,Electrical System,not supplied by workbook,PC,PCS,ASM-NISSAN-NAVARA-YD25-ENGINE-FUSE-MINI-15AM,Nissan Navara – YD25 engine - Fuse-mini 15AM,stock,1,1,8920.80,1605.74,10526.54,0.00,not_imported,ignored_previous_package_duplicate,same normalized source item name exists in previous catalog_audit.csv,FUSE MINI 15AM,Electrical System
217,Nissan Navara – YD25 engine,Nissan Navara – YD25 engine Fuse-mini,Fuse-mini,Electrical System,not supplied by workbook,PC,PCS,ASM-NISSAN-NAVARA-YD25-ENGINE-FUSE-MINI,Nissan Navara – YD25 engine - Fuse-mini,stock,1,1,8920.80,1605.74,10526.54,0.00,not_imported,ignored_previous_package_duplicate,same normalized source item name exists in previous catalog_audit.csv,FUSE MINI,Electrical System
218,Nissan Navara – YD25 engine,Nissan Navara – YD25 engine ALTERNATOR ASSY,ALTERNATOR ASSY,Electrical System,not supplied by workbook,PC,PCS,ASM-NISSAN-NAVARA-YD25-ENGINE-ALTERNATOR-ASSY,Nissan Navara – YD25 engine - ALTERNATOR ASSY,stock,1,1,3554030.29,639725.45,4193755.74,0.00,not_imported,ignored_previous_package_duplicate,same normalized source item name exists in previous catalog_audit.csv,ALTERNATOR ASSY,Electrical System
219,Nissan Navara – YD25 engine,Nissan Navara – YD25 engine LAMP ASSY-FOG L,LAMP ASSY-FOG L,Electrical System,not supplied by workbook,PC,PCS,ASM-NISSAN-NAVARA-YD25-ENGINE-LAMP-ASSY-FOG-L,Nissan Navara – YD25 engine - LAMP ASSY-FOG L,stock,1,1,1256278.86,226130.19,1482409.05,0.00,not_imported,ignored_previous_package_duplicate,same normalized source item name exists in previous catalog_audit.csv,LAMP ASSY FOG L,Electrical System
220,Nissan Navara – YD25 engine,"Nissan Navara – YD25 engine LAMP ASSY-FOG,R","LAMP ASSY-FOG,R",Electrical System,not supplied by workbook,PC,PCS,ASM-NISSAN-NAVARA-YD25-ENGINE-LAMP-ASSY-FOG-R,"Nissan Navara – YD25 engine - LAMP ASSY-FOG,R",stock,1,1,1256278.86,226130.19,1482409.05,0.00,not_imported,ignored_previous_package_duplicate,same normalized source item name exists in previous catalog_audit.csv,LAMP ASSY FOG R,Electrical System
221,Nissan Navara – YD25 engine,Nissan Navara – YD25 engine Bulb-fog Lamp,Bulb-fog Lamp,Electrical System,not supplied by workbook,PC,PCS,ASM-NISSAN-NAVARA-YD25-ENGINE-BULB-FOG-LAMP,Nissan Navara – YD25 engine - Bulb-fog Lamp,stock,1,2,240832.82,43349.91,284182.73,0.00,not_imported,ignored_previous_package_duplicate,same normalized source item name exists in previous catalog_audit.csv,BULB FOG LAMP,Electrical System
222,Nissan Navara – YD25 engine,"Nissan Navara – YD25 engine SW-AUTO-POWER-W (Power window switch, main)","SW-AUTO-POWER-W (Power window switch, main)",Electrical System,not supplied by workbook,PC,PCS,ASM-NISSAN-NAVARA-YD25-ENGINE-SW-AUTO-POWER-W-POWER-WINDOW-SWITCH-MAIN,"Nissan Navara – YD25 engine - SW-AUTO-POWER-W (Power window switch, main)",stock,1,1,884914.58,159284.62,1044199.20,-0.00,not_imported,ignored_previous_package_duplicate,same normalized source item name exists in previous catalog_audit.csv,SW AUTO POWER W POWER WINDOW SWITCH MAIN,Electrical System
223,Nissan Navara – YD25 engine,"Nissan Navara – YD25 engine SITCH ASSY (Power window switch, rear)","SITCH ASSY (Power window switch, rear)",Electrical System,not supplied by workbook,PC,PCS,ASM-NISSAN-NAVARA-YD25-ENGINE-SITCH-ASSY-POWER-WINDOW-SWITCH-REAR,"Nissan Navara – YD25 engine - SITCH ASSY (Power window switch, rear)",stock,1,2,611132.35,110003.82,721136.17,0.00,not_imported,ignored_previous_package_duplicate,same normalized source item name exists in previous catalog_audit.csv,SITCH ASSY POWER WINDOW SWITCH REAR,Electrical System
224,Nissan Navara – YD25 engine,"Nissan Navara – YD25 engine SW ASSY-P/WINDW (Power window switch, co-driver's door)","SW ASSY-P/WINDW (Power window switch, co-driver's door)",Electrical System,not supplied by workbook,PC,PCS,ASM-NISSAN-NAVARA-YD25-ENGINE-SW-ASSY-P-WINDW-POWER-WINDOW-SWITCH-CO-DRIVER-S-DOOR,"Nissan Navara – YD25 engine - SW ASSY-P/WINDW (Power window switch, co-driver's door)",stock,1,1,418184.08,75273.13,493457.21,0.00,not_imported,ignored_previous_package_duplicate,same normalized source item name exists in previous catalog_audit.csv,SW ASSY P WINDW POWER WINDOW SWITCH CO DRIVER S DOOR,Electrical System
225,Nissan Navara – YD25 engine,Nissan Navara – YD25 engine Regulator Assy- (Driver's door regulator),Regulator Assy- (Driver's door regulator),Electrical System,not supplied by workbook,PC,PCS,ASM-NISSAN-NAVARA-YD25-ENGINE-REGULATOR-ASSY-DRIVER-S-DOOR-REGULATOR,Nissan Navara – YD25 engine - Regulator Assy- (Driver's door regulator),stock,1,1,470226.87,84640.84,554867.71,0.00,not_imported,ignored_previous_package_duplicate,same normalized source item name exists in previous catalog_audit.csv,REGULATOR ASSY DRIVER S DOOR REGULATOR,Electrical System
226,Nissan Navara – YD25 engine,Nissan Navara – YD25 engine REGULATOR-DOOR (Co-driver's door regulator),REGULATOR-DOOR (Co-driver's door regulator),Electrical System,not supplied by workbook,PC,PCS,ASM-NISSAN-NAVARA-YD25-ENGINE-REGULATOR-DOOR-CO-DRIVER-S-DOOR-REGULATOR,Nissan Navara – YD25 engine - REGULATOR-DOOR (Co-driver's door regulator),stock,1,1,432040.10,77767.22,509807.32,-0.00,not_imported,ignored_previous_package_duplicate,same normalized source item name exists in previous catalog_audit.csv,REGULATOR DOOR CO DRIVER S DOOR REGULATOR,Electrical System
227,Nissan Navara – YD25 engine,"Nissan Navara – YD25 engine Door regulator (Window regulator, rear door)","Door regulator (Window regulator, rear door)",Electrical System,not supplied by workbook,PC,PCS,ASM-NISSAN-NAVARA-YD25-ENGINE-DOOR-REGULATOR-WINDOW-REGULATOR-REAR-DOOR,"Nissan Navara – YD25 engine - Door regulator (Window regulator, rear door)",stock,1,1,470226.87,84640.84,554867.71,0.00,not_imported,ignored_previous_package_duplicate,same normalized source item name exists in previous catalog_audit.csv,DOOR REGULATOR WINDOW REGULATOR REAR DOOR,Electrical System
228,Nissan Navara – YD25 engine,Nissan Navara – YD25 engine Starter Motor,Starter Motor,Electrical System,not supplied by workbook,PC,PCS,ASM-NISSAN-NAVARA-YD25-ENGINE-STARTER-MOTOR,Nissan Navara – YD25 engine - Starter Motor,stock,1,1,3622967.10,652134.08,4275101.18,0.00,not_imported,ignored_previous_package_duplicate,same normalized source item name exists in previous catalog_audit.csv,STARTER MOTOR,Electrical System
229,Nissan Navara – YD25 engine,Nissan Navara – YD25 engine Lamp Assy Rr.** (Tail lamp RHS),Lamp Assy Rr.** (Tail lamp RHS),Electrical System,not supplied by workbook,PC,PCS,ASM-NISSAN-NAVARA-YD25-ENGINE-LAMP-ASSY-RR-TAIL-LAMP-RHS,Nissan Navara – YD25 engine - Lamp Assy Rr.** (Tail lamp RHS),stock,1,1,595578.51,107204.13,702782.64,0.00,not_imported,ignored_previous_package_duplicate,same normalized source item name exists in previous catalog_audit.csv,LAMP ASSY RR TAIL LAMP RHS,Electrical System
230,Nissan Navara – YD25 engine,Nissan Navara – YD25 engine Lamp Assy Rr.** (Tail lamp LHS),Lamp Assy Rr.** (Tail lamp LHS),Electrical System,not supplied by workbook,PC,PCS,ASM-NISSAN-NAVARA-YD25-ENGINE-LAMP-ASSY-RR-TAIL-LAMP-LHS,Nissan Navara – YD25 engine - Lamp Assy Rr.** (Tail lamp LHS),stock,1,1,630196.97,113435.45,743632.42,0.00,not_imported,ignored_previous_package_duplicate,same normalized source item name exists in previous catalog_audit.csv,LAMP ASSY RR TAIL LAMP LHS,Electrical System
231,Nissan Navara – YD25 engine,Nissan Navara – YD25 engine 70 Amp Maintenance free battery,70 Amp Maintenance free battery,Electrical System,not supplied by workbook,PC,PCS,ASM-NISSAN-NAVARA-YD25-ENGINE-70-AMP-MAINTENANCE-FREE-BATTERY,Nissan Navara – YD25 engine - 70 Amp Maintenance free battery,stock,1,1,545935.49,98268.39,644203.88,0.00,not_imported,ignored_previous_package_duplicate,same normalized source item name exists in previous catalog_audit.csv,70 AMP MAINTENANCE FREE BATTERY,Electrical System
232,Nissan Navara – YD25 engine,Nissan Navara – YD25 engine Radio,Radio,Electrical System,not supplied by workbook,PC,PCS,ASM-NISSAN-NAVARA-YD25-ENGINE-RADIO,Nissan Navara – YD25 engine - Radio,stock,1,1,1712903.22,308322.58,2021225.80,0.00,not_imported,ignored_previous_package_duplicate,same normalized source item name exists in previous catalog_audit.csv,RADIO,Electrical System
235,Nissan Navara – YD25 engine,"Nissan Navara – YD25 engine Mirror Assy DR (Side mirror, complete)","Mirror Assy DR (Side mirror, complete)",Body & Chassis,not supplied by workbook,PC,PCS,ASM-NISSAN-NAVARA-YD25-ENGINE-MIRROR-ASSY-DR-SIDE-MIRROR-COMPLETE,"Nissan Navara – YD25 engine - Mirror Assy DR (Side mirror, complete)",stock,1,1,919863.97,165575.51,1085439.48,0.00,not_imported,ignored_previous_package_duplicate,same normalized source item name exists in previous catalog_audit.csv,MIRROR ASSY DR SIDE MIRROR COMPLETE,Body & Chassis
236,Nissan Navara – YD25 engine,Nissan Navara – YD25 engine GLASS-FR WIND (Windscreen),GLASS-FR WIND (Windscreen),Body & Chassis,not supplied by workbook,PC,PCS,ASM-NISSAN-NAVARA-YD25-ENGINE-GLASS-FR-WIND-WINDSCREEN,Nissan Navara – YD25 engine - GLASS-FR WIND (Windscreen),stock,1,1,1225015.73,220502.83,1445518.56,0.00,not_imported,ignored_previous_package_duplicate,same normalized source item name exists in previous catalog_audit.csv,GLASS FR WIND WINDSCREEN,Body & Chassis
237,Nissan Navara – YD25 engine,Nissan Navara – YD25 engine Rubber Sealant,Rubber Sealant,Body & Chassis,not supplied by workbook,PC,PCS,ASM-NISSAN-NAVARA-YD25-ENGINE-RUBBER-SEALANT,Nissan Navara – YD25 engine - Rubber Sealant,stock,1,1,124919.98,22485.60,147405.58,0.00,not_imported,ignored_previous_package_duplicate,same normalized source item name exists in previous catalog_audit.csv,RUBBER SEALANT,Body & Chassis
238,Nissan Navara – YD25 engine,Nissan Navara – YD25 engine MLDG WS UPPER (Upper windscreen molding),MLDG WS UPPER (Upper windscreen molding),Body & Chassis,not supplied by workbook,PC,PCS,ASM-NISSAN-NAVARA-YD25-ENGINE-MLDG-WS-UPPER-UPPER-WINDSCREEN-MOLDING,Nissan Navara – YD25 engine - MLDG WS UPPER (Upper windscreen molding),stock,1,1,137178.88,24692.20,161871.08,0.00,not_imported,ignored_previous_package_duplicate,same normalized source item name exists in previous catalog_audit.csv,MLDG WS UPPER UPPER WINDSCREEN MOLDING,Body & Chassis
239,Nissan Navara – YD25 engine,Nissan Navara – YD25 engine RUBBER-DUMDum rubber,RUBBER-DUMDum rubber,Body & Chassis,not supplied by workbook,PC,PCS,ASM-NISSAN-NAVARA-YD25-ENGINE-RUBBER-DUMDUM-RUBBER,Nissan Navara – YD25 engine - RUBBER-DUMDum rubber,stock,1,1,625794.12,112642.94,738437.06,0.00,not_imported,ignored_previous_package_duplicate,same normalized source item name exists in previous catalog_audit.csv,RUBBER DUMDUM RUBBER,Body & Chassis
240,Nissan Navara – YD25 engine,Nissan Navara – YD25 engine MUD FLAP-FRONT,MUD FLAP-FRONT,Body & Chassis,not supplied by workbook,PC,PCS,ASM-NISSAN-NAVARA-YD25-ENGINE-MUD-FLAP-FRONT,Nissan Navara – YD25 engine - MUD FLAP-FRONT,stock,1,1,359407.53,64693.36,424100.89,0.00,not_imported,ignored_previous_package_duplicate,same normalized source item name exists in previous catalog_audit.csv,MUD FLAP FRONT,Body & Chassis
241,Nissan Navara – YD25 engine,Nissan Navara – YD25 engine MUD GUARD-RR RH,MUD GUARD-RR RH,Body & Chassis,not supplied by workbook,PC,PCS,ASM-NISSAN-NAVARA-YD25-ENGINE-MUD-GUARD-RR-RH,Nissan Navara – YD25 engine - MUD GUARD-RR RH,stock,1,1,680484.38,122487.19,802971.57,0.00,not_imported,ignored_previous_package_duplicate,same normalized source item name exists in previous catalog_audit.csv,MUD GUARD RR RH,Body & Chassis
242,Nissan Navara – YD25 engine,Nissan Navara – YD25 engine MUD GUARD-RR LH,MUD GUARD-RR LH,Body & Chassis,not supplied by workbook,PC,PCS,ASM-NISSAN-NAVARA-YD25-ENGINE-MUD-GUARD-RR-LH,Nissan Navara – YD25 engine - MUD GUARD-RR LH,stock,1,1,680484.38,122487.19,802971.57,0.00,not_imported,ignored_previous_package_duplicate,same normalized source item name exists in previous catalog_audit.csv,MUD GUARD RR LH,Body & Chassis
243,Nissan Navara – YD25 engine,Nissan Navara – YD25 engine GLASS FR DR LH,GLASS FR DR LH,Body & Chassis,not supplied by workbook,PC,PCS,ASM-NISSAN-NAVARA-YD25-ENGINE-GLASS-FR-DR-LH,Nissan Navara – YD25 engine - GLASS FR DR LH,stock,1,1,1743814.96,313886.69,2057701.65,-0.00,not_imported,ignored_previous_package_duplicate,same normalized source item name exists in previous catalog_audit.csv,GLASS FR DR LH,Body & Chassis
244,Nissan Navara – YD25 engine,Nissan Navara – YD25 engine GLASS FR DR RH,GLASS FR DR RH,Body & Chassis,not supplied by workbook,PC,PCS,ASM-NISSAN-NAVARA-YD25-ENGINE-GLASS-FR-DR-RH,Nissan Navara – YD25 engine - GLASS FR DR RH,stock,1,1,2034762.54,366257.26,2401019.80,0.00,not_imported,ignored_previous_package_duplicate,same normalized source item name exists in previous catalog_audit.csv,GLASS FR DR RH,Body & Chassis
245,Nissan Navara – YD25 engine,Nissan Navara – YD25 engine glaSS RR DR LH,glaSS RR DR LH,Body & Chassis,not supplied by workbook,PC,PCS,ASM-NISSAN-NAVARA-YD25-ENGINE-GLASS-RR-DR-LH,Nissan Navara – YD25 engine - glaSS RR DR LH,stock,1,1,736555.93,132580.07,869136.00,0.00,not_imported,ignored_previous_package_duplicate,same normalized source item name exists in previous catalog_audit.csv,GLASS RR DR LH,Body & Chassis
246,Nissan Navara – YD25 engine,Nissan Navara – YD25 engine GLASS RR DR RH,GLASS RR DR RH,Body & Chassis,not supplied by workbook,PC,PCS,ASM-NISSAN-NAVARA-YD25-ENGINE-GLASS-RR-DR-RH,Nissan Navara – YD25 engine - GLASS RR DR RH,stock,1,1,680585.10,122505.32,803090.42,0.00,not_imported,ignored_previous_package_duplicate,same normalized source item name exists in previous catalog_audit.csv,GLASS RR DR RH,Body & Chassis
247,Nissan Navara – YD25 engine,Nissan Navara – YD25 engine GRILLE-RADIATOR,GRILLE-RADIATOR,Body & Chassis,not supplied by workbook,PC,PCS,ASM-NISSAN-NAVARA-YD25-ENGINE-GRILLE-RADIATOR,Nissan Navara – YD25 engine - GRILLE-RADIATOR,stock,1,1,1495672.83,269221.11,1764893.94,0.00,not_imported,ignored_previous_package_duplicate,same normalized source item name exists in previous catalog_audit.csv,GRILLE RADIATOR,Body & Chassis
248,Nissan Navara – YD25 engine,"Nissan Navara – YD25 engine Assy- Fr Door outs (Outer door handle, driver's door)","Assy- Fr Door outs (Outer door handle, driver's door)",Body & Chassis,not supplied by workbook,PC,PCS,ASM-NISSAN-NAVARA-YD25-ENGINE-ASSY-FR-DOOR-OUTS-OUTER-DOOR-HANDLE-DRIVER-S-DOOR,"Nissan Navara – YD25 engine - Assy- Fr Door outs (Outer door handle, driver's door)",stock,1,1,138603.33,24948.60,163551.93,0.00,not_imported,ignored_previous_package_duplicate,same normalized source item name exists in previous catalog_audit.csv,ASSY FR DOOR OUTS OUTER DOOR HANDLE DRIVER S DOOR,Body & Chassis
249,Nissan Navara – YD25 engine,"Nissan Navara – YD25 engine HANDLE ASSY-FR (Outer door handle, co-driver's door)","HANDLE ASSY-FR (Outer door handle, co-driver's door)",Body & Chassis,not supplied by workbook,PC,PCS,ASM-NISSAN-NAVARA-YD25-ENGINE-HANDLE-ASSY-FR-OUTER-DOOR-HANDLE-CO-DRIVER-S-DOOR,"Nissan Navara – YD25 engine - HANDLE ASSY-FR (Outer door handle, co-driver's door)",stock,1,1,138603.33,24948.60,163551.93,0.00,not_imported,ignored_previous_package_duplicate,same normalized source item name exists in previous catalog_audit.csv,HANDLE ASSY FR OUTER DOOR HANDLE CO DRIVER S DOOR,Body & Chassis
250,Nissan Navara – YD25 engine,"Nissan Navara – YD25 engine ASY FR DR INS L (Inner door handle, LH)","ASY FR DR INS L (Inner door handle, LH)",Body & Chassis,not supplied by workbook,PC,PCS,ASM-NISSAN-NAVARA-YD25-ENGINE-ASY-FR-DR-INS-L-INNER-DOOR-HANDLE-LH,"Nissan Navara – YD25 engine - ASY FR DR INS L (Inner door handle, LH)",stock,1,1,147322.69,26518.08,173840.77,0.00,not_imported,ignored_previous_package_duplicate,same normalized source item name exists in previous catalog_audit.csv,ASY FR DR INS L INNER DOOR HANDLE LH,Body & Chassis
251,Nissan Navara – YD25 engine,"Nissan Navara – YD25 engine ASY FR DR INS R (Inner door hande, RH)","ASY FR DR INS R (Inner door hande, RH)",Body & Chassis,not supplied by workbook,PC,PCS,ASM-NISSAN-NAVARA-YD25-ENGINE-ASY-FR-DR-INS-R-INNER-DOOR-HANDE-RH,"Nissan Navara – YD25 engine - ASY FR DR INS R (Inner door hande, RH)",stock,1,1,147322.69,26518.08,173840.77,0.00,not_imported,ignored_previous_package_duplicate,same normalized source item name exists in previous catalog_audit.csv,ASY FR DR INS R INNER DOOR HANDE RH,Body & Chassis
252,Nissan Navara – YD25 engine,Nissan Navara – YD25 engine Antenna,Antenna,Body & Chassis,not supplied by workbook,PC,PCS,ASM-NISSAN-NAVARA-YD25-ENGINE-ANTENNA,Nissan Navara – YD25 engine - Antenna,stock,1,1,471219.68,84819.54,556039.22,0.00,not_imported,ignored_previous_package_duplicate,same normalized source item name exists in previous catalog_audit.csv,ANTENNA,Body & Chassis
253,Nissan Navara – YD25 engine,Nissan Navara – YD25 engine LOCK ASSY-FR DO (door lock),LOCK ASSY-FR DO (door lock),Body & Chassis,not supplied by workbook,PC,PCS,ASM-NISSAN-NAVARA-YD25-ENGINE-LOCK-ASSY-FR-DO-DOOR-LOCK,Nissan Navara – YD25 engine - LOCK ASSY-FR DO (door lock),stock,1,1,599779.91,107960.38,707740.29,0.00,not_imported,ignored_previous_package_duplicate,same normalized source item name exists in previous catalog_audit.csv,LOCK ASSY FR DO DOOR LOCK,Body & Chassis
254,Nissan Navara – YD25 engine,Nissan Navara – YD25 engine VAD D22 FRT MOULDED BMPR (Front bumper),VAD D22 FRT MOULDED BMPR (Front bumper),Body & Chassis,not supplied by workbook,PC,PCS,ASM-NISSAN-NAVARA-YD25-ENGINE-VAD-D22-FRT-MOULDED-BMPR-FRONT-BUMPER,Nissan Navara – YD25 engine - VAD D22 FRT MOULDED BMPR (Front bumper),stock,1,1,1227933.74,221028.07,1448961.81,0.00,not_imported,ignored_previous_package_duplicate,same normalized source item name exists in previous catalog_audit.csv,VAD D22 FRT MOULDED BMPR FRONT BUMPER,Body & Chassis
255,Nissan Navara – YD25 engine,Nissan Navara – YD25 engine Reinf assy frnt (Front reinforcement bumper),Reinf assy frnt (Front reinforcement bumper),Body & Chassis,not supplied by workbook,PC,PCS,ASM-NISSAN-NAVARA-YD25-ENGINE-REINF-ASSY-FRNT-FRONT-REINFORCEMENT-BUMPER,Nissan Navara – YD25 engine - Reinf assy frnt (Front reinforcement bumper),stock,1,1,1277688.78,229983.98,1507672.76,0.00,not_imported,ignored_previous_package_duplicate,same normalized source item name exists in previous catalog_audit.csv,REINF ASSY FRNT FRONT REINFORCEMENT BUMPER,Body & Chassis
256,Nissan Navara – YD25 engine,Nissan Navara – YD25 engine BUMPER-REAR (Rear bumper),BUMPER-REAR (Rear bumper),Body & Chassis,not supplied by workbook,PC,PCS,ASM-NISSAN-NAVARA-YD25-ENGINE-BUMPER-REAR-REAR-BUMPER,Nissan Navara – YD25 engine - BUMPER-REAR (Rear bumper),stock,1,1,1880562.19,338501.19,2219063.38,-0.00,not_imported,ignored_previous_package_duplicate,same normalized source item name exists in previous catalog_audit.csv,BUMPER REAR REAR BUMPER,Body & Chassis
257,Nissan Navara – YD25 engine,Nissan Navara – YD25 engine CABLE COMPL HOO (Bonnet cable),CABLE COMPL HOO (Bonnet cable),Body & Chassis,not supplied by workbook,PC,PCS,ASM-NISSAN-NAVARA-YD25-ENGINE-CABLE-COMPL-HOO-BONNET-CABLE,Nissan Navara – YD25 engine - CABLE COMPL HOO (Bonnet cable),stock,1,1,197336.73,35520.61,232857.34,0.00,not_imported,ignored_previous_package_duplicate,same normalized source item name exists in previous catalog_audit.csv,CABLE COMPL HOO BONNET CABLE,Body & Chassis
258,Nissan Navara – YD25 engine,"Nissan Navara – YD25 engine Reflector, pair","Reflector, pair",Body & Chassis,not supplied by workbook,PC,PCS,ASM-NISSAN-NAVARA-YD25-ENGINE-REFLECTOR-PAIR,"Nissan Navara – YD25 engine - Reflector, pair",stock,1,1,68516.13,12332.90,80849.03,-0.00,not_imported,ignored_previous_package_duplicate,same normalized source item name exists in previous catalog_audit.csv,REFLECTOR PAIR,Body & Chassis
259,Nissan Navara – YD25 engine,Nissan Navara – YD25 engine MIR ASSY INSIDE (Driving mirror),MIR ASSY INSIDE (Driving mirror),Body & Chassis,not supplied by workbook,PC,PCS,ASM-NISSAN-NAVARA-YD25-ENGINE-MIR-ASSY-INSIDE-DRIVING-MIRROR,Nissan Navara – YD25 engine - MIR ASSY INSIDE (Driving mirror),stock,1,1,497291.44,89512.46,586803.90,0.00,not_imported,ignored_previous_package_duplicate,same normalized source item name exists in previous catalog_audit.csv,MIR ASSY INSIDE DRIVING MIRROR,Body & Chassis
260,Nissan Navara – YD25 engine,Nissan Navara – YD25 engine SUNVISOR LH,SUNVISOR LH,Body & Chassis,not supplied by workbook,PC,PCS,ASM-NISSAN-NAVARA-YD25-ENGINE-SUNVISOR-LH,Nissan Navara – YD25 engine - SUNVISOR LH,stock,1,1,194300.78,34974.14,229274.92,0.00,not_imported,ignored_previous_package_duplicate,same normalized source item name exists in previous catalog_audit.csv,SUNVISOR LH,Body & Chassis
261,Nissan Navara – YD25 engine,Nissan Navara – YD25 engine SUNVISOR RH,SUNVISOR RH,Body & Chassis,not supplied by workbook,PC,PCS,ASM-NISSAN-NAVARA-YD25-ENGINE-SUNVISOR-RH,Nissan Navara – YD25 engine - SUNVISOR RH,stock,1,1,178516.71,32133.01,210649.72,-0.00,not_imported,ignored_previous_package_duplicate,same normalized source item name exists in previous catalog_audit.csv,SUNVISOR RH,Body & Chassis
262,Nissan Navara – YD25 engine,Nissan Navara – YD25 engine JACK COMPL (Jack),JACK COMPL (Jack),Body & Chassis,not supplied by workbook,PC,PCS,ASM-NISSAN-NAVARA-YD25-ENGINE-JACK-COMPL-JACK,Nissan Navara – YD25 engine - JACK COMPL (Jack),stock,1,1,695189.31,125134.08,820323.39,0.00,not_imported,ignored_previous_package_duplicate,same normalized source item name exists in previous catalog_audit.csv,JACK COMPL JACK,Body & Chassis
263,Nissan Navara – YD25 engine,Nissan Navara – YD25 engine ROD ASSY JACK (Jack handle),ROD ASSY JACK (Jack handle),Body & Chassis,not supplied by workbook,PC,PCS,ASM-NISSAN-NAVARA-YD25-ENGINE-ROD-ASSY-JACK-JACK-HANDLE,Nissan Navara – YD25 engine - ROD ASSY JACK (Jack handle),stock,1,1,84013.79,15122.48,99136.27,-0.00,not_imported,ignored_previous_package_duplicate,same normalized source item name exists in previous catalog_audit.csv,ROD ASSY JACK JACK HANDLE,Body & Chassis
264,Nissan Navara – YD25 engine,Nissan Navara – YD25 engine Warning triangle,Warning triangle,Body & Chassis,not supplied by workbook,PC,PCS,ASM-NISSAN-NAVARA-YD25-ENGINE-WARNING-TRIANGLE,Nissan Navara – YD25 engine - Warning triangle,stock,1,2,152258.07,27406.45,179664.52,0.00,not_imported,ignored_previous_package_duplicate,same normalized source item name exists in previous catalog_audit.csv,WARNING TRIANGLE,Body & Chassis
265,Nissan Navara – YD25 engine,Nissan Navara – YD25 engine Seat Covers,Seat Covers,Body & Chassis,not supplied by workbook,PC,PCS,ASM-NISSAN-NAVARA-YD25-ENGINE-SEAT-COVERS,Nissan Navara – YD25 engine - Seat Covers,stock,1,,3064516.13,551612.90,3616129.03,0.00,not_imported,ignored_previous_package_duplicate,same normalized source item name exists in previous catalog_audit.csv,SEAT COVERS,Body & Chassis
269,Nissan Navara – YD25 engine,Nissan Navara – YD25 engine INSUL  BODY MTG (middle cabin mountings),INSUL  BODY MTG (middle cabin mountings),Other Miscellaneous Parts,not supplied by workbook,PC,PCS,ASM-NISSAN-NAVARA-YD25-ENGINE-INSUL-BODY-MTG-MIDDLE-CABIN-MOUNTINGS,Nissan Navara – YD25 engine - INSUL  BODY MTG (middle cabin mountings),stock,1,4,896001.23,161280.22,1057281.45,0.00,not_imported,ignored_previous_package_duplicate,same normalized source item name exists in previous catalog_audit.csv,INSUL BODY MTG MIDDLE CABIN MOUNTINGS,Other Miscellaneous Parts
270,Nissan Navara – YD25 engine,Nissan Navara – YD25 engine INSULATOR-3RD (Front body mountings),INSULATOR-3RD (Front body mountings),Other Miscellaneous Parts,not supplied by workbook,PC,PCS,ASM-NISSAN-NAVARA-YD25-ENGINE-INSULATOR-3RD-FRONT-BODY-MOUNTINGS,Nissan Navara – YD25 engine - INSULATOR-3RD (Front body mountings),stock,1,2,472371.46,85026.86,557398.32,0.00,not_imported,ignored_previous_package_duplicate,same normalized source item name exists in previous catalog_audit.csv,INSULATOR 3RD FRONT BODY MOUNTINGS,Other Miscellaneous Parts
271,Nissan Navara – YD25 engine,Nissan Navara – YD25 engine RUB-BODY MTG 4T (Rear body mountings),RUB-BODY MTG 4T (Rear body mountings),Other Miscellaneous Parts,not supplied by workbook,PC,PCS,ASM-NISSAN-NAVARA-YD25-ENGINE-RUB-BODY-MTG-4T-REAR-BODY-MOUNTINGS,Nissan Navara – YD25 engine - RUB-BODY MTG 4T (Rear body mountings),stock,1,2,472371.46,85026.86,557398.32,0.00,not_imported,ignored_previous_package_duplicate,same normalized source item name exists in previous catalog_audit.csv,RUB BODY MTG 4T REAR BODY MOUNTINGS,Other Miscellaneous Parts
272,Nissan Navara – YD25 engine,Nissan Navara – YD25 engine MALE ASSY-HOOD (Bonnet lock),MALE ASSY-HOOD (Bonnet lock),Other Miscellaneous Parts,not supplied by workbook,PC,PCS,ASM-NISSAN-NAVARA-YD25-ENGINE-MALE-ASSY-HOOD-BONNET-LOCK,Nissan Navara – YD25 engine - MALE ASSY-HOOD (Bonnet lock),stock,1,1,203451.79,36621.32,240073.11,0.00,not_imported,ignored_previous_package_duplicate,same normalized source item name exists in previous catalog_audit.csv,MALE ASSY HOOD BONNET LOCK,Other Miscellaneous Parts
273,Nissan Navara – YD25 engine,Nissan Navara – YD25 engine RUB BMPR HOOD (Front bonnet rubbers),RUB BMPR HOOD (Front bonnet rubbers),Other Miscellaneous Parts,not supplied by workbook,PC,PCS,ASM-NISSAN-NAVARA-YD25-ENGINE-RUB-BMPR-HOOD-FRONT-BONNET-RUBBERS,Nissan Navara – YD25 engine - RUB BMPR HOOD (Front bonnet rubbers),stock,1,2,6589.89,1186.18,7776.07,0.00,not_imported,ignored_previous_package_duplicate,same normalized source item name exists in previous catalog_audit.csv,RUB BMPR HOOD FRONT BONNET RUBBERS,Other Miscellaneous Parts
274,Nissan Navara – YD25 engine,Nissan Navara – YD25 engine BMPR HOODLEDGE (Bonnet side rubbers),BMPR HOODLEDGE (Bonnet side rubbers),Other Miscellaneous Parts,not supplied by workbook,PC,PCS,ASM-NISSAN-NAVARA-YD25-ENGINE-BMPR-HOODLEDGE-BONNET-SIDE-RUBBERS,Nissan Navara – YD25 engine - BMPR HOODLEDGE (Bonnet side rubbers),stock,1,2,8719.36,1569.48,10288.84,0.00,not_imported,ignored_previous_package_duplicate,same normalized source item name exists in previous catalog_audit.csv,BMPR HOODLEDGE BONNET SIDE RUBBERS,Other Miscellaneous Parts
275,Nissan Navara – YD25 engine,Nissan Navara – YD25 engine Panel assy-inst (Bonnet),Panel assy-inst (Bonnet),Other Miscellaneous Parts,not supplied by workbook,PC,PCS,ASM-NISSAN-NAVARA-YD25-ENGINE-PANEL-ASSY-INST-BONNET,Nissan Navara – YD25 engine - Panel assy-inst (Bonnet),stock,1,2,1828317.96,329097.23,2157415.19,0.00,not_imported,ignored_previous_package_duplicate,same normalized source item name exists in previous catalog_audit.csv,PANEL ASSY INST BONNET,Other Miscellaneous Parts
276,Nissan Navara – YD25 engine,"Nissan Navara – YD25 engine Floor mats, rubber","Floor mats, rubber",Other Miscellaneous Parts,not supplied by workbook,PC,PCS,ASM-NISSAN-NAVARA-YD25-ENGINE-FLOOR-MATS-RUBBER,"Nissan Navara – YD25 engine - Floor mats, rubber",stock,1,1,152258.07,27406.45,179664.52,0.00,not_imported,ignored_previous_package_duplicate,same normalized source item name exists in previous catalog_audit.csv,FLOOR MATS RUBBER,Other Miscellaneous Parts
277,Nissan Navara – YD25 engine,Nissan Navara – YD25 engine CHECK LINK FR D (Seal),CHECK LINK FR D (Seal),Other Miscellaneous Parts,not supplied by workbook,PC,PCS,ASM-NISSAN-NAVARA-YD25-ENGINE-CHECK-LINK-FR-D-SEAL,Nissan Navara – YD25 engine - CHECK LINK FR D (Seal),stock,1,2,297609.39,53569.69,351179.08,0.00,not_imported,ignored_previous_package_duplicate,same normalized source item name exists in previous catalog_audit.csv,CHECK LINK FR D SEAL,Other Miscellaneous Parts
278,Nissan Navara – YD25 engine,Nissan Navara – YD25 engine HORN ASSY (Low tone horn),HORN ASSY (Low tone horn),Other Miscellaneous Parts,not supplied by workbook,PC,PCS,ASM-NISSAN-NAVARA-YD25-ENGINE-HORN-ASSY-LOW-TONE-HORN,Nissan Navara – YD25 engine - HORN ASSY (Low tone horn),stock,1,1,392213.05,70598.35,462811.40,0.00,not_imported,ignored_previous_package_duplicate,same normalized source item name exists in previous catalog_audit.csv,HORN ASSY LOW TONE HORN,Other Miscellaneous Parts
279,Nissan Navara – YD25 engine,Nissan Navara – YD25 engine HORN ASSY-HIGH (High tone horn),HORN ASSY-HIGH (High tone horn),Other Miscellaneous Parts,not supplied by workbook,PC,PCS,ASM-NISSAN-NAVARA-YD25-ENGINE-HORN-ASSY-HIGH-HIGH-TONE-HORN,Nissan Navara – YD25 engine - HORN ASSY-HIGH (High tone horn),stock,1,1,328558.82,59140.59,387699.41,0.00,not_imported,ignored_previous_package_duplicate,same normalized source item name exists in previous catalog_audit.csv,HORN ASSY HIGH HIGH TONE HORN,Other Miscellaneous Parts
280,Nissan Navara – YD25 engine,Nissan Navara – YD25 engine Base (Flat gasket),Base (Flat gasket),Other Miscellaneous Parts,not supplied by workbook,PC,PCS,ASM-NISSAN-NAVARA-YD25-ENGINE-BASE-FLAT-GASKET,Nissan Navara – YD25 engine - Base (Flat gasket),stock,1,1,20647.33,3716.52,24363.85,0.00,not_imported,ignored_previous_package_duplicate,same normalized source item name exists in previous catalog_audit.csv,BASE FLAT GASKET,Other Miscellaneous Parts
281,Nissan Navara – YD25 engine,Nissan Navara – YD25 engine VAD Roll Bar D/ (Central lock switch),VAD Roll Bar D/ (Central lock switch),Other Miscellaneous Parts,not supplied by workbook,PC,PCS,ASM-NISSAN-NAVARA-YD25-ENGINE-VAD-ROLL-BAR-D-CENTRAL-LOCK-SWITCH,Nissan Navara – YD25 engine - VAD Roll Bar D/ (Central lock switch),stock,1,1,3335645.39,600416.17,3936061.56,0.00,not_imported,ignored_previous_package_duplicate,same normalized source item name exists in previous catalog_audit.csv,VAD ROLL BAR D CENTRAL LOCK SWITCH,Other Miscellaneous Parts
282,Nissan Navara – YD25 engine,Nissan Navara – YD25 engine First aid kit,First aid kit,Other Miscellaneous Parts,not supplied by workbook,PC,PCS,ASM-NISSAN-NAVARA-YD25-ENGINE-FIRST-AID-KIT,Nissan Navara – YD25 engine - First aid kit,stock,1,1,570967.74,102774.19,673741.93,0.00,not_imported,ignored_previous_package_duplicate,same normalized source item name exists in previous catalog_audit.csv,FIRST AID KIT,Other Miscellaneous Parts
283,Nissan Navara – YD25 engine,Nissan Navara – YD25 engine VAD CMPL-SLIDE (Side step RH),VAD CMPL-SLIDE (Side step RH),Other Miscellaneous Parts,not supplied by workbook,PC,PCS,ASM-NISSAN-NAVARA-YD25-ENGINE-VAD-CMPL-SLIDE-SIDE-STEP-RH,Nissan Navara – YD25 engine - VAD CMPL-SLIDE (Side step RH),stock,1,1,991158.43,178408.52,1169566.95,0.00,not_imported,ignored_previous_package_duplicate,same normalized source item name exists in previous catalog_audit.csv,VAD CMPL SLIDE SIDE STEP RH,Other Miscellaneous Parts
284,Nissan Navara – YD25 engine,Nissan Navara – YD25 engine VAD CMPL-SLIDE (Side step LH),VAD CMPL-SLIDE (Side step LH),Other Miscellaneous Parts,not supplied by workbook,PC,PCS,ASM-NISSAN-NAVARA-YD25-ENGINE-VAD-CMPL-SLIDE-SIDE-STEP-LH,Nissan Navara – YD25 engine - VAD CMPL-SLIDE (Side step LH),stock,1,1,991244.77,178424.06,1169668.83,0.00,not_imported,ignored_previous_package_duplicate,same normalized source item name exists in previous catalog_audit.csv,VAD CMPL SLIDE SIDE STEP LH,Other Miscellaneous Parts
287,Nissan Navara – YD25 engine,Nissan Navara – YD25 engine Engine oil (Diesel engine oil),Engine oil (Diesel engine oil),Service,not supplied by workbook,PC,PCS,ASM-NISSAN-NAVARA-YD25-ENGINE-ENGINE-OIL-DIESEL-ENGINE-OIL,Nissan Navara – YD25 engine - Engine oil (Diesel engine oil),stock,1,5.7,67338.30,12120.89,79459.19,0.00,not_imported,ignored_previous_package_duplicate,same normalized source item name exists in previous catalog_audit.csv,ENGINE OIL DIESEL ENGINE OIL,Service
288,Nissan Navara – YD25 engine,Nissan Navara – YD25 engine Brake fluid,Brake fluid,Service,not supplied by workbook,PC,PCS,ASM-NISSAN-NAVARA-YD25-ENGINE-BRAKE-FLUID,Nissan Navara – YD25 engine - Brake fluid,stock,1,1,39967.74,7194.19,47161.93,0.00,not_imported,ignored_previous_package_duplicate,same normalized source item name exists in previous catalog_audit.csv,BRAKE FLUID,Service
289,Nissan Navara – YD25 engine,Nissan Navara – YD25 engine Transmission oil GL4 75-W85,Transmission oil GL4 75-W85,Service,not supplied by workbook,PC,PCS,ASM-NISSAN-NAVARA-YD25-ENGINE-TRANSMISSION-OIL-GL4-75-W85,Nissan Navara – YD25 engine - Transmission oil GL4 75-W85,stock,1,5.4,53516.58,9632.98,63149.56,0.00,not_imported,ignored_previous_package_duplicate,same normalized source item name exists in previous catalog_audit.csv,TRANSMISSION OIL GL4 75 W85,Service
290,Nissan Navara – YD25 engine,Nissan Navara – YD25 engine Coolant Total,Coolant Total,Service,not supplied by workbook,PC,PCS,ASM-NISSAN-NAVARA-YD25-ENGINE-COOLANT-TOTAL,Nissan Navara – YD25 engine - Coolant Total,stock,1,6,62661.29,11279.03,73940.32,0.00,not_imported,ignored_previous_package_duplicate,same normalized source item name exists in previous catalog_audit.csv,COOLANT TOTAL,Service
291,Nissan Navara – YD25 engine,Nissan Navara – YD25 engine ATF FLUIDMATIC D2 1L,ATF FLUIDMATIC D2 1L,Service,not supplied by workbook,PC,PCS,ASM-NISSAN-NAVARA-YD25-ENGINE-ATF-FLUIDMATIC-D2-1L,Nissan Navara – YD25 engine - ATF FLUIDMATIC D2 1L,stock,1,2.2,178621.54,32151.88,210773.42,0.00,not_imported,ignored_previous_package_duplicate,same normalized source item name exists in previous catalog_audit.csv,ATF FLUIDMATIC D2 1L,Service
292,Nissan Navara – YD25 engine,Nissan Navara – YD25 engine SUNDRY,SUNDRY,Service,not supplied by workbook,PC,PCS,ASM-NISSAN-NAVARA-YD25-ENGINE-SUNDRY,Nissan Navara – YD25 engine - SUNDRY,stock,1,1,32264.00,5807.52,38071.52,0.00,not_imported,ignored_previous_package_duplicate,same normalized source item name exists in previous catalog_audit.csv,SUNDRY,Service
293,Nissan Navara – YD25 engine,Nissan Navara – YD25 engine FILTER ASSY-OIL,FILTER ASSY-OIL,Service,not supplied by workbook,PC,PCS,ASM-NISSAN-NAVARA-YD25-ENGINE-FILTER-ASSY-OIL,Nissan Navara – YD25 engine - FILTER ASSY-OIL,stock,1,1,105581.99,19004.76,124586.75,0.00,not_imported,ignored_previous_package_duplicate,same normalized source item name exists in previous catalog_audit.csv,FILTER ASSY OIL,Service
294,Nissan Navara – YD25 engine,Nissan Navara – YD25 engine FILTER ASSY-FUE,FILTER ASSY-FUE,Service,not supplied by workbook,PC,PCS,ASM-NISSAN-NAVARA-YD25-ENGINE-FILTER-ASSY-FUE,Nissan Navara – YD25 engine - FILTER ASSY-FUE,stock,1,1,134129.99,24143.40,158273.39,0.00,not_imported,ignored_previous_package_duplicate,same normalized source item name exists in previous catalog_audit.csv,FILTER ASSY FUE,Service
295,Nissan Navara – YD25 engine,Nissan Navara – YD25 engine ELEMENT ASSY,ELEMENT ASSY,Service,not supplied by workbook,PC,PCS,ASM-NISSAN-NAVARA-YD25-ENGINE-ELEMENT-ASSY,Nissan Navara – YD25 engine - ELEMENT ASSY,stock,1,1,192931.00,34727.58,227658.58,0.00,not_imported,ignored_previous_package_duplicate,same normalized source item name exists in previous catalog_audit.csv,ELEMENT ASSY,Service
296,Nissan Navara – YD25 engine,Nissan Navara – YD25 engine GEAR OIL-HYPOID 1L,GEAR OIL-HYPOID 1L,Service,not supplied by workbook,PC,PCS,ASM-NISSAN-NAVARA-YD25-ENGINE-GEAR-OIL-HYPOID-1L,Nissan Navara – YD25 engine - GEAR OIL-HYPOID 1L,stock,1,2.6,108228.10,19481.06,127709.16,0.00,not_imported,ignored_previous_package_duplicate,same normalized source item name exists in previous catalog_audit.csv,GEAR OIL HYPOID 1L,Service
297,Nissan Navara – YD25 engine,Nissan Navara – YD25 engine De-ionised water,De-ionised water,Service,not supplied by workbook,PC,PCS,ASM-NISSAN-NAVARA-YD25-ENGINE-DE-IONISED-WATER,Nissan Navara – YD25 engine - De-ionised water,stock,1,0.2,8661.28,1559.03,10220.31,0.00,ready,ready,,DE IONISED WATER,Service
298,Nissan Navara – YD25 engine,Nissan Navara – YD25 engine WASHER DRAIN,WASHER DRAIN,Service,not supplied by workbook,PC,PCS,ASM-NISSAN-NAVARA-YD25-ENGINE-WASHER-DRAIN,Nissan Navara – YD25 engine - WASHER DRAIN,stock,1,1,6273.34,1129.20,7402.54,0.00,not_imported,ignored_previous_package_duplicate,same normalized source item name exists in previous catalog_audit.csv,WASHER DRAIN,Service
300,Nissan Navara – YD25 engine,Nissan Navara – YD25 engine Labour,Labour,Service,not supplied by workbook,PC,PCS,ASM-NISSAN-NAVARA-YD25-ENGINE-LABOUR,Nissan Navara – YD25 engine - Labour,service,0,1,50000.00,9000.00,59000.00,0.00,not_imported,ignored_previous_package_duplicate,same normalized source item name exists in previous catalog_audit.csv,LABOUR,Service
301,Nissan Navara – YD25 engine,Nissan Navara – YD25 engine Wheel alignment,Wheel alignment,Service,not supplied by workbook,PC,PCS,ASM-NISSAN-NAVARA-YD25-ENGINE-WHEEL-ALIGNMENT,Nissan Navara – YD25 engine - Wheel alignment,service,0,1,93500.00,16830.00,110330.00,0.00,not_imported,ignored_previous_package_duplicate,same normalized source item name exists in previous catalog_audit.csv,WHEEL ALIGNMENT,Service
302,Nissan Navara – YD25 engine,Nissan Navara – YD25 engine Wheel balancing per tyre,Wheel balancing per tyre,Service,not supplied by workbook,PC,PCS,ASM-NISSAN-NAVARA-YD25-ENGINE-WHEEL-BALANCING-PER-TYRE,Nissan Navara – YD25 engine - Wheel balancing per tyre,service,0,4,62304.00,11214.72,73518.72,0.00,not_imported,ignored_previous_package_duplicate,same normalized source item name exists in previous catalog_audit.csv,WHEEL BALANCING PER TYRE,Service
