Vehicle Group,full item name,System Category,Item Name,item group,Unit,Price VAT tax Excl (source),VAT tax,price VAT tax Incl (source)
Nissan vehicles – YD25 engine,Nissan vehicles – YD25 engine Pad Kit-disc (Brake pads front),Brake System,Pad Kit-disc (Brake pads front),Auto Parts,PC,"739,947.00","133,191.00","873,138.00"
Nissan vehicles – YD25 engine,Nissan vehicles – YD25 engine SHOE SET-REAR (Brake shoes),Brake System,SHOE SET-REAR (Brake shoes),Auto Parts,PC,"696,803.00","125,424.00","822,227.00"
Nissan vehicles – YD25 engine,Nissan vehicles – YD25 engine BOOSTER ASSY MA (brake booster),Brake System,BOOSTER ASSY MA (brake booster),Auto Parts,PC,"5,998,438.00","1,079,719.00","7,078,157.00"
Nissan vehicles – YD25 engine,Nissan vehicles – YD25 engine Rotor Disc Brak (Front Rotor Discs),Brake System,Rotor Disc Brak (Front Rotor Discs),Auto Parts,Set,"2,096,333.00","377,340.00","2,473,673.00"
Nissan vehicles – YD25 engine,Nissan vehicles – YD25 engine Disc skimming,Brake System,Disc skimming,Auto Parts,Set,"247,419.00","44,535.00","291,955.00"
Nissan vehicles – YD25 engine,Nissan vehicles – YD25 engine DRUM 4X4 and hi (Brake drum),Brake System,DRUM 4X4 and hi (Brake drum),Auto Parts,PC,"2,565,527.00","461,795.00","3,027,322.00"
Nissan vehicles – YD25 engine,Nissan vehicles – YD25 engine Drum Skimming,Brake System,Drum Skimming,Auto Parts,Set,"247,419.00","44,535.00","291,955.00"
Nissan vehicles – YD25 engine,Nissan vehicles – YD25 engine BOLT-PIN (Calipper bolts),Brake System,BOLT-PIN (Calipper bolts),Auto Parts,Set,"223,337.00","40,201.00","263,537.00"
Nissan vehicles – YD25 engine,Nissan vehicles – YD25 engine CYL ASSY CLUTCH,Brake System,CYL ASSY CLUTCH,Auto Parts,PC,"421,103.00","75,799.00","496,902.00"
Nissan vehicles – YD25 engine,Nissan vehicles – YD25 engine CYL ASSY-CLUTCH,Brake System,CYL ASSY-CLUTCH,Auto Parts,PC,"818,545.00","147,338.00","965,883.00"
Nissan vehicles – YD25 engine,Nissan vehicles – YD25 engine CALIPER ASSY-BR (Brake caliper),Brake System,CALIPER ASSY-BR (Brake caliper),Auto Parts,PC,"2,925,148.00","526,527.00","3,451,674.00"
Nissan vehicles – YD25 engine,"Nissan vehicles – YD25 engine CABLE COMPL - P (Hand brake cable, short)",Brake System,"CABLE COMPL - P (Hand brake cable, short)",Auto Parts,PC,"1,141,729.00","205,511.00","1,347,240.00"
Nissan vehicles – YD25 engine,"Nissan vehicles – YD25 engine DVC ASSY-PKB C (handbrake cable, long)",Brake System,"DVC ASSY-PKB C (handbrake cable, long)",Auto Parts,PC,"1,108,995.00","199,619.00","1,308,614.00"
Nissan vehicles – YD25 engine,Nissan vehicles – YD25 engine PACK (brake shims),Brake System,PACK (brake shims),Auto Parts,PC,"172,085.00","30,975.00","203,060.00"
Nissan vehicles – YD25 engine,Nissan vehicles – YD25 engine SPACER VACUUM BOOST (brake servo bolt),Brake System,SPACER VACUUM BOOST (brake servo bolt),Auto Parts,PC,"45,341.00","8,161.00","53,502.00"
Nissan vehicles – YD25 engine,Nissan vehicles – YD25 engine Brake pad plates,Brake System,Brake pad plates,Auto Parts,Set,"828,104.00","149,059.00","977,163.00"
Nissan vehicles – YD25 engine,Nissan vehicles – YD25 engine ABS sensor,Brake System,ABS sensor,Auto Parts,PC,"3,416,207.00","614,917.00","4,031,125.00"
Nissan vehicles – YD25 engine,Nissan vehicles – YD25 engine Drive shaft boot,Axle,Drive shaft boot,Auto Parts,PC,"679,006.00","122,221.00","801,227.00"
Nissan vehicles – YD25 engine,Nissan vehicles – YD25 engine SEAL HUB FRONT (Front grease seals),Axle,SEAL HUB FRONT (Front grease seals),Auto Parts,Set,"171,748.00","30,915.00","202,663.00"
Nissan vehicles – YD25 engine,Nissan vehicles – YD25 engine BEARING ASSY-FR (Wheel bearings inner),Axle,BEARING ASSY-FR (Wheel bearings inner),Auto Parts,Set,"523,363.00","94,205.00","617,569.00"
Nissan vehicles – YD25 engine,Nissan vehicles – YD25 engine Bearing KLM3008 (Wheel bearings outer),Axle,Bearing KLM3008 (Wheel bearings outer),Auto Parts,Set,"1,165,877.00","209,858.00","1,375,735.00"
Nissan vehicles – YD25 engine,Nissan vehicles – YD25 engine SHAFT ASSY FRON (Drive shaft),Axle,SHAFT ASSY FRON (Drive shaft),Auto Parts,Set,"9,026,163.00","1,624,709.00","10,650,873.00"
Nissan vehicles – YD25 engine,Nissan vehicles – YD25 engine ORNAMENT ROAD C (Hub cap),Axle,ORNAMENT ROAD C (Hub cap),Auto Parts,PC,"207,924.00","37,426.00","245,350.00"
Nissan vehicles – YD25 engine,Nissan vehicles – YD25 engine LEVER-COMPLETE (*Accelerator pedal),Axle,LEVER-COMPLETE (*Accelerator pedal),Auto Parts,PC,"2,997,723.00","539,590.00","3,537,313.00"
Nissan vehicles – YD25 engine,Nissan vehicles – YD25 engine CYL ASSY-RR WHE (Wheel cylinder),Axle,CYL ASSY-RR WHE (Wheel cylinder),Auto Parts,Set,"1,142,421.00","205,636.00","1,348,056.00"
Nissan vehicles – YD25 engine,Nissan vehicles – YD25 engine Nut (Wheel lock nut),Axle,Nut (Wheel lock nut),Auto Parts,PC,"146,459.00","26,363.00","172,822.00"
Nissan vehicles – YD25 engine,Nissan vehicles – YD25 engine Wash-lock Wheel (Wheel hub washers),Axle,Wash-lock Wheel (Wheel hub washers),Auto Parts,PC,"102,727.00","18,491.00","121,218.00"
Nissan vehicles – YD25 engine,Nissan vehicles – YD25 engine Scr-truss HD (Wheel hub screw),Axle,Scr-truss HD (Wheel hub screw),Auto Parts,Set,"27,010.00","4,862.00","31,872.00"
Nissan vehicles – YD25 engine,Nissan vehicles – YD25 engine COMP BRG NEEDLE (Wheel hub lock nut),Axle,COMP BRG NEEDLE (Wheel hub lock nut),Auto Parts,PC,"211,066.00","37,992.00","249,058.00"
Nissan vehicles – YD25 engine,Nissan vehicles – YD25 engine HUB ASSY-AUTO F (Free running hub),Axle,HUB ASSY-AUTO F (Free running hub),Auto Parts,Set,"5,760,063.00","1,036,811.00","6,796,874.00"
Nissan vehicles – YD25 engine,Nissan vehicles – YD25 engine BELT-ALTNTR,Engine Components,BELT-ALTNTR,Auto Parts,PC,"419,844.00","75,572.00","495,416.00"
Nissan vehicles – YD25 engine,Nissan vehicles – YD25 engine BELT-COMPRESSOR,Engine Components,BELT-COMPRESSOR,Auto Parts,PC,"105,608.00","19,009.00","124,617.00"
Nissan vehicles – YD25 engine,Nissan vehicles – YD25 engine BELT-POWER STEE,Engine Components,BELT-POWER STEE,Auto Parts,PC,"84,565.00","15,222.00","99,787.00"
Nissan vehicles – YD25 engine,"Nissan vehicles – YD25 engine GUIDE-CHAIN TEN (Guide chain tensioner, small)",Engine Components,"GUIDE-CHAIN TEN (Guide chain tensioner, small)",Auto Parts,PC,"49,998.00","9,000.00","58,998.00"
Nissan vehicles – YD25 engine,"Nissan vehicles – YD25 engine GUIDE-CHAIN TEN (Guide chain tensioner, big)",Engine Components,"GUIDE-CHAIN TEN (Guide chain tensioner, big)",Auto Parts,PC,"79,739.00","14,353.00","94,092.00"
Nissan vehicles – YD25 engine,Nissan vehicles – YD25 engine CHAIN-TIMING CA (Timing chain loose end),Engine Components,CHAIN-TIMING CA (Timing chain loose end),Auto Parts,PC,"735,589.00","132,406.00","867,995.00"
Nissan vehicles – YD25 engine,Nissan vehicles – YD25 engine CHAIN-TIMING CA (Timing chain tension end),Engine Components,CHAIN-TIMING CA (Timing chain tension end),Auto Parts,PC,"559,277.00","100,670.00","659,946.00"
Nissan vehicles – YD25 engine,Nissan vehicles – YD25 engine Tension Chain,Engine Components,Tension Chain,Auto Parts,PC,"428,118.00","77,061.00","505,179.00"
Nissan vehicles – YD25 engine,"Nissan vehicles – YD25 engine SEAL-OIL CRANKS (Crankshaft oil seal, front)",Engine Components,"SEAL-OIL CRANKS (Crankshaft oil seal, front)",Auto Parts,PC,"128,091.00","23,056.00","151,148.00"
Nissan vehicles – YD25 engine,"Nissan vehicles – YD25 engine SEAL-OIL CRANKS (Crankshaft oil seal, rear))",Engine Components,"SEAL-OIL CRANKS (Crankshaft oil seal, rear))",Auto Parts,PC,"221,129.00","39,803.00","260,933.00"
Nissan vehicles – YD25 engine,Nissan vehicles – YD25 engine HEAD CYLINDER (Cylinder head),Engine Components,HEAD CYLINDER (Cylinder head),Auto Parts,PC,"8,376,766.00","1,507,818.00","9,884,584.00"
Nissan vehicles – YD25 engine,Nissan vehicles – YD25 engine Cylinder head refacing,Engine Components,Cylinder head refacing,Auto Parts,PC,"1,385,548.00","249,399.00","1,634,947.00"
Nissan vehicles – YD25 engine,Nissan vehicles – YD25 engine Gasket Cylinder (Cylinde head gasket),Engine Components,Gasket Cylinder (Cylinde head gasket),Auto Parts,PC,"397,067.00","71,472.00","468,539.00"
Nissan vehicles – YD25 engine,Nissan vehicles – YD25 engine GASKET-ROCKER C (Rocker cover gasket),Engine Components,GASKET-ROCKER C (Rocker cover gasket),Auto Parts,PC,"178,594.00","32,147.00","210,741.00"
Nissan vehicles – YD25 engine,"Nissan vehicles – YD25 engine INSULATOR-ENGIN (Engine mounting, rear)",Engine Components,"INSULATOR-ENGIN (Engine mounting, rear)",Auto Parts,PC,"3,414,805.00","614,665.00","4,029,469.00"
Nissan vehicles – YD25 engine,"Nissan vehicles – YD25 engine INSULATOR-ENG M (Engine mounting, front)",Engine Components,"INSULATOR-ENG M (Engine mounting, front)",Auto Parts,PC,"763,179.00","137,372.00","900,551.00"
Nissan vehicles – YD25 engine,Nissan vehicles – YD25 engine Plug Drain,Engine Components,Plug Drain,Auto Parts,PC,"23,475.00","4,225.00","27,700.00"
Nissan vehicles – YD25 engine,"Nissan vehicles – YD25 engine ENGINE BARE, complete engine assy",Engine Components,"ENGINE BARE, complete engine assy",Auto Parts,PC,"99,984,273.00","17,997,169.00","117,981,442.00"
Nissan vehicles – YD25 engine,Nissan vehicles – YD25 engine RING SET-PISTON (Piston rings),Engine Components,RING SET-PISTON (Piston rings),Auto Parts,Set,"2,175,137.00","391,525.00","2,566,662.00"
Nissan vehicles – YD25 engine,Nissan vehicles – YD25 engine PISTON WITH PIN (Piston),Engine Components,PISTON WITH PIN (Piston),Auto Parts,Set,"5,519,817.00","993,567.00","6,513,384.00"
Nissan vehicles – YD25 engine,Nissan vehicles – YD25 engine Bearing Set (Main bearings),Engine Components,Bearing Set (Main bearings),Auto Parts,Set,"300,737.00","54,133.00","354,870.00"
Nissan vehicles – YD25 engine,Nissan vehicles – YD25 engine BUSHING SET-CON (Piece bearings),Engine Components,BUSHING SET-CON (Piece bearings),Auto Parts,Set,"125,211.00","22,538.00","147,749.00"
Nissan vehicles – YD25 engine,Nissan vehicles – YD25 engine Block Sleeve,Engine Components,Block Sleeve,Auto Parts,Set,"1,484,516.00","267,213.00","1,751,729.00"
Nissan vehicles – YD25 engine,Nissan vehicles – YD25 engine GASKET-ENGINE (Overhaul gasket kit),Engine Components,GASKET-ENGINE (Overhaul gasket kit),Auto Parts,PC,"1,518,614.00","273,350.00","1,791,964.00"
Nissan vehicles – YD25 engine,Nissan vehicles – YD25 engine PUMP ASSY OIL D (Oil pump),Engine Components,PUMP ASSY OIL D (Oil pump),Auto Parts,PC,"1,231,333.00","221,640.00","1,452,973.00"
Nissan vehicles – YD25 engine,Nissan vehicles – YD25 engine ROD COMP-CON (Connecting rods),Engine Components,ROD COMP-CON (Connecting rods),Auto Parts,Set,"4,178,226.00","752,081.00","4,930,307.00"
Nissan vehicles – YD25 engine,Nissan vehicles – YD25 engine PUMP INJECTION (Injector pump),Engine Components,PUMP INJECTION (Injector pump),Auto Parts,PC,"11,788,709.00","2,121,968.00","13,910,677.00"
Nissan vehicles – YD25 engine,Nissan vehicles – YD25 engine injector pump service,Engine Components,injector pump service,Auto Parts,PC,"9,154,516.00","1,647,813.00","10,802,329.00"
Nissan vehicles – YD25 engine,Nissan vehicles – YD25 engine Fluid Gasket (Sealant tube),Engine Components,Fluid Gasket (Sealant tube),Auto Parts,PC,"620,105.00","111,619.00","731,724.00"
Nissan vehicles – YD25 engine,Nissan vehicles – YD25 engine FAN COOLING,Engine Components,FAN COOLING,Auto Parts,PC,"779,171.00","140,251.00","919,422.00"
Nissan vehicles – YD25 engine,Nissan vehicles – YD25 engine Canshaft pulley,Engine Components,Canshaft pulley,Auto Parts,PC,"534,689.00","96,244.00","630,933.00"
Nissan vehicles – YD25 engine,Nissan vehicles – YD25 engine Crankshaft pulley,Engine Components,Crankshaft pulley,Auto Parts,PC,"1,083,983.00","195,117.00","1,279,100.00"
Nissan vehicles – YD25 engine,Nissan vehicles – YD25 engine FAN ASSY-COND (AC fan shroud),Engine Cooling System,FAN ASSY-COND (AC fan shroud),Auto Parts,PC,"306,293.00","55,133.00","361,425.00"
Nissan vehicles – YD25 engine,Nissan vehicles – YD25 engine Shroud-rad.lowe (Cooling fan shroud),Engine Cooling System,Shroud-rad.lowe (Cooling fan shroud),Auto Parts,PC,"993,118.00","178,761.00","1,171,879.00"
Nissan vehicles – YD25 engine,Nissan vehicles – YD25 engine Radiator assy,Engine Cooling System,Radiator assy,Auto Parts,PC,"5,570,553.00","1,002,699.00","6,573,252.00"
Nissan vehicles – YD25 engine,Nissan vehicles – YD25 engine CAP ASSY-PRESSU (Radiator cap),Engine Cooling System,CAP ASSY-PRESSU (Radiator cap),Auto Parts,PC,"73,978.00","13,316.00","87,294.00"
Nissan vehicles – YD25 engine,Nissan vehicles – YD25 engine MOUNTING RUBBER (Upper radiator mountings),Engine Cooling System,MOUNTING RUBBER (Upper radiator mountings),Auto Parts,Set,"77,700.00","13,986.00","91,686.00"
Nissan vehicles – YD25 engine,Nissan vehicles – YD25 engine RUBBER-MOUNTING (Lower radiator mounting),Engine Cooling System,RUBBER-MOUNTING (Lower radiator mounting),Auto Parts,Set,"62,213.00","11,198.00","73,411.00"
Nissan vehicles – YD25 engine,Nissan vehicles – YD25 engine HOSE-RESERVE TA (Reserve tank pipe),Engine Cooling System,HOSE-RESERVE TA (Reserve tank pipe),Auto Parts,PC,"32,958.00","5,932.00","38,890.00"
Nissan vehicles – YD25 engine,Nissan vehicles – YD25 engine Nozzle Washer (Wiper nozzles),Engine Cooling System,Nozzle Washer (Wiper nozzles),Auto Parts,Set,"134,900.00","24,282.00","159,182.00"
Nissan vehicles – YD25 engine,Nissan vehicles – YD25 engine TANK ASSY-RESER (Reservoir tank),Engine Cooling System,TANK ASSY-RESER (Reservoir tank),Auto Parts,PC,"437,190.00","78,694.00","515,884.00"
Nissan vehicles – YD25 engine,Nissan vehicles – YD25 engine BODY-CLEANER (Air cleaner housing),Engine Cooling System,BODY-CLEANER (Air cleaner housing),Auto Parts,PC,"1,020,951.00","183,771.00","1,204,722.00"
Nissan vehicles – YD25 engine,Nissan vehicles – YD25 engine PUMP ASSY-WATER (Water pump),Engine Cooling System,PUMP ASSY-WATER (Water pump),Auto Parts,PC,"2,322,045.00","417,968.00","2,740,014.00"
Nissan vehicles – YD25 engine,Nissan vehicles – YD25 engine Water temperature sensor,Engine Cooling System,Water temperature sensor,Auto Parts,PC,"183,242.00","32,984.00","216,226.00"
Nissan vehicles – YD25 engine,Nissan vehicles – YD25 engine ENGINE COOLANT,Engine Cooling System,ENGINE COOLANT,Auto Parts,PC,"235,813.00","42,446.00","278,259.00"
Nissan vehicles – YD25 engine,Nissan vehicles – YD25 engine GASKET-WATER PU (Water pump gasket),Engine Cooling System,GASKET-WATER PU (Water pump gasket),Auto Parts,PC,"35,614.00","6,411.00","42,025.00"
Nissan vehicles – YD25 engine,Nissan vehicles – YD25 engine TANK ASSY -WS WASH (Wiper tank tank),Engine Cooling System,TANK ASSY -WS WASH (Wiper tank tank),Auto Parts,PC,"218,398.00","39,312.00","257,710.00"
Nissan vehicles – YD25 engine,Nissan vehicles – YD25 engine FILTER ASSY-OIL (Oil filter),Engine Oil System,FILTER ASSY-OIL (Oil filter),Auto Parts,PC,"137,257.00","24,706.00","161,963.00"
Nissan vehicles – YD25 engine,Nissan vehicles – YD25 engine CAP ASSY-OIL FI (Oil filler cap),Engine Oil System,CAP ASSY-OIL FI (Oil filler cap),Auto Parts,PC,"18,350.00","3,303.00","21,652.00"
Nissan vehicles – YD25 engine,Nissan vehicles – YD25 engine PUMP ASSY OIL D (Oil pump),Engine Oil System,PUMP ASSY OIL D (Oil pump),Auto Parts,PC,"1,231,333.00","221,640.00","1,452,973.00"
Nissan vehicles – YD25 engine,Nissan vehicles – YD25 engine HOSE-WATER (Oil cooler pipe),Engine Oil System,HOSE-WATER (Oil cooler pipe),Auto Parts,PC,"114,137.00","20,545.00","134,682.00"
Nissan vehicles – YD25 engine,Nissan vehicles – YD25 engine COOLER OIL (Oil cooler),Engine Oil System,COOLER OIL (Oil cooler),Auto Parts,PC,"7,577,188.00","1,363,894.00","8,941,082.00"
Nissan vehicles – YD25 engine,Nissan vehicles – YD25 engine STRAINER OIL (Oil strainer),Engine Oil System,STRAINER OIL (Oil strainer),Auto Parts,PC,"269,968.00","48,594.00","318,562.00"
Nissan vehicles – YD25 engine,Nissan vehicles – YD25 engine GAUGE OIL LEVEL (Dipstick),Engine Oil System,GAUGE OIL LEVEL (Dipstick),Auto Parts,PC,"102,353.00","18,424.00","120,777.00"
Nissan vehicles – YD25 engine,Nissan vehicles – YD25 engine PAN ASSY-OIL (Oil pan),Engine Oil System,PAN ASSY-OIL (Oil pan),Auto Parts,PC,"1,012,871.00","182,317.00","1,195,187.00"
Nissan vehicles – YD25 engine,Nissan vehicles – YD25 engine BRACKET-OIL FIL (Oil filter bracket),Engine Oil System,BRACKET-OIL FIL (Oil filter bracket),Auto Parts,PC,"530,658.00","95,518.00","626,177.00"
Nissan vehicles – YD25 engine,Nissan vehicles – YD25 engine WASHER DRAIN (Drain plug washer),Engine Oil System,WASHER DRAIN (Drain plug washer),Auto Parts,PC,"8,155.00","1,468.00","9,623.00"
Nissan vehicles – YD25 engine,Nissan vehicles – YD25 engine SPARK PLUGS,Engine Oil System,SPARK PLUGS,Auto Parts,PC,"114,180.50","20,552.00","134,733.00"
Nissan vehicles – YD25 engine,"Nissan vehicles – YD25 engine MFLR ASSY (Exhaust pipe complete( Silencers,pipes etc))",Exhaust System,"MFLR ASSY (Exhaust pipe complete( Silencers,pipes etc))",Auto Parts,PC,"1,300,084.00","234,015.00","1,534,099.00"
Nissan vehicles – YD25 engine,Nissan vehicles – YD25 engine CONVERTER ASSY (Catalytic converter),Exhaust System,CONVERTER ASSY (Catalytic converter),Auto Parts,PC,"6,177,855.00","1,112,014.00","7,289,869.00"
Nissan vehicles – YD25 engine,Nissan vehicles – YD25 engine BOLT (Exhaust bolt),Exhaust System,BOLT (Exhaust bolt),Auto Parts,PC,"8,268.00","1,488.00","9,756.00"
Nissan vehicles – YD25 engine,Nissan vehicles – YD25 engine BOLT HEX HD (Exhaust bolt),Exhaust System,BOLT HEX HD (Exhaust bolt),Auto Parts,PC,"123,752.00","22,275.00","146,027.00"
Nissan vehicles – YD25 engine,Nissan vehicles – YD25 engine BOLT (Exhaust bolt),Exhaust System,BOLT (Exhaust bolt),Auto Parts,PC,"49,605.00","8,929.00","58,534.00"
Nissan vehicles – YD25 engine,Nissan vehicles – YD25 engine SCR-HEX HD PP W (Exhaust bolt),Exhaust System,SCR-HEX HD PP W (Exhaust bolt),Auto Parts,Set,"56,339.00","10,141.00","66,480.00"
Nissan vehicles – YD25 engine,Nissan vehicles – YD25 engine CLAMP-EXH MTG (exhaust clamp),Exhaust System,CLAMP-EXH MTG (exhaust clamp),Auto Parts,PC,"221,354.00","39,844.00","261,198.00"
Nissan vehicles – YD25 engine,"Nissan vehicles – YD25 engine Gasket, exhaust Big (Exhaust manifold gasket)",Exhaust System,"Gasket, exhaust Big (Exhaust manifold gasket)",Auto Parts,PC,"28,488.00","5,128.00","33,615.00"
Nissan vehicles – YD25 engine,Nissan vehicles – YD25 engine Bracket - Exh M (Exhaust mounting bracket),Exhaust System,Bracket - Exh M (Exhaust mounting bracket),Auto Parts,PC,"124,126.00","22,343.00","146,468.00"
Nissan vehicles – YD25 engine,Nissan vehicles – YD25 engine INSUL EXH MTG (Exhaust mounting),Exhaust System,INSUL EXH MTG (Exhaust mounting),Auto Parts,PC,"207,681.00","37,382.00","245,063.00"
Nissan vehicles – YD25 engine,"Nissan vehicles – YD25 engine MNTG Bracket (Exhaust mounting, front)",Exhaust System,"MNTG Bracket (Exhaust mounting, front)",Auto Parts,PC,"148,480.00","26,726.00","175,206.00"
Nissan vehicles – YD25 engine,Nissan vehicles – YD25 engine BRKT EXH MTG (Exhaust pipe bracket),Exhaust System,BRKT EXH MTG (Exhaust pipe bracket),Auto Parts,PC,"35,577.00","6,404.00","41,981.00"
Nissan vehicles – YD25 engine,Nissan vehicles – YD25 engine Insul-heat Exh (Exhaust insulator),Exhaust System,Insul-heat Exh (Exhaust insulator),Auto Parts,PC,"41,693.00","7,505.00","49,198.00"
Nissan vehicles – YD25 engine,"Nissan vehicles – YD25 engine INJECTOR-FUEL (Injector Nozzle, complete)",Fuel Supply System,"INJECTOR-FUEL (Injector Nozzle, complete)",Auto Parts,Set,"20,764,687.00","3,737,644.00","24,502,331.00"
Nissan vehicles – YD25 engine,Nissan vehicles – YD25 engine 16401-VC10C COVER-UPPER (Fuel Lift pump),Fuel Supply System,16401-VC10C COVER-UPPER (Fuel Lift pump),Auto Parts,PC,"319,325.00","57,478.00","376,803.00"
Nissan vehicles – YD25 engine,Nissan vehicles – YD25 engine Gasket-nozzle (Injector Nozzle seal),Fuel Supply System,Gasket-nozzle (Injector Nozzle seal),Auto Parts,Set,"77,513.00","13,952.00","91,465.00"
Nissan vehicles – YD25 engine,Nissan vehicles – YD25 engine TUBE ASSY-FUEL (Fuel return pipe),Fuel Supply System,TUBE ASSY-FUEL (Fuel return pipe),Auto Parts,PC,"5,720,165.00","1,029,630.00","6,749,795.00"
Nissan vehicles – YD25 engine,Nissan vehicles – YD25 engine TUBE ASSY-INJEC (Fuel rail),Fuel Supply System,TUBE ASSY-INJEC (Fuel rail),Auto Parts,PC,"454,772.00","81,859.00","536,631.00"
Nissan vehicles – YD25 engine,Nissan vehicles – YD25 engine TUBE-INJECTION (Fuel rail pipe1),Fuel Supply System,TUBE-INJECTION (Fuel rail pipe1),Auto Parts,PC,"293,330.00","52,799.00","346,130.00"
Nissan vehicles – YD25 engine,Nissan vehicles – YD25 engine TUBE ASSY-INJEC (Fuel rail pipe2),Fuel Supply System,TUBE ASSY-INJEC (Fuel rail pipe2),Auto Parts,PC,"450,321.00","81,058.00","531,378.00"
Nissan vehicles – YD25 engine,Nissan vehicles – YD25 engine TUBE ASSY-INJEC (Fuel rail pipe3),Fuel Supply System,TUBE ASSY-INJEC (Fuel rail pipe3),Auto Parts,PC,"297,427.00","53,537.00","350,963.00"
Nissan vehicles – YD25 engine,Nissan vehicles – YD25 engine TUBE ASSY-INJEC (Fuel rail pipe4),Fuel Supply System,TUBE ASSY-INJEC (Fuel rail pipe4),Auto Parts,PC,"608,639.00","109,555.00","718,194.00"
Nissan vehicles – YD25 engine,Nissan vehicles – YD25 engine O RING (Tank belt clamp),Fuel Supply System,O RING (Tank belt clamp),Auto Parts,PC,"36,568.00","6,582.00","43,150.00"
Nissan vehicles – YD25 engine,Nissan vehicles – YD25 engine Cap-filler-scre (Fuel tank cap - rubber),Fuel Supply System,Cap-filler-scre (Fuel tank cap - rubber),Auto Parts,PC,"212,132.00","38,184.00","250,316.00"
Nissan vehicles – YD25 engine,Nissan vehicles – YD25 engine Manifold Assy-I (Intake manifold ass),Fuel Supply System,Manifold Assy-I (Intake manifold ass),Auto Parts,PC,"3,442,376.00","619,628.00","4,062,003.00"
Nissan vehicles – YD25 engine,Nissan vehicles – YD25 engine Suction control valve,Fuel Supply System,Suction control valve,Auto Parts,PC,"1,534,000.00","276,120.00","1,810,120.00"
Nissan vehicles – YD25 engine,Nissan vehicles – YD25 engine Fuel filter sensor,Fuel Supply System,Fuel filter sensor,Auto Parts,PC,"609,507.00","109,711.00","719,218.00"
Nissan vehicles – YD25 engine,Nissan vehicles – YD25 engine Gasket-manifold,Fuel Supply System,Gasket-manifold,Auto Parts,PC,"282,556.00","50,860.00","333,416.00"
Nissan vehicles – YD25 engine,Nissan vehicles – YD25 engine Injector nozzle service,Fuel Supply System,Injector nozzle service,Auto Parts,PC,"1,244,566.00","224,022.00","1,468,588.00"
Nissan vehicles – YD25 engine,Nissan vehicles – YD25 engine Injector pump service,Fuel Supply System,Injector pump service,Auto Parts,PC,"3,800,000.00","6,840,000.00","4,484,000.00"
Nissan vehicles – YD25 engine,Nissan vehicles – YD25 engine Link Compl-fr S (Ball joint - upper LH),Suspension & Steering System,Link Compl-fr S (Ball joint - upper LH),Auto Parts,PC,"1,116,122.00","200,902.00","1,317,023.00"
Nissan vehicles – YD25 engine,Nissan vehicles – YD25 engine LINK COMPL RH (Ball joint - upper RH),Suspension & Steering System,LINK COMPL RH (Ball joint - upper RH),Auto Parts,PC,"1,116,122.00","200,902.00","1,317,023.00"
Nissan vehicles – YD25 engine,Nissan vehicles – YD25 engine Link Compl-fr S (Ball joint - lower RH),Suspension & Steering System,Link Compl-fr S (Ball joint - lower RH),Auto Parts,PC,"1,129,683.00","203,343.00","1,333,026.00"
Nissan vehicles – YD25 engine,Nissan vehicles – YD25 engine Link Compl-fr S (Ball joint - lower LH),Suspension & Steering System,Link Compl-fr S (Ball joint - lower LH),Auto Parts,PC,"1,129,683.00","203,343.00","1,333,026.00"
Nissan vehicles – YD25 engine,Nissan vehicles – YD25 engine Rod Kit-relay * (Track rod),Suspension & Steering System,Rod Kit-relay * (Track rod),Auto Parts,PC,"1,899,857.00","341,974.00","2,241,831.00"
Nissan vehicles – YD25 engine,Nissan vehicles – YD25 engine Rod Kit - Tie; (Tie rod ends),Suspension & Steering System,Rod Kit - Tie; (Tie rod ends),Auto Parts,Set,"1,992,858.00","358,714.00","2,351,572.00"
Nissan vehicles – YD25 engine,Nissan vehicles – YD25 engine ABSORBER-SHOCK (Front shock absorbers),Suspension & Steering System,ABSORBER-SHOCK (Front shock absorbers),Auto Parts,Set,"809,834.00","145,770.00","955,604.00"
Nissan vehicles – YD25 engine,Nissan vehicles – YD25 engine Bush *telex* (Shock absorber bushes),Suspension & Steering System,Bush *telex* (Shock absorber bushes),Auto Parts,Set,"72,313.00","13,016.00","85,330.00"
Nissan vehicles – YD25 engine,Nissan vehicles – YD25 engine Shock RR 2WD KA (rear shock absorbers),Suspension & Steering System,Shock RR 2WD KA (rear shock absorbers),Auto Parts,Set,"766,003.00","137,881.00","903,884.00"
Nissan vehicles – YD25 engine,"Nissan vehicles – YD25 engine BUSH STAB (Stabiliser bar bushes, big)",Suspension & Steering System,"BUSH STAB (Stabiliser bar bushes, big)",Auto Parts,Set,"152,555.00","27,460.00","180,014.00"
Nissan vehicles – YD25 engine,"Nissan vehicles – YD25 engine Stabiliser bar bushes, small",Suspension & Steering System,"Stabiliser bar bushes, small",Auto Parts,Set,"275,946.00","49,670.00","325,617.00"
Nissan vehicles – YD25 engine,"Nissan vehicles – YD25 engine BUSH RR SPR RR (Spring bushes, small)",Suspension & Steering System,"BUSH RR SPR RR (Spring bushes, small)",Auto Parts,Set,"101,935.00","18,348.00","120,283.00"
Nissan vehicles – YD25 engine,"Nissan vehicles – YD25 engine Bush-spring (Spring bushes, big)",Suspension & Steering System,"Bush-spring (Spring bushes, big)",Auto Parts,Set,"62,269.00","11,209.00","73,478.00"
Nissan vehicles – YD25 engine,"Nissan vehicles – YD25 engine SPRING ASSY RR (Leaf spring, complete)",Suspension & Steering System,"SPRING ASSY RR (Leaf spring, complete)",Auto Parts,Set,"6,638,782.00","1,194,981.00","7,833,762.00"
Nissan vehicles – YD25 engine,Nissan vehicles – YD25 engine Clip RR Spring (leaf spring clamps),Suspension & Steering System,Clip RR Spring (leaf spring clamps),Auto Parts,PC,"215,780.00","38,840.00","254,620.00"
Nissan vehicles – YD25 engine,Nissan vehicles – YD25 engine SEAT ASSY-RR SP U - bolts mounting plates - set,Suspension & Steering System,SEAT ASSY-RR SP U - bolts mounting plates - set,Auto Parts,PC,"447,010.00","80,462.00","527,472.00"
Nissan vehicles – YD25 engine,Nissan vehicles – YD25 engine PAD ASSY-RR SPR (Leaf spring seat),Suspension & Steering System,PAD ASSY-RR SPR (Leaf spring seat),Auto Parts,PC,"200,853.00","36,154.00","237,007.00"
Nissan vehicles – YD25 engine,Nissan vehicles – YD25 engine ARM ASSY FR SPR (Anchor arm),Suspension & Steering System,ARM ASSY FR SPR (Anchor arm),Auto Parts,PC,"252,310.00","45,416.00","297,726.00"
Nissan vehicles – YD25 engine,Nissan vehicles – YD25 engine ARM ASSY ANCHOR (Anchor arm),Suspension & Steering System,ARM ASSY ANCHOR (Anchor arm),Auto Parts,PC,"260,802.00","46,944.00","307,747.00"
Nissan vehicles – YD25 engine,Nissan vehicles – YD25 engine PULLEY-PUMP (Power steering pump pulley),Suspension & Steering System,PULLEY-PUMP (Power steering pump pulley),Auto Parts,PC,"751,133.00","135,204.00","886,337.00"
Nissan vehicles – YD25 engine,Nissan vehicles – YD25 engine Power Pump assy (Steering pump),Suspension & Steering System,Power Pump assy (Steering pump),Auto Parts,PC,"3,701,495.00","666,269.00","4,367,764.00"
Nissan vehicles – YD25 engine,Nissan vehicles – YD25 engine ArmKit-Pitman+- (Pitman arm),Suspension & Steering System,ArmKit-Pitman+- (Pitman arm),Auto Parts,PC,"649,528.00","116,915.00","766,443.00"
Nissan vehicles – YD25 engine,Nissan vehicles – YD25 engine Idler Kit **tel (Idler arm),Suspension & Steering System,Idler Kit **tel (Idler arm),Auto Parts,PC,"908,796.00","163,583.00","1,072,380.00"
Nissan vehicles – YD25 engine,Nissan vehicles – YD25 engine COLUMN ASSY-STE (steering column),Suspension & Steering System,COLUMN ASSY-STE (steering column),Auto Parts,PC,"3,747,209.00","674,498.00","4,421,707.00"
Nissan vehicles – YD25 engine,Nissan vehicles – YD25 engine WHEEL ASSY-STEE (Steering wheel),Suspension & Steering System,WHEEL ASSY-STEE (Steering wheel),Auto Parts,PC,"6,429,623.00","1,157,332.00","7,586,956.00"
Nissan vehicles – YD25 engine,Nissan vehicles – YD25 engine Transfer case seal,Suspension & Steering System,Transfer case seal,Auto Parts,PC,"219,473.00","39,505.00","258,978.00"
Nissan vehicles – YD25 engine,Nissan vehicles – YD25 engine BRNG. Kit Centr (Center bearing),Transmission System,BRNG. Kit Centr (Center bearing),Auto Parts,PC,"635,332.00","114,360.00","749,691.00"
Nissan vehicles – YD25 engine,Nissan vehicles – YD25 engine Clutch Disc (Clutch plate),Transmission System,Clutch Disc (Clutch plate),Auto Parts,PC,"1,663,745.00","299,474.00","1,963,219.00"
Nissan vehicles – YD25 engine,Nissan vehicles – YD25 engine Cover-Clutch (Pressure plate),Transmission System,Cover-Clutch (Pressure plate),Auto Parts,PC,"1,781,735.00","320,712.00","2,102,447.00"
Nissan vehicles – YD25 engine,Nissan vehicles – YD25 engine Bearing Clutch (Release bearing),Transmission System,Bearing Clutch (Release bearing),Auto Parts,PC,"575,800.00","103,644.00","679,444.00"
Nissan vehicles – YD25 engine,Nissan vehicles – YD25 engine Spring-return (Return spring),Transmission System,Spring-return (Return spring),Auto Parts,PC,"11,504.00","2,071.00","13,574.00"
Nissan vehicles – YD25 engine,Nissan vehicles – YD25 engine Pedal Assy Clut (Clutch pedal assembly),Transmission System,Pedal Assy Clut (Clutch pedal assembly),Auto Parts,PC,"1,186,209.00","213,518.00","1,399,726.00"
Nissan vehicles – YD25 engine,Nissan vehicles – YD25 engine TRANSMISSION (Gearbox assembly),Transmission System,TRANSMISSION (Gearbox assembly),Auto Parts,PC,"26,388,429.00","4,749,917.00","31,138,346.00"
Nissan vehicles – YD25 engine,Nissan vehicles – YD25 engine RR EXC BRAKES A (,Transmission System,RR EXC BRAKES A (,Auto Parts,PC,"55,282,061.00","9,950,771.00","65,232,832.00"
Nissan vehicles – YD25 engine,Nissan vehicles – YD25 engine SFT-RR AXLE RH (Differential shaft RH),Transmission System,SFT-RR AXLE RH (Differential shaft RH),Auto Parts,PC,"3,619,530.00","651,515.00","4,271,045.00"
Nissan vehicles – YD25 engine,Nissan vehicles – YD25 engine SFT-RR Axle (Differential shaft LH),Transmission System,SFT-RR Axle (Differential shaft LH),Auto Parts,PC,"1,362,091.00","245,176.00","1,607,267.00"
Nissan vehicles – YD25 engine,Nissan vehicles – YD25 engine Seal - Grease R (Grease seal),Transmission System,Seal - Grease R (Grease seal),Auto Parts,PC,"88,661.00","15,959.00","104,620.00"
Nissan vehicles – YD25 engine,Nissan vehicles – YD25 engine BRG Assy - Tape,Transmission System,BRG Assy - Tape,Auto Parts,Set,"546,295.00","98,333.00","644,629.00"
Nissan vehicles – YD25 engine,Nissan vehicles – YD25 engine FLYWHELL ASSY,Transmission System,FLYWHELL ASSY,Auto Parts,PC,"6,669,720.00","1,200,550.00","7,870,269.00"
Nissan vehicles – YD25 engine,Nissan vehicles – YD25 engine Seal (Transfer case seal),Transmission System,Seal (Transfer case seal),Auto Parts,PC,"36,774.00","6,619.00","43,393.00"
Nissan vehicles – YD25 engine,Nissan vehicles – YD25 engine INSULATOR-ENGIN (Gearbox mountings),Transmission System,INSULATOR-ENGIN (Gearbox mountings),Auto Parts,Set,"602,485.00","108,447.00","710,932.00"
Nissan vehicles – YD25 engine,"Nissan vehicles – YD25 engine Case Transfer F (Transfer case, front)",Transmission System,"Case Transfer F (Transfer case, front)",Auto Parts,PC,"2,877,132.00","517,884.00","3,395,016.00"
Nissan vehicles – YD25 engine,"Nissan vehicles – YD25 engine Case (Transfer case, center)",Transmission System,"Case (Transfer case, center)",Auto Parts,PC,"3,053,407.00","549,613.00","3,603,020.00"
Nissan vehicles – YD25 engine,Nissan vehicles – YD25 engine CASE-TRANSFER (Differential case),Transmission System,CASE-TRANSFER (Differential case),Auto Parts,PC,"3,777,249.00","679,905.00","4,457,154.00"
Nissan vehicles – YD25 engine,Nissan vehicles – YD25 engine High gear cover,Transmission System,High gear cover,Auto Parts,PC,"4,190,305.00","754,255.00","4,944,559.00"
Nissan vehicles – YD25 engine,Nissan vehicles – YD25 engine Cross bearing,Transmission System,Cross bearing,Auto Parts,PC,"520,981.00","93,777.00","614,758.00"
Nissan vehicles – YD25 engine,Nissan vehicles – YD25 engine Alloy Wheel (Rim),Transmission System,Alloy Wheel (Rim),Auto Parts,PC,"7,871,023.00","1,416,784.00","9,287,807.00"
Nissan vehicles – YD25 engine,Nissan vehicles – YD25 engine Tyre repair (per tyre),Transmission System,Tyre repair (per tyre),Auto Parts,PC,"39,671.00","7,141.00","46,812.00"
Nissan vehicles – YD25 engine,Nissan vehicles – YD25 engine WRENCH WHL NUT (Wheel spanner),Transmission System,WRENCH WHL NUT (Wheel spanner),Auto Parts,PC,"78,523.00","14,134.00","92,657.00"
Nissan vehicles – YD25 engine,"Nissan vehicles – YD25 engine WHEEL BOLT (Wheel stud, front)",Transmission System,"WHEEL BOLT (Wheel stud, front)",Auto Parts,PC,"153,754.00","27,676.00","181,430.00"
Nissan vehicles – YD25 engine,"Nissan vehicles – YD25 engine BOLT-HUB (Wheel stud,rear)",Transmission System,"BOLT-HUB (Wheel stud,rear)",Auto Parts,PC,"170,813.00","30,746.00","201,560.00"
Nissan vehicles – YD25 engine,Nissan vehicles – YD25 engine Compressor (AC pump),Air Conditioning System,Compressor (AC pump),Auto Parts,PC,"8,446,667.00","1,520,400.00","9,967,067.00"
Nissan vehicles – YD25 engine,Nissan vehicles – YD25 engine Pipe Assy-Fr cooler High (Condenser),Air Conditioning System,Pipe Assy-Fr cooler High (Condenser),Auto Parts,PC,"1,215,127.00","218,723.00","1,433,849.00"
Nissan vehicles – YD25 engine,Nissan vehicles – YD25 engine VALVE-EXPANSION (Expansion valve),Air Conditioning System,VALVE-EXPANSION (Expansion valve),Auto Parts,PC,"856,086.00","154,095.00","1,010,181.00"
Nissan vehicles – YD25 engine,Nissan vehicles – YD25 engine Evaporator Assy (Ac evaporator),Air Conditioning System,Evaporator Assy (Ac evaporator),Auto Parts,PC,"6,217,042.00","1,119,068.00","7,336,110.00"
Nissan vehicles – YD25 engine,Nissan vehicles – YD25 engine RELAY-LIGHT (AC relay),Air Conditioning System,RELAY-LIGHT (AC relay),Auto Parts,PC,"169,897.00","30,581.00","200,478.00"
Nissan vehicles – YD25 engine,Nissan vehicles – YD25 engine CONT ASSY-AIR C (AC selector knob assy),Air Conditioning System,CONT ASSY-AIR C (AC selector knob assy),Auto Parts,PC,"1,460,385.00","262,869.00","1,723,255.00"
Nissan vehicles – YD25 engine,Nissan vehicles – YD25 engine Ac gas,Air Conditioning System,Ac gas,Auto Parts,Gram,460,83,543
Nissan vehicles – YD25 engine,Nissan vehicles – YD25 engine single wiper blade 19 (Wiper balde),Wiper System,single wiper blade 19 (Wiper balde),Auto Parts,PC,"137,855.00","24,814.00","162,669.00"
Nissan vehicles – YD25 engine,Nissan vehicles – YD25 engine MOTOR A-WIPER (Wiper motor),Wiper System,MOTOR A-WIPER (Wiper motor),Auto Parts,PC,"2,054,079.00","369,734.00","2,423,813.00"
Nissan vehicles – YD25 engine,Nissan vehicles – YD25 engine Wiper Arm,Wiper System,Wiper Arm,Auto Parts,PC,"306,798.00","55,224.00","362,021.00"
Nissan vehicles – YD25 engine,Nissan vehicles – YD25 engine Wiper hose,Wiper System,Wiper hose,Auto Parts,PC,"365,507.00","65,791.00","431,298.00"
Nissan vehicles – YD25 engine,Nissan vehicles – YD25 engine Bulb Head Lamp,Electrical System,Bulb Head Lamp,Auto Parts,PC,"478,064.00","86,052.00","564,116.00"
Nissan vehicles – YD25 engine,Nissan vehicles – YD25 engine LAMP ASSY-LH (Headlamp LHS),Electrical System,LAMP ASSY-LH (Headlamp LHS),Auto Parts,PC,"1,124,632.00","202,434.00","1,327,066.00"
Nissan vehicles – YD25 engine,Nissan vehicles – YD25 engine LAMP ASSY-HEAD (Headlamp RHS),Electrical System,LAMP ASSY-HEAD (Headlamp RHS),Auto Parts,PC,"1,124,632.00","202,434.00","1,327,066.00"
Nissan vehicles – YD25 engine,Nissan vehicles – YD25 engine Plug-glow (Glow plugs),Electrical System,Plug-glow (Glow plugs),Auto Parts,Set,"1,659,499.00","298,710.00","1,958,209.00"
Nissan vehicles – YD25 engine,Nissan vehicles – YD25 engine Bulb 12V5W (Parking bulb),Electrical System,Bulb 12V5W (Parking bulb),Auto Parts,PC,"27,337.00","4,921.00","32,258.00"
Nissan vehicles – YD25 engine,Nissan vehicles – YD25 engine Double filament round based (Brake bulb),Electrical System,Double filament round based (Brake bulb),Auto Parts,PC,"98,968.00","17,814.00","116,782.00"
Nissan vehicles – YD25 engine,"Nissan vehicles – YD25 engine BULB (Brake bulb, single filament)",Electrical System,"BULB (Brake bulb, single filament)",Auto Parts,PC,"8,081.00","1,454.00","9,535.00"
Nissan vehicles – YD25 engine,Nissan vehicles – YD25 engine BODY-COMB SW (Spiral cable),Electrical System,BODY-COMB SW (Spiral cable),Auto Parts,PC,"190,827.00","34,349.00","225,176.00"
Nissan vehicles – YD25 engine,Nissan vehicles – YD25 engine Fuse-mini 10A,Electrical System,Fuse-mini 10A,Auto Parts,PC,"2,263.00",407,"2,671.00"
Nissan vehicles – YD25 engine,Nissan vehicles – YD25 engine Fuse-mini 15AM,Electrical System,Fuse-mini 15AM,Auto Parts,PC,"11,597.00","2,087.00","13,685.00"
Nissan vehicles – YD25 engine,Nissan vehicles – YD25 engine Fuse-mini,Electrical System,Fuse-mini,Auto Parts,PC,"11,597.00","2,087.00","13,685.00"
Nissan vehicles – YD25 engine,Nissan vehicles – YD25 engine ALTERNATOR ASSY,Electrical System,ALTERNATOR ASSY,Auto Parts,PC,"4,620,239.00","831,643.00","5,451,882.00"
Nissan vehicles – YD25 engine,Nissan vehicles – YD25 engine LAMP ASSY-FOG L,Electrical System,LAMP ASSY-FOG L,Auto Parts,PC,"1,633,163.00","293,969.00","1,927,132.00"
Nissan vehicles – YD25 engine,"Nissan vehicles – YD25 engine LAMP ASSY-FOG,R",Electrical System,"LAMP ASSY-FOG,R",Auto Parts,PC,"1,633,163.00","293,969.00","1,927,132.00"
Nissan vehicles – YD25 engine,Nissan vehicles – YD25 engine Bulb-fog Lamp,Electrical System,Bulb-fog Lamp,Auto Parts,Set,"313,083.00","56,355.00","369,438.00"
Nissan vehicles – YD25 engine,"Nissan vehicles – YD25 engine SW-AUTO-POWER-W (Power window switch, main)",Electrical System,"SW-AUTO-POWER-W (Power window switch, main)",Auto Parts,PC,"1,150,389.00","207,070.00","1,357,459.00"
Nissan vehicles – YD25 engine,"Nissan vehicles – YD25 engine SITCH ASSY (Power window switch, rear)",Electrical System,"SITCH ASSY (Power window switch, rear)",Auto Parts,Set,"794,472.00","143,005.00","937,477.00"
Nissan vehicles – YD25 engine,"Nissan vehicles – YD25 engine SW ASSY-P/WINDW (Power window switch, co- driver's door)",Electrical System,"SW ASSY-P/WINDW (Power window switch, co- driver's door)",Auto Parts,PC,"543,639.00","97,855.00","641,494.00"
Nissan vehicles – YD25 engine,Nissan vehicles – YD25 engine Regulator Assy- (Driver's door regulator),Electrical System,Regulator Assy- (Driver's door regulator),Auto Parts,PC,"611,295.00","110,033.00","721,328.00"
Nissan vehicles – YD25 engine,Nissan vehicles – YD25 engine REGULATOR-DOOR (Co-driver's door regulator),Electrical System,REGULATOR-DOOR (Co-driver's door regulator),Auto Parts,PC,"561,652.00","101,097.00","662,750.00"
Nissan vehicles – YD25 engine,"Nissan vehicles – YD25 engine Door regulator (Window regulator, rear door)",Electrical System,"Door regulator (Window regulator, rear door)",Auto Parts,PC,"611,295.00","110,033.00","721,328.00"
Nissan vehicles – YD25 engine,Nissan vehicles – YD25 engine Starter Motor,Electrical System,Starter Motor,Auto Parts,PC,"4,709,857.00","847,774.00","5,557,632.00"
Nissan vehicles – YD25 engine,Nissan vehicles – YD25 engine Lamp Assy Rr.** (Tail lamp RHS),Electrical System,Lamp Assy Rr.** (Tail lamp RHS),Auto Parts,PC,"774,252.00","139,365.00","913,617.00"
Nissan vehicles – YD25 engine,Nissan vehicles – YD25 engine Lamp Assy Rr.** (Tail lamp LHS),Electrical System,Lamp Assy Rr.** (Tail lamp LHS),Auto Parts,PC,"819,256.00","147,466.00","966,722.00"
Nissan vehicles – YD25 engine,Nissan vehicles – YD25 engine 70 Amp Maintenance free battery,Electrical System,70 Amp Maintenance free battery,Auto Parts,PC,"709,716.00","127,749.00","837,465.00"
Nissan vehicles – YD25 engine,Nissan vehicles – YD25 engine Radio,Electrical System,Radio,Auto Parts,PC,"2,226,774.00","400,819.00","2,627,594.00"
Nissan vehicles – YD25 engine,"Nissan vehicles – YD25 engine Mirror Assy DR (Side mirror, complete)",Electrical System,"Mirror Assy DR (Side mirror, complete)",Auto Parts,PC,"1,195,823.00","215,248.00","1,411,071.00"
Nissan vehicles – YD25 engine,Nissan vehicles – YD25 engine GLASS-FR WIND (Windscreen),Electrical System,GLASS-FR WIND (Windscreen),Auto Parts,PC,"1,592,520.00","286,654.00","1,879,174.00"
Nissan vehicles – YD25 engine,Nissan vehicles – YD25 engine Rubber Sealant,Electrical System,Rubber Sealant,Auto Parts,PC,"162,396.00","29,231.00","191,627.00"
Nissan vehicles – YD25 engine,Nissan vehicles – YD25 engine MLDG WS UPPER (Upper windscreen molding),Electrical System,MLDG WS UPPER (Upper windscreen molding),Auto Parts,PC,"178,333.00","32,100.00","210,432.00"
Nissan vehicles – YD25 engine,Nissan vehicles – YD25 engine RUBBER-DUMDum rubber,Electrical System,RUBBER-DUMDum rubber,Auto Parts,PC,"813,532.00","146,436.00","959,968.00"
Nissan vehicles – YD25 engine,Nissan vehicles – YD25 engine MUD FLAP-FRONT,Electrical System,MUD FLAP-FRONT,Auto Parts,PC,"467,230.00","84,101.00","551,331.00"
Nissan vehicles – YD25 engine,Nissan vehicles – YD25 engine MUD GUARD-RR RH,Electrical System,MUD GUARD-RR RH,Auto Parts,PC,"884,630.00","159,233.00","1,043,863.00"
Nissan vehicles – YD25 engine,Nissan vehicles – YD25 engine MUD GUARD-RR LH,Electrical System,MUD GUARD-RR LH,Auto Parts,PC,"884,630.00","159,233.00","1,043,863.00"
Nissan vehicles – YD25 engine,Nissan vehicles – YD25 engine GLASS FR DR LH,Electrical System,GLASS FR DR LH,Auto Parts,PC,"2,266,959.00","408,053.00","2,675,012.00"
Nissan vehicles – YD25 engine,Nissan vehicles – YD25 engine GLASS FR DR RH,Electrical System,GLASS FR DR RH,Auto Parts,PC,"2,645,191.00","476,134.00","3,121,326.00"
Nissan vehicles – YD25 engine,Nissan vehicles – YD25 engine glaSS RR DR LH,Electrical System,glaSS RR DR LH,Auto Parts,PC,"957,523.00","172,354.00","1,129,877.00"
Nissan vehicles – YD25 engine,Nissan vehicles – YD25 engine GLASS RR DR RH,Electrical System,GLASS RR DR RH,Auto Parts,PC,"884,761.00","159,257.00","1,044,018.00"
Nissan vehicles – YD25 engine,Nissan vehicles – YD25 engine GRILLE-RADIATOR,Electrical System,GRILLE-RADIATOR,Auto Parts,PC,"1,944,375.00","349,987.00","2,294,362.00"
Nissan vehicles – YD25 engine,"Nissan vehicles – YD25 engine Assy- Fr Door outs (Outer door handle, driver's door)",Electrical System,"Assy- Fr Door outs (Outer door handle, driver's door)",Auto Parts,PC,"180,184.00","32,433.00","212,618.00"
Nissan vehicles – YD25 engine,"Nissan vehicles – YD25 engine HANDLE ASSY-FR (Outer door handle, co- driver's door)",Electrical System,"HANDLE ASSY-FR (Outer door handle, co- driver's door)",Auto Parts,PC,"180,184.00","32,433.00","212,618.00"
Nissan vehicles – YD25 engine,"Nissan vehicles – YD25 engine ASY FR DR INS L (Inner door handle, LH)",Electrical System,"ASY FR DR INS L (Inner door handle, LH)",Auto Parts,PC,"191,519.00","34,474.00","225,993.00"
Nissan vehicles – YD25 engine,"Nissan vehicles – YD25 engine ASY FR DR INS R (Inner door hande, RH)",Electrical System,"ASY FR DR INS R (Inner door hande, RH)",Auto Parts,PC,"191,519.00","34,474.00","225,993.00"
Nissan vehicles – YD25 engine,Nissan vehicles – YD25 engine Antenna,Electrical System,Antenna,Auto Parts,PC,"612,586.00","110,265.00","722,851.00"
Nissan vehicles – YD25 engine,Nissan vehicles – YD25 engine LOCK ASSY-FR DO (door lock),Electrical System,LOCK ASSY-FR DO (door lock),Auto Parts,PC,"779,714.00","140,348.00","920,062.00"
Nissan vehicles – YD25 engine,Nissan vehicles – YD25 engine VAD D22 FRT MOULDED BMPR (Front bumper),Electrical System,VAD D22 FRT MOULDED BMPR (Front bumper),Auto Parts,PC,"1,596,314.00","287,336.00","1,883,650.00"
Nissan vehicles – YD25 engine,Nissan vehicles – YD25 engine Reinf assy frnt (Front reinforcement bumper),Electrical System,Reinf assy frnt (Front reinforcement bumper),Auto Parts,PC,"1,660,995.00","298,979.00","1,959,975.00"
Nissan vehicles – YD25 engine,Nissan vehicles – YD25 engine BUMPER-REAR (Rear bumper),Electrical System,BUMPER-REAR (Rear bumper),Auto Parts,PC,"2,444,731.00","440,052.00","2,884,782.00"
Nissan vehicles – YD25 engine,Nissan vehicles – YD25 engine CABLE COMPL HOO (Bonnet cable),Electrical System,CABLE COMPL HOO (Bonnet cable),Auto Parts,PC,"256,538.00","46,177.00","302,715.00"
Nissan vehicles – YD25 engine,"Nissan vehicles – YD25 engine Reflector, pair",Electrical System,"Reflector, pair",Auto Parts,Set,"89,071.00","16,033.00","105,104.00"
Nissan vehicles – YD25 engine,Nissan vehicles – YD25 engine MIR ASSY INSIDE (Driving mirror),Electrical System,MIR ASSY INSIDE (Driving mirror),Auto Parts,PC,"646,479.00","116,366.00","762,845.00"
Nissan vehicles – YD25 engine,Nissan vehicles – YD25 engine SUNVISOR LH,Electrical System,SUNVISOR LH,Auto Parts,PC,"252,591.00","45,466.00","298,057.00"
Nissan vehicles – YD25 engine,Nissan vehicles – YD25 engine SUNVISOR RH,Electrical System,SUNVISOR RH,Auto Parts,PC,"232,072.00","41,773.00","273,845.00"
Nissan vehicles – YD25 engine,Nissan vehicles – YD25 engine JACK COMPL (Jack),Electrical System,JACK COMPL (Jack),Auto Parts,PC,"903,746.00","162,674.00","1,066,420.00"
Nissan vehicles – YD25 engine,Nissan vehicles – YD25 engine ROD ASSY JACK (Jack handle),Electrical System,ROD ASSY JACK (Jack handle),Auto Parts,PC,"109,218.00","19,659.00","128,877.00"
Nissan vehicles – YD25 engine,Nissan vehicles – YD25 engine Warning triangle,Electrical System,Warning triangle,Auto Parts,Set,"197,935.00","35,628.00","233,564.00"
Nissan vehicles – YD25 engine,Nissan vehicles – YD25 engine KEY SET & LOCK,Electrical System,KEY SET & LOCK,Auto Parts,Set,"3,493,081.00","628,755.00","4,121,836.00"
Nissan vehicles – YD25 engine,Nissan vehicles – YD25 engine SEAT BELT FR LH,Electrical System,SEAT BELT FR LH,Auto Parts,PC,"975,923.00","175,666.00","1,151,589.00"
Nissan vehicles – YD25 engine,Nissan vehicles – YD25 engine SEAT BELT FR RHS,Electrical System,SEAT BELT FR RHS,Auto Parts,PC,"975,923.00","175,666.00","1,151,589.00"
Nissan vehicles – YD25 engine,Nissan vehicles – YD25 engine SEAT BELT REAR LH,Electrical System,SEAT BELT REAR LH,Auto Parts,PC,"1,066,131.00","191,904.00","1,258,035.00"
Nissan vehicles – YD25 engine,Nissan vehicles – YD25 engine SEAT BELT REAR RHS,Electrical System,SEAT BELT REAR RHS,Auto Parts,PC,"1,066,131.00","191,904.00","1,258,035.00"
Nissan vehicles – YD25 engine,Nissan vehicles – YD25 engine DOOR HINGE FR L,Electrical System,DOOR HINGE FR L,Auto Parts,PC,"131,729.00","23,711.00","155,440.00"
Nissan vehicles – YD25 engine,Nissan vehicles – YD25 engine DOOR HINGE F UPR,Electrical System,DOOR HINGE F UPR,Auto Parts,PC,"240,993.00","43,379.00","284,372.00"
Nissan vehicles – YD25 engine,Nissan vehicles – YD25 engine HINGE RR LWR L,Electrical System,HINGE RR LWR L,Auto Parts,PC,"131,729.00","23,711.00","155,440.00"
Nissan vehicles – YD25 engine,Nissan vehicles – YD25 engine HINGE RR LWR R,Electrical System,HINGE RR LWR R,Auto Parts,PC,"231,729.00","41,711.00","273,440.00"
Nissan vehicles – YD25 engine,Nissan vehicles – YD25 engine HINGE RR DR UPR L,Electrical System,HINGE RR DR UPR L,Auto Parts,PC,"197,206.00","35,497.00","232,703.00"
Nissan vehicles – YD25 engine,Nissan vehicles – YD25 engine HINGE RR DR UPR R,Electrical System,HINGE RR DR UPR R,Auto Parts,PC,"197,206.00","35,497.00","232,703.00"
Nissan vehicles – YD25 engine,Nissan vehicles – YD25 engine HINGE RR DR LWR,Electrical System,HINGE RR DR LWR,Auto Parts,PC,"197,206.00","35,497.00","232,703.00"
Nissan vehicles – YD25 engine,Nissan vehicles – YD25 engine Door-front RH,Electrical System,Door-front RH,Auto Parts,PC,"1,887,850.00","339,813.00","2,227,663.00"
Nissan vehicles – YD25 engine,Nissan vehicles – YD25 engine INSUL BODY MTG (middle cabin mountings),Other Miscellaneous Parts,INSUL BODY MTG (middle cabin mountings),Auto Parts,Set,"1,164,802.00","209,664.00","1,374,466.00"
Nissan vehicles – YD25 engine,Nissan vehicles – YD25 engine INSULATOR-3RD (Front body mountings),Other Miscellaneous Parts,INSULATOR-3RD (Front body mountings),Auto Parts,Set,"614,083.00","110,535.00","724,618.00"
Nissan vehicles – YD25 engine,Nissan vehicles – YD25 engine RUB-BODY MTG 4T (Rear body mountings),Other Miscellaneous Parts,RUB-BODY MTG 4T (Rear body mountings),Auto Parts,Set,"614,083.00","110,535.00","724,618.00"
Nissan vehicles – YD25 engine,Nissan vehicles – YD25 engine MALE ASSY-HOOD (Bonnet lock),Other Miscellaneous Parts,MALE ASSY-HOOD (Bonnet lock),Auto Parts,PC,"264,487.00","47,608.00","312,095.00"
Nissan vehicles – YD25 engine,Nissan vehicles – YD25 engine RUB BMPR HOOD (Front bonnet rubbers),Other Miscellaneous Parts,RUB BMPR HOOD (Front bonnet rubbers),Auto Parts,PC,"8,567.00","1,542.00","10,109.00"
Nissan vehicles – YD25 engine,Nissan vehicles – YD25 engine BMPR HOODLEDGE (Bonnet side rubbers),Other Miscellaneous Parts,BMPR HOODLEDGE (Bonnet side rubbers),Auto Parts,PC,"11,335.00","2,040.00","13,375.00"
Nissan vehicles – YD25 engine,Nissan vehicles – YD25 engine Panel assy-inst (Bonnet),Other Miscellaneous Parts,Panel assy-inst (Bonnet),Auto Parts,PC,"2,376,813.00","427,826.00","2,804,640.00"
Nissan vehicles – YD25 engine,"Nissan vehicles – YD25 engine Floor mats, rubber",Other Miscellaneous Parts,"Floor mats, rubber",Auto Parts,Set,"197,935.00","35,628.00","233,564.00"
Nissan vehicles – YD25 engine,Nissan vehicles – YD25 engine CHECK LINK FR D (Seal),Other Miscellaneous Parts,CHECK LINK FR D (Seal),Auto Parts,PC,"386,892.00","69,641.00","456,533.00"
Nissan vehicles – YD25 engine,Nissan vehicles – YD25 engine HORN ASSY (Low tone horn),Other Miscellaneous Parts,HORN ASSY (Low tone horn),Auto Parts,PC,"509,877.00","91,778.00","601,655.00"
Nissan vehicles – YD25 engine,Nissan vehicles – YD25 engine HORN ASSY-HIGH (High tone horn),Other Miscellaneous Parts,HORN ASSY-HIGH (High tone horn),Auto Parts,PC,"427,126.00","76,883.00","504,009.00"
Nissan vehicles – YD25 engine,Nissan vehicles – YD25 engine Base (Flat gasket),Other Miscellaneous Parts,Base (Flat gasket),Auto Parts,PC,"26,842.00","4,831.00","31,673.00"
Nissan vehicles – YD25 engine,Nissan vehicles – YD25 engine VAD Roll Bar D/ (Central lock switch),Other Miscellaneous Parts,VAD Roll Bar D/ (Central lock switch),Auto Parts,PC,"4,336,339.00","780,541.00","5,116,880.00"
Nissan vehicles – YD25 engine,Nissan vehicles – YD25 engine First aid kit,Other Miscellaneous Parts,First aid kit,Auto Parts,PC,"742,258.00","133,606.00","875,865.00"
Nissan vehicles – YD25 engine,Nissan vehicles – YD25 engine VAD CMPL-SLIDE (Side step RH),Other Miscellaneous Parts,VAD CMPL-SLIDE (Side step RH),Auto Parts,PC,"1,288,506.00","231,931.00","1,520,437.00"
Nissan vehicles – YD25 engine,Nissan vehicles – YD25 engine VAD CMPL-SLIDE (Side step LH),Other Miscellaneous Parts,VAD CMPL-SLIDE (Side step LH),Auto Parts,PC,"1,288,618.00","231,951.00","1,520,569.00"
Nissan vehicles – YD25 engine,Nissan vehicles – YD25 engine BOLT STOP (Stopper bolt),Other Miscellaneous Parts,BOLT STOP (Stopper bolt),Auto Parts,PC,"113,576.00","20,444.00","134,020.00"
Nissan vehicles – YD25 engine,Nissan vehicles – YD25 engine Cap-bolt STRG S,Other Miscellaneous Parts,Cap-bolt STRG S,Auto Parts,PC,"79,234.00","14,262.00","93,496.00"
Nissan vehicles – YD25 engine,Nissan vehicles – YD25 engine Fire Extinguisher,Other Miscellaneous Parts,Fire Extinguisher,Auto Parts,PC,"170,968.00","30,774.00","201,742.00"
Nissan vehicles – YD25 engine,Nissan vehicles – YD25 engine Engine oil (Diesel engine oil),Service,Engine oil (Diesel engine oil),Auto Parts,Litre,"126,849.00","22,833.00","149,682.00"
Nissan vehicles – YD25 engine,Nissan vehicles – YD25 engine Brake fluid,Service,Brake fluid,Auto Parts,0.25L,"19,090.00","3,436.00","22,526.00"
Nissan vehicles – YD25 engine,Nissan vehicles – YD25 engine Transmission oil GL4 75-W85,Service,Transmission oil GL4 75-W85,Auto Parts,Litre,"468,538.00","84,337.00","552,875.00"
Nissan vehicles – YD25 engine,Nissan vehicles – YD25 engine Coolant Total,Service,Coolant Total,Auto Parts,Litre,"422,592.00","76,067.00","498,659.00"
Nissan vehicles – YD25 engine,Nissan vehicles – YD25 engine ATF FLUIDMATIC D2 1L,Service,ATF FLUIDMATIC D2 1L,Auto Parts,Litre,"178,621.00","32,152.00","210,773.00"
Nissan vehicles – YD25 engine,Nissan vehicles – YD25 engine SUNDRY,Service,SUNDRY,Auto Parts,,"32,264.00","5,808.00","38,072.00"
Nissan vehicles – YD25 engine,Nissan vehicles – YD25 engine FILTER ASSY-OIL,Service,FILTER ASSY-OIL,Auto Parts,PC,"116,319.00","20,938.00","137,257.00"
Nissan vehicles – YD25 engine,Nissan vehicles – YD25 engine FILTER ASSY-FUE,Service,FILTER ASSY-FUE,Auto Parts,PC,"147,770.00","26,599.00","174,369.00"
Nissan vehicles – YD25 engine,Nissan vehicles – YD25 engine ELEMENT ASSY,Service,ELEMENT ASSY,Auto Parts,PC,"212,551.00","38,259.00","250,810.00"
Nissan vehicles – YD25 engine,Nissan vehicles – YD25 engine GEAR OIL-HYPOID 1L,Service,GEAR OIL-HYPOID 1L,Auto Parts,Litre,"300,559.00","54,101.00","354,660.00"
Nissan vehicles – YD25 engine,Nissan vehicles – YD25 engine WASHER DRAIN,Service,WASHER DRAIN,Auto Parts,PC,"6,274.00","1,129.00","7,403.00"
Nissan vehicles – YD25 engine,Nissan vehicles – YD25 engine YD 25 Service kit,Service,YD 25 Service kit,Auto Parts,Set,,,"385,947.00"
Nissan vehicles – YD25 engine,Nissan vehicles – YD25 engine Labour,Service,Labour,Auto Parts,Hour,"53,100.00","9,558.00","62,658.00"
Nissan vehicles – YD25 engine,Nissan vehicles – YD25 engine Wheel alignment,Service,Wheel alignment,Auto Parts,,"64,900.00","11,682.00","76,582.00"
Nissan vehicles – YD25 engine,Nissan vehicles – YD25 engine Wheel balancing per tyre,Service,Wheel balancing per tyre,Auto Parts,,"62,304.00","11,215.00","73,519.00"
Nissan vehicles – KA24 engine,Nissan vehicles – KA24 engine Pad Kit-disc (Brake pads front),Brake System,Pad Kit-disc (Brake pads front),Auto Parts,PC,"627,074.09","112,873.34","739,947.43"
Nissan vehicles – KA24 engine,Nissan vehicles – KA24 engine SHOE SET-REAR (Brake shoes),Brake System,SHOE SET-REAR (Brake shoes),Auto Parts,PC,"590,510.77","106,291.94","696,802.70"
Nissan vehicles – KA24 engine,Nissan vehicles – KA24 engine BOOSTER ASSY MA (brake booster),Brake System,BOOSTER ASSY MA (brake booster),Auto Parts,PC,"5,083,422.05","915,015.97","5,998,438.02"
Nissan vehicles – KA24 engine,Nissan vehicles – KA24 engine Rotor Disc Brak (Front Rotor Discs),Brake System,Rotor Disc Brak (Front Rotor Discs),Auto Parts,Set,"1,776,553.66","319,779.66","2,096,333.32"
Nissan vehicles – KA24 engine,Nissan vehicles – KA24 engine Disc skimming,Brake System,Disc skimming,Auto Parts,Set,"209,677.42","37,741.94","247,419.35"
Nissan vehicles – KA24 engine,Nissan vehicles – KA24 engine DRUM 4X4 and hi (Brake drum),Brake System,DRUM 4X4 and hi (Brake drum),Auto Parts,PC,"2,174,175.53","391,351.59","2,565,527.12"
Nissan vehicles – KA24 engine,Nissan vehicles – KA24 engine Drum Skimming,Brake System,Drum Skimming,Auto Parts,Set,"209,677.42","37,741.94","247,419.35"
Nissan vehicles – KA24 engine,Nissan vehicles – KA24 engine BOLT-PIN (Calipper bolts),Brake System,BOLT-PIN (Calipper bolts),Auto Parts,Set,"189,268.26","34,068.29","223,336.54"
Nissan vehicles – KA24 engine,Nissan vehicles – KA24 engine CYL ASSY CLUTCH,Brake System,CYL ASSY CLUTCH,Auto Parts,PC,"356,867.35","64,236.12","421,103.48"
Nissan vehicles – KA24 engine,Nissan vehicles – KA24 engine CYL ASSY-CLUTCH,Brake System,CYL ASSY-CLUTCH,Auto Parts,PC,"693,682.43","124,862.84","818,545.27"
Nissan vehicles – KA24 engine,Nissan vehicles – KA24 engine CALIPER ASSY-BR (Brake caliper),Brake System,CALIPER ASSY-BR (Brake caliper),Auto Parts,PC,"2,478,938.63","446,208.95","2,925,147.59"
Nissan vehicles – KA24 engine,"Nissan vehicles – KA24 engine CABLE COMPL - P (Hand brake cable, short)",Brake System,"CABLE COMPL - P (Hand brake cable, short)",Auto Parts,PC,"967,566.60","174,161.99","1,141,728.59"
Nissan vehicles – KA24 engine,"Nissan vehicles – KA24 engine DVC ASSY-PKB C (handbrake cable, long)",Brake System,"DVC ASSY-PKB C (handbrake cable, long)",Auto Parts,PC,"939,826.27","169,168.73","1,108,995.00"
Nissan vehicles – KA24 engine,Nissan vehicles – KA24 engine PACK (brake shims),Brake System,PACK (brake shims),Auto Parts,PC,"145,834.85","26,250.27","172,085.12"
Nissan vehicles – KA24 engine,Nissan vehicles – KA24 engine SPACER VACUUM BOOST (brake servo bolt),Brake System,SPACER VACUUM BOOST (brake servo bolt),Auto Parts,PC,"38,424.31","6,916.38","45,340.69"
Nissan vehicles – KA24 engine,Nissan vehicles – KA24 engine Brake pad plates,Brake System,Brake pad plates,Auto Parts,Set,"701,783.38","126,321.01","828,104.39"
Nissan vehicles – KA24 engine,Nissan vehicles – KA24 engine ABS sensor,Brake System,ABS sensor,Auto Parts,PC,"2,895,091.03","521,116.39","3,416,207.42"
Nissan vehicles – KA24 engine,Nissan vehicles – KA24 engine Drive shaft boot,Axle,Drive shaft boot,Auto Parts,PC,"575,429.08","103,577.23","679,006.32"
Nissan vehicles – KA24 engine,Nissan vehicles – KA24 engine SEAL HUB FRONT (Front grease seals),Axle,SEAL HUB FRONT (Front grease seals),Auto Parts,Set,"145,549.51","26,198.91","171,748.42"
Nissan vehicles – KA24 engine,Nissan vehicles – KA24 engine BEARING ASSY-FR (Wheel bearings inner),Axle,BEARING ASSY-FR (Wheel bearings inner),Auto Parts,Set,"443,528.13","79,835.06","523,363.19"
Nissan vehicles – KA24 engine,Nissan vehicles – KA24 engine Bearing KLM3008 (Wheel bearings outer),Axle,Bearing KLM3008 (Wheel bearings outer),Auto Parts,Set,"988,031.37","177,845.65","1,165,877.01"
Nissan vehicles – KA24 engine,Nissan vehicles – KA24 engine SHAFT ASSY FRON (Drive shaft),Axle,SHAFT ASSY FRON (Drive shaft),Auto Parts,Set,"7,649,290.92","1,376,872.37","9,026,163.29"
Nissan vehicles – KA24 engine,Nissan vehicles – KA24 engine ORNAMENT ROAD C (Hub cap),Axle,ORNAMENT ROAD C (Hub cap),Auto Parts,PC,"176,206.53","31,717.18","207,923.70"
Nissan vehicles – KA24 engine,Nissan vehicles – KA24 engine LEVER-COMPLETE (*Accelerator pedal),Axle,LEVER-COMPLETE (*Accelerator pedal),Auto Parts,PC,"2,540,442.89","457,279.72","2,997,722.61"
Nissan vehicles – KA24 engine,Nissan vehicles – KA24 engine CYL ASSY-RR WHE (Wheel cylinder),Axle,CYL ASSY-RR WHE (Wheel cylinder),Auto Parts,Set,"968,153.11","174,267.56","1,142,420.67"
Nissan vehicles – KA24 engine,Nissan vehicles – KA24 engine Nut (Wheel lock nut),Axle,Nut (Wheel lock nut),Auto Parts,PC,"124,118.13","22,341.26","146,459.39"
Nissan vehicles – KA24 engine,Nissan vehicles – KA24 engine Wash-lock Wheel (Wheel hub washers),Axle,Wash-lock Wheel (Wheel hub washers),Auto Parts,PC,"87,057.06","15,670.27","102,727.33"
Nissan vehicles – KA24 engine,Nissan vehicles – KA24 engine Scr-truss HD (Wheel hub screw),Axle,Scr-truss HD (Wheel hub screw),Auto Parts,Set,"22,889.73","4,120.15","27,009.88"
Nissan vehicles – KA24 engine,Nissan vehicles – KA24 engine COMP BRG NEEDLE (Wheel hub lock nut),Axle,COMP BRG NEEDLE (Wheel hub lock nut),Auto Parts,PC,"178,869.60","32,196.53","211,066.13"
Nissan vehicles – KA24 engine,Nissan vehicles – KA24 engine HUB ASSY-AUTO F (Free running hub),Axle,HUB ASSY-AUTO F (Free running hub),Auto Parts,Set,"4,881,409.08","878,653.63","5,760,062.71"
Nissan vehicles – KA24 engine,Nissan vehicles – KA24 engine BELT-ALTNTR,Engine Components,BELT-ALTNTR,Auto Parts,PC,"355,800.18","64,044.03","419,844.22"
Nissan vehicles – KA24 engine,Nissan vehicles – KA24 engine BELT-COMPRESSOR,Engine Components,BELT-COMPRESSOR,Auto Parts,PC,"89,498.20","16,109.68","105,607.88"
Nissan vehicles – KA24 engine,Nissan vehicles – KA24 engine BELT-POWER STEE,Engine Components,BELT-POWER STEE,Auto Parts,PC,"71,665.14","12,899.73","84,564.87"
Nissan vehicles – KA24 engine,"Nissan vehicles – KA24 engine GUIDE-CHAIN TEN (Guide chain tensioner, sm",Engine Components,"GUIDE-CHAIN TEN (Guide chain tensioner, sm",Auto Parts,PC,"42,371.35","7,626.84","49,998.20"
Nissan vehicles – KA24 engine,"Nissan vehicles – KA24 engine GUIDE-CHAIN TEN (Guide chain tensioner, bi",Engine Components,"GUIDE-CHAIN TEN (Guide chain tensioner, bi",Auto Parts,PC,"67,575.43","12,163.58","79,739.01"
Nissan vehicles – KA24 engine,Nissan vehicles – KA24 engine CHAIN-TIMING CA (Timing chain loose end),Engine Components,CHAIN-TIMING CA (Timing chain loose end),Auto Parts,PC,"623,380.53","112,208.50","735,589.02"
Nissan vehicles – KA24 engine,Nissan vehicles – KA24 engine CHAIN-TIMING CA (Timing chain tension end,Engine Components,CHAIN-TIMING CA (Timing chain tension end,Auto Parts,PC,"473,963.23","85,313.38","559,276.61"
Nissan vehicles – KA24 engine,Nissan vehicles – KA24 engine Tension Chain,Engine Components,Tension Chain,Auto Parts,PC,"362,811.72","65,306.11","428,117.83"
Nissan vehicles – KA24 engine,"Nissan vehicles – KA24 engine SEAL-OIL CRANKS (Crankshaft oil seal, front)",Engine Components,"SEAL-OIL CRANKS (Crankshaft oil seal, front)",Auto Parts,PC,"108,551.85","19,539.33","128,091.18"
Nissan vehicles – KA24 engine,"Nissan vehicles – KA24 engine SEAL-OIL CRANKS (Crankshaft oil seal, rear))",Engine Components,"SEAL-OIL CRANKS (Crankshaft oil seal, rear))",Auto Parts,PC,"187,397.77","33,731.60","221,129.36"
Nissan vehicles – KA24 engine,Nissan vehicles – KA24 engine HEAD CYLINDER (Cylinder head),Engine Components,HEAD CYLINDER (Cylinder head),Auto Parts,PC,"7,098,954.62","1,277,811.83","8,376,766.45"
Nissan vehicles – KA24 engine,Nissan vehicles – KA24 engine Cylinder head refacing,Engine Components,Cylinder head refacing,Auto Parts,PC,"1,174,193.56","211,354.84","1,385,548.40"
Nissan vehicles – KA24 engine,Nissan vehicles – KA24 engine Gasket Cylinder (Cylinde head gasket),Engine Components,Gasket Cylinder (Cylinde head gasket),Auto Parts,PC,"336,497.29","60,569.51","397,066.80"
Nissan vehicles – KA24 engine,Nissan vehicles – KA24 engine GASKET-ROCKER C (Rocker cover gasket),Engine Components,GASKET-ROCKER C (Rocker cover gasket),Auto Parts,PC,"151,351.20","27,243.22","178,594.42"
Nissan vehicles – KA24 engine,"Nissan vehicles – KA24 engine INSULATOR-ENGIN (Engine mounting, rear)",Engine Components,"INSULATOR-ENGIN (Engine mounting, rear)",Auto Parts,PC,"2,893,902.15","520,902.39","3,414,804.54"
Nissan vehicles – KA24 engine,"Nissan vehicles – KA24 engine INSULATOR-ENG M (Engine mounting, front)",Engine Components,"INSULATOR-ENG M (Engine mounting, front)",Auto Parts,PC,"646,761.66","116,417.10","763,178.75"
Nissan vehicles – KA24 engine,Nissan vehicles – KA24 engine Plug Drain,Engine Components,Plug Drain,Auto Parts,PC,"19,893.77","3,580.88","23,474.65"
Nissan vehicles – KA24 engine,"Nissan vehicles – KA24 engine ENGINE BARE, complete engine assy",Engine Components,"ENGINE BARE, complete engine assy",Auto Parts,PC,"84,732,434.88","15,251,838.28","99,984,273.16"
Nissan vehicles – KA24 engine,Nissan vehicles – KA24 engine RING SET-PISTON (Piston rings),Engine Components,RING SET-PISTON (Piston rings),Auto Parts,Set,"1,843,336.51","331,800.57","2,175,137.08"
Nissan vehicles – KA24 engine,Nissan vehicles – KA24 engine PISTON WITH PIN (Piston),Engine Components,PISTON WITH PIN (Piston),Auto Parts,Set,"4,677,810.97","842,005.97","5,519,816.94"
Nissan vehicles – KA24 engine,Nissan vehicles – KA24 engine Bearing Set (Main bearings),Engine Components,Bearing Set (Main bearings),Auto Parts,Set,"254,862.23","45,875.20","300,737.44"
Nissan vehicles – KA24 engine,Nissan vehicles – KA24 engine BUSHING SET-CON (Piece bearings),Engine Components,BUSHING SET-CON (Piece bearings),Auto Parts,Set,"106,110.69","19,099.92","125,210.62"
Nissan vehicles – KA24 engine,Nissan vehicles – KA24 engine Block Sleeve,Engine Components,Block Sleeve,Auto Parts,Set,"1,258,064.52","226,451.61","1,484,516.14"
Nissan vehicles – KA24 engine,Nissan vehicles – KA24 engine GASKET-ENGINE (Overhaul gasket kit),Engine Components,GASKET-ENGINE (Overhaul gasket kit),Auto Parts,PC,"1,286,960.76","231,652.94","1,518,613.69"
Nissan vehicles – KA24 engine,Nissan vehicles – KA24 engine PUMP ASSY OIL D (Oil pump),Engine Components,PUMP ASSY OIL D (Oil pump),Auto Parts,PC,"1,043,502.35","187,830.42","1,231,332.78"
Nissan vehicles – KA24 engine,Nissan vehicles – KA24 engine ROD COMP-CON (Connecting rods),Engine Components,ROD COMP-CON (Connecting rods),Auto Parts,Set,"3,540,869.88","637,356.58","4,178,226.46"
Nissan vehicles – KA24 engine,Nissan vehicles – KA24 engine PUMP INJECTION (Injector pump),Engine Components,PUMP INJECTION (Injector pump),Auto Parts,PC,"9,990,431.47","1,798,277.67","11,788,709.14"
Nissan vehicles – KA24 engine,Nissan vehicles – KA24 engine injector pump service,Engine Components,injector pump service,Auto Parts,PC,"7,758,064.52","1,396,451.61","9,154,516.14"
Nissan vehicles – KA24 engine,Nissan vehicles – KA24 engine Fluid Gasket (Sealant tube),Engine Components,Fluid Gasket (Sealant tube),Auto Parts,PC,"525,512.67","94,592.28","620,104.95"
Nissan vehicles – KA24 engine,Nissan vehicles – KA24 engine FAN COOLING,Engine Components,FAN COOLING,Auto Parts,PC,"660,314.78","118,856.66","779,171.45"
Nissan vehicles – KA24 engine,Nissan vehicles – KA24 engine Canshaft pulley,Engine Components,Canshaft pulley,Auto Parts,PC,"453,126.14","81,562.70","534,688.84"
Nissan vehicles – KA24 engine,Nissan vehicles – KA24 engine Crankshaft pulley,Engine Components,Crankshaft pulley,Auto Parts,PC,"918,629.97","165,353.40","1,083,983.37"
Nissan vehicles – KA24 engine,Nissan vehicles – KA24 engine FAN ASSY-COND (AC fan shroud),Engine Cooling System,FAN ASSY-COND (AC fan shroud),Auto Parts,PC,"259,570.15","46,722.63","306,292.78"
Nissan vehicles – KA24 engine,Nissan vehicles – KA24 engine Shroud-rad.lowe (Cooling fan shroud),Engine Cooling System,Shroud-rad.lowe (Cooling fan shroud),Auto Parts,PC,"841,625.54","151,492.60","993,118.14"
Nissan vehicles – KA24 engine,Nissan vehicles – KA24 engine Radiator assy,Engine Cooling System,Radiator assy,Auto Parts,PC,"4,720,807.36","849,745.33","5,570,552.69"
Nissan vehicles – KA24 engine,Nissan vehicles – KA24 engine CAP ASSY-PRESSU (Radiator cap),Engine Cooling System,CAP ASSY-PRESSU (Radiator cap),Auto Parts,PC,"62,693.13","11,284.76","73,977.89"
Nissan vehicles – KA24 engine,Nissan vehicles – KA24 engine MOUNTING RUBBER (Upper radiator mounti,Engine Cooling System,MOUNTING RUBBER (Upper radiator mounti,Auto Parts,Set,"65,847.60","11,852.57","77,700.17"
Nissan vehicles – KA24 engine,Nissan vehicles – KA24 engine RUBBER-MOUNTING (Lower radiator mounti,Engine Cooling System,RUBBER-MOUNTING (Lower radiator mounti,Auto Parts,Set,"52,722.46","9,490.04","62,212.50"
Nissan vehicles – KA24 engine,Nissan vehicles – KA24 engine HOSE-RESERVE TA (Reserve tank pipe),Engine Cooling System,HOSE-RESERVE TA (Reserve tank pipe),Auto Parts,PC,"27,930.54","5,027.50","32,958.04"
Nissan vehicles – KA24 engine,Nissan vehicles – KA24 engine Nozzle Washer (Wiper nozzles),Engine Cooling System,Nozzle Washer (Wiper nozzles),Auto Parts,Set,"114,321.83","20,577.93","134,899.77"
Nissan vehicles – KA24 engine,Nissan vehicles – KA24 engine TANK ASSY-RESER (Reservoir tank),Engine Cooling System,TANK ASSY-RESER (Reservoir tank),Auto Parts,PC,"370,499.76","66,689.96","437,189.71"
Nissan vehicles – KA24 engine,Nissan vehicles – KA24 engine BODY-CLEANER (Air cleaner housing),Engine Cooling System,BODY-CLEANER (Air cleaner housing),Auto Parts,PC,"865,212.74","155,738.29","1,020,951.04"
Nissan vehicles – KA24 engine,Nissan vehicles – KA24 engine PUMP ASSY-WATER (Water pump),Engine Cooling System,PUMP ASSY-WATER (Water pump),Auto Parts,PC,"1,967,835.07","354,210.31","2,322,045.39"
Nissan vehicles – KA24 engine,Nissan vehicles – KA24 engine Water temperature sensor,Engine Cooling System,Water temperature sensor,Auto Parts,PC,"166,293.00","29,932.74","196,225.74"
Nissan vehicles – KA24 engine,Nissan vehicles – KA24 engine ENGINE COOLANT,Engine Cooling System,ENGINE COOLANT,Auto Parts,PC,"199,841.28","35,971.43","235,812.71"
Nissan vehicles – KA24 engine,Nissan vehicles – KA24 engine GASKET-WATER PU (Water pump gasket),Engine Cooling System,GASKET-WATER PU (Water pump gasket),Auto Parts,PC,"30,181.47","5,432.66","35,614.14"
Nissan vehicles – KA24 engine,Nissan vehicles – KA24 engine TANK ASSY -WS WASH (Wiper tank tank),Engine Cooling System,TANK ASSY -WS WASH (Wiper tank tank),Auto Parts,PC,"185,083.43","33,315.02","218,398.45"
Nissan vehicles – KA24 engine,Nissan vehicles – KA24 engine FILTER ASSY-OIL (Oil filter),Engine Oil System,FILTER ASSY-OIL (Oil filter),Auto Parts,PC,"116,319.14","20,937.45","137,256.59"
Nissan vehicles – KA24 engine,Nissan vehicles – KA24 engine CAP ASSY-OIL FI (Oil filler cap),Engine Oil System,CAP ASSY-OIL FI (Oil filler cap),Auto Parts,PC,"29,615.86","5,330.85","34,946.71"
Nissan vehicles – KA24 engine,Nissan vehicles – KA24 engine PUMP ASSY OIL D (Oil pump),Engine Oil System,PUMP ASSY OIL D (Oil pump),Auto Parts,PC,"1,043,502.35","187,830.42","1,231,332.78"
Nissan vehicles – KA24 engine,Nissan vehicles – KA24 engine HOSE-WATER (Oil cooler pipe),Engine Oil System,HOSE-WATER (Oil cooler pipe),Auto Parts,PC,"96,726.54","17,410.78","114,137.32"
Nissan vehicles – KA24 engine,Nissan vehicles – KA24 engine COOLER OIL (Oil cooler),Engine Oil System,COOLER OIL (Oil cooler),Auto Parts,PC,"6,421,345.73","1,155,842.23","7,577,187.96"
Nissan vehicles – KA24 engine,Nissan vehicles – KA24 engine STRAINER OIL (Oil strainer),Engine Oil System,STRAINER OIL (Oil strainer),Auto Parts,PC,"228,786.33","41,181.54","269,967.87"
Nissan vehicles – KA24 engine,Nissan vehicles – KA24 engine GAUGE OIL LEVEL (Dipstick),Engine Oil System,GAUGE OIL LEVEL (Dipstick),Auto Parts,PC,"86,740.03","15,613.21","102,353.24"
Nissan vehicles – KA24 engine,Nissan vehicles – KA24 engine PAN ASSY-OIL (Oil pan),Engine Oil System,PAN ASSY-OIL (Oil pan),Auto Parts,PC,"858,364.85","154,505.67","1,012,870.52"
Nissan vehicles – KA24 engine,Nissan vehicles – KA24 engine BRACKET-OIL FIL (Oil filter bracket),Engine Oil System,BRACKET-OIL FIL (Oil filter bracket),Auto Parts,PC,"449,710.26","80,947.85","530,658.10"
Nissan vehicles – KA24 engine,Nissan vehicles – KA24 engine WASHER DRAIN (Drain plug washer),Engine Oil System,WASHER DRAIN (Drain plug washer),Auto Parts,PC,"6,911.31","1,244.04","8,155.34"
Nissan vehicles – KA24 engine,Nissan vehicles – KA24 engine SPARK PLUGS,Engine Oil System,SPARK PLUGS,Auto Parts,PC,"114,180.50","20,552.49","134,732.99"
Nissan vehicles – KA24 engine,"Nissan vehicles – KA24 engine MFLR ASSY (Exhaust pipe complete( Silencers,pipes etc))",Exhaust System,"MFLR ASSY (Exhaust pipe complete( Silencers,pipes etc))",Auto Parts,PC,"1,101,766.35","198,317.94","1,300,084.29"
Nissan vehicles – KA24 engine,Nissan vehicles – KA24 engine CONVERTER ASSY (Catalytic converter),Exhaust System,CONVERTER ASSY (Catalytic converter),Auto Parts,PC,"5,235,470.71","942,384.73","6,177,855.44"
Nissan vehicles – KA24 engine,Nissan vehicles – KA24 engine Exhaust tube(Tube Exhaust Fr),Exhaust System,Exhaust tube(Tube Exhaust Fr),Auto Parts,PC,"1,551,474.84","279,265.47","1,830,740.31"
Nissan vehicles – KA24 engine,Nissan vehicles – KA24 engine BOLT (Exhaust bolt),Exhaust System,BOLT (Exhaust bolt),Auto Parts,PC,"7,006.42","1,261.15","8,267.57"
Nissan vehicles – KA24 engine,Nissan vehicles – KA24 engine BOLT HEX HD (Exhaust bolt),Exhaust System,BOLT HEX HD (Exhaust bolt),Auto Parts,PC,"104,874.27","18,877.37","123,751.64"
Nissan vehicles – KA24 engine,Nissan vehicles – KA24 engine BOLT (Exhaust bolt),Exhaust System,BOLT (Exhaust bolt),Auto Parts,PC,"42,038.47","7,566.93","49,605.40"
Nissan vehicles – KA24 engine,Nissan vehicles – KA24 engine SCR-HEX HD PP W (Exhaust bolt),Exhaust System,SCR-HEX HD PP W (Exhaust bolt),Auto Parts,Set,"47,745.06","8,594.11","56,339.17"
Nissan vehicles – KA24 engine,Nissan vehicles – KA24 engine CLAMP-EXH MTG (exhaust clamp),Exhaust System,CLAMP-EXH MTG (exhaust clamp),Auto Parts,PC,"187,587.98","33,765.84","221,353.82"
Nissan vehicles – KA24 engine,"Nissan vehicles – KA24 engine Gasket, exhaust Big (Exhaust manifold gasket)",Exhaust System,"Gasket, exhaust Big (Exhaust manifold gasket)",Auto Parts,PC,"203,341.93","36,601.55","239,943.48"
Nissan vehicles – KA24 engine,"Nissan vehicles – KA24 engine Gasket, exhaust (Pipe connector gasket)",Exhaust System,"Gasket, exhaust (Pipe connector gasket)",Auto Parts,PC,"63,666.82","11,460.03","53,954.93"
Nissan vehicles – KA24 engine,Nissan vehicles – KA24 engine Bracket - Exh M (Exhaust mounting bracket),Exhaust System,Bracket - Exh M (Exhaust mounting bracket),Auto Parts,PC,"105,191.31","18,934.44","124,125.74"
Nissan vehicles – KA24 engine,Nissan vehicles – KA24 engine INSUL EXH MTG (Exhaust mounting),Exhaust System,INSUL EXH MTG (Exhaust mounting),Auto Parts,PC,"176,000.46","31,680.08","207,680.54"
Nissan vehicles – KA24 engine,"Nissan vehicles – KA24 engine MNTG Bracket (Exhaust mounting, front)",Exhaust System,"MNTG Bracket (Exhaust mounting, front)",Auto Parts,PC,"125,830.11","22,649.42","148,479.53"
Nissan vehicles – KA24 engine,Nissan vehicles – KA24 engine BRKT EXH MTG (Exhaust pipe bracket),Exhaust System,BRKT EXH MTG (Exhaust pipe bracket),Auto Parts,PC,"30,149.77","5,426.96","35,576.72"
Nissan vehicles – KA24 engine,Nissan vehicles – KA24 engine Insul-heat Exh (Exhaust insulator),Exhaust System,Insul-heat Exh (Exhaust insulator),Auto Parts,PC,"35,333.25","6,359.99","41,693.24"
Nissan vehicles – KA24 engine,"Nissan vehicles – KA24 engine INJECTOR-FUEL (Injector Nozzle, complete)",Fuel Supply System,"INJECTOR-FUEL (Injector Nozzle, complete)",Auto Parts,Set,"17,597,192.52","3,167,494.65","20,764,687.18"
Nissan vehicles – KA24 engine,Nissan vehicles – KA24 engine 16401-VC10C COVER-UPPER (Fuel Lift pump),Fuel Supply System,16401-VC10C COVER-UPPER (Fuel Lift pump),Auto Parts,PC,"270,614.16","48,710.55","319,324.71"
Nissan vehicles – KA24 engine,Nissan vehicles – KA24 engine Gasket-nozzle (Injector Nozzle seal),Fuel Supply System,Gasket-nozzle (Injector Nozzle seal),Auto Parts,Set,"65,689.08","11,824.03","77,513.11"
Nissan vehicles – KA24 engine,Nissan vehicles – KA24 engine TUBE ASSY-FUEL (Fuel return pipe),Fuel Supply System,TUBE ASSY-FUEL (Fuel return pipe),Auto Parts,PC,"4,847,597.60","872,567.57","5,720,165.17"
Nissan vehicles – KA24 engine,Nissan vehicles – KA24 engine TUBE ASSY-INJEC (Fuel rail),Fuel Supply System,TUBE ASSY-INJEC (Fuel rail),Auto Parts,PC,"385,400.26","69,372.05","454,772.31"
Nissan vehicles – KA24 engine,Nissan vehicles – KA24 engine TUBE-INJECTION (Fuel rail pipe1),Fuel Supply System,TUBE-INJECTION (Fuel rail pipe1),Auto Parts,PC,"248,585.00","44,745.30","293,330.30"
Nissan vehicles – KA24 engine,Nissan vehicles – KA24 engine TUBE ASSY-INJEC (Fuel rail pipe2),Fuel Supply System,TUBE ASSY-INJEC (Fuel rail pipe2),Auto Parts,PC,"381,627.58","68,692.96","450,320.55"
Nissan vehicles – KA24 engine,Nissan vehicles – KA24 engine TUBE ASSY-INJEC (Fuel rail pipe3),Fuel Supply System,TUBE ASSY-INJEC (Fuel rail pipe3),Auto Parts,PC,"252,056.49","45,370.17","297,426.66"
Nissan vehicles – KA24 engine,Nissan vehicles – KA24 engine TUBE ASSY-INJEC (Fuel rail pipe4),Fuel Supply System,TUBE ASSY-INJEC (Fuel rail pipe4),Auto Parts,PC,"515,795.63","92,843.21","608,638.85"
Nissan vehicles – KA24 engine,Nissan vehicles – KA24 engine O RING (Tank belt clamp),Fuel Supply System,O RING (Tank belt clamp),Auto Parts,PC,"30,989.91","5,578.18","36,568.09"
Nissan vehicles – KA24 engine,Nissan vehicles – KA24 engine Cap-filler-scre (Fuel tank cap - rubber),Fuel Supply System,Cap-filler-scre (Fuel tank cap - rubber),Auto Parts,PC,"179,773.14","32,359.17","212,132.31"
Nissan vehicles – KA24 engine,Nissan vehicles – KA24 engine Manifold Assy-I (Intake manifold ass),Fuel Supply System,Manifold Assy-I (Intake manifold ass),Auto Parts,PC,"2,917,267.43","525,108.14","3,442,375.57"
Nissan vehicles – KA24 engine,Nissan vehicles – KA24 engine Suction control valve,Fuel Supply System,Suction control valve,Auto Parts,PC,"1,300,000.00","234,000.00","1,534,000.00"
Nissan vehicles – KA24 engine,Nissan vehicles – KA24 engine Fuel filter senosr,Fuel Supply System,Fuel filter senosr,Auto Parts,PC,"516,531.08","92,975.59","609,506.68"
Nissan vehicles – KA24 engine,Nissan vehicles – KA24 engine Gasket-manifold,Fuel Supply System,Gasket-manifold,Auto Parts,PC,"239,454.46","43,101.80","282,556.26"
Nissan vehicles – KA24 engine,Nissan vehicles – KA24 engine Link Compl-fr S (Ball joint - upper LH),Suspension & Steering System,Link Compl-fr S (Ball joint - upper LH),Auto Parts,PC,"945,865.74","170,255.83","1,116,121.58"
Nissan vehicles – KA24 engine,Nissan vehicles – KA24 engine LINK COMPL RH (Ball joint - upper RH),Suspension & Steering System,LINK COMPL RH (Ball joint - upper RH),Auto Parts,PC,"945,865.74","170,255.83","1,116,121.58"
Nissan vehicles – KA24 engine,Nissan vehicles – KA24 engine Link Compl-fr S (Ball joint - lower RH),Suspension & Steering System,Link Compl-fr S (Ball joint - lower RH),Auto Parts,PC,"957,358.16","172,324.47","1,129,682.63"
Nissan vehicles – KA24 engine,Nissan vehicles – KA24 engine Link Compl-fr S (Ball joint - lower LH),Suspension & Steering System,Link Compl-fr S (Ball joint - lower LH),Auto Parts,PC,"957,358.16","172,324.47","1,129,682.63"
Nissan vehicles – KA24 engine,Nissan vehicles – KA24 engine Rod Kit-relay * (Track rod),Suspension & Steering System,Rod Kit-relay * (Track rod),Auto Parts,PC,"1,610,048.33","289,808.70","1,899,857.02"
Nissan vehicles – KA24 engine,Nissan vehicles – KA24 engine Rod Kit - Tie; (Tie rod ends),Suspension & Steering System,Rod Kit - Tie; (Tie rod ends),Auto Parts,Set,"1,688,862.54","303,995.26","1,992,857.80"
Nissan vehicles – KA24 engine,Nissan vehicles – KA24 engine ABSORBER-SHOCK (Front shock absorbers),Suspension & Steering System,ABSORBER-SHOCK (Front shock absorbers),Auto Parts,Set,"686,300.23","123,534.04","809,834.27"
Nissan vehicles – KA24 engine,Nissan vehicles – KA24 engine Bush *telex* (Shock absorber bushes),Suspension & Steering System,Bush *telex* (Shock absorber bushes),Auto Parts,Set,"61,282.34","11,030.82","72,313.16"
Nissan vehicles – KA24 engine,Nissan vehicles – KA24 engine Shock RR 2WD KA (rear shock absorbers),Suspension & Steering System,Shock RR 2WD KA (rear shock absorbers),Auto Parts,Set,"649,155.24","116,847.94","766,003.19"
Nissan vehicles – KA24 engine,"Nissan vehicles – KA24 engine BUSH STAB (Stabiliser bar bushes, big)",Suspension & Steering System,"BUSH STAB (Stabiliser bar bushes, big)",Auto Parts,Set,"129,283.48","23,271.03","152,554.51"
Nissan vehicles – KA24 engine,"Nissan vehicles – KA24 engine Stabiliser bar bushes, small",Suspension & Steering System,"Stabiliser bar bushes, small",Auto Parts,Set,"233,852.74","42,093.49","275,946.23"
Nissan vehicles – KA24 engine,"Nissan vehicles – KA24 engine BUSH RR SPR RR (Spring bushes, small)",Suspension & Steering System,"BUSH RR SPR RR (Spring bushes, small)",Auto Parts,Set,"86,385.33","15,549.36","101,934.69"
Nissan vehicles – KA24 engine,"Nissan vehicles – KA24 engine Bush-spring (Spring bushes, big)",Suspension & Steering System,"Bush-spring (Spring bushes, big)",Auto Parts,Set,"52,770.76","9,498.74","62,269.49"
Nissan vehicles – KA24 engine,"Nissan vehicles – KA24 engine SPRING ASSY RR (Leaf spring, complete)",Suspension & Steering System,"SPRING ASSY RR (Leaf spring, complete)",Auto Parts,Set,"5,626,086.15","1,012,695.51","6,638,781.66"
Nissan vehicles – KA24 engine,Nissan vehicles – KA24 engine Clip RR Spring (leaf spring clamps),Suspension & Steering System,Clip RR Spring (leaf spring clamps),Auto Parts,PC,"182,864.20","32,915.56","215,779.76"
Nissan vehicles – KA24 engine,Nissan vehicles – KA24 engine SEAT ASSY-RR SP U - bolts mounting plates - set,Suspension & Steering System,SEAT ASSY-RR SP U - bolts mounting plates - set,Auto Parts,PC,"378,821.85","68,187.93","447,009.78"
Nissan vehicles – KA24 engine,Nissan vehicles – KA24 engine PAD ASSY-RR SPR (Leaf spring seat),Suspension & Steering System,PAD ASSY-RR SPR (Leaf spring seat),Auto Parts,PC,"170,214.62","30,638.63","200,853.25"
Nissan vehicles – KA24 engine,Nissan vehicles – KA24 engine ARM ASSY FR SPR (Anchor arm),Suspension & Steering System,ARM ASSY FR SPR (Anchor arm),Auto Parts,PC,"213,822.40","38,488.03","252,310.44"
Nissan vehicles – KA24 engine,Nissan vehicles – KA24 engine ARM ASSY ANCHOR (Anchor arm),Suspension & Steering System,ARM ASSY ANCHOR (Anchor arm),Auto Parts,PC,"221,019.05","39,783.43","260,802.48"
Nissan vehicles – KA24 engine,Nissan vehicles – KA24 engine PULLEY-PUMP (Power steering pump pulley),Suspension & Steering System,PULLEY-PUMP (Power steering pump pulley),Auto Parts,PC,"636,553.22","114,579.58","751,132.80"
Nissan vehicles – KA24 engine,Nissan vehicles – KA24 engine Power Pump assy (Steering pump),Suspension & Steering System,Power Pump assy (Steering pump),Auto Parts,PC,"3,136,859.83","564,634.77","3,701,494.60"
Nissan vehicles – KA24 engine,Nissan vehicles – KA24 engine ArmKit-Pitman+- (Pitman arm),Suspension & Steering System,ArmKit-Pitman+- (Pitman arm),Auto Parts,PC,"550,447.26","99,080.51","649,527.76"
Nissan vehicles – KA24 engine,Nissan vehicles – KA24 engine Idler Kit **tel (Idler arm),Suspension & Steering System,Idler Kit **tel (Idler arm),Auto Parts,PC,"770,166.46","138,629.96","908,796.42"
Nissan vehicles – KA24 engine,Nissan vehicles – KA24 engine COLUMN ASSY-STE (steering column),Suspension & Steering System,COLUMN ASSY-STE (steering column),Auto Parts,PC,"3,175,601.17","571,608.21","3,747,209.38"
Nissan vehicles – KA24 engine,Nissan vehicles – KA24 engine WHEEL ASSY-STEE (Steering wheel),Suspension & Steering System,WHEEL ASSY-STEE (Steering wheel),Auto Parts,PC,"5,448,833.42","980,790.02","6,429,623.43"
Nissan vehicles – KA24 engine,Nissan vehicles – KA24 engine Transfer case seal,Suspension & Steering System,Transfer case seal,Auto Parts,PC,"185,994.04","33,478.93","219,472.97"
Nissan vehicles – KA24 engine,Nissan vehicles – KA24 engine BRNG. Kit Centr (Center bearing),Transmission System,BRNG. Kit Centr (Center bearing),Auto Parts,PC,"538,416.62","96,914.99","635,331.61"
Nissan vehicles – KA24 engine,Nissan vehicles – KA24 engine Clutch Disc (Clutch plate),Transmission System,Clutch Disc (Clutch plate),Auto Parts,PC,"1,409,953.42","253,791.61","1,663,745.03"
Nissan vehicles – KA24 engine,Nissan vehicles – KA24 engine Cover-Clutch (Pressure plate),Transmission System,Cover-Clutch (Pressure plate),Auto Parts,PC,"1,509,944.52","271,790.01","1,781,734.54"
Nissan vehicles – KA24 engine,Nissan vehicles – KA24 engine Bearing Clutch (Release bearing),Transmission System,Bearing Clutch (Release bearing),Auto Parts,PC,"487,966.35","87,833.94","575,800.29"
Nissan vehicles – KA24 engine,Nissan vehicles – KA24 engine Spring-return (Return spring),Transmission System,Spring-return (Return spring),Auto Parts,PC,"9,748.74","1,754.77","11,503.52"
Nissan vehicles – KA24 engine,Nissan vehicles – KA24 engine Pedal Assy Clut (Clutch pedal assembly),Transmission System,Pedal Assy Clut (Clutch pedal assembly),Auto Parts,PC,"1,005,261.74","180,947.11","1,186,208.86"
Nissan vehicles – KA24 engine,Nissan vehicles – KA24 engine TRANSMISSION (Gearbox assembly),Transmission System,TRANSMISSION (Gearbox assembly),Auto Parts,PC,"22,363,075.05","4,025,353.51","26,388,428.56"
Nissan vehicles – KA24 engine,Nissan vehicles – KA24 engine RR EXC BRAKES A (,Transmission System,RR EXC BRAKES A (,Auto Parts,PC,"46,849,204.15","8,432,856.75","55,282,060.90"
Nissan vehicles – KA24 engine,Nissan vehicles – KA24 engine SFT-RR AXLE RH (Differential shaft RH),Transmission System,SFT-RR AXLE RH (Differential shaft RH),Auto Parts,PC,"3,067,398.06","552,131.65","3,619,529.71"
Nissan vehicles – KA24 engine,Nissan vehicles – KA24 engine SFT-RR Axle (Differential shaft LH),Transmission System,SFT-RR Axle (Differential shaft LH),Auto Parts,PC,"1,154,314.44","207,776.60","1,362,091.04"
Nissan vehicles – KA24 engine,Nissan vehicles – KA24 engine Seal - Grease R (Grease seal),Transmission System,Seal - Grease R (Grease seal),Auto Parts,PC,"75,136.65","13,524.60","88,661.25"
Nissan vehicles – KA24 engine,Nissan vehicles – KA24 engine BRG Assy - Tape,Transmission System,BRG Assy - Tape,Auto Parts,Set,"462,962.20","83,333.20","546,295.40"
Nissan vehicles – KA24 engine,Nissan vehicles – KA24 engine FLYWHELL ASSY,Transmission System,FLYWHELL ASSY,Auto Parts,PC,"5,652,304.73","1,017,414.85","6,669,719.58"
Nissan vehicles – KA24 engine,Nissan vehicles – KA24 engine Seal (Transfer case seal),Transmission System,Seal (Transfer case seal),Auto Parts,PC,"31,164.27","5,609.57","36,773.84"
Nissan vehicles – KA24 engine,Nissan vehicles – KA24 engine INSULATOR-ENGIN (Gearbox mountings),Transmission System,INSULATOR-ENGIN (Gearbox mountings),Auto Parts,Set,"510,580.44","91,904.48","602,484.92"
Nissan vehicles – KA24 engine,"Nissan vehicles – KA24 engine Case Transfer F (Transfer case, front)",Transmission System,"Case Transfer F (Transfer case, front)",Auto Parts,PC,"2,438,247.54","438,884.56","2,877,132.10"
Nissan vehicles – KA24 engine,"Nissan vehicles – KA24 engine Case (Transfer case, center)",Transmission System,"Case (Transfer case, center)",Auto Parts,PC,"2,587,633.14","465,773.97","3,053,407.11"
Nissan vehicles – KA24 engine,Nissan vehicles – KA24 engine CASE-TRANSFER (Differential case),Transmission System,CASE-TRANSFER (Differential case),Auto Parts,PC,"3,201,058.86","576,190.59","3,777,249.45"
Nissan vehicles – KA24 engine,Nissan vehicles – KA24 engine High gear cover,Transmission System,High gear cover,Auto Parts,PC,"3,551,105.58","639,199.00","4,190,304.59"
Nissan vehicles – KA24 engine,Nissan vehicles – KA24 engine Cross bearing,Transmission System,Cross bearing,Auto Parts,PC,"441,509.44","79,471.70","520,981.14"
Nissan vehicles – KA24 engine,Nissan vehicles – KA24 engine Alloy Wheel (Rim),Transmission System,Alloy Wheel (Rim),Auto Parts,PC,"6,670,358.71","1,200,664.57","7,871,023.28"
Nissan vehicles – KA24 engine,Nissan vehicles – KA24 engine Tyre repair (per tyre),Transmission System,Tyre repair (per tyre),Auto Parts,PC,"33,619.47","6,051.50","39,670.97"
Nissan vehicles – KA24 engine,Nissan vehicles – KA24 engine WRENCH WHL NUT (Wheel spanner),Transmission System,WRENCH WHL NUT (Wheel spanner),Auto Parts,PC,"66,545.07","11,978.11","78,523.19"
Nissan vehicles – KA24 engine,"Nissan vehicles – KA24 engine WHEEL BOLT (Wheel stud, front)",Transmission System,"WHEEL BOLT (Wheel stud, front)",Auto Parts,PC,"130,300.26","23,454.05","153,754.30"
Nissan vehicles – KA24 engine,"Nissan vehicles – KA24 engine BOLT-HUB (Wheel stud,rear)",Transmission System,"BOLT-HUB (Wheel stud,rear)",Auto Parts,PC,"144,756.93","26,056.25","170,813.18"
Nissan vehicles – KA24 engine,Nissan vehicles – KA24 engine Compressor (AC pump),Air Conditioning System,Compressor (AC pump),Auto Parts,PC,"7,158,192.09","1,288,474.58","8,446,666.67"
Nissan vehicles – KA24 engine,Nissan vehicles – KA24 engine Pipe Assy-Fr cooler High (Condenser),Air Conditioning System,Pipe Assy-Fr cooler High (Condenser),Auto Parts,PC,"1,029,768.33","185,358.30","1,215,126.63"
Nissan vehicles – KA24 engine,Nissan vehicles – KA24 engine VALVE-EXPANSION (Expansion valve),Air Conditioning System,VALVE-EXPANSION (Expansion valve),Auto Parts,PC,"725,496.62","130,589.39","856,086.01"
Nissan vehicles – KA24 engine,Nissan vehicles – KA24 engine Evaporator Assy (Ac evaporator),Air Conditioning System,Evaporator Assy (Ac evaporator),Auto Parts,PC,"5,268,679.85","948,362.37","6,217,042.22"
Nissan vehicles – KA24 engine,Nissan vehicles – KA24 engine RELAY-LIGHT (AC relay),Air Conditioning System,RELAY-LIGHT (AC relay),Auto Parts,PC,"143,980.20","25,916.44","169,896.64"
Nissan vehicles – KA24 engine,Nissan vehicles – KA24 engine CONT ASSY-AIR C (AC selector knob assy),Air Conditioning System,CONT ASSY-AIR C (AC selector knob assy),Auto Parts,PC,"1,237,614.67","222,770.64","1,460,385.32"
Nissan vehicles – KA24 engine,Nissan vehicles – KA24 engine Ac gas,Air Conditioning System,Ac gas,Auto Parts,Gram,390,70.2,460.2
Nissan vehicles – KA24 engine,Nissan vehicles – KA24 engine single wiper blade 19 (Wiper balde),Wiper System,single wiper blade 19 (Wiper balde),Auto Parts,PC,"233,652.75","42,057.50","275,710.25"
Nissan vehicles – KA24 engine,Nissan vehicles – KA24 engine MOTOR A-WIPER (Wiper motor),Wiper System,MOTOR A-WIPER (Wiper motor),Auto Parts,PC,"1,740,744.87","313,334.08","2,054,078.95"
Nissan vehicles – KA24 engine,Nissan vehicles – KA24 engine Wiper Arm,Wiper System,Wiper Arm,Auto Parts,PC,"259,998.15","46,799.67","306,797.82"
Nissan vehicles – KA24 engine,Nissan vehicles – KA24 engine Wiper hose,Wiper System,Wiper hose,Auto Parts,PC,"309,751.80","55,755.32","365,507.13"
Nissan vehicles – KA24 engine,Nissan vehicles – KA24 engine Bulb Head Lamp,Electrical System,Bulb Head Lamp,Auto Parts,PC,"405,139.38","72,925.09","478,064.47"
Nissan vehicles – KA24 engine,Nissan vehicles – KA24 engine LAMP ASSY-LH (Headlamp LHS),Electrical System,LAMP ASSY-LH (Headlamp LHS),Auto Parts,PC,"953,078.23","171,554.08","1,124,632.31"
Nissan vehicles – KA24 engine,Nissan vehicles – KA24 engine LAMP ASSY-HEAD (Headlamp RHS),Electrical System,LAMP ASSY-HEAD (Headlamp RHS),Auto Parts,PC,"953,078.23","171,554.08","1,124,632.31"
Nissan vehicles – KA24 engine,Nissan vehicles – KA24 engine Plug-glow (Glow plugs),Electrical System,Plug-glow (Glow plugs),Auto Parts,Set,"1,406,355.09","253,143.92","1,659,499.01"
Nissan vehicles – KA24 engine,Nissan vehicles – KA24 engine Bulb 12V5W (Parking bulb),Electrical System,Bulb 12V5W (Parking bulb),Auto Parts,PC,"23,167.09","4,170.08","27,337.17"
Nissan vehicles – KA24 engine,Nissan vehicles – KA24 engine Double filament round based (Brake bulb),Electrical System,Double filament round based (Brake bulb),Auto Parts,PC,"83,870.97","15,096.77","98,967.74"
Nissan vehicles – KA24 engine,"Nissan vehicles – KA24 engine BULB (Brake bulb, single filament)",Electrical System,"BULB (Brake bulb, single filament)",Auto Parts,PC,"6,847.89","1,232.62","8,080.51"
Nissan vehicles – KA24 engine,Nissan vehicles – KA24 engine BODY-COMB SW (Spiral cable),Electrical System,BODY-COMB SW (Spiral cable),Auto Parts,PC,"161,718.15","29,109.27","190,827.42"
Nissan vehicles – KA24 engine,Nissan vehicles – KA24 engine Fuse-mini 10A,Electrical System,Fuse-mini 10A,Auto Parts,PC,"1,918.05",345.25,"2,263.30"
Nissan vehicles – KA24 engine,Nissan vehicles – KA24 engine Fuse-mini 15AM,Electrical System,Fuse-mini 15AM,Auto Parts,PC,"9,828.00","1,769.04","11,597.04"
Nissan vehicles – KA24 engine,Nissan vehicles – KA24 engine Fuse-mini,Electrical System,Fuse-mini,Auto Parts,PC,"9,828.00","1,769.04","11,597.04"
Nissan vehicles – KA24 engine,Nissan vehicles – KA24 engine TGM BULB INDICATOR,Electrical System,TGM BULB INDICATOR,Auto Parts,PC,"322,580.65","58,064.52","380,645.17"
Nissan vehicles – KA24 engine,Nissan vehicles – KA24 engine ALTERNATOR ASSY,Electrical System,ALTERNATOR ASSY,Auto Parts,PC,"3,915,457.10","704,782.28","4,620,239.38"
Nissan vehicles – KA24 engine,Nissan vehicles – KA24 engine LAMP ASSY-FOG L,Electrical System,LAMP ASSY-FOG L,Auto Parts,PC,"1,384,036.03","249,126.49","1,633,162.52"
Nissan vehicles – KA24 engine,"Nissan vehicles – KA24 engine LAMP ASSY-FOG,R",Electrical System,"LAMP ASSY-FOG,R",Auto Parts,PC,"1,384,036.03","249,126.49","1,633,162.52"
Nissan vehicles – KA24 engine,Nissan vehicles – KA24 engine Bulb-fog Lamp,Electrical System,Bulb-fog Lamp,Auto Parts,Set,"265,324.29","47,758.37","313,082.67"
Nissan vehicles – KA24 engine,"Nissan vehicles – KA24 engine SW-AUTO-POWER-W (Power window switch, main)",Electrical System,"SW-AUTO-POWER-W (Power window switch, main)",Auto Parts,PC,"974,905.89","175,483.06","1,150,388.95"
Nissan vehicles – KA24 engine,"Nissan vehicles – KA24 engine SITCH ASSY (Power window switch, rear)",Electrical System,"SITCH ASSY (Power window switch, rear)",Auto Parts,Set,"673,281.40","121,190.65","794,472.06"
Nissan vehicles – KA24 engine,"Nissan vehicles – KA24 engine SW ASSY-P/WINDW (Power window switch, co-driver's door)",Electrical System,"SW ASSY-P/WINDW (Power window switch, co-driver's door)",Auto Parts,PC,"460,711.27","82,928.03","543,639.30"
Nissan vehicles – KA24 engine,Nissan vehicles – KA24 engine Regulator Assy- (Driver's door regulator),Electrical System,Regulator Assy- (Driver's door regulator),Auto Parts,PC,"518,046.55","93,248.38","611,294.93"
Nissan vehicles – KA24 engine,Nissan vehicles – KA24 engine REGULATOR-DOOR (Co-driver's door regulator),Electrical System,REGULATOR-DOOR (Co-driver's door regulator),Auto Parts,PC,"475,976.38","85,675.75","561,652.13"
Nissan vehicles – KA24 engine,"Nissan vehicles – KA24 engine Door regulator (Window regulator, rear door)",Electrical System,"Door regulator (Window regulator, rear door)",Auto Parts,PC,"518,046.55","93,248.38","611,294.93"
Nissan vehicles – KA24 engine,Nissan vehicles – KA24 engine Starter Motor,Electrical System,Starter Motor,Auto Parts,PC,"3,991,404.43","718,452.80","4,709,857.23"
Nissan vehicles – KA24 engine,Nissan vehicles – KA24 engine Lamp Assy Rr.** (Tail lamp RHS),Electrical System,Lamp Assy Rr.** (Tail lamp RHS),Auto Parts,PC,"656,145.82","118,106.25","774,252.06"
Nissan vehicles – KA24 engine,Nissan vehicles – KA24 engine Lamp Assy Rr.** (Tail lamp LHS),Electrical System,Lamp Assy Rr.** (Tail lamp LHS),Auto Parts,PC,"694,284.80","124,971.26","819,256.06"
Nissan vehicles – KA24 engine,Nissan vehicles – KA24 engine 70 Amp Maintenance free battery,Electrical System,70 Amp Maintenance free battery,Auto Parts,PC,"601,454.35","108,261.78","709,716.14"
Nissan vehicles – KA24 engine,Nissan vehicles – KA24 engine Radio,Electrical System,Radio,Auto Parts,PC,"1,887,096.77","339,677.42","2,226,774.19"
Nissan vehicles – KA24 engine,"Nissan vehicles – KA24 engine Mirror Assy DR (Side mirror, complete)",Electrical System,"Mirror Assy DR (Side mirror, complete)",Auto Parts,PC,"1,013,409.46","182,413.70","1,195,823.16"
Nissan vehicles – KA24 engine,Nissan vehicles – KA24 engine GLASS-FR WIND (Windscreen),Electrical System,GLASS-FR WIND (Windscreen),Auto Parts,PC,"1,434,339.36","258,181.09","1,692,520.45"
Nissan vehicles – KA24 engine,Nissan vehicles – KA24 engine Rubber Sealant,Electrical System,Rubber Sealant,Auto Parts,PC,"137,623.71","24,772.27","162,395.97"
Nissan vehicles – KA24 engine,Nissan vehicles – KA24 engine MLDG WS UPPER (Upper windscreen molding,Electrical System,MLDG WS UPPER (Upper windscreen molding,Auto Parts,PC,"151,129.27","27,203.27","178,332.54"
Nissan vehicles – KA24 engine,Nissan vehicles – KA24 engine RUBBER-DUMDum rubber,Electrical System,RUBBER-DUMDum rubber,Auto Parts,PC,"689,434.20","124,098.16","813,532.36"
Nissan vehicles – KA24 engine,Nissan vehicles – KA24 engine MUD FLAP-FRONT,Electrical System,MUD FLAP-FRONT,Auto Parts,PC,"395,957.45","71,272.34","467,229.79"
Nissan vehicles – KA24 engine,Nissan vehicles – KA24 engine MUD GUARD-RR RH,Electrical System,MUD GUARD-RR RH,Auto Parts,PC,"749,686.18","134,943.51","884,629.69"
Nissan vehicles – KA24 engine,Nissan vehicles – KA24 engine MUD GUARD-RR LH,Electrical System,MUD GUARD-RR LH,Auto Parts,PC,"749,686.18","134,943.51","884,629.69"
Nissan vehicles – KA24 engine,Nissan vehicles – KA24 engine GLASS FR DR LH,Electrical System,GLASS FR DR LH,Auto Parts,PC,"1,921,152.07","345,807.37","2,266,959.45"
Nissan vehicles – KA24 engine,Nissan vehicles – KA24 engine GLASS FR DR RH,Electrical System,GLASS FR DR RH,Auto Parts,PC,"2,241,687.54","403,503.76","2,645,191.30"
Nissan vehicles – KA24 engine,Nissan vehicles – KA24 engine glaSS RR DR LH,Electrical System,glaSS RR DR LH,Auto Parts,PC,"811,459.92","146,062.79","957,522.71"
Nissan vehicles – KA24 engine,Nissan vehicles – KA24 engine GLASS RR DR RH,Electrical System,GLASS RR DR RH,Auto Parts,PC,"749,797.14","134,963.49","884,760.63"
Nissan vehicles – KA24 engine,Nissan vehicles – KA24 engine GRILLE-RADIATOR,Electrical System,GRILLE-RADIATOR,Auto Parts,PC,"1,647,775.15","296,599.53","1,944,374.68"
Nissan vehicles – KA24 engine,"Nissan vehicles – KA24 engine Assy- Fr Door outs (Outer door handle, driver's door)",Electrical System,"Assy- Fr Door outs (Outer door handle, driver's door)",Auto Parts,PC,"152,698.58","27,485.75","180,184.33"
Nissan vehicles – KA24 engine,"Nissan vehicles – KA24 engine HANDLE ASSY-FR (Outer door handle, co- driver's door)",Electrical System,"HANDLE ASSY-FR (Outer door handle, co- driver's door)",Auto Parts,PC,"152,698.58","27,485.75","180,184.33"
Nissan vehicles – KA24 engine,"Nissan vehicles – KA24 engine ASY FR DR INS L (Inner door handle, LH)",Electrical System,"ASY FR DR INS L (Inner door handle, LH)",Auto Parts,PC,"162,304.66","29,214.84","191,519.50"
Nissan vehicles – KA24 engine,"Nissan vehicles – KA24 engine ASY FR DR INS R (Inner door hande, RH)",Electrical System,"ASY FR DR INS R (Inner door hande, RH)",Auto Parts,PC,"162,304.66","29,214.84","191,519.50"
Nissan vehicles – KA24 engine,Nissan vehicles – KA24 engine Antenna,Electrical System,Antenna,Auto Parts,PC,"519,140.33","93,445.26","612,585.58"
Nissan vehicles – KA24 engine,Nissan vehicles – KA24 engine LOCK ASSY-FR DO (door lock),Electrical System,LOCK ASSY-FR DO (door lock),Auto Parts,PC,"660,774.48","118,939.41","779,713.88"
Nissan vehicles – KA24 engine,Nissan vehicles – KA24 engine VAD D22 FRT MOULDED BMPR (Front bumper),Electrical System,VAD D22 FRT MOULDED BMPR (Front bumper),Auto Parts,PC,"1,352,808.36","243,505.50","1,596,313.86"
Nissan vehicles – KA24 engine,Nissan vehicles – KA24 engine Reinf assy frnt (Front reinforcement bumper),Electrical System,Reinf assy frnt (Front reinforcement bumper),Auto Parts,PC,"1,407,623.23","253,372.18","1,660,995.41"
Nissan vehicles – KA24 engine,Nissan vehicles – KA24 engine BUMPER-REAR (Rear bumper),Electrical System,BUMPER-REAR (Rear bumper),Auto Parts,PC,"2,071,805.80","372,925.04","2,444,730.85"
Nissan vehicles – KA24 engine,Nissan vehicles – KA24 engine CABLE COMPL HOO (Bonnet cable),Electrical System,CABLE COMPL HOO (Bonnet cable),Auto Parts,PC,"217,404.87","39,132.88","256,537.75"
Nissan vehicles – KA24 engine,"Nissan vehicles – KA24 engine Reflector, pair",Electrical System,"Reflector, pair",Auto Parts,Set,"75,483.87","13,587.10","89,070.97"
Nissan vehicles – KA24 engine,Nissan vehicles – KA24 engine MIR ASSY INSIDE (Driving mirror),Electrical System,MIR ASSY INSIDE (Driving mirror),Auto Parts,PC,"547,863.45","98,615.42","646,478.87"
Nissan vehicles – KA24 engine,Nissan vehicles – KA24 engine SUNVISOR LH,Electrical System,SUNVISOR LH,Auto Parts,PC,"214,060.18","38,530.83","252,591.01"
Nissan vehicles – KA24 engine,Nissan vehicles – KA24 engine SUNVISOR RH,Electrical System,SUNVISOR RH,Auto Parts,PC,"196,670.95","35,400.77","232,071.72"
Nissan vehicles – KA24 engine,Nissan vehicles – KA24 engine JACK COMPL (Jack),Electrical System,JACK COMPL (Jack),Auto Parts,PC,"765,886.53","137,859.58","903,746.10"
Nissan vehicles – KA24 engine,Nissan vehicles – KA24 engine ROD ASSY JACK (Jack handle),Electrical System,ROD ASSY JACK (Jack handle),Auto Parts,PC,"92,557.57","16,660.36","109,217.93"
Nissan vehicles – KA24 engine,Nissan vehicles – KA24 engine Warning triangle,Electrical System,Warning triangle,Auto Parts,Set,"167,741.94","30,193.55","197,935.49"
Nissan vehicles – KA24 engine,Nissan vehicles – KA24 engine EY SET & LOCK,Electrical System,EY SET & LOCK,Auto Parts,Set,"3,493,080.92","628,754.56","4,121,835.48"
Nissan vehicles – KA24 engine,Nissan vehicles – KA24 engine SEAT BELT FR LH,Electrical System,SEAT BELT FR LH,Auto Parts,PC,"975,922.84","175,666.11","1,151,588.95"
Nissan vehicles – KA24 engine,Nissan vehicles – KA24 engine SEAT BELT FR RHS,Electrical System,SEAT BELT FR RHS,Auto Parts,PC,"975,922.84","175,666.11","1,151,588.95"
Nissan vehicles – KA24 engine,Nissan vehicles – KA24 engine SEAT BELT REAR LH,Electrical System,SEAT BELT REAR LH,Auto Parts,PC,"1,066,130.70","191,903.53","1,258,034.23"
Nissan vehicles – KA24 engine,Nissan vehicles – KA24 engine SEAT BELT REAR RHS,Electrical System,SEAT BELT REAR RHS,Auto Parts,PC,"1,066,130.70","191,903.53","1,258,034.23"
Nissan vehicles – KA24 engine,Nissan vehicles – KA24 engine DOOR HINGE FR L,Electrical System,DOOR HINGE FR L,Auto Parts,PC,"131,729.00","23,711.16","155,440.00"
Nissan vehicles – KA24 engine,Nissan vehicles – KA24 engine DOOR HINGE F UPR,Electrical System,DOOR HINGE F UPR,Auto Parts,PC,"240,993.00","43,378.79","284,372.00"
Nissan vehicles – KA24 engine,Nissan vehicles – KA24 engine HINGE RR LWR L,Electrical System,HINGE RR LWR L,Auto Parts,PC,"131,729.00","23,711.15","155,440.00"
Nissan vehicles – KA24 engine,Nissan vehicles – KA24 engine HINGE RR LWR R,Electrical System,HINGE RR LWR R,Auto Parts,PC,"231,729.00","41,711.15","273,440.00"
Nissan vehicles – KA24 engine,Nissan vehicles – KA24 engine HINGE RR DR UPR L,Electrical System,HINGE RR DR UPR L,Auto Parts,PC,"197,206.00","35,497.13","232,703.00"
Nissan vehicles – KA24 engine,Nissan vehicles – KA24 engine HINGE RR DR UPR R,Electrical System,HINGE RR DR UPR R,Auto Parts,PC,"197,206.00","35,497.13","232,703.00"
Nissan vehicles – KA24 engine,Nissan vehicles – KA24 engine HINGE RR DR LWR,Electrical System,HINGE RR DR LWR,Auto Parts,PC,"197,206.00","35,497.13","232,703.00"
Nissan vehicles – KA24 engine,Nissan vehicles – KA24 engine INSUL BODY MTG (middle cabin mountings),Other Miscellaneous Parts,INSUL BODY MTG (middle cabin mountings),Auto Parts,Set,"987,120.00","177,681.60","1,164,801.60"
Nissan vehicles – KA24 engine,Nissan vehicles – KA24 engine INSULATOR-3RD (Front body mountings),Other Miscellaneous Parts,INSULATOR-3RD (Front body mountings),Auto Parts,Set,"520,409.24","93,673.66","614,082.90"
Nissan vehicles – KA24 engine,Nissan vehicles – KA24 engine RUB-BODY MTG 4T (Rear body mountings),Other Miscellaneous Parts,RUB-BODY MTG 4T (Rear body mountings),Auto Parts,Set,"520,409.24","93,673.66","614,082.90"
Nissan vehicles – KA24 engine,Nissan vehicles – KA24 engine MALE ASSY-HOOD (Bonnet lock),Other Miscellaneous Parts,MALE ASSY-HOOD (Bonnet lock),Auto Parts,PC,"224,141.80","40,345.52","264,487.33"
Nissan vehicles – KA24 engine,Nissan vehicles – KA24 engine RUB BMPR HOOD (Front bonnet rubbers),Other Miscellaneous Parts,RUB BMPR HOOD (Front bonnet rubbers),Auto Parts,PC,"7,260.05","1,306.81","8,566.86"
Nissan vehicles – KA24 engine,Nissan vehicles – KA24 engine BMPR HOODLEDGE (Bonnet side rubbers),Other Miscellaneous Parts,BMPR HOODLEDGE (Bonnet side rubbers),Auto Parts,PC,"9,606.07","1,729.09","11,335.17"
Nissan vehicles – KA24 engine,Nissan vehicles – KA24 engine Panel assy-inst (Bonnet),Other Miscellaneous Parts,Panel assy-inst (Bonnet),Auto Parts,PC,"2,014,248.60","362,564.75","2,376,813.35"
Nissan vehicles – KA24 engine,"Nissan vehicles – KA24 engine Floor mats, rubber",Other Miscellaneous Parts,"Floor mats, rubber",Auto Parts,Set,"167,741.94","30,193.55","197,935.49"
Nissan vehicles – KA24 engine,Nissan vehicles – KA24 engine CHECK LINK FR D (Seal),Other Miscellaneous Parts,CHECK LINK FR D (Seal),Auto Parts,PC,"327,874.75","59,017.46","386,892.21"
Nissan vehicles – KA24 engine,Nissan vehicles – KA24 engine HORN ASSY (Low tone horn),Other Miscellaneous Parts,HORN ASSY (Low tone horn),Auto Parts,PC,"432,099.12","77,777.84","509,876.97"
Nissan vehicles – KA24 engine,Nissan vehicles – KA24 engine HORN ASSY-HIGH (High tone horn),Other Miscellaneous Parts,HORN ASSY-HIGH (High tone horn),Auto Parts,PC,"361,971.58","65,154.88","427,126.47"
Nissan vehicles – KA24 engine,Nissan vehicles – KA24 engine Base (Flat gasket),Other Miscellaneous Parts,Base (Flat gasket),Auto Parts,PC,"22,747.06","4,094.47","26,841.53"
Nissan vehicles – KA24 engine,Nissan vehicles – KA24 engine VAD Roll Bar D/ (Central lock switch),Other Miscellaneous Parts,VAD Roll Bar D/ (Central lock switch),Auto Parts,PC,"3,674,863.57","661,475.44","4,336,339.01"
Nissan vehicles – KA24 engine,Nissan vehicles – KA24 engine First aid kit,Other Miscellaneous Parts,First aid kit,Auto Parts,PC,"629,032.26","113,225.81","742,258.06"
Nissan vehicles – KA24 engine,Nissan vehicles – KA24 engine VAD CMPL-SLIDE (Side step RH),Other Miscellaneous Parts,VAD CMPL-SLIDE (Side step RH),Auto Parts,PC,"1,091,954.20","196,551.76","1,288,505.96"
Nissan vehicles – KA24 engine,Nissan vehicles – KA24 engine VAD CMPL-SLIDE (Side step LH),Other Miscellaneous Parts,VAD CMPL-SLIDE (Side step LH),Auto Parts,PC,"1,092,049.32","196,568.88","1,288,618.20"
Nissan vehicles – KA24 engine,Nissan vehicles – KA24 engine BOLT STOP (Stopper bolt),Other Miscellaneous Parts,BOLT STOP (Stopper bolt),Auto Parts,PC,"96,251.00","17,325.18","113,576.18"
Nissan vehicles – KA24 engine,Nissan vehicles – KA24 engine Cap-bolt STRG S,Other Miscellaneous Parts,Cap-bolt STRG S,Auto Parts,PC,"67,147.43","12,086.54","79,233.97"
Nissan vehicles – KA24 engine,Nissan vehicles – KA24 engine Engine oil (Petrol engine oil),Service,Engine oil (Petrol engine oil),Auto Parts,Litre,"294,526.43","53,014.76","347,541.19"
Nissan vehicles – KA24 engine,Nissan vehicles – KA24 engine Brake fluid,Service,Brake fluid,Auto Parts,0.25L,"19,089.67","3,436.14","22,526.00"
Nissan vehicles – KA24 engine,Nissan vehicles – KA24 engine Transmission oil GL4 75-W85,Service,Transmission oil GL4 75-W85,Auto Parts,Litre,"317,652.79","57,177.50","374,830.29"
Nissan vehicles – KA24 engine,Nissan vehicles – KA24 engine Coolant Total,Service,Coolant Total,Auto Parts,Litre,"422,592.37","76,066.63","498,659.00"
Nissan vehicles – KA24 engine,Nissan vehicles – KA24 engine ATF FLUIDMATIC D2 1L (Transfer case oil),Service,ATF FLUIDMATIC D2 1L (Transfer case oil),Auto Parts,Litre,"78,746.91","14,174.44","92,921.35"
Nissan vehicles – KA24 engine,Nissan vehicles – KA24 engine SUNDRY,Service,SUNDRY,Auto Parts,,"27,342.37","4,921.63","32,264.00"
Nissan vehicles – KA24 engine,Nissan vehicles – KA24 engine FILTER ASSY-OIL (Oil filter),Service,FILTER ASSY-OIL (Oil filter),Auto Parts,PC,"60,102.81","10,818.50","70,921.31"
Nissan vehicles – KA24 engine,Nissan vehicles – KA24 engine FUEL STRAINER,Service,FUEL STRAINER,Auto Parts,PC,"250,376.53","45,067.78","295,444.31"
Nissan vehicles – KA24 engine,Nissan vehicles – KA24 engine FILTER ASSY-FUE (Fuel filter),Service,FILTER ASSY-FUE (Fuel filter),Auto Parts,PC,"269,969.45","48,594.50","318,563.95"
Nissan vehicles – KA24 engine,Nissan vehicles – KA24 engine ELEMENT ASSY (Air cleaner),Service,ELEMENT ASSY (Air cleaner),Auto Parts,PC,"200,370.00","36,066.60","236,436.60"
Nissan vehicles – KA24 engine,Nissan vehicles – KA24 engine GEAR OIL-HYPOID 1L (Differential oil 85W90,Service,GEAR OIL-HYPOID 1L (Differential oil 85W90,Auto Parts,Litre,"173,331.25","31,199.63","204,530.88"
Nissan vehicles – KA24 engine,Nissan vehicles – KA24 engine WASHER DRAIN,Service,WASHER DRAIN,Auto Parts,PC,"5,316.39",956.95,"6,273.34"
Nissan vehicles – KA24 engine,Nissan vehicles – KA24 engine Labour,Service,Labour,Auto Parts,Hour,"45,000.00","8,100.00","53,100.00"
Nissan vehicles – KA24 engine,Nissan vehicles – KA24 engine Wheel alignment,Service,Wheel alignment,Auto Parts,,"55,000.00","9,900.00","64,900.00"
Nissan vehicles – KA24 engine,Nissan vehicles – KA24 engine Wheel balancing per tyre,Service,Wheel balancing per tyre,Auto Parts,,"52,800.00",,"62,304.00"
Nissan Patrol Y61 – ZD30 engine,Nissan Patrol Y61 – ZD30 engine Brake pads - Front,Unclassified,Brake pads - Front,Auto Parts,1Set,"718,107.00","129,259.00","847,367.00"
Nissan Patrol Y61 – ZD30 engine,Nissan Patrol Y61 – ZD30 engine Brake Pads - Rear,Unclassified,Brake Pads - Rear,Auto Parts,1Set,"598,354.00","107,704.00","706,058.00"
Nissan Patrol Y61 – ZD30 engine,Nissan Patrol Y61 – ZD30 engine Brake Shoes,Unclassified,Brake Shoes,Auto Parts,1Set,"869,732.00","156,552.00","1,026,283.00"
Nissan Patrol Y61 – ZD30 engine,Nissan Patrol Y61 – ZD30 engine Brake booster,Unclassified,Brake booster,Auto Parts,Pc,"9,034,946.00","1,626,290.00","10,661,237.00"
Nissan Patrol Y61 – ZD30 engine,Nissan Patrol Y61 – ZD30 engine Brake disc,Unclassified,Brake disc,Auto Parts,Pc,"937,401.00","168,732.00","1,106,133.00"
Nissan Patrol Y61 – ZD30 engine,Nissan Patrol Y61 – ZD30 engine Brake drum,Unclassified,Brake drum,Auto Parts,Pc,"1,325,014.00","238,503.00","1,563,517.00"
Nissan Patrol Y61 – ZD30 engine,Nissan Patrol Y61 – ZD30 engine Skimmimg Disc,Unclassified,Skimmimg Disc,Auto Parts,Pc,"72,642.00","13,075.00","85,717.00"
Nissan Patrol Y61 – ZD30 engine,Nissan Patrol Y61 – ZD30 engine Skimming drum,Unclassified,Skimming drum,Auto Parts,Pc,"79,245.00","14,264.00","93,509.00"
Nissan Patrol Y61 – ZD30 engine,Nissan Patrol Y61 – ZD30 engine Front caliper Bracket rubbers,Unclassified,Front caliper Bracket rubbers,Auto Parts,Set,"465,815.00","83,847.00","549,662.00"
Nissan Patrol Y61 – ZD30 engine,Nissan Patrol Y61 – ZD30 engine Front Caliper bolts Upper,Unclassified,Front Caliper bolts Upper,Auto Parts,Pc,"104,901.00","18,882.00","123,783.00"
Nissan Patrol Y61 – ZD30 engine,Nissan Patrol Y61 – ZD30 engine Front Caliper bolts lower,Unclassified,Front Caliper bolts lower,Auto Parts,Pc,"38,632.00","6,954.00","45,585.00"
Nissan Patrol Y61 – ZD30 engine,Nissan Patrol Y61 – ZD30 engine Rear caliper bolts Upper,Unclassified,Rear caliper bolts Upper,Auto Parts,Pc,"92,183.00","16,593.00","108,776.00"
Nissan Patrol Y61 – ZD30 engine,Nissan Patrol Y61 – ZD30 engine Rear caliper bolts Lower,Unclassified,Rear caliper bolts Lower,Auto Parts,Pc,"92,183.00","16,593.00","108,776.00"
Nissan Patrol Y61 – ZD30 engine,Nissan Patrol Y61 – ZD30 engine Slave cylinder,Unclassified,Slave cylinder,Auto Parts,Pc,"470,134.00","84,624.00","554,759.00"
Nissan Patrol Y61 – ZD30 engine,Nissan Patrol Y61 – ZD30 engine Brake Caliper,Unclassified,Brake Caliper,Auto Parts,Pc,"4,656,055.00","838,090.00","5,494,145.00"
Nissan Patrol Y61 – ZD30 engine,Nissan Patrol Y61 – ZD30 engine Master cylinder /kit,Unclassified,Master cylinder /kit,Auto Parts,Pc,"778,453.00","140,122.00","918,575.00"
Nissan Patrol Y61 – ZD30 engine,Nissan Patrol Y61 – ZD30 engine Sleeve Cylinder assembley,Unclassified,Sleeve Cylinder assembley,Auto Parts,Pc,"778,453.00","140,122.00","918,575.00"
Nissan Patrol Y61 – ZD30 engine,Nissan Patrol Y61 – ZD30 engine Hand brake cables LONG,Unclassified,Hand brake cables LONG,Auto Parts,,"1,231,650.00","221,697.00","1,453,347.00"
Nissan Patrol Y61 – ZD30 engine,Nissan Patrol Y61 – ZD30 engine Hand brake cables SHORT,Unclassified,Hand brake cables SHORT,Auto Parts,Pc,"553,490.00","99,628.00","653,119.00"
Nissan Patrol Y61 – ZD30 engine,Nissan Patrol Y61 – ZD30 engine Park Brake Lever Handle,Unclassified,Park Brake Lever Handle,Auto Parts,Pc,"527,100.00","94,878.00","621,978.00"
Nissan Patrol Y61 – ZD30 engine,Nissan Patrol Y61 – ZD30 engine Brake master cyclinder,Unclassified,Brake master cyclinder,Auto Parts,Pc,"1,822,411.00","328,034.00","2,150,445.00"
Nissan Patrol Y61 – ZD30 engine,Nissan Patrol Y61 – ZD30 engine Brake Servo,Unclassified,Brake Servo,Auto Parts,Pc,"9,034,946.00","1,626,290.00","10,661,237.00"
Nissan Patrol Y61 – ZD30 engine,Nissan Patrol Y61 – ZD30 engine Brake shims,Unclassified,Brake shims,Auto Parts,Set,"609,775.00","109,759.00","719,534.00"
Nissan Patrol Y61 – ZD30 engine,Nissan Patrol Y61 – ZD30 engine Brake Bolts,Unclassified,Brake Bolts,Auto Parts,Pc,"124,140.00","22,345.00","146,485.00"
Nissan Patrol Y61 – ZD30 engine,Nissan Patrol Y61 – ZD30 engine Wheel hub bearings front inner,Axle,Wheel hub bearings front inner,Auto Parts,Pc,"375,288.00","67,552.00","442,840.00"
Nissan Patrol Y61 – ZD30 engine,Nissan Patrol Y61 – ZD30 engine wheel hub bearings rear outer,Axle,wheel hub bearings rear outer,Auto Parts,Pc,"248,024.00","44,644.00","292,668.00"
Nissan Patrol Y61 – ZD30 engine,Nissan Patrol Y61 – ZD30 engine Front grease seals,Axle,Front grease seals,Auto Parts,Pc,"106,540.00","19,177.00","125,717.00"
Nissan Patrol Y61 – ZD30 engine,Nissan Patrol Y61 – ZD30 engine Hub cap,Axle,Hub cap,Auto Parts,Pc,"243,159.00","43,769.00","286,927.00"
Nissan Patrol Y61 – ZD30 engine,Nissan Patrol Y61 – ZD30 engine Accelerator cable,Axle,Accelerator cable,Auto Parts,Pc,"1,725,090.00","310,516.00","2,035,606.00"
Nissan Patrol Y61 – ZD30 engine,Nissan Patrol Y61 – ZD30 engine Rear wheel cylinders,Axle,Rear wheel cylinders,Auto Parts,Pc,"708,513.00","127,532.00","836,046.00"
Nissan Patrol Y61 – ZD30 engine,Nissan Patrol Y61 – ZD30 engine Thrust bearings,Axle,Thrust bearings,Auto Parts,Pc,"708,513.00","127,532.00","836,046.00"
Nissan Patrol Y61 – ZD30 engine,Nissan Patrol Y61 – ZD30 engine wheel bearing seals,Axle,wheel bearing seals,Auto Parts,Pc,"106,540.00","19,177.00","125,717.00"
Nissan Patrol Y61 – ZD30 engine,"Nissan Patrol Y61 – ZD30 engine Wheel locking nuts,Washers & Pin",Axle,"Wheel locking nuts,Washers & Pin",Auto Parts,Pc,"55,634.00","10,014.00","65,648.00"
Nissan Patrol Y61 – ZD30 engine,Nissan Patrol Y61 – ZD30 engine wheel cylinder,Axle,wheel cylinder,Auto Parts,Pc,"708,513.00","127,532.00","836,046.00"
Nissan Patrol Y61 – ZD30 engine,Nissan Patrol Y61 – ZD30 engine Wheel hub bearings front outer,Axle,Wheel hub bearings front outer,Auto Parts,Pc,"375,288.00","67,552.00","442,840.00"
Nissan Patrol Y61 – ZD30 engine,Nissan Patrol Y61 – ZD30 engine wheel hub bearings rear inner,Axle,wheel hub bearings rear inner,Auto Parts,Pc,"248,024.00","44,644.00","292,668.00"
Nissan Patrol Y61 – ZD30 engine,Nissan Patrol Y61 – ZD30 engine Alternator Belts -set,Engine Components,Alternator Belts -set,Auto Parts,Set,"546,749.00","98,415.00","645,164.00"
Nissan Patrol Y61 – ZD30 engine,Nissan Patrol Y61 – ZD30 engine Timing Tensioner,Engine Components,Timing Tensioner,Auto Parts,Pc,"1,716,588.00","308,986.00","2,025,574.00"
Nissan Patrol Y61 – ZD30 engine,"Nissan Patrol Y61 – ZD30 engine Guide,Timing chain loose side",Engine Components,"Guide,Timing chain loose side",Auto Parts,Pc,"317,878.00","57,218.00","375,097.00"
Nissan Patrol Y61 – ZD30 engine,"Nissan Patrol Y61 – ZD30 engine Guide,Timing chain Tension side",Engine Components,"Guide,Timing chain Tension side",Auto Parts,Pc,"317,878.00","57,218.00","375,097.00"
Nissan Patrol Y61 – ZD30 engine,Nissan Patrol Y61 – ZD30 engine Timing chain,Engine Components,Timing chain,Auto Parts,Pc,"369,262.00","66,467.00","435,729.00"
Nissan Patrol Y61 – ZD30 engine,Nissan Patrol Y61 – ZD30 engine Crankshaft oil seal,Engine Components,Crankshaft oil seal,Auto Parts,Pc,"488,383.00","87,909.00","576,292.00"
Nissan Patrol Y61 – ZD30 engine,Nissan Patrol Y61 – ZD30 engine Cylinder head gasket,Engine Components,Cylinder head gasket,Auto Parts,Pc,"923,488.00","166,228.00","1,089,716.00"
Nissan Patrol Y61 – ZD30 engine,Nissan Patrol Y61 – ZD30 engine Engine mountings,Engine Components,Engine mountings,Auto Parts,Pc,"420,509.00","75,692.00","496,201.00"
Nissan Patrol Y61 – ZD30 engine,Nissan Patrol Y61 – ZD30 engine Rocker cover gasket,Engine Components,Rocker cover gasket,Auto Parts,Pc,"280,220.00","50,440.00","330,660.00"
Nissan Patrol Y61 – ZD30 engine,Nissan Patrol Y61 – ZD30 engine Pilot bearing,Engine Components,Pilot bearing,Auto Parts,Pc,"31,291.00","5,632.00","36,923.00"
Nissan Patrol Y61 – ZD30 engine,Nissan Patrol Y61 – ZD30 engine Drain Nut,Engine Components,Drain Nut,Auto Parts,Pc,"20,980.00","3,776.00","24,757.00"
Nissan Patrol Y61 – ZD30 engine,Nissan Patrol Y61 – ZD30 engine Tensioner Gasket,Engine Components,Tensioner Gasket,Auto Parts,Pc,"154,970.00","27,895.00","182,865.00"
Nissan Patrol Y61 – ZD30 engine,"Nissan Patrol Y61 – ZD30 engine Gauge Unit,water temperature",Engine Components,"Gauge Unit,water temperature",Auto Parts,Pc,"5,543,233.00","997,782.00","6,541,015.00"
Nissan Patrol Y61 – ZD30 engine,Nissan Patrol Y61 – ZD30 engine Engine block,Engine Components,Engine block,Auto Parts,Pc,"19,219,537.00","3,459,517.00","22,679,053.00"
Nissan Patrol Y61 – ZD30 engine,Nissan Patrol Y61 – ZD30 engine Piston Ring - set,Engine Components,Piston Ring - set,Auto Parts,Set,"1,342,836.00","241,711.00","1,584,547.00"
Nissan Patrol Y61 – ZD30 engine,Nissan Patrol Y61 – ZD30 engine Pistons,Engine Components,Pistons,Auto Parts,Pc,"598,969.00","107,814.00","706,783.00"
Nissan Patrol Y61 – ZD30 engine,Nissan Patrol Y61 – ZD30 engine Main bearings set,Engine Components,Main bearings set,Auto Parts,Set,"414,551.00","74,619.00","489,171.00"
Nissan Patrol Y61 – ZD30 engine,Nissan Patrol Y61 – ZD30 engine Piece Bearing - Set,Engine Components,Piece Bearing - Set,Auto Parts,Set,"49,011.00","8,822.00","57,833.00"
Nissan Patrol Y61 – ZD30 engine,Nissan Patrol Y61 – ZD30 engine Block Sleeving,Engine Components,Block Sleeving,Auto Parts,Pc,"694,540.00","125,017.00","819,557.00"
Nissan Patrol Y61 – ZD30 engine,Nissan Patrol Y61 – ZD30 engine Overhaul gasket,Engine Components,Overhaul gasket,Auto Parts,Pc,"1,631,319.00","293,637.00","1,924,956.00"
Nissan Patrol Y61 – ZD30 engine,Nissan Patrol Y61 – ZD30 engine Oil pump Assy,Engine Components,Oil pump Assy,Auto Parts,Pc,"3,528,535.00","635,136.00","4,163,671.00"
Nissan Patrol Y61 – ZD30 engine,Nissan Patrol Y61 – ZD30 engine Connecting rods,Engine Components,Connecting rods,Auto Parts,Pc,"1,241,981.00","223,557.00","1,465,538.00"
Nissan Patrol Y61 – ZD30 engine,Nissan Patrol Y61 – ZD30 engine Injector pump,Engine Components,Injector pump,Auto Parts,Pc,"21,871,034.00","3,936,786.00","25,807,820.00"
Nissan Patrol Y61 – ZD30 engine,Nissan Patrol Y61 – ZD30 engine Nozzle,Engine Components,Nozzle,Auto Parts,Pc,"8,389,493.00","1,510,109.00","9,899,602.00"
Nissan Patrol Y61 – ZD30 engine,Nissan Patrol Y61 – ZD30 engine camshaft Re-grinding,Engine Components,camshaft Re-grinding,Auto Parts,Pc,"739,623.00","133,132.00","872,755.00"
Nissan Patrol Y61 – ZD30 engine,Nissan Patrol Y61 – ZD30 engine Cylinder head,Engine Components,Cylinder head,Auto Parts,Pc,"7,156,389.00","1,288,150.00","8,444,539.00"
Nissan Patrol Y61 – ZD30 engine,Nissan Patrol Y61 – ZD30 engine Cylinder head Refacing,Engine Components,Cylinder head Refacing,Auto Parts,Pc,"739,623.00","133,132.00","872,755.00"
Nissan Patrol Y61 – ZD30 engine,Nissan Patrol Y61 – ZD30 engine Line bore,Engine Components,Line bore,Auto Parts,Pc,"694,540.00","125,017.00","819,557.00"
Nissan Patrol Y61 – ZD30 engine,Nissan Patrol Y61 – ZD30 engine Sealant tube - Engine,Engine Components,Sealant tube - Engine,Auto Parts,Pc,"669,165.00","120,450.00","789,615.00"
Nissan Patrol Y61 – ZD30 engine,Nissan Patrol Y61 – ZD30 engine Gasket cylinder head,Engine Components,Gasket cylinder head,Auto Parts,Pc,"923,488.00","166,228.00","1,089,716.00"
Nissan Patrol Y61 – ZD30 engine,Nissan Patrol Y61 – ZD30 engine Coolant hose Pipe,Engine Cooling System,Coolant hose Pipe,Auto Parts,Pc,"769,559.00","138,521.00","908,080.00"
Nissan Patrol Y61 – ZD30 engine,Nissan Patrol Y61 – ZD30 engine Cooling fan,Engine Cooling System,Cooling fan,Auto Parts,Pc,"819,458.00","147,502.00","966,960.00"
Nissan Patrol Y61 – ZD30 engine,Nissan Patrol Y61 – ZD30 engine Fan blade,Engine Cooling System,Fan blade,Auto Parts,Pc,"819,458.00","147,502.00","966,960.00"
Nissan Patrol Y61 – ZD30 engine,Nissan Patrol Y61 – ZD30 engine Radiator complete,Engine Cooling System,Radiator complete,Auto Parts,Pc,"4,298,111.00","773,660.00","5,071,771.00"
Nissan Patrol Y61 – ZD30 engine,Nissan Patrol Y61 – ZD30 engine Radiator pressure cap,Engine Cooling System,Radiator pressure cap,Auto Parts,Pc,"71,015.00","12,783.00","83,798.00"
Nissan Patrol Y61 – ZD30 engine,Nissan Patrol Y61 – ZD30 engine Radiator mountings,Engine Cooling System,Radiator mountings,Auto Parts,Pc,"38,956.00","7,012.00","45,968.00"
Nissan Patrol Y61 – ZD30 engine,Nissan Patrol Y61 – ZD30 engine Bleeder bolt,Engine Cooling System,Bleeder bolt,Auto Parts,Pc,"43,036.00","7,746.00","50,782.00"
Nissan Patrol Y61 – ZD30 engine,Nissan Patrol Y61 – ZD30 engine Reservoir tank pipe,Engine Cooling System,Reservoir tank pipe,Auto Parts,Pc,"124,140.00","22,345.00","146,485.00"
Nissan Patrol Y61 – ZD30 engine,Nissan Patrol Y61 – ZD30 engine Nozzle nipples,Engine Cooling System,Nozzle nipples,Auto Parts,Pc,"71,937.00","12,949.00","84,886.00"
Nissan Patrol Y61 – ZD30 engine,Nissan Patrol Y61 – ZD30 engine Nozzle washers,Engine Cooling System,Nozzle washers,Auto Parts,Pc,"71,937.00","12,949.00","84,886.00"
Nissan Patrol Y61 – ZD30 engine,Nissan Patrol Y61 – ZD30 engine Reservoir tank,Engine Cooling System,Reservoir tank,Auto Parts,Pc,"280,459.00","50,483.00","330,942.00"
Nissan Patrol Y61 – ZD30 engine,Nissan Patrol Y61 – ZD30 engine Air cleaner housing,Engine Cooling System,Air cleaner housing,Auto Parts,Pc,"2,857,799.00","514,404.00","3,372,203.00"
Nissan Patrol Y61 – ZD30 engine,Nissan Patrol Y61 – ZD30 engine Water pipes,Engine Cooling System,Water pipes,Auto Parts,Pc,"375,886.00","67,659.00","443,545.00"
Nissan Patrol Y61 – ZD30 engine,Nissan Patrol Y61 – ZD30 engine Water pump,Engine Cooling System,Water pump,Auto Parts,Pc,"910,821.00","163,948.00","1,074,769.00"
Nissan Patrol Y61 – ZD30 engine,Nissan Patrol Y61 – ZD30 engine Water temperature switch,Engine Cooling System,Water temperature switch,Auto Parts,Pc,"280,374.00","50,467.00","330,841.00"
Nissan Patrol Y61 – ZD30 engine,Nissan Patrol Y61 – ZD30 engine Water pump gasket,Engine Cooling System,Water pump gasket,Auto Parts,Pc,"38,939.00","7,009.00","45,948.00"
Nissan Patrol Y61 – ZD30 engine,Nissan Patrol Y61 – ZD30 engine Clamps,Engine Cooling System,Clamps,Auto Parts,Pc,"20,178.00","3,632.00","23,810.00"
Nissan Patrol Y61 – ZD30 engine,Nissan Patrol Y61 – ZD30 engine Water tank,Engine Cooling System,Water tank,Auto Parts,Pc,"326,647.00","58,796.00","385,443.00"
Nissan Patrol Y61 – ZD30 engine,Nissan Patrol Y61 – ZD30 engine Oil filter,Engine Oil System,Oil filter,Auto Parts,Pc,"147,988.00","26,638.00","174,626.00"
Nissan Patrol Y61 – ZD30 engine,Nissan Patrol Y61 – ZD30 engine Oil filler cap,Engine Oil System,Oil filler cap,Auto Parts,Pc,"65,006.00","11,701.00","76,707.00"
Nissan Patrol Y61 – ZD30 engine,Nissan Patrol Y61 – ZD30 engine Oil switch,Engine Oil System,Oil switch,Auto Parts,Pc,"137,558.00","24,760.00","162,318.00"
Nissan Patrol Y61 – ZD30 engine,Nissan Patrol Y61 – ZD30 engine Oil pump,Engine Oil System,Oil pump,Auto Parts,Pc,"3,552,383.00","639,429.00","4,191,812.00"
Nissan Patrol Y61 – ZD30 engine,Nissan Patrol Y61 – ZD30 engine Oil cooler,Engine Oil System,Oil cooler,Auto Parts,Pc,"3,954,080.00","711,734.00","4,665,814.00"
Nissan Patrol Y61 – ZD30 engine,Nissan Patrol Y61 – ZD30 engine Oil sump gasket,Engine Oil System,Oil sump gasket,Auto Parts,Pc,"669,165.00","120,450.00","789,615.00"
Nissan Patrol Y61 – ZD30 engine,Nissan Patrol Y61 – ZD30 engine Oil cooler pipe,Engine Oil System,Oil cooler pipe,Auto Parts,Pc,"76,922.00","13,846.00","90,768.00"
Nissan Patrol Y61 – ZD30 engine,Nissan Patrol Y61 – ZD30 engine Oil strainer,Engine Oil System,Oil strainer,Auto Parts,Pc,"219,601.00","39,528.00","259,129.00"
Nissan Patrol Y61 – ZD30 engine,Nissan Patrol Y61 – ZD30 engine Oil dipstick,Engine Oil System,Oil dipstick,Auto Parts,Pc,"94,829.00","17,069.00","111,898.00"
Nissan Patrol Y61 – ZD30 engine,Nissan Patrol Y61 – ZD30 engine Oil filler caps,Engine Oil System,Oil filler caps,Auto Parts,Pc,"65,006.00","11,701.00","76,707.00"
Nissan Patrol Y61 – ZD30 engine,Nissan Patrol Y61 – ZD30 engine Oil sump,Engine Oil System,Oil sump,Auto Parts,Pc,"1,275,987.00","229,678.00","1,505,664.00"
Nissan Patrol Y61 – ZD30 engine,Nissan Patrol Y61 – ZD30 engine Oil switch,Engine Oil System,Oil switch,Auto Parts,Pc,"137,558.00","24,760.00","162,318.00"
Nissan Patrol Y61 – ZD30 engine,Nissan Patrol Y61 – ZD30 engine Oil filter bracket,Engine Oil System,Oil filter bracket,Auto Parts,Pc,"3,954,080.00","711,734.00","4,665,814.00"
Nissan Patrol Y61 – ZD30 engine,Nissan Patrol Y61 – ZD30 engine Oil cooler,Engine Oil System,Oil cooler,Auto Parts,Pc,"3,954,080.00","711,734.00","4,665,814.00"
Nissan Patrol Y61 – ZD30 engine,Nissan Patrol Y61 – ZD30 engine Oil sump gasket,Engine Oil System,Oil sump gasket,Auto Parts,Pc,"669,165.00","120,450.00","789,615.00"
Nissan Patrol Y61 – ZD30 engine,"Nissan Patrol Y61 – ZD30 engine Exhaust pipe complete( Silencers,",Exhaust System,"Exhaust pipe complete( Silencers,",Auto Parts,Pc,"10,141,587.00","1,825,486.00","11,967,073.00"
Nissan Patrol Y61 – ZD30 engine,Nissan Patrol Y61 – ZD30 engine Catalytic converter,Exhaust System,Catalytic converter,Auto Parts,Pc,"22,937,696.00","4,128,785.00","27,066,481.00"
Nissan Patrol Y61 – ZD30 engine,Nissan Patrol Y61 – ZD30 engine Compressor repair kit,Exhaust System,Compressor repair kit,Auto Parts,Pc,"13,029,126.00","2,345,243.00","15,374,369.00"
Nissan Patrol Y61 – ZD30 engine,Nissan Patrol Y61 – ZD30 engine Exhaust bolts,Exhaust System,Exhaust bolts,Auto Parts,Pc,"47,048.00","8,469.00","55,516.00"
Nissan Patrol Y61 – ZD30 engine,Nissan Patrol Y61 – ZD30 engine Exhaust clamp,Exhaust System,Exhaust clamp,Auto Parts,Pc,"349,682.00","62,943.00","412,624.00"
Nissan Patrol Y61 – ZD30 engine,Nissan Patrol Y61 – ZD30 engine Exhaust gasket,Exhaust System,Exhaust gasket,Auto Parts,Pc,"23,524.00","4,234.00","27,758.00"
Nissan Patrol Y61 – ZD30 engine,Nissan Patrol Y61 – ZD30 engine Exhaust manifold gasket,Exhaust System,Exhaust manifold gasket,Auto Parts,Pc,"502,740.00","90,493.00","593,233.00"
Nissan Patrol Y61 – ZD30 engine,Nissan Patrol Y61 – ZD30 engine Exhaust mounting,Exhaust System,Exhaust mounting,Auto Parts,Pc,"100,924.00","18,166.00","119,090.00"
Nissan Patrol Y61 – ZD30 engine,Nissan Patrol Y61 – ZD30 engine Exhaust pipe,Exhaust System,Exhaust pipe,Auto Parts,Pc,"2,679,169.00","482,250.00","3,161,419.00"
Nissan Patrol Y61 – ZD30 engine,Nissan Patrol Y61 – ZD30 engine Exhaust silencer,Exhaust System,Exhaust silencer,Auto Parts,Pc,"2,679,169.00","482,250.00","3,161,419.00"
Nissan Patrol Y61 – ZD30 engine,Nissan Patrol Y61 – ZD30 engine Parkin gasket,Exhaust System,Parkin gasket,Auto Parts,Pc,"23,524.00","4,234.00","27,758.00"
Nissan Patrol Y61 – ZD30 engine,Nissan Patrol Y61 – ZD30 engine Exhaust flexible pipe,Exhaust System,Exhaust flexible pipe,Auto Parts,Pc,"4,783,251.00","860,985.00","5,644,236.00"
Nissan Patrol Y61 – ZD30 engine,Nissan Patrol Y61 – ZD30 engine Heat shield,Exhaust System,Heat shield,Auto Parts,Pc,"788,201.00","141,876.00","930,077.00"
Nissan Patrol Y61 – ZD30 engine,Nissan Patrol Y61 – ZD30 engine Fuel injector nozzles,Fuel Supply System,Fuel injector nozzles,Auto Parts,Pc,"8,389,493.00","1,510,109.00","9,899,602.00"
Nissan Patrol Y61 – ZD30 engine,Nissan Patrol Y61 – ZD30 engine Fuel injectors,Fuel Supply System,Fuel injectors,Auto Parts,Pc,"8,389,493.00","1,510,109.00","9,899,602.00"
Nissan Patrol Y61 – ZD30 engine,Nissan Patrol Y61 – ZD30 engine Fuel lift pump,Fuel Supply System,Fuel lift pump,Auto Parts,Pc,"1,089,555.00","196,120.00","1,285,674.00"
Nissan Patrol Y61 – ZD30 engine,Nissan Patrol Y61 – ZD30 engine Fuel nozzle washers,Fuel Supply System,Fuel nozzle washers,Auto Parts,Pc,"15,893.00","2,861.00","18,754.00"
Nissan Patrol Y61 – ZD30 engine,Nissan Patrol Y61 – ZD30 engine Fuel pressure regulator,Fuel Supply System,Fuel pressure regulator,Auto Parts,Pc,"683,931.00","123,108.00","807,039.00"
Nissan Patrol Y61 – ZD30 engine,Nissan Patrol Y61 – ZD30 engine Fuel pump gasket,Fuel Supply System,Fuel pump gasket,Auto Parts,Pc,"89,964.00","16,194.00","106,158.00"
Nissan Patrol Y61 – ZD30 engine,Nissan Patrol Y61 – ZD30 engine Fuel tank,Fuel Supply System,Fuel tank,Auto Parts,Pc,"4,436,096.00","798,497.00","5,234,593.00"
Nissan Patrol Y61 – ZD30 engine,Nissan Patrol Y61 – ZD30 engine Fuel tank cover,Fuel Supply System,Fuel tank cover,Auto Parts,Pc,"255,262.00","45,947.00","301,209.00"
Nissan Patrol Y61 – ZD30 engine,Nissan Patrol Y61 – ZD30 engine Fuel water separator,Fuel Supply System,Fuel water separator,Auto Parts,Pc,"1,150,891.00","207,160.00","1,358,051.00"
Nissan Patrol Y61 – ZD30 engine,Nissan Patrol Y61 – ZD30 engine Injector pump,Fuel Supply System,Injector pump,Auto Parts,Pc,"21,871,034.00","3,936,786.00","25,807,820.00"
Nissan Patrol Y61 – ZD30 engine,Nissan Patrol Y61 – ZD30 engine Intake manifold,Fuel Supply System,Intake manifold,Auto Parts,Pc,"4,857,937.00","874,429.00","5,732,365.00"
Nissan Patrol Y61 – ZD30 engine,Nissan Patrol Y61 – ZD30 engine Fuel horse pipe clamps,Fuel Supply System,Fuel horse pipe clamps,Auto Parts,Pc,"23,370.00","4,207.00","27,577.00"
Nissan Patrol Y61 – ZD30 engine,Nissan Patrol Y61 – ZD30 engine Nozzle,Fuel Supply System,Nozzle,Auto Parts,Pc,"8,389,493.00","1,510,109.00","9,899,602.00"
Nissan Patrol Y61 – ZD30 engine,Nissan Patrol Y61 – ZD30 engine Fuel horse pipe,Fuel Supply System,Fuel horse pipe,Auto Parts,Pc,"127,162.00","22,889.00","150,051.00"
Nissan Patrol Y61 – ZD30 engine,Nissan Patrol Y61 – ZD30 engine Fuel breather pipe,Fuel Supply System,Fuel breather pipe,Auto Parts,Pc,"95,358.00","17,165.00","112,523.00"
Nissan Patrol Y61 – ZD30 engine,Nissan Patrol Y61 – ZD30 engine Tank belt clamp,Fuel Supply System,Tank belt clamp,Auto Parts,Pc,"1,579,099.00","284,238.00","1,863,336.00"
Nissan Patrol Y61 – ZD30 engine,Nissan Patrol Y61 – ZD30 engine Intake manifold gasket,Fuel Supply System,Intake manifold gasket,Auto Parts,Pc,"502,586.00","90,466.00","593,052.00"
Nissan Patrol Y61 – ZD30 engine,"Nissan Patrol Y61 – ZD30 engine End ASSY,tierod LH",Suspension & Steering System,"End ASSY,tierod LH",Auto Parts,Pc,"505,642.00","91,016.00","596,658.00"
Nissan Patrol Y61 – ZD30 engine,"Nissan Patrol Y61 – ZD30 engine End ASSY,tierod RH",Suspension & Steering System,"End ASSY,tierod RH",Auto Parts,Pc,"474,987.00","85,498.00","560,485.00"
Nissan Patrol Y61 – ZD30 engine,Nissan Patrol Y61 – ZD30 engine Front shock dampers,Suspension & Steering System,Front shock dampers,Auto Parts,Pc,"179,830.00","32,369.00","212,200.00"
Nissan Patrol Y61 – ZD30 engine,"Nissan Patrol Y61 – ZD30 engine Bushing, rear shock absorbers",Suspension & Steering System,"Bushing, rear shock absorbers",Auto Parts,Pc,"17,254.00","3,106.00","20,360.00"
Nissan Patrol Y61 – ZD30 engine,Nissan Patrol Y61 – ZD30 engine Shock absorbers - front,Suspension & Steering System,Shock absorbers - front,Auto Parts,Pc,"700,678.00","126,122.00","826,800.00"
Nissan Patrol Y61 – ZD30 engine,Nissan Patrol Y61 – ZD30 engine Shock Absorbers - Rear,Suspension & Steering System,Shock Absorbers - Rear,Auto Parts,Pc,"758,134.00","136,464.00","894,598.00"
Nissan Patrol Y61 – ZD30 engine,"Nissan Patrol Y61 – ZD30 engine Stabilizer Bar ""U"" bushes",Suspension & Steering System,"Stabilizer Bar ""U"" bushes",Auto Parts,Pc,"36,556.00","6,580.00","43,136.00"
Nissan Patrol Y61 – ZD30 engine,Nissan Patrol Y61 – ZD30 engine Stabilizer bar Link RHS,Suspension & Steering System,Stabilizer bar Link RHS,Auto Parts,Pc,"140,896.00","25,361.00","166,258.00"
Nissan Patrol Y61 – ZD30 engine,Nissan Patrol Y61 – ZD30 engine Stabilizer bar link LHS,Suspension & Steering System,Stabilizer bar link LHS,Auto Parts,Pc,"140,896.00","25,361.00","166,258.00"
Nissan Patrol Y61 – ZD30 engine,Nissan Patrol Y61 – ZD30 engine king pin - set,Suspension & Steering System,king pin - set,Auto Parts,Pc,"2,568,742.00","462,374.00","3,031,115.00"
Nissan Patrol Y61 – ZD30 engine,Nissan Patrol Y61 – ZD30 engine Drag link arm,Suspension & Steering System,Drag link arm,Auto Parts,Pc,"1,634,838.00","294,271.00","1,929,109.00"
Nissan Patrol Y61 – ZD30 engine,Nissan Patrol Y61 – ZD30 engine Pinion,Suspension & Steering System,Pinion,Auto Parts,Pc,"7,319,433.00","1,317,498.00","8,636,932.00"
Nissan Patrol Y61 – ZD30 engine,Nissan Patrol Y61 – ZD30 engine Pitman arm,Suspension & Steering System,Pitman arm,Auto Parts,Pc,"611,702.00","110,106.00","721,808.00"
Nissan Patrol Y61 – ZD30 engine,Nissan Patrol Y61 – ZD30 engine Power steering assembly,Suspension & Steering System,Power steering assembly,Auto Parts,Pc,"3,847,784.00","692,601.00","4,540,385.00"
Nissan Patrol Y61 – ZD30 engine,Nissan Patrol Y61 – ZD30 engine Spindle,Suspension & Steering System,Spindle,Auto Parts,Pc,"2,568,742.00","462,374.00","3,031,115.00"
Nissan Patrol Y61 – ZD30 engine,Nissan Patrol Y61 – ZD30 engine Bumping stopper,Suspension & Steering System,Bumping stopper,Auto Parts,Pc,"179,830.00","32,369.00","212,200.00"
Nissan Patrol Y61 – ZD30 engine,Nissan Patrol Y61 – ZD30 engine Steering arm,Suspension & Steering System,Steering arm,Auto Parts,Pc,"611,702.00","110,106.00","721,808.00"
Nissan Patrol Y61 – ZD30 engine,Nissan Patrol Y61 – ZD30 engine Steering box,Suspension & Steering System,Steering box,Auto Parts,Pc,"7,319,433.00","1,317,498.00","8,636,932.00"
Nissan Patrol Y61 – ZD30 engine,Nissan Patrol Y61 – ZD30 engine Steering column assembly,Suspension & Steering System,Steering column assembly,Auto Parts,Pc,"3,291,941.00","592,549.00","3,884,490.00"
Nissan Patrol Y61 – ZD30 engine,Nissan Patrol Y61 – ZD30 engine Steering damper,Suspension & Steering System,Steering damper,Auto Parts,Pc,"523,286.00","94,192.00","617,478.00"
Nissan Patrol Y61 – ZD30 engine,Nissan Patrol Y61 – ZD30 engine Steering shaft,Suspension & Steering System,Steering shaft,Auto Parts,Pc,"1,311,733.00","236,112.00","1,547,845.00"
Nissan Patrol Y61 – ZD30 engine,Nissan Patrol Y61 – ZD30 engine Steering wheel,Suspension & Steering System,Steering wheel,Auto Parts,Pc,"3,094,284.00","556,971.00","3,651,255.00"
Nissan Patrol Y61 – ZD30 engine,Nissan Patrol Y61 – ZD30 engine Steering Pump belt,Suspension & Steering System,Steering Pump belt,Auto Parts,Pc,"390,535.00","70,296.00","460,831.00"
Nissan Patrol Y61 – ZD30 engine,Nissan Patrol Y61 – ZD30 engine Stub axle,Suspension & Steering System,Stub axle,Auto Parts,Pc,"2,117,678.00","381,182.00","2,498,860.00"
Nissan Patrol Y61 – ZD30 engine,Nissan Patrol Y61 – ZD30 engine Track rod,Suspension & Steering System,Track rod,Auto Parts,Pc,"856,475.00","154,165.00","1,010,640.00"
Nissan Patrol Y61 – ZD30 engine,Nissan Patrol Y61 – ZD30 engine Universal joint,Suspension & Steering System,Universal joint,Auto Parts,Pc,"701,812.00","126,326.00","828,138.00"
Nissan Patrol Y61 – ZD30 engine,Nissan Patrol Y61 – ZD30 engine Body Shims,Suspension & Steering System,Body Shims,Auto Parts,Pc,"233,872.00","42,097.00","275,969.00"
Nissan Patrol Y61 – ZD30 engine,Nissan Patrol Y61 – ZD30 engine Clutch plate,Transmission System,Clutch plate,Auto Parts,Pc,"1,203,897.00","216,701.00","1,420,598.00"
Nissan Patrol Y61 – ZD30 engine,Nissan Patrol Y61 – ZD30 engine Clutch pressure plate,Transmission System,Clutch pressure plate,Auto Parts,Pc,"1,381,570.00","248,683.00","1,630,253.00"
Nissan Patrol Y61 – ZD30 engine,Nissan Patrol Y61 – ZD30 engine Release bearing,Transmission System,Release bearing,Auto Parts,Pc,"195,958.00","35,272.00","231,230.00"
Nissan Patrol Y61 – ZD30 engine,Nissan Patrol Y61 – ZD30 engine Dust seals,Transmission System,Dust seals,Auto Parts,Pc,"117,295.00","21,113.00","138,408.00"
Nissan Patrol Y61 – ZD30 engine,Nissan Patrol Y61 – ZD30 engine Clutch Pedal,Transmission System,Clutch Pedal,Auto Parts,Pc,"813,636.00","146,455.00","960,091.00"
Nissan Patrol Y61 – ZD30 engine,Nissan Patrol Y61 – ZD30 engine Clutch cylinder assembly,Transmission System,Clutch cylinder assembly,Auto Parts,Pc,"755,442.00","135,979.00","891,421.00"
Nissan Patrol Y61 – ZD30 engine,Nissan Patrol Y61 – ZD30 engine Clutch pedal,Transmission System,Clutch pedal,Auto Parts,Pc,"813,636.00","146,455.00","960,091.00"
Nissan Patrol Y61 – ZD30 engine,Nissan Patrol Y61 – ZD30 engine Pilot bearing,Transmission System,Pilot bearing,Auto Parts,Pc,"31,291.00","5,632.00","36,923.00"
Nissan Patrol Y61 – ZD30 engine,Nissan Patrol Y61 – ZD30 engine Differential bolts,Transmission System,Differential bolts,Auto Parts,Pc,"12,872.00","2,317.00","15,188.00"
Nissan Patrol Y61 – ZD30 engine,Nissan Patrol Y61 – ZD30 engine Differential case/housing,Transmission System,Differential case/housing,Auto Parts,Pc,"12,244,169.00","2,203,950.00","14,448,119.00"
Nissan Patrol Y61 – ZD30 engine,Nissan Patrol Y61 – ZD30 engine Differential seal,Transmission System,Differential seal,Auto Parts,Pc,"106,540.00","19,177.00","125,717.00"
Nissan Patrol Y61 – ZD30 engine,Nissan Patrol Y61 – ZD30 engine Differential unit complete,Transmission System,Differential unit complete,Auto Parts,Pc,"19,265,168.00","3,467,730.00","22,732,898.00"
Nissan Patrol Y61 – ZD30 engine,Nissan Patrol Y61 – ZD30 engine Flywheel,Transmission System,Flywheel,Auto Parts,Pc,"3,191,093.00","574,397.00","3,765,490.00"
Nissan Patrol Y61 – ZD30 engine,Nissan Patrol Y61 – ZD30 engine Gearbox oil seal,Transmission System,Gearbox oil seal,Auto Parts,Pc,"176,411.00","31,754.00","208,165.00"
Nissan Patrol Y61 – ZD30 engine,Nissan Patrol Y61 – ZD30 engine Gear ring,Transmission System,Gear ring,Auto Parts,Pc,"6,757,935.00","1,216,428.00","7,974,364.00"
Nissan Patrol Y61 – ZD30 engine,Nissan Patrol Y61 – ZD30 engine Gear box Assembly /Complete,Transmission System,Gear box Assembly /Complete,Auto Parts,Pc,"28,576,834.00","5,143,830.00","33,720,664.00"
Nissan Patrol Y61 – ZD30 engine,Nissan Patrol Y61 – ZD30 engine Gearbox mounting,Transmission System,Gearbox mounting,Auto Parts,Pc,"420,509.00","75,692.00","496,201.00"
Nissan Patrol Y61 – ZD30 engine,Nissan Patrol Y61 – ZD30 engine Master cylinder,Transmission System,Master cylinder,Auto Parts,Pc,"755,442.00","135,979.00","891,421.00"
Nissan Patrol Y61 – ZD30 engine,Nissan Patrol Y61 – ZD30 engine Propeller shaft complete,Transmission System,Propeller shaft complete,Auto Parts,Pc,"6,498,218.00","1,169,679.00","7,667,897.00"
Nissan Patrol Y61 – ZD30 engine,Nissan Patrol Y61 – ZD30 engine Slave cylinder,Transmission System,Slave cylinder,Auto Parts,Pc,"470,134.00","84,624.00","554,759.00"
Nissan Patrol Y61 – ZD30 engine,Nissan Patrol Y61 – ZD30 engine Stopper rubbers,Transmission System,Stopper rubbers,Auto Parts,Pc,"251,763.00","45,317.00","297,080.00"
Nissan Patrol Y61 – ZD30 engine,Nissan Patrol Y61 – ZD30 engine Transfer case,Transmission System,Transfer case,Auto Parts,Pc,"31,680,831.00","5,702,550.00","37,383,381.00"
Nissan Patrol Y61 – ZD30 engine,Nissan Patrol Y61 – ZD30 engine Transfer gearbox mounting,Transmission System,Transfer gearbox mounting,Auto Parts,Pc,"420,509.00","75,692.00","496,201.00"
Nissan Patrol Y61 – ZD30 engine,Nissan Patrol Y61 – ZD30 engine Return Spring,Transmission System,Return Spring,Auto Parts,Pc,"15,415.00","2,775.00","18,190.00"
Nissan Patrol Y61 – ZD30 engine,Nissan Patrol Y61 – ZD30 engine Flywheel assembly,Transmission System,Flywheel assembly,Auto Parts,Pc,"12,422,663.00","2,236,079.00","14,658,742.00"
Nissan Patrol Y61 – ZD30 engine,Nissan Patrol Y61 – ZD30 engine Stud,Transmission System,Stud,Auto Parts,Pc,"27,177.00","4,892.00","32,069.00"
Nissan Patrol Y61 – ZD30 engine,Nissan Patrol Y61 – ZD30 engine Spot nuts,Transmission System,Spot nuts,Auto Parts,Pc,"24,804.00","4,465.00","29,269.00"
Nissan Patrol Y61 – ZD30 engine,Nissan Patrol Y61 – ZD30 engine Spare Tyre Winch,Transmission System,Spare Tyre Winch,Auto Parts,Pc,"216,955.00","39,052.00","256,007.00"
Nissan Patrol Y61 – ZD30 engine,Nissan Patrol Y61 – ZD30 engine Rim,Transmission System,Rim,Auto Parts,Pc,"1,729,016.00","311,223.00","2,040,239.00"
Nissan Patrol Y61 – ZD30 engine,Nissan Patrol Y61 – ZD30 engine Wheel hub bearing Inner,Transmission System,Wheel hub bearing Inner,Auto Parts,Pc,"375,288.00","67,552.00","442,840.00"
Nissan Patrol Y61 – ZD30 engine,Nissan Patrol Y61 – ZD30 engine Wheel hub bearing outer,Transmission System,Wheel hub bearing outer,Auto Parts,Pc,"248,024.00","44,644.00","292,668.00"
Nissan Patrol Y61 – ZD30 engine,Nissan Patrol Y61 – ZD30 engine Tyre Puncture Repair,Transmission System,Tyre Puncture Repair,Auto Parts,Pc,"45,161.00","8,129.00","53,290.00"
Nissan Patrol Y61 – ZD30 engine,Nissan Patrol Y61 – ZD30 engine A/C Compressor pump,Air Conditioning System,A/C Compressor pump,Auto Parts,Pc,"13,029,126.00","2,345,243.00","15,374,369.00"
Nissan Patrol Y61 – ZD30 engine,Nissan Patrol Y61 – ZD30 engine A/C Condenser,Air Conditioning System,A/C Condenser,Auto Parts,Pc,"3,340,584.00","601,305.00","3,941,889.00"
Nissan Patrol Y61 – ZD30 engine,Nissan Patrol Y61 – ZD30 engine A/C Expansion valve,Air Conditioning System,A/C Expansion valve,Auto Parts,Pc,"685,212.00","123,338.00","808,550.00"
Nissan Patrol Y61 – ZD30 engine,Nissan Patrol Y61 – ZD30 engine A/C Hose,Air Conditioning System,A/C Hose,Auto Parts,Pc,"2,225,201.00","400,536.00","2,625,737.00"
Nissan Patrol Y61 – ZD30 engine,Nissan Patrol Y61 – ZD30 engine A/C belt,Air Conditioning System,A/C belt,Auto Parts,Pc,"546,749.00","98,415.00","645,164.00"
Nissan Patrol Y61 – ZD30 engine,Nissan Patrol Y61 – ZD30 engine A/C evaporators,Air Conditioning System,A/C evaporators,Auto Parts,Pc,"7,539,786.00","1,357,161.00","8,896,947.00"
Nissan Patrol Y61 – ZD30 engine,Nissan Patrol Y61 – ZD30 engine A/C relays,Air Conditioning System,A/C relays,Auto Parts,Pc,"202,018.00","36,363.00","238,381.00"
Nissan Patrol Y61 – ZD30 engine,Nissan Patrol Y61 – ZD30 engine A/C Refilling,Air Conditioning System,A/C Refilling,Auto Parts,Gramm,318,57,375
Nissan Patrol Y61 – ZD30 engine,Nissan Patrol Y61 – ZD30 engine A/C Regulator switch,Air Conditioning System,A/C Regulator switch,Auto Parts,Pc,"299,613.00","53,930.00","353,543.00"
Nissan Patrol Y61 – ZD30 engine,Nissan Patrol Y61 – ZD30 engine A/C Relay,Air Conditioning System,A/C Relay,Auto Parts,Pc,"202,018.00","36,363.00","238,381.00"
Nissan Patrol Y61 – ZD30 engine,Nissan Patrol Y61 – ZD30 engine A/C Schrader valve,Air Conditioning System,A/C Schrader valve,Auto Parts,Pc,"357,466.00","64,344.00","421,810.00"
Nissan Patrol Y61 – ZD30 engine,Nissan Patrol Y61 – ZD30 engine A/C Valve,Air Conditioning System,A/C Valve,Auto Parts,Pc,"357,466.00","64,344.00","421,810.00"
Nissan Patrol Y61 – ZD30 engine,Nissan Patrol Y61 – ZD30 engine Washer hose,Wiper System,Washer hose,Auto Parts,Pc,"381,946.00","68,750.00","450,696.00"
Nissan Patrol Y61 – ZD30 engine,Nissan Patrol Y61 – ZD30 engine Wiper blade LHS,Wiper System,Wiper blade LHS,Auto Parts,Pc,"194,541.00","35,017.00","229,558.00"
Nissan Patrol Y61 – ZD30 engine,Nissan Patrol Y61 – ZD30 engine Wiper blade RHS,Wiper System,Wiper blade RHS,Auto Parts,Pc,"175,950.00","31,671.00","207,622.00"
Nissan Patrol Y61 – ZD30 engine,Nissan Patrol Y61 – ZD30 engine Wiper motor,Wiper System,Wiper motor,Auto Parts,Pc,"2,950,614.00","531,111.00","3,481,725.00"
Nissan Patrol Y61 – ZD30 engine,Nissan Patrol Y61 – ZD30 engine Wiper arm ( LHS& RHS),Wiper System,Wiper arm ( LHS& RHS),Auto Parts,Pc,"363,202.00","65,376.00","428,578.00"
Nissan Patrol Y61 – ZD30 engine,Nissan Patrol Y61 – ZD30 engine Wiper nozzle,Wiper System,Wiper nozzle,Auto Parts,Pc,"71,937.00","12,949.00","84,886.00"
Nissan Patrol Y61 – ZD30 engine,Nissan Patrol Y61 – ZD30 engine Head lamp Bulbs,Electrical System,Head lamp Bulbs,Auto Parts,Pc,"317,418.00","57,135.00","374,553.00"
Nissan Patrol Y61 – ZD30 engine,Nissan Patrol Y61 – ZD30 engine Head lamp Assy ( Right and Left),Electrical System,Head lamp Assy ( Right and Left),Auto Parts,Pc,"1,647,314.00","296,517.00","1,943,831.00"
Nissan Patrol Y61 – ZD30 engine,Nissan Patrol Y61 – ZD30 engine Glow plugs,Electrical System,Glow plugs,Auto Parts,Pc,"486,488.00","87,568.00","574,056.00"
Nissan Patrol Y61 – ZD30 engine,Nissan Patrol Y61 – ZD30 engine Parking bulb,Electrical System,Parking bulb,Auto Parts,Pc,"25,197.00","4,535.00","29,732.00"
Nissan Patrol Y61 – ZD30 engine,Nissan Patrol Y61 – ZD30 engine Brake bulbs ( Double and single),Electrical System,Brake bulbs ( Double and single),Auto Parts,Pc,"31,001.00","5,580.00","36,581.00"
Nissan Patrol Y61 – ZD30 engine,Nissan Patrol Y61 – ZD30 engine Amps fuses in Range from 10 - 50,Electrical System,Amps fuses in Range from 10 - 50,Auto Parts,Pc,"9,639.00","1,735.00","11,374.00"
Nissan Patrol Y61 – ZD30 engine,Nissan Patrol Y61 – ZD30 engine Alternator complete,Electrical System,Alternator complete,Auto Parts,Pc,"7,080,577.00","1,274,504.00","8,355,080.00"
Nissan Patrol Y61 – ZD30 engine,Nissan Patrol Y61 – ZD30 engine Sport light,Electrical System,Sport light,Auto Parts,Pc,"462,572.00","83,263.00","545,835.00"
Nissan Patrol Y61 – ZD30 engine,Nissan Patrol Y61 – ZD30 engine Sport bulb,Electrical System,Sport bulb,Auto Parts,Pc,"462,572.00","83,263.00","545,835.00"
Nissan Patrol Y61 – ZD30 engine,Nissan Patrol Y61 – ZD30 engine Door glass switch,Electrical System,Door glass switch,Auto Parts,Pc,"1,245,788.00","224,242.00","1,470,030.00"
Nissan Patrol Y61 – ZD30 engine,Nissan Patrol Y61 – ZD30 engine Window regulators,Electrical System,Window regulators,Auto Parts,Pc,"748,784.00","134,781.00","883,565.00"
Nissan Patrol Y61 – ZD30 engine,Nissan Patrol Y61 – ZD30 engine Window motors,Electrical System,Window motors,Auto Parts,Pc,"2,778,488.00","500,128.00","3,278,616.00"
Nissan Patrol Y61 – ZD30 engine,Nissan Patrol Y61 – ZD30 engine Indicator bulbs,Electrical System,Indicator bulbs,Auto Parts,Pc,"34,808.00","6,265.00","41,073.00"
Nissan Patrol Y61 – ZD30 engine,Nissan Patrol Y61 – ZD30 engine Starter motor complete,Electrical System,Starter motor complete,Auto Parts,Pc,"5,903,499.00","1,062,630.00","6,966,129.00"
Nissan Patrol Y61 – ZD30 engine,Nissan Patrol Y61 – ZD30 engine Tail lights,Electrical System,Tail lights,Auto Parts,Pc,"806,313.00","145,136.00","951,449.00"
Nissan Patrol Y61 – ZD30 engine,Nissan Patrol Y61 – ZD30 engine Flasher Unit,Electrical System,Flasher Unit,Auto Parts,Pc,"286,741.00","51,613.00","338,354.00"
Nissan Patrol Y61 – ZD30 engine,Nissan Patrol Y61 – ZD30 engine Maintenance free battery N70 ( 1,Electrical System,Maintenance free battery N70 ( 1,Auto Parts,Pc,"745,763.00","134,237.00","880,000.00"
Nissan Patrol Y61 – ZD30 engine,Nissan Patrol Y61 – ZD30 engine Door mirror switches,Electrical System,Door mirror switches,Auto Parts,Pc,"1,245,788.00","224,242.00","1,470,030.00"
Nissan Patrol Y61 – ZD30 engine,Nissan Patrol Y61 – ZD30 engine Auto bulbs,Electrical System,Auto bulbs,Auto Parts,Pc,"196,419.00","35,355.00","231,774.00"
Nissan Patrol Y61 – ZD30 engine,Nissan Patrol Y61 – ZD30 engine Radio as specified in the vehicle,Electrical System,Radio as specified in the vehicle,Auto Parts,Pc,"9,295,022.00","1,673,104.00","10,968,126.00"
Nissan Patrol Y61 – ZD30 engine,Nissan Patrol Y61 – ZD30 engine Side Mirror Assembly - set,Electrical System,Side Mirror Assembly - set,Auto Parts,Pc,"3,186,057.00","573,490.00","3,759,547.00"
Nissan Patrol Y61 – ZD30 engine,Nissan Patrol Y61 – ZD30 engine Wind Screen,Electrical System,Wind Screen,Auto Parts,Pc,"3,149,474.00","566,905.00","3,716,379.00"
Nissan Patrol Y61 – ZD30 engine,Nissan Patrol Y61 – ZD30 engine Mad flap,Electrical System,Mad flap,Auto Parts,Pc,"791,683.00","142,503.00","934,186.00"
Nissan Patrol Y61 – ZD30 engine,"Nissan Patrol Y61 – ZD30 engine Door Glass (Driver, co-driver, rea",Electrical System,"Door Glass (Driver, co-driver, rea",Auto Parts,Pc,"791,683.00","142,503.00","934,186.00"
Nissan Patrol Y61 – ZD30 engine,Nissan Patrol Y61 – ZD30 engine Front grill,Electrical System,Front grill,Auto Parts,Pc,"1,529,388.00","275,290.00","1,804,678.00"
Nissan Patrol Y61 – ZD30 engine,Nissan Patrol Y61 – ZD30 engine Door handle,Electrical System,Door handle,Auto Parts,Pc,"594,599.00","107,028.00","701,627.00"
Nissan Patrol Y61 – ZD30 engine,Nissan Patrol Y61 – ZD30 engine Radio Aerial,Electrical System,Radio Aerial,Auto Parts,Pc,"794,722.00","143,050.00","937,772.00"
Nissan Patrol Y61 – ZD30 engine,Nissan Patrol Y61 – ZD30 engine Door locks,Electrical System,Door locks,Auto Parts,Pc,"358,098.00","64,458.00","422,555.00"
Nissan Patrol Y61 – ZD30 engine,Nissan Patrol Y61 – ZD30 engine Front bumper,Electrical System,Front bumper,Auto Parts,Pc,"2,030,779.00","365,540.00","2,396,320.00"
Nissan Patrol Y61 – ZD30 engine,Nissan Patrol Y61 – ZD30 engine Rear bumper,Electrical System,Rear bumper,Auto Parts,Pc,"1,726,199.00","310,716.00","2,036,915.00"
Nissan Patrol Y61 – ZD30 engine,Nissan Patrol Y61 – ZD30 engine Bonnet Cable,Electrical System,Bonnet Cable,Auto Parts,Pc,"335,530.00","60,395.00","395,925.00"
Nissan Patrol Y61 – ZD30 engine,Nissan Patrol Y61 – ZD30 engine Reflectors,Electrical System,Reflectors,Auto Parts,Set,"99,355.00","17,884.00","117,239.00"
Nissan Patrol Y61 – ZD30 engine,Nissan Patrol Y61 – ZD30 engine Driving Mirror,Electrical System,Driving Mirror,Auto Parts,Pc,"761,980.00","137,156.00","899,136.00"
Nissan Patrol Y61 – ZD30 engine,Nissan Patrol Y61 – ZD30 engine Sun Visor,Electrical System,Sun Visor,Auto Parts,Pc,"377,490.00","67,948.00","445,439.00"
Nissan Patrol Y61 – ZD30 engine,Nissan Patrol Y61 – ZD30 engine Fuel tank cover,Electrical System,Fuel tank cover,Auto Parts,Pc,"255,262.00","45,947.00","301,209.00"
Nissan Patrol Y61 – ZD30 engine,Nissan Patrol Y61 – ZD30 engine Water washers,Electrical System,Water washers,Auto Parts,Pc,"71,937.00","12,949.00","84,886.00"
Nissan Patrol Y61 – ZD30 engine,Nissan Patrol Y61 – ZD30 engine Jack -,Electrical System,Jack -,Auto Parts,Pc,"1,433,193.00","257,975.00","1,691,168.00"
Nissan Patrol Y61 – ZD30 engine,Nissan Patrol Y61 – ZD30 engine Wheel Spanner,Electrical System,Wheel Spanner,Auto Parts,Pc,"216,955.00","39,052.00","256,007.00"
Nissan Patrol Y61 – ZD30 engine,Nissan Patrol Y61 – ZD30 engine Jack - Handle,Electrical System,Jack - Handle,Auto Parts,Pc,"220,301.00","39,654.00","259,955.00"
Nissan Patrol Y61 – ZD30 engine,Nissan Patrol Y61 – ZD30 engine Warning Triangle,Electrical System,Warning Triangle,Auto Parts,Pc,"135,484.00","24,387.00","159,871.00"
Nissan Patrol Y61 – ZD30 engine,Nissan Patrol Y61 – ZD30 engine Body Mountings,Other Miscellaneous Parts,Body Mountings,Auto Parts,Pc,"327,421.00","58,936.00","386,357.00"
Nissan Patrol Y61 – ZD30 engine,Nissan Patrol Y61 – ZD30 engine Flasher Circuit,Other Miscellaneous Parts,Flasher Circuit,Auto Parts,Pc,"286,741.00","51,613.00","338,354.00"
Nissan Patrol Y61 – ZD30 engine,Nissan Patrol Y61 – ZD30 engine Door winding machine,Other Miscellaneous Parts,Door winding machine,Auto Parts,Pc,"748,784.00","134,781.00","883,565.00"
Nissan Patrol Y61 – ZD30 engine,Nissan Patrol Y61 – ZD30 engine Bonnet mounting,Other Miscellaneous Parts,Bonnet mounting,Auto Parts,Pc,"38,939.00","7,009.00","45,948.00"
Nissan Patrol Y61 – ZD30 engine,Nissan Patrol Y61 – ZD30 engine Bonnet lock,Other Miscellaneous Parts,Bonnet lock,Auto Parts,Pc,"299,613.00","53,930.00","353,543.00"
Nissan Patrol Y61 – ZD30 engine,Nissan Patrol Y61 – ZD30 engine Bulbs (12v double filament),Other Miscellaneous Parts,Bulbs (12v double filament),Auto Parts,Pc,"31,001.00","5,580.00","36,581.00"
Nissan Patrol Y61 – ZD30 engine,Nissan Patrol Y61 – ZD30 engine Bulbs (12v single filament),Other Miscellaneous Parts,Bulbs (12v single filament),Auto Parts,Pc,"6,675.00","1,201.00","7,876.00"
Nissan Patrol Y61 – ZD30 engine,Nissan Patrol Y61 – ZD30 engine Bulbs (24v double filament),Other Miscellaneous Parts,Bulbs (24v double filament),Auto Parts,Pc,"27,097.00","4,877.00","31,974.00"
Nissan Patrol Y61 – ZD30 engine,Nissan Patrol Y61 – ZD30 engine Bulbs (24v single filament),Other Miscellaneous Parts,Bulbs (24v single filament),Auto Parts,Pc,"6,774.00","1,219.00","7,994.00"
Nissan Patrol Y61 – ZD30 engine,Nissan Patrol Y61 – ZD30 engine Bulbs (halogen for headlamps),Other Miscellaneous Parts,Bulbs (halogen for headlamps),Auto Parts,Pc,"75,488.00","13,588.00","89,076.00"
Nissan Patrol Y61 – ZD30 engine,Nissan Patrol Y61 – ZD30 engine Cotter Pin,Other Miscellaneous Parts,Cotter Pin,Auto Parts,Pc,802,144,947
Nissan Patrol Y61 – ZD30 engine,Nissan Patrol Y61 – ZD30 engine Dashboard,Other Miscellaneous Parts,Dashboard,Auto Parts,Pc,"6,074,158.00","1,093,348.00","7,167,506.00"
Nissan Patrol Y61 – ZD30 engine,Nissan Patrol Y61 – ZD30 engine Door - front,Other Miscellaneous Parts,Door - front,Auto Parts,Pc,"4,676,062.00","841,691.00","5,517,754.00"
Nissan Patrol Y61 – ZD30 engine,Nissan Patrol Y61 – ZD30 engine Door - hind gate,Other Miscellaneous Parts,Door - hind gate,Auto Parts,Pc,"4,629,920.00","833,386.00","5,463,305.00"
Nissan Patrol Y61 – ZD30 engine,Nissan Patrol Y61 – ZD30 engine Door - rear,Other Miscellaneous Parts,Door - rear,Auto Parts,Pc,"3,759,130.00","676,643.00","4,435,773.00"
Nissan Patrol Y61 – ZD30 engine,Nissan Patrol Y61 – ZD30 engine Drag link,Other Miscellaneous Parts,Drag link,Auto Parts,Pc,"2,288,773.00","411,979.00","2,700,752.00"
Nissan Patrol Y61 – ZD30 engine,Nissan Patrol Y61 – ZD30 engine Floor carpets,Other Miscellaneous Parts,Floor carpets,Auto Parts,Set,"1,468,547.00","264,338.00","1,732,886.00"
Nissan Patrol Y61 – ZD30 engine,Nissan Patrol Y61 – ZD30 engine Horn,Other Miscellaneous Parts,Horn,Auto Parts,Pc,"518,001.00","93,240.00","611,242.00"
Nissan Patrol Y61 – ZD30 engine,Nissan Patrol Y61 – ZD30 engine Rivets,Other Miscellaneous Parts,Rivets,Auto Parts,Pc,"27,638.00","4,975.00","32,613.00"
Nissan Patrol Y61 – ZD30 engine,Nissan Patrol Y61 – ZD30 engine Seat covers,Other Miscellaneous Parts,Seat covers,Auto Parts,Set,"5,300,000.00","954,000.00","6,254,000.00"
Nissan Patrol Y61 – ZD30 engine,Nissan Patrol Y61 – ZD30 engine Shims,Other Miscellaneous Parts,Shims,Auto Parts,Pc,"42,916.00","7,725.00","50,641.00"
Nissan Patrol Y61 – ZD30 engine,Nissan Patrol Y61 – ZD30 engine Studs,Other Miscellaneous Parts,Studs,Auto Parts,Pc,"27,177.00","4,892.00","32,069.00"
Nissan Patrol Y61 – ZD30 engine,Nissan Patrol Y61 – ZD30 engine Bull bars,Other Miscellaneous Parts,Bull bars,Auto Parts,Pc,"8,028,406.00","1,445,113.00","9,473,519.00"
Nissan Patrol Y61 – ZD30 engine,Nissan Patrol Y61 – ZD30 engine Tow bars,Other Miscellaneous Parts,Tow bars,Auto Parts,Pc,"6,640,534.00","1,195,296.00","7,835,830.00"
Nissan Patrol Y61 – ZD30 engine,Nissan Patrol Y61 – ZD30 engine Boot lock & keys,Other Miscellaneous Parts,Boot lock & keys,Auto Parts,Pc,"651,035.00","117,186.00","768,222.00"
Nissan Patrol Y61 – ZD30 engine,Nissan Patrol Y61 – ZD30 engine central locking switch,Other Miscellaneous Parts,central locking switch,Auto Parts,Pc,"1,580,645.00","284,516.00","1,865,161.00"
Nissan Patrol Y61 – ZD30 engine,Nissan Patrol Y61 – ZD30 engine Drivers seat belts,Other Miscellaneous Parts,Drivers seat belts,Auto Parts,Pc,"1,670,975.00","300,775.00","1,971,750.00"
Nissan Patrol Y61 – ZD30 engine,Nissan Patrol Y61 – ZD30 engine First Aid kit,Other Miscellaneous Parts,First Aid kit,Auto Parts,Pc,"135,484.00","24,387.00","159,871.00"
Nissan Patrol Y61 – ZD30 engine,Nissan Patrol Y61 – ZD30 engine Door mirror glasses,Other Miscellaneous Parts,Door mirror glasses,Auto Parts,Pc,"312,962.00","56,333.00","369,295.00"
Nissan Patrol Y61 – ZD30 engine,Nissan Patrol Y61 – ZD30 engine Door glasses,Other Miscellaneous Parts,Door glasses,Auto Parts,Pc,"2,386,914.00","429,645.00","2,816,558.00"
Nissan Patrol Y61 – ZD30 engine,Nissan Patrol Y61 – ZD30 engine Rear view mirrors,Other Miscellaneous Parts,Rear view mirrors,Auto Parts,Pc,"761,980.00","137,156.00","899,136.00"
Nissan Patrol Y61 – ZD30 engine,Nissan Patrol Y61 – ZD30 engine Sun roof glasses,Other Miscellaneous Parts,Sun roof glasses,Auto Parts,Pc,"6,099,884.00","1,097,979.00","7,197,863.00"
Nissan Patrol Y61 – ZD30 engine,Nissan Patrol Y61 – ZD30 engine Bumpers,Other Miscellaneous Parts,Bumpers,Auto Parts,Pc,"2,030,779.00","365,540.00","2,396,320.00"
Nissan Patrol Y61 – ZD30 engine,Nissan Patrol Y61 – ZD30 engine Bumper cross member,Other Miscellaneous Parts,Bumper cross member,Auto Parts,Pc,"2,503,253.00","450,585.00","2,953,838.00"
Nissan Patrol Y61 – ZD30 engine,Nissan Patrol Y61 – ZD30 engine Side steps,Other Miscellaneous Parts,Side steps,Auto Parts,Pc,"6,760,645.00","1,216,916.00","7,977,561.00"
Nissan Patrol Y61 – ZD30 engine,Nissan Patrol Y61 – ZD30 engine Four wheel drive locks,Other Miscellaneous Parts,Four wheel drive locks,Auto Parts,Pc,"3,465,748.00","623,835.00","4,089,582.00"
Nissan Patrol Y61 – ZD30 engine,Nissan Patrol Y61 – ZD30 engine Transport charges in case of Brea,Other Miscellaneous Parts,Transport charges in case of Brea,Auto Parts,KM,"10,000.00","1,800.00","11,800.00"
Nissan Patrol Y61 – ZD30 engine,Nissan Patrol Y61 – ZD30 engine Engine oil (Diesel engine oil),Service,Engine oil (Diesel engine oil),Auto Parts,Litre,"237,257.00","42,706.00","279,964.00"
Nissan Patrol Y61 – ZD30 engine,Nissan Patrol Y61 – ZD30 engine Brake fluid,Service,Brake fluid,Auto Parts,0.25L,"19,090.00","3,436.00","22,526.00"
Nissan Patrol Y61 – ZD30 engine,Nissan Patrol Y61 – ZD30 engine Transmission oil GL4 75-W85,Service,Transmission oil GL4 75-W85,Auto Parts,Litre,"205,886.00","37,059.00","242,946.00"
Nissan Patrol Y61 – ZD30 engine,Nissan Patrol Y61 – ZD30 engine Coolant Total,Service,Coolant Total,Auto Parts,Litre,"422,592.00","76,067.00","498,659.00"
Nissan Patrol Y61 – ZD30 engine,Nissan Patrol Y61 – ZD30 engine ATF FLUIDMATIC D2 1L,Service,ATF FLUIDMATIC D2 1L,Auto Parts,Litre,"70,905.00","12,763.00","83,667.00"
Nissan Patrol Y61 – ZD30 engine,Nissan Patrol Y61 – ZD30 engine FILTER ASSY-OIL,Sundry,FILTER ASSY-OIL,Auto Parts,PC,"116,319.00","20,937.00","65,231.00"
Nissan Patrol Y61 – ZD30 engine,Nissan Patrol Y61 – ZD30 engine FILTER ASSY-FUE,Sundry,FILTER ASSY-FUE,Auto Parts,PC,"375,647.00","67,616.00","217,276.00"
Nissan Patrol Y61 – ZD30 engine,Nissan Patrol Y61 – ZD30 engine ELEMENT ASSY,Sundry,ELEMENT ASSY,Auto Parts,PC,"371,854.00","66,934.00","438,788.00"
Nissan Patrol Y61 – ZD30 engine,Nissan Patrol Y61 – ZD30 engine GEAR OIL-HYPOID 1L(Fr Diff),Sundry,GEAR OIL-HYPOID 1L(Fr Diff),Auto Parts,Litre,"300,559.00","54,101.00","89,603.00"
Nissan Patrol Y61 – ZD30 engine,Nissan Patrol Y61 – ZD30 engine WASHER DRAIN,Sundry,WASHER DRAIN,Auto Parts,PC,"6,273.00","1,129.00","7,403.00"
Ford vehicles – T6,Ford vehicles – T6 ABS steel pin,Brake System,ABS steel pin,Auto Parts,PCS,"189,532.00","34,116.00","223,648.00"
Ford vehicles – T6,Ford vehicles – T6 ABS sensor front,Brake System,ABS sensor front,Auto Parts,PCS,"327,226.00","58,901.00","386,126.00"
Ford vehicles – T6,Ford vehicles – T6 ABS Sensor rear,Brake System,ABS Sensor rear,Auto Parts,PCS,"346,839.00","62,431.00","409,270.00"
Ford vehicles – T6,Ford vehicles – T6 Brake booster,Brake System,Brake booster,Auto Parts,PCS,"1,371,613.00","246,890.00","1,618,503.00"
Ford vehicles – T6,Ford vehicles – T6 Carrier caliper BKT,Brake System,Carrier caliper BKT,Auto Parts,PCS,"824,387.00","148,390.00","972,777.00"
Ford vehicles – T6,Ford vehicles – T6 Caliper kit Repair,Brake System,Caliper kit Repair,Auto Parts,PCS,"824,387.00","148,390.00","972,777.00"
Ford vehicles – T6,Ford vehicles – T6 Brake caliper,Brake System,Brake caliper,Auto Parts,PCS,"824,387.00","148,390.00","972,777.00"
Ford vehicles – T6,Ford vehicles – T6 Brake disc,Brake System,Brake disc,Auto Parts,PCS,"794,323.00","142,978.00","937,301.00"
Ford vehicles – T6,Ford vehicles – T6 Brake Drum,Brake System,Brake Drum,Auto Parts,PCS,"1,479,355.00","266,284.00","1,745,639.00"
Ford vehicles – T6,Ford vehicles – T6 Brake light switche,Brake System,Brake light switche,Auto Parts,PCS,"193,032.00","34,746.00","227,778.00"
Ford vehicles – T6,Ford vehicles – T6 Brake shoes,Brake System,Brake shoes,Auto Parts,PCS,"1,181,032.00","212,586.00","1,393,618.00"
Ford vehicles – T6,Ford vehicles – T6 Brake pads,Brake System,Brake pads,Auto Parts,PCS,"904,387.00","162,790.00","1,067,177.00"
Ford vehicles – T6,Ford vehicles – T6 Brake servo,Brake System,Brake servo,Auto Parts,PCS,"1,371,613.00","246,890.00","1,618,503.00"
Ford vehicles – T6,Ford vehicles – T6 Brake Pump,Brake System,Brake Pump,Auto Parts,PCS,"6,319,355.00","1,137,484.00","7,456,839.00"
Ford vehicles – T6,Ford vehicles – T6 Tube slave cylinder,Brake System,Tube slave cylinder,Auto Parts,PCS,"623,351.00","112,203.00","735,554.00"
Ford vehicles – T6,Ford vehicles – T6 Slave cylinder,Brake System,Slave cylinder,Auto Parts,PCS,"470,829.00","84,749.00","555,578.00"
Ford vehicles – T6,Ford vehicles – T6 Master cylinder,Brake System,Master cylinder,Auto Parts,PCS,"511,291.00","92,032.00","603,324.00"
Ford vehicles – T6,Ford vehicles – T6 Park Brake Lever Handle,Brake System,Park Brake Lever Handle,Auto Parts,PCS,"97,560.00","17,561.00","115,121.00"
Ford vehicles – T6,Ford vehicles – T6 Hand brake cables,Brake System,Hand brake cables,Auto Parts,PCS,"658,194.00","118,475.00","776,668.00"
Ford vehicles – T6,Ford vehicles – T6 Master cylinder kit,Brake System,Master cylinder kit,Auto Parts,PCS,"1,153,290.00","207,592.00","1,360,883.00"
Ford vehicles – T6,Ford vehicles – T6 Skimming disc,Brake System,Skimming disc,Auto Parts,L/S,"80,645.00","14,516.00","95,161.00"
Ford vehicles – T6,Ford vehicles – T6 Skimming drum,Brake System,Skimming drum,Auto Parts,L/S,"80,645.00","14,516.00","95,161.00"
Ford vehicles – T6,Ford vehicles – T6 Wheel Cylinder repair kit,Brake System,Wheel Cylinder repair kit,Auto Parts,PCS,"432,129.00","77,783.00","509,912.00"
Ford vehicles – T6,Ford vehicles – T6 Return spring brakes,Brake System,Return spring brakes,Auto Parts,PCS,"16,522.00","2,974.00","19,496.00"
Ford vehicles – T6,Ford vehicles – T6 Archor pin,Brake System,Archor pin,Auto Parts,PCS,"24,727.00","4,451.00","29,178.00"
Ford vehicles – T6,Ford vehicles – T6 Brake shims,Brake System,Brake shims,Auto Parts,PCS,"22,288.00","4,012.00","26,300.00"
Ford vehicles – T6,Ford vehicles – T6 Brake bolts,Brake System,Brake bolts,Auto Parts,PCS,"44,636.00","8,035.00","52,671.00"
Ford vehicles – T6,Ford vehicles – T6 Brake flexible pipes,Brake System,Brake flexible pipes,Auto Parts,PCS,"194,065.00","34,932.00","228,996.00"
Ford vehicles – T6,Ford vehicles – T6 Wheel bearing seals,Brake System,Wheel bearing seals,Auto Parts,PCS,"59,233.00","10,662.00","69,895.00"
Ford vehicles – T6,"Ford vehicles – T6 Wheel locking nuts,Washers & Pin",Brake System,"Wheel locking nuts,Washers & Pin",Auto Parts,PCS,"132,540.00","23,857.00","156,397.00"
Ford vehicles – T6,Ford vehicles – T6 Wheel bearings,Brake System,Wheel bearings,Auto Parts,PCS,"483,305.00","86,995.00","570,300.00"
Ford vehicles – T6,Ford vehicles – T6 Wheel cap,Brake System,Wheel cap,Auto Parts,PCS,"178,036.00","32,046.00","210,082.00"
Ford vehicles – T6,Ford vehicles – T6 Wheel Cylinder,Brake System,Wheel Cylinder,Auto Parts,PCS,"432,129.00","77,783.00","509,912.00"
Ford vehicles – T6,Ford vehicles – T6 Engine service ( New engine- state the com,Engine Parts,Engine service ( New engine- state the com,Auto Parts,PCS,"35,178,741.00","6,332,173.00","41,510,914.00"
Ford vehicles – T6,Ford vehicles – T6 Hose oil cooler,Engine Parts,Hose oil cooler,Auto Parts,PCS,"492,971.00","88,735.00","581,706.00"
Ford vehicles – T6,Ford vehicles – T6 Oil switch T6,Engine Parts,Oil switch T6,Auto Parts,PCS,"44,846.00","8,072.00","52,918.00"
Ford vehicles – T6,Ford vehicles – T6 Pulley Asy-Tension,Engine Parts,Pulley Asy-Tension,Auto Parts,PCS,"199,871.00","35,977.00","235,848.00"
Ford vehicles – T6,Ford vehicles – T6 Tensioner - Drive Belt,Engine Parts,Tensioner - Drive Belt,Auto Parts,PCS,"789,023.00","142,024.00","931,047.00"
Ford vehicles – T6,Ford vehicles – T6 Tensioner 1,Engine Parts,Tensioner 1,Auto Parts,PCS,"104,753.00","18,856.00","123,609.00"
Ford vehicles – T6,Ford vehicles – T6 Tensioner 2,Engine Parts,Tensioner 2,Auto Parts,PCS,"211,193.00","38,015.00","249,208.00"
Ford vehicles – T6,Ford vehicles – T6 Guide 1,Engine Parts,Guide 1,Auto Parts,PCS,"94,638.00","17,035.00","111,673.00"
Ford vehicles – T6,Ford vehicles – T6 Guide 2,Engine Parts,Guide 2,Auto Parts,PCS,"94,638.00","17,035.00","111,673.00"
Ford vehicles – T6,Ford vehicles – T6 Rail guide,Engine Parts,Rail guide,Auto Parts,PCS,"76,767.00","13,818.00","90,585.00"
Ford vehicles – T6,Ford vehicles – T6 HOS Asy HTR INLET,Engine Parts,HOS Asy HTR INLET,Auto Parts,PCS,"477,548.00","85,959.00","563,507.00"
Ford vehicles – T6,Ford vehicles – T6 HOS Tub Asy HTR OL,Engine Parts,HOS Tub Asy HTR OL,Auto Parts,PCS,"492,971.00","88,735.00","581,706.00"
Ford vehicles – T6,Ford vehicles – T6 Common rail assy,Engine Parts,Common rail assy,Auto Parts,PCS,"4,493,498.00","808,830.00","5,302,327.00"
Ford vehicles – T6,Ford vehicles – T6 Sensor camshaft,Engine Parts,Sensor camshaft,Auto Parts,PCS,"354,993.00","63,899.00","418,891.00"
Ford vehicles – T6,Ford vehicles – T6 Sensor cankshaft POSIT,Engine Parts,Sensor cankshaft POSIT,Auto Parts,PCS,"356,634.00","64,194.00","420,828.00"
Ford vehicles – T6,Ford vehicles – T6 Glow plug,Engine Parts,Glow plug,Auto Parts,PCS,"109,924.00","19,786.00","129,710.00"
Ford vehicles – T6,Ford vehicles – T6 Seal oil crankshaft front,Engine Parts,Seal oil crankshaft front,Auto Parts,PCS,"200,628.00","36,113.00","236,741.00"
Ford vehicles – T6,"Ford vehicles – T6 Belt ( fan. Ac pump, Water pump, Alternato",Engine Parts,"Belt ( fan. Ac pump, Water pump, Alternato",Auto Parts,PCS,"164,548.00","29,619.00","194,167.00"
Ford vehicles – T6,Ford vehicles – T6 Timing chain,Engine Parts,Timing chain,Auto Parts,PCS,"734,623.00","132,232.00","866,855.00"
Ford vehicles – T6,Ford vehicles – T6 Air conditioner belts,Engine Parts,Air conditioner belts,Auto Parts,PCS,"164,548.00","29,619.00","194,167.00"
Ford vehicles – T6,Ford vehicles – T6 Timing chain,Engine Parts,Timing chain,Auto Parts,PCS,"734,623.00","132,232.00","866,855.00"
Ford vehicles – T6,Ford vehicles – T6 Oil balancer seals,Engine Parts,Oil balancer seals,Auto Parts,PCS,"200,628.00","36,113.00","236,741.00"
Ford vehicles – T6,Ford vehicles – T6 Camshaft,Engine Parts,Camshaft,Auto Parts,PCS,"1,546,126.00","278,303.00","1,824,428.00"
Ford vehicles – T6,Ford vehicles – T6 Oil pump,Engine Parts,Oil pump,Auto Parts,PCS,"921,426.00","165,857.00","1,087,283.00"
Ford vehicles – T6,Ford vehicles – T6 Oil filter gasket,Engine Parts,Oil filter gasket,Auto Parts,PCS,"110,598.00","19,908.00","130,506.00"
Ford vehicles – T6,Ford vehicles – T6 Camshaft follower,Engine Parts,Camshaft follower,Auto Parts,PCS,"3,929,717.00","707,349.00","4,637,066.00"
Ford vehicles – T6,Ford vehicles – T6 Camshaft lifter kit,Engine Parts,Camshaft lifter kit,Auto Parts,PCS,"3,929,717.00","707,349.00","4,637,066.00"
Ford vehicles – T6,Ford vehicles – T6 Oil seal,Engine Parts,Oil seal,Auto Parts,PCS,"138,581.00","24,945.00","163,525.00"
Ford vehicles – T6,Ford vehicles – T6 Seal oil,Engine Parts,Seal oil,Auto Parts,PCS,"138,581.00","24,945.00","163,525.00"
Ford vehicles – T6,Ford vehicles – T6 Needle bearing,Engine Parts,Needle bearing,Auto Parts,PCS,"197,481.00","35,547.00","233,027.00"
Ford vehicles – T6,Ford vehicles – T6 Bearing Assy Needle,Engine Parts,Bearing Assy Needle,Auto Parts,PCS,"250,419.00","45,075.00","295,495.00"
Ford vehicles – T6,Ford vehicles – T6 Slave tube,Engine Parts,Slave tube,Auto Parts,PCS,"765,832.00","137,850.00","903,682.00"
Ford vehicles – T6,Ford vehicles – T6 Oil cooler,Engine Parts,Oil cooler,Auto Parts,PCS,"1,966,713.00","354,008.00","2,320,721.00"
Ford vehicles – T6,Ford vehicles – T6 Crankshaft oil seal,Engine Parts,Crankshaft oil seal,Auto Parts,PCS,"200,628.00","36,113.00","236,741.00"
Ford vehicles – T6,Ford vehicles – T6 Cylinder head complete,Engine Parts,Cylinder head complete,Auto Parts,PCS,"10,922,575.00","1,966,063.00","12,888,638.00"
Ford vehicles – T6,Ford vehicles – T6 Cylinder head cover,Engine Parts,Cylinder head cover,Auto Parts,PCS,"1,894,779.00","341,060.00","2,235,840.00"
Ford vehicles – T6,Ford vehicles – T6 Cylinder head gasket,Engine Parts,Cylinder head gasket,Auto Parts,PCS,"319,880.00","57,578.00","377,459.00"
Ford vehicles – T6,Ford vehicles – T6 Inlet manifold,Engine Parts,Inlet manifold,Auto Parts,PCS,"1,394,503.00","251,011.00","1,645,513.00"
Ford vehicles – T6,Ford vehicles – T6 Oil sump,Engine Parts,Oil sump,Auto Parts,PCS,"1,069,003.00","192,420.00","1,261,423.00"
Ford vehicles – T6,Ford vehicles – T6 Engine knock sensors,Engine Parts,Engine knock sensors,Auto Parts,PCS,"356,634.00","64,194.00","420,828.00"
Ford vehicles – T6,Ford vehicles – T6 Oil strainer,Engine Parts,Oil strainer,Auto Parts,PCS,"478,500.00","86,130.00","564,630.00"
Ford vehicles – T6,Ford vehicles – T6 Engine mountings,Engine Parts,Engine mountings,Auto Parts,PCS,"686,760.00","123,617.00","810,377.00"
Ford vehicles – T6,Ford vehicles – T6 Oil filler caps,Engine Parts,Oil filler caps,Auto Parts,PCS,"49,032.00","8,826.00","57,858.00"
Ford vehicles – T6,Ford vehicles – T6 Oil cap,Engine Parts,Oil cap,Auto Parts,PCS,"49,032.00","8,826.00","57,858.00"
Ford vehicles – T6,Ford vehicles – T6 Cylinder head valves,Engine Parts,Cylinder head valves,Auto Parts,PCS,"186,968.00","33,654.00","220,622.00"
Ford vehicles – T6,Ford vehicles – T6 Valve springs,Engine Parts,Valve springs,Auto Parts,PCS,"30,323.00","5,458.00","35,781.00"
Ford vehicles – T6,Ford vehicles – T6 Oil strainer,Engine Parts,Oil strainer,Auto Parts,PCS,"478,500.00","86,130.00","564,630.00"
Ford vehicles – T6,Ford vehicles – T6 Heater Control Unit,Engine Parts,Heater Control Unit,Auto Parts,PCS,"687,097.00","123,677.00","810,774.00"
Ford vehicles – T6,Ford vehicles – T6 Heater plugs,Engine Parts,Heater plugs,Auto Parts,PCS,"109,924.00","19,786.00","129,710.00"
Ford vehicles – T6,Ford vehicles – T6 Glow plug,Engine Parts,Glow plug,Auto Parts,PCS,"109,924.00","19,786.00","129,710.00"
Ford vehicles – T6,Ford vehicles – T6 Mounting bolt,Engine Parts,Mounting bolt,Auto Parts,PCS,"16,410.00","2,954.00","19,364.00"
Ford vehicles – T6,Ford vehicles – T6 Starter motor,Engine Parts,Starter motor,Auto Parts,PCS,"2,397,416.00","431,535.00","2,828,951.00"
Ford vehicles – T6,Ford vehicles – T6 Starter pinion,Engine Parts,Starter pinion,Auto Parts,PCS,"2,397,416.00","431,535.00","2,828,951.00"
Ford vehicles – T6,Ford vehicles – T6 Turbo sensor,Engine Parts,Turbo sensor,Auto Parts,PCS,"5,095,226.00","917,141.00","6,012,366.00"
Ford vehicles – T6,Ford vehicles – T6 Turbocharger asy,Engine Parts,Turbocharger asy,Auto Parts,PCS,"5,095,226.00","917,141.00","6,012,366.00"
Ford vehicles – T6,Ford vehicles – T6 Tensioner bearings,Engine Parts,Tensioner bearings,Auto Parts,PCS,"677,863.00","122,015.00","799,878.00"
Ford vehicles – T6,Ford vehicles – T6 Pilot bearing,Engine Parts,Pilot bearing,Auto Parts,PCS,"236,595.00","42,587.00","279,182.00"
Ford vehicles – T6,Ford vehicles – T6 Drain Nut,Engine Parts,Drain Nut,Auto Parts,PCS,"11,914.00","2,145.00","14,059.00"
Ford vehicles – T6,Ford vehicles – T6 IDS - Computer diagnostic,Engine Parts,IDS - Computer diagnostic,Auto Parts,L/S,"100,000.00","18,000.00","118,000.00"
Ford vehicles – T6,Ford vehicles – T6 Thermostat switch,Engine Parts,Thermostat switch,Auto Parts,PCS,"423,060.00","76,151.00","499,211.00"
Ford vehicles – T6,Ford vehicles – T6 Shaft re-grinding,Engine Parts,Shaft re-grinding,Auto Parts,L/S,"50,000.00","9,000.00","59,000.00"
Ford vehicles – T6,Ford vehicles – T6 Coolant hose Pipe,Cooling System,Coolant hose Pipe,Auto Parts,PCS,"249,600.00","44,928.00","294,528.00"
Ford vehicles – T6,Ford vehicles – T6 Cooling fan,Cooling System,Cooling fan,Auto Parts,PCS,"1,106,768.00","199,218.00","1,305,986.00"
Ford vehicles – T6,Ford vehicles – T6 Cowel assy fan,Cooling System,Cowel assy fan,Auto Parts,PCS,"423,365.00","76,206.00","499,570.00"
Ford vehicles – T6,Ford vehicles – T6 Fan blade,Cooling System,Fan blade,Auto Parts,PCS,"1,106,768.00","199,218.00","1,305,986.00"
Ford vehicles – T6,Ford vehicles – T6 Fan clutch,Cooling System,Fan clutch,Auto Parts,PCS,"3,068,423.00","552,316.00","3,620,739.00"
Ford vehicles – T6,Ford vehicles – T6 Radiator complete,Cooling System,Radiator complete,Auto Parts,PCS,"2,452,603.00","441,469.00","2,894,072.00"
Ford vehicles – T6,Ford vehicles – T6 Radiator pressure cap,Cooling System,Radiator pressure cap,Auto Parts,PCS,"52,258.00","9,406.00","61,665.00"
Ford vehicles – T6,Ford vehicles – T6 Nozzle washer,Cooling System,Nozzle washer,Auto Parts,PCS,"106,710.00","19,208.00","125,917.00"
Ford vehicles – T6,Ford vehicles – T6 Radiator mountings,Cooling System,Radiator mountings,Auto Parts,PCS,"15,174.00","2,731.00","17,905.00"
Ford vehicles – T6,Ford vehicles – T6 Water tank,Cooling System,Water tank,Auto Parts,PCS,"2,068,774.00","372,379.00","2,441,154.00"
Ford vehicles – T6,Ford vehicles – T6 Reservoir tank pipe,Cooling System,Reservoir tank pipe,Auto Parts,PCS,"250,082.00","45,015.00","295,097.00"
Ford vehicles – T6,Ford vehicles – T6 Reservoir tank,Cooling System,Reservoir tank,Auto Parts,PCS,"562,452.00","101,241.00","663,693.00"
Ford vehicles – T6,Ford vehicles – T6 Air cleaner housing,Cooling System,Air cleaner housing,Auto Parts,PCS,"1,398,323.00","251,698.00","1,650,021.00"
Ford vehicles – T6,Ford vehicles – T6 Water pipes,Cooling System,Water pipes,Auto Parts,PCS,"89,130.00","16,043.00","105,174.00"
Ford vehicles – T6,Ford vehicles – T6 Water pump,Cooling System,Water pump,Auto Parts,PCS,"1,274,351.00","229,383.00","1,503,734.00"
Ford vehicles – T6,Ford vehicles – T6 Water temperature switch,Cooling System,Water temperature switch,Auto Parts,PCS,"423,060.00","76,151.00","499,211.00"
Ford vehicles – T6,Ford vehicles – T6 Casted exhaust manifold,Exhaust System,Casted exhaust manifold,Auto Parts,PCS,"5,819,921.00","1,047,586.00","6,867,506.00"
Ford vehicles – T6,"Ford vehicles – T6 Exhuast pipe complete( Silencers,pipes etc",Exhaust System,"Exhuast pipe complete( Silencers,pipes etc",Auto Parts,PCS,"3,129,904.00","563,383.00","3,693,287.00"
Ford vehicles – T6,Ford vehicles – T6 Compressor repair kit,Exhaust System,Compressor repair kit,Auto Parts,PCS,"2,947,226.00","530,501.00","3,477,726.00"
Ford vehicles – T6,Ford vehicles – T6 Exhaust mounting,Exhaust System,Exhaust mounting,Auto Parts,PCS,"1,633,139.00","293,965.00","1,927,104.00"
Ford vehicles – T6,Ford vehicles – T6 Exhaust pipe,Exhaust System,Exhaust pipe,Auto Parts,PCS,"1,479,226.00","266,261.00","1,745,486.00"
Ford vehicles – T6,Ford vehicles – T6 Exhaust silencer,Exhaust System,Exhaust silencer,Auto Parts,PCS,"1,407,097.00","253,277.00","1,660,374.00"
Ford vehicles – T6,Ford vehicles – T6 Parkin gasket,Exhaust System,Parkin gasket,Auto Parts,PCS,"137,461.00","24,743.00","162,204.00"
Ford vehicles – T6,Ford vehicles – T6 Exhaust flexible pipe,Exhaust System,Exhaust flexible pipe,Auto Parts,PCS,"3,129,904.00","563,383.00","3,693,287.00"
Ford vehicles – T6,Ford vehicles – T6 fuel filter,Fuel Supply System,fuel filter,Auto Parts,PCS,"233,548.00","42,039.00","275,587.00"
Ford vehicles – T6,Ford vehicles – T6 Fuel injector nozzle,Fuel Supply System,Fuel injector nozzle,Auto Parts,PCS,"4,053,402.00","729,612.00","4,783,015.00"
Ford vehicles – T6,Ford vehicles – T6 Tube/Fuel leak off pipe,Fuel Supply System,Tube/Fuel leak off pipe,Auto Parts,PCS,"1,437,326.00","258,719.00","1,696,044.00"
Ford vehicles – T6,Ford vehicles – T6 Fuel lift pump,Fuel Supply System,Fuel lift pump,Auto Parts,PCS,"3,693,816.00","664,887.00","4,358,703.00"
Ford vehicles – T6,Ford vehicles – T6 Fuel pressure regulator,Fuel Supply System,Fuel pressure regulator,Auto Parts,PCS,"8,065,273.00","1,451,749.00","9,517,022.00"
Ford vehicles – T6,Ford vehicles – T6 Fuel pump gasket,Fuel Supply System,Fuel pump gasket,Auto Parts,PCS,"3,693,816.00","664,887.00","4,358,703.00"
Ford vehicles – T6,Ford vehicles – T6 Fuel rail union pipes,Fuel Supply System,Fuel rail union pipes,Auto Parts,PCS,"4,493,498.00","808,830.00","5,302,327.00"
Ford vehicles – T6,Ford vehicles – T6 Fuel tank complete,Fuel Supply System,Fuel tank complete,Auto Parts,PCS,"3,184,516.00","573,213.00","3,757,729.00"
Ford vehicles – T6,Ford vehicles – T6 Fuel tank cover,Fuel Supply System,Fuel tank cover,Auto Parts,PCS,"993,290.00","178,792.00","1,172,083.00"
Ford vehicles – T6,Ford vehicles – T6 Injector pump,Fuel Supply System,Injector pump,Auto Parts,PCS,"8,065,273.00","1,451,749.00","9,517,022.00"
Ford vehicles – T6,Ford vehicles – T6 Intake manifold,Fuel Supply System,Intake manifold,Auto Parts,PCS,"4,493,498.00","808,830.00","5,302,327.00"
Ford vehicles – T6,Ford vehicles – T6 Ball joints - lower,Suspension & Steering System,Ball joints - lower,Auto Parts,PCS,"440,258.00","79,246.00","519,505.00"
Ford vehicles – T6,Ford vehicles – T6 Ball joints - upper / arms,Suspension & Steering System,Ball joints - upper / arms,Auto Parts,PCS,"1,357,419.00","244,335.00","1,601,754.00"
Ford vehicles – T6,Ford vehicles – T6 Chassis mountings,Suspension & Steering System,Chassis mountings,Auto Parts,PCS,"194,065.00","34,932.00","228,996.00"
Ford vehicles – T6,Ford vehicles – T6 Coil spring,Suspension & Steering System,Coil spring,Auto Parts,PCS,"448,462.00","80,723.00","529,185.00"
Ford vehicles – T6,Ford vehicles – T6 Control arm,Suspension & Steering System,Control arm,Auto Parts,PCS,"1,058,323.00","190,498.00","1,248,821.00"
Ford vehicles – T6,Ford vehicles – T6 Leaf spring,Suspension & Steering System,Leaf spring,Auto Parts,PCS,"2,349,548.00","422,919.00","2,772,467.00"
Ford vehicles – T6,Ford vehicles – T6 Leaf spring bushes,Suspension & Steering System,Leaf spring bushes,Auto Parts,PCS,"25,806.00","4,645.00","30,451.00"
Ford vehicles – T6,Ford vehicles – T6 Rear Spring Mettalic bushes,Suspension & Steering System,Rear Spring Mettalic bushes,Auto Parts,PCS,"119,742.00","21,554.00","141,295.00"
Ford vehicles – T6,Ford vehicles – T6 Power steering assembly,Suspension & Steering System,Power steering assembly,Auto Parts,PCS,"12,642,968.00","2,275,734.00","14,918,702.00"
Ford vehicles – T6,Ford vehicles – T6 Rack ends,Suspension & Steering System,Rack ends,Auto Parts,PCS,"260,647.00","46,917.00","307,564.00"
Ford vehicles – T6,Ford vehicles – T6 Shock absorbers - front,Suspension & Steering System,Shock absorbers - front,Auto Parts,PCS,"877,254.00","157,906.00","1,035,160.00"
Ford vehicles – T6,Ford vehicles – T6 Shock absorbers - rear,Suspension & Steering System,Shock absorbers - rear,Auto Parts,PCS,"606,581.00","109,185.00","715,765.00"
Ford vehicles – T6,Ford vehicles – T6 Spindle,Suspension & Steering System,Spindle,Auto Parts,PCS,"260,647.00","46,917.00","307,564.00"
Ford vehicles – T6,Ford vehicles – T6 Damper assy,Suspension & Steering System,Damper assy,Auto Parts,PCS,"543,546.00","97,838.00","641,384.00"
Ford vehicles – T6,Ford vehicles – T6 Bumping stopper,Suspension & Steering System,Bumping stopper,Auto Parts,PCS,"146,228.00","26,321.00","172,549.00"
Ford vehicles – T6,Ford vehicles – T6 Stabilizer bar 'O' bushes,Suspension & Steering System,Stabilizer bar 'O' bushes,Auto Parts,PCS,"119,742.00","21,554.00","141,295.00"
Ford vehicles – T6,Ford vehicles – T6 Stabilizer bar 'U' bushes,Suspension & Steering System,Stabilizer bar 'U' bushes,Auto Parts,PCS,"119,742.00","21,554.00","141,295.00"
Ford vehicles – T6,Ford vehicles – T6 Steering arm,Suspension & Steering System,Steering arm,Auto Parts,PCS,"679,742.00","122,354.00","802,095.00"
Ford vehicles – T6,Ford vehicles – T6 Steering box,Suspension & Steering System,Steering box,Auto Parts,PCS,"2,193,290.00","394,792.00","2,588,083.00"
Ford vehicles – T6,Ford vehicles – T6 Steering column assembly,Suspension & Steering System,Steering column assembly,Auto Parts,PCS,"2,135,742.00","384,434.00","2,520,175.00"
Ford vehicles – T6,Ford vehicles – T6 Steering column kit,Suspension & Steering System,Steering column kit,Auto Parts,PCS,"2,193,290.00","394,792.00","2,588,083.00"
Ford vehicles – T6,Ford vehicles – T6 Steering rack and pinion,Suspension & Steering System,Steering rack and pinion,Auto Parts,PCS,"12,642,968.00","2,275,734.00","14,918,702.00"
Ford vehicles – T6,Ford vehicles – T6 Steering shaft,Suspension & Steering System,Steering shaft,Auto Parts,PCS,"12,642,968.00","2,275,734.00","14,918,702.00"
Ford vehicles – T6,Ford vehicles – T6 Steering wheel,Suspension & Steering System,Steering wheel,Auto Parts,PCS,"3,504,129.00","630,743.00","4,134,872.00"
Ford vehicles – T6,Ford vehicles – T6 Steering Pump T6,Suspension & Steering System,Steering Pump T6,Auto Parts,PCS,"1,578,968.00","284,214.00","1,863,182.00"
Ford vehicles – T6,Ford vehicles – T6 Z-link,Suspension & Steering System,Z-link,Auto Parts,PCS,"583,613.00","105,050.00","688,663.00"
Ford vehicles – T6,Ford vehicles – T6 Stub axle,Suspension & Steering System,Stub axle,Auto Parts,PCS,"1,440,516.00","259,293.00","1,699,809.00"
Ford vehicles – T6,Ford vehicles – T6 Suspension links and bolts,Suspension & Steering System,Suspension links and bolts,Auto Parts,PCS,"405,414.00","72,975.00","478,389.00"
Ford vehicles – T6,Ford vehicles – T6 Suspension plate - lower,Suspension & Steering System,Suspension plate - lower,Auto Parts,PCS,"1,058,323.00","190,498.00","1,248,821.00"
Ford vehicles – T6,Ford vehicles – T6 Suspension plate - upper,Suspension & Steering System,Suspension plate - upper,Auto Parts,PCS,"1,310,879.00","235,958.00","1,546,837.00"
Ford vehicles – T6,Ford vehicles – T6 Suspension plate bushes,Suspension & Steering System,Suspension plate bushes,Auto Parts,PCS,"195,345.00","35,162.00","230,507.00"
Ford vehicles – T6,Ford vehicles – T6 Tie rod ends,Suspension & Steering System,Tie rod ends,Auto Parts,PCS,"196,774.00","35,419.00","232,194.00"
Ford vehicles – T6,Ford vehicles – T6 Track rod,Suspension & Steering System,Track rod,Auto Parts,PCS,"196,774.00","35,419.00","232,194.00"
Ford vehicles – T6,Ford vehicles – T6 Centre bearing,Suspension & Steering System,Centre bearing,Auto Parts,PCS,"661,548.00","119,079.00","780,627.00"
Ford vehicles – T6,Ford vehicles – T6 Bell housing,Transmission System,Bell housing,Auto Parts,PCS,"24,049,918.00","4,328,985.00","28,378,904.00"
Ford vehicles – T6,Ford vehicles – T6 Motor assy transfer case,Transmission System,Motor assy transfer case,Auto Parts,PCS,"2,880,258.00","518,446.00","3,398,705.00"
Ford vehicles – T6,Ford vehicles – T6 Kit PTO,Transmission System,Kit PTO,Auto Parts,PCS,"841,290.00","151,432.00","992,723.00"
Ford vehicles – T6,Ford vehicles – T6 Gear 1,Transmission System,Gear 1,Auto Parts,PCS,"2,723,029.00","490,145.00","3,213,174.00"
Ford vehicles – T6,Ford vehicles – T6 Gear 2,Transmission System,Gear 2,Auto Parts,PCS,"2,723,029.00","490,145.00","3,213,174.00"
Ford vehicles – T6,Ford vehicles – T6 Gear 3,Transmission System,Gear 3,Auto Parts,PCS,"541,189.00","97,414.00","638,603.00"
Ford vehicles – T6,Ford vehicles – T6 Cone & Gear,Transmission System,Cone & Gear,Auto Parts,PCS,"2,723,029.00","490,145.00","3,213,174.00"
Ford vehicles – T6,Ford vehicles – T6 Gear plug,Transmission System,Gear plug,Auto Parts,PCS,"125,996.00","22,679.00","148,676.00"
Ford vehicles – T6,Ford vehicles – T6 Clutch cylinder assembly,Transmission System,Clutch cylinder assembly,Auto Parts,PCS,"470,829.00","84,749.00","555,578.00"
Ford vehicles – T6,Ford vehicles – T6 Clutch cable,Transmission System,Clutch cable,Auto Parts,PCS,"2,180,379.00","392,468.00","2,572,847.00"
Ford vehicles – T6,Ford vehicles – T6 Clutch horse,Transmission System,Clutch horse,Auto Parts,PCS,"623,351.00","112,203.00","735,554.00"
Ford vehicles – T6,Ford vehicles – T6 Clutch Kit ( clutch plate & Pressure plate),Transmission System,Clutch Kit ( clutch plate & Pressure plate),Auto Parts,PCS,"2,518,467.00","453,324.00","2,971,791.00"
Ford vehicles – T6,Ford vehicles – T6 Clutch lever,Transmission System,Clutch lever,Auto Parts,PCS,"4,155,184.00","747,933.00","4,903,118.00"
Ford vehicles – T6,Ford vehicles – T6 Pilot bearing/Fly wheel bush,Transmission System,Pilot bearing/Fly wheel bush,Auto Parts,PCS,"236,595.00","42,587.00","279,182.00"
Ford vehicles – T6,Ford vehicles – T6 Differential bolts,Transmission System,Differential bolts,Auto Parts,PCS,"46,839.00","8,431.00","55,270.00"
Ford vehicles – T6,Ford vehicles – T6 Differential case/housing,Transmission System,Differential case/housing,Auto Parts,PCS,"6,081,902.00","1,094,742.00","7,176,644.00"
Ford vehicles – T6,Ford vehicles – T6 Differential gear (set),Transmission System,Differential gear (set),Auto Parts,PCS,"27,550,323.00","4,959,058.00","32,509,381.00"
Ford vehicles – T6,Ford vehicles – T6 Differential seal,Transmission System,Differential seal,Auto Parts,PCS,"21,243.00","3,824.00","25,067.00"
Ford vehicles – T6,Ford vehicles – T6 Differential unit complete,Transmission System,Differential unit complete,Auto Parts,PCS,"27,550,323.00","4,959,058.00","32,509,381.00"
Ford vehicles – T6,Ford vehicles – T6 Driveshaft booth,Transmission System,Driveshaft booth,Auto Parts,PCS,"587,355.00","105,724.00","693,079.00"
Ford vehicles – T6,Ford vehicles – T6 Driveshaft/Axle shaft,Transmission System,Driveshaft/Axle shaft,Auto Parts,PCS,"4,538,968.00","817,014.00","5,355,982.00"
Ford vehicles – T6,Ford vehicles – T6 Flywheel,Transmission System,Flywheel,Auto Parts,PCS,"3,782,815.00","680,907.00","4,463,722.00"
Ford vehicles – T6,Ford vehicles – T6 Flywheel ring gears,Transmission System,Flywheel ring gears,Auto Parts,PCS,"3,782,815.00","680,907.00","4,463,722.00"
Ford vehicles – T6,Ford vehicles – T6 Four wheel drive gear coupling,Transmission System,Four wheel drive gear coupling,Auto Parts,PCS,"3,249,548.00","584,919.00","3,834,467.00"
Ford vehicles – T6,Ford vehicles – T6 Gearbox oil seal,Transmission System,Gearbox oil seal,Auto Parts,PCS,"138,581.00","24,945.00","163,525.00"
Ford vehicles – T6,Ford vehicles – T6 Release bearing,Transmission System,Release bearing,Auto Parts,PCS,"453,520.00","81,634.00","535,153.00"
Ford vehicles – T6,Ford vehicles – T6 Sealant ( State brand and Quantity),Transmission System,Sealant ( State brand and Quantity),Auto Parts,PCS,"48,387.00","8,710.00","57,097.00"
Ford vehicles – T6,Ford vehicles – T6 Gear box Assembly /Complete,Transmission System,Gear box Assembly /Complete,Auto Parts,PCS,"24,049,918.00","4,328,985.00","28,378,904.00"
Ford vehicles – T6,Ford vehicles – T6 Gearbox mounting,Transmission System,Gearbox mounting,Auto Parts,PCS,"529,806.00","95,365.00","625,172.00"
Ford vehicles – T6,Ford vehicles – T6 Knuckle,Transmission System,Knuckle,Auto Parts,PCS,"1,440,516.00","259,293.00","1,699,809.00"
Ford vehicles – T6,Ford vehicles – T6 Slave cylinder,Transmission System,Slave cylinder,Auto Parts,PCS,"470,829.00","84,749.00","555,578.00"
Ford vehicles – T6,Ford vehicles – T6 Master cylinder,Transmission System,Master cylinder,Auto Parts,PCS,"511,291.00","92,032.00","603,324.00"
Ford vehicles – T6,Ford vehicles – T6 Output shaft,Transmission System,Output shaft,Auto Parts,PCS,"1,045,175.00","188,131.00","1,233,306.00"
Ford vehicles – T6,Ford vehicles – T6 Propeller shaft complete,Transmission System,Propeller shaft complete,Auto Parts,PCS,"5,551,598.00","999,288.00","6,550,886.00"
Ford vehicles – T6,Ford vehicles – T6 Shift cable,Transmission System,Shift cable,Auto Parts,PCS,"2,180,379.00","392,468.00","2,572,847.00"
Ford vehicles – T6,Ford vehicles – T6 Shift knob,Transmission System,Shift knob,Auto Parts,PCS,"471,278.00","84,830.00","556,108.00"
Ford vehicles – T6,Ford vehicles – T6 Speed reducer,Transmission System,Speed reducer,Auto Parts,PCS,"4,096,387.00","737,350.00","4,833,737.00"
Ford vehicles – T6,Ford vehicles – T6 Speedometer gears,Transmission System,Speedometer gears,Auto Parts,PCS,"4,096,387.00","737,350.00","4,833,737.00"
Ford vehicles – T6,Ford vehicles – T6 Transfer case,Transmission System,Transfer case,Auto Parts,PCS,"15,400,903.00","2,772,163.00","18,173,066.00"
Ford vehicles – T6,Ford vehicles – T6 Transfer gearbox mounting,Transmission System,Transfer gearbox mounting,Auto Parts,PCS,"529,806.00","95,365.00","625,172.00"
Ford vehicles – T6,Ford vehicles – T6 Synchronizer 3rd and 4th,Transmission System,Synchronizer 3rd and 4th,Auto Parts,PCS,"2,723,029.00","490,145.00","3,213,174.00"
Ford vehicles – T6,Ford vehicles – T6 Synchronizer 1st and 2nd,Transmission System,Synchronizer 1st and 2nd,Auto Parts,PCS,"2,723,029.00","490,145.00","3,213,174.00"
Ford vehicles – T6,Ford vehicles – T6 Synchroniser,Transmission System,Synchroniser,Auto Parts,PCS,"197,481.00","35,547.00","233,027.00"
Ford vehicles – T6,Ford vehicles – T6 GEAR - COUNTERSHAFT CLUSTER,Transmission System,GEAR - COUNTERSHAFT CLUSTER,Auto Parts,PCS,"494,094.80","88,937.00","583,032.00"
Ford vehicles – T6,Ford vehicles – T6 GEAR ASY - 1ST AND REVERSE,Transmission System,GEAR ASY - 1ST AND REVERSE,Auto Parts,PCS,"967,733.45","174,192.00","1,141,925.00"
Ford vehicles – T6,Ford vehicles – T6 GEAR - MAINSHAFT 2ND SPEED,Transmission System,GEAR - MAINSHAFT 2ND SPEED,Auto Parts,PCS,"1,041,240.73","187,423.00","1,228,664.00"
Ford vehicles – T6,Ford vehicles – T6 NUT,Transmission System,NUT,Auto Parts,PCS,"70,022.99","12,604.00","82,627.00"
Ford vehicles – T6,Ford vehicles – T6 STIFFNER ASSY,Transmission System,STIFFNER ASSY,Auto Parts,PCS,"112,958.43","20,333.00","133,291.00"
Ford vehicles – T6,Ford vehicles – T6 GASKET - OIL PAN,Transmission System,GASKET - OIL PAN,Auto Parts,PCS,"312,349.74","56,223.00","368,573.00"
Ford vehicles – T6,Ford vehicles – T6 HOSE ASY,Transmission System,HOSE ASY,Auto Parts,PCS,"150,611.25","27,110.00","177,721.00"
Ford vehicles – T6,Ford vehicles – T6 NUT,Transmission System,NUT,Auto Parts,PCS,"70,022.99","12,604.00","82,627.00"
Ford vehicles – T6,Ford vehicles – T6 SHIELD nozzle washer,Transmission System,SHIELD nozzle washer,Auto Parts,PCS,"31,358.61","5,645.00","37,003.00"
Ford vehicles – T6,Ford vehicles – T6 BOLT,Transmission System,BOLT,Auto Parts,PCS,"20,680.95","3,723.00","24,404.00"
Ford vehicles – T6,Ford vehicles – T6 MANIFOLD ASY - EXHAUST,Transmission System,MANIFOLD ASY - EXHAUST,Auto Parts,PCS,"1,896,240.54","341,323.00","2,237,564.00"
Ford vehicles – T6,Ford vehicles – T6 COVER - CYLINDER FRONT,Transmission System,COVER - CYLINDER FRONT,Auto Parts,PCS,"1,064,506.79","191,611.00","1,256,118.00"
Ford vehicles – T6,Ford vehicles – T6 Aluminium alloy wheel rim,Transmission System,Aluminium alloy wheel rim,Auto Parts,PCS,"2,691,097.00","484,397.00","3,175,494.00"
Ford vehicles – T6,Ford vehicles – T6 Hub cap and wheel covers,Transmission System,Hub cap and wheel covers,Auto Parts,PCS,"210,968.00","37,974.00","248,942.00"
Ford vehicles – T6,Ford vehicles – T6 Inner and outer rings,Transmission System,Inner and outer rings,Auto Parts,PCS,"59,233.00","10,662.00","69,895.00"
Ford vehicles – T6,Ford vehicles – T6 Locking nut sets,Transmission System,Locking nut sets,Auto Parts,PCS,"452,774.00","81,499.00","534,274.00"
Ford vehicles – T6,Ford vehicles – T6 wheel sensor Front,Transmission System,wheel sensor Front,Auto Parts,PCS,"327,226.00","58,901.00","386,126.00"
Ford vehicles – T6,Ford vehicles – T6 Tyres: 265/65R17,Transmission System,Tyres: 265/65R17,Auto Parts,PCS,"886,775.00","159,620.00","1,046,395.00"
Ford vehicles – T6,Ford vehicles – T6 Wheel spanner for Ford T6,Transmission System,Wheel spanner for Ford T6,Auto Parts,PCS,"452,774.00","81,499.00","534,274.00"
Ford vehicles – T6,Ford vehicles – T6 Lockout hub,Transmission System,Lockout hub,Auto Parts,PCS,"422,323.00","76,018.00","498,341.00"
Ford vehicles – T6,Ford vehicles – T6 Jack,Transmission System,Jack,Auto Parts,PCS,"716,000.00","128,880.00","844,880.00"
Ford vehicles – T6,Ford vehicles – T6 Steel wheel rim,Transmission System,Steel wheel rim,Auto Parts,PCS,"1,057,875.00","190,418.00","1,248,293.00"
Ford vehicles – T6,Ford vehicles – T6 Spare tyre carrier,Transmission System,Spare tyre carrier,Auto Parts,PCS,"822,292.00","148,013.00","970,305.00"
Ford vehicles – T6,Ford vehicles – T6 Alloy centre caps,Transmission System,Alloy centre caps,Auto Parts,PCS,"178,036.00","32,046.00","210,082.00"
Ford vehicles – T6,Ford vehicles – T6 wheel nuts,Transmission System,wheel nuts,Auto Parts,PCS,"42,839.00","7,711.00","50,550.00"
Ford vehicles – T6,Ford vehicles – T6 Wheel stud,Transmission System,Wheel stud,Auto Parts,PCS,"46,839.00","8,431.00","55,270.00"
Ford vehicles – T6,Ford vehicles – T6 Wheel hub bearing - inner,Transmission System,Wheel hub bearing - inner,Auto Parts,PCS,"483,305.00","86,995.00","570,300.00"
Ford vehicles – T6,Ford vehicles – T6 Wheel hub bearing - inner,Transmission System,Wheel hub bearing - inner,Auto Parts,PCS,"483,305.00","86,995.00","570,300.00"
Ford vehicles – T6,Ford vehicles – T6 Wheel hub bearing - outer,Transmission System,Wheel hub bearing - outer,Auto Parts,PCS,"422,323.00","76,018.00","498,341.00"
Ford vehicles – T6,Ford vehicles – T6 Hose pipe gromet water,Air Conditioning System,Hose pipe gromet water,Auto Parts,PCS,"492,971.00","88,735.00","581,706.00"
Ford vehicles – T6,Ford vehicles – T6 A/C Compressor,Air Conditioning System,A/C Compressor,Auto Parts,PCS,"2,947,226.00","530,501.00","3,477,726.00"
Ford vehicles – T6,Ford vehicles – T6 Vacuump pump,Air Conditioning System,Vacuump pump,Auto Parts,PCS,"3,482,941.00","626,929.00","4,109,871.00"
Ford vehicles – T6,Ford vehicles – T6 A/C Condenser,Air Conditioning System,A/C Condenser,Auto Parts,PCS,"1,874,098.00","337,338.00","2,211,436.00"
Ford vehicles – T6,Ford vehicles – T6 A/C Expansion valve,Air Conditioning System,A/C Expansion valve,Auto Parts,PCS,"269,548.00","48,519.00","318,067.00"
Ford vehicles – T6,Ford vehicles – T6 A/C Hose,Air Conditioning System,A/C Hose,Auto Parts,PCS,"492,971.00","88,735.00","581,706.00"
Ford vehicles – T6,"Ford vehicles – T6 Pollen, AC Fresh air",Air Conditioning System,"Pollen, AC Fresh air",Auto Parts,PCS,"231,058.00","41,590.00","272,648.00"
Ford vehicles – T6,Ford vehicles – T6 A/C evaporators,Air Conditioning System,A/C evaporators,Auto Parts,PCS,"4,915,771.00","884,839.00","5,800,610.00"
Ford vehicles – T6,Ford vehicles – T6 A/C Control switch,Air Conditioning System,A/C Control switch,Auto Parts,PCS,"1,814,839.00","326,671.00","2,141,510.00"
Ford vehicles – T6,Ford vehicles – T6 A/C Low pressure valve,Air Conditioning System,A/C Low pressure valve,Auto Parts,PCS,"269,548.00","48,519.00","318,067.00"
Ford vehicles – T6,Ford vehicles – T6 A/C Refilling/Gas,Air Conditioning System,A/C Refilling/Gas,Auto Parts,KG,227,41,268
Ford vehicles – T6,Ford vehicles – T6 A/C Regulator switch,Air Conditioning System,A/C Regulator switch,Auto Parts,PCS,"1,814,839.00","326,671.00","2,141,510.00"
Ford vehicles – T6,Ford vehicles – T6 Assy STNG Cooling INTERM- A/C Pipe,Air Conditioning System,Assy STNG Cooling INTERM- A/C Pipe,Auto Parts,PCS,"546,200.00","98,316.00","644,516.00"
Ford vehicles – T6,Ford vehicles – T6 A/C Pipe,Air Conditioning System,A/C Pipe,Auto Parts,PCS,"320,129.00","57,623.00","377,752.00"
Ford vehicles – T6,Ford vehicles – T6 Washer hose,Wiper System,Washer hose,Auto Parts,PCS,"177,032.00","31,866.00","208,898.00"
Ford vehicles – T6,Ford vehicles – T6 Wiper Arm,Wiper System,Wiper Arm,Auto Parts,PCS,"413,548.00","74,439.00","487,987.00"
Ford vehicles – T6,Ford vehicles – T6 Wiper Blade Left,Wiper System,Wiper Blade Left,Auto Parts,PCS,"138,129.00","24,863.00","162,992.00"
Ford vehicles – T6,Ford vehicles – T6 Wiper levers,Wiper System,Wiper levers,Auto Parts,PCS,"413,548.00","74,439.00","487,987.00"
Ford vehicles – T6,Ford vehicles – T6 Wiper Linkage,Wiper System,Wiper Linkage,Auto Parts,PCS,"810,710.00","145,928.00","956,637.00"
Ford vehicles – T6,Ford vehicles – T6 Wiper motor,Wiper System,Wiper motor,Auto Parts,PCS,"1,121,161.00","201,809.00","1,322,970.00"
Ford vehicles – T6,Ford vehicles – T6 Alternator brushes,Electrical System,Alternator brushes,Auto Parts,PCS,"4,485,032.00","807,306.00","5,292,338.00"
Ford vehicles – T6,Ford vehicles – T6 Alternator complete,Electrical System,Alternator complete,Auto Parts,PCS,"4,485,032.00","807,306.00","5,292,338.00"
Ford vehicles – T6,Ford vehicles – T6 Fog lamps,Electrical System,Fog lamps,Auto Parts,PCS,"491,397.00","88,452.00","579,849.00"
Ford vehicles – T6,Ford vehicles – T6 Sport lights,Electrical System,Sport lights,Auto Parts,PCS,"491,397.00","88,452.00","579,849.00"
Ford vehicles – T6,Ford vehicles – T6 Electrical fuel pump,Electrical System,Electrical fuel pump,Auto Parts,PCS,"3,693,816.00","664,887.00","4,358,703.00"
Ford vehicles – T6,Ford vehicles – T6 Fuse box complete,Electrical System,Fuse box complete,Auto Parts,PCS,"2,605,032.00","468,906.00","3,073,938.00"
Ford vehicles – T6,Ford vehicles – T6 Fuel gauges,Electrical System,Fuel gauges,Auto Parts,PCS,"4,096,387.00","737,350.00","4,833,737.00"
Ford vehicles – T6,Ford vehicles – T6 Glow plug,Electrical System,Glow plug,Auto Parts,PCS,"109,924.00","19,786.00","129,710.00"
Ford vehicles – T6,Ford vehicles – T6 Door mirror switch,Electrical System,Door mirror switch,Auto Parts,PCS,"576,215.00","103,719.00","679,934.00"
Ford vehicles – T6,Ford vehicles – T6 Door glass switch,Electrical System,Door glass switch,Auto Parts,PCS,"804,073.00","144,733.00","948,806.00"
Ford vehicles – T6,Ford vehicles – T6 Window motors,Electrical System,Window motors,Auto Parts,PCS,"2,104,375.00","378,788.00","2,483,163.00"
Ford vehicles – T6,Ford vehicles – T6 Window regulators,Electrical System,Window regulators,Auto Parts,PCS,"2,104,375.00","378,788.00","2,483,163.00"
Ford vehicles – T6,Ford vehicles – T6 LAMP,Electrical System,LAMP,Auto Parts,PCS,"4,897,677.00","881,582.00","5,779,259.00"
Ford vehicles – T6,Ford vehicles – T6 Wiper motor relays,Electrical System,Wiper motor relays,Auto Parts,PCS,"1,121,161.00","201,809.00","1,322,970.00"
Ford vehicles – T6,Ford vehicles – T6 Headlamp relays,Electrical System,Headlamp relays,Auto Parts,PCS,"387,097.00","69,677.00","456,774.00"
Ford vehicles – T6,Ford vehicles – T6 Heater relay,Electrical System,Heater relay,Auto Parts,PCS,"876,516.00","157,773.00","1,034,289.00"
Ford vehicles – T6,Ford vehicles – T6 Electrical window master switches,Electrical System,Electrical window master switches,Auto Parts,PCS,"1,656,774.00","298,219.00","1,954,994.00"
Ford vehicles – T6,Ford vehicles – T6 Single Switch,Electrical System,Single Switch,Auto Parts,PCS,"804,073.00","144,733.00","948,806.00"
Ford vehicles – T6,Ford vehicles – T6 Head lamp switches,Electrical System,Head lamp switches,Auto Parts,PCS,"500,000.00","90,000.00","590,000.00"
Ford vehicles – T6,Ford vehicles – T6 Number plate lamps,Electrical System,Number plate lamps,Auto Parts,PCS,"11,000.00","1,980.00","12,980.00"
Ford vehicles – T6,Ford vehicles – T6 Heater blower motors,Electrical System,Heater blower motors,Auto Parts,PCS,"993,290.00","178,792.00","1,172,083.00"
Ford vehicles – T6,Ford vehicles – T6 Heater control valves,Electrical System,Heater control valves,Auto Parts,PCS,"1,035,226.00","186,341.00","1,221,566.00"
Ford vehicles – T6,Ford vehicles – T6 Battery Din 80,Electrical System,Battery Din 80,Auto Parts,PCS,"1,040,000.00","187,200.00","1,227,200.00"
Ford vehicles – T6,Ford vehicles – T6 Battery N45,Electrical System,Battery N45,Auto Parts,PCS,"581,613.00","104,690.00","686,303.00"
Ford vehicles – T6,Ford vehicles – T6 Electronic Control Unit (ECU),Electrical System,Electronic Control Unit (ECU),Auto Parts,PCS,"6,353,434.00","1,143,618.00","7,497,052.00"
Ford vehicles – T6,Ford vehicles – T6 Body Control Module (BCM),Electrical System,Body Control Module (BCM),Auto Parts,PCS,"6,353,434.00","1,143,618.00","7,497,052.00"
Ford vehicles – T6,Ford vehicles – T6 Heater plugs,Electrical System,Heater plugs,Auto Parts,PCS,"109,924.00","19,786.00","129,710.00"
Ford vehicles – T6,Ford vehicles – T6 Bulb head lamp,Electrical System,Bulb head lamp,Auto Parts,PCS,"369,110.00","66,440.00","435,550.00"
Ford vehicles – T6,Ford vehicles – T6 Brake bulb double filament,Electrical System,Brake bulb double filament,Auto Parts,PCS,"78,194.00","14,075.00","92,268.00"
Ford vehicles – T6,"Ford vehicles – T6 Bulb, single filament",Electrical System,"Bulb, single filament",Auto Parts,PCS,"132,000.00","23,760.00","155,760.00"
Ford vehicles – T6,Ford vehicles – T6 Bulb Number plate,Electrical System,Bulb Number plate,Auto Parts,PCS,"11,914.00","2,145.00","14,059.00"
Ford vehicles – T6,Ford vehicles – T6 Bulb Indicator front,Electrical System,Bulb Indicator front,Auto Parts,PCS,"12,265.00","2,208.00","14,472.00"
Ford vehicles – T6,Ford vehicles – T6 Bulb indicator rear,Electrical System,Bulb indicator rear,Auto Parts,PCS,"12,265.00","2,208.00","14,472.00"
Ford vehicles – T6,"Ford vehicles – T6 Bulb, parking front",Electrical System,"Bulb, parking front",Auto Parts,PCS,"308,713.00","55,568.00","364,281.00"
Ford vehicles – T6,Ford vehicles – T6 Head lamp,Electrical System,Head lamp,Auto Parts,PCS,"1,021,687.00","183,904.00","1,205,591.00"
Ford vehicles – T6,Ford vehicles – T6 High tension leads,Electrical System,High tension leads,Auto Parts,PCS,"486,740.00","87,613.00","574,353.00"
Ford vehicles – T6,Ford vehicles – T6 Ignition control units,Electrical System,Ignition control units,Auto Parts,PCS,"6,353,434.00","1,143,618.00","7,497,052.00"
Ford vehicles – T6,Ford vehicles – T6 Ignition switch,Electrical System,Ignition switch,Auto Parts,PCS,"1,958,006.00","352,441.00","2,310,447.00"
Ford vehicles – T6,Ford vehicles – T6 Indicator lights,Electrical System,Indicator lights,Auto Parts,PCS,"12,265.00","2,208.00","14,472.00"
Ford vehicles – T6,Ford vehicles – T6 Parking light,Electrical System,Parking light,Auto Parts,PCS,"286,740.00","51,613.00","338,353.00"
Ford vehicles – T6,Ford vehicles – T6 50 amps,Electrical System,50 amps,Auto Parts,PCS,"120,000.00","21,600.00","141,600.00"
Ford vehicles – T6,Ford vehicles – T6 10 amps,Electrical System,10 amps,Auto Parts,PCS,"76,400.00","13,752.00","90,152.00"
Ford vehicles – T6,Ford vehicles – T6 15 amps,Electrical System,15 amps,Auto Parts,PCS,"892,350.00","160,623.00","1,052,973.00"
Ford vehicles – T6,Ford vehicles – T6 Tails lights/rear light,Electrical System,Tails lights/rear light,Auto Parts,PCS,"1,590,581.00","286,305.00","1,876,885.00"
Ford vehicles – T6,Ford vehicles – T6 Thermostat housing,Electrical System,Thermostat housing,Auto Parts,PCS,"423,060.00","76,151.00","499,211.00"
Ford vehicles – T6,Ford vehicles – T6 Door handle - outer,Other Miscellaneous Parts,Door handle - outer,Auto Parts,PCS,"251,355.00","45,244.00","296,599.00"
Ford vehicles – T6,Ford vehicles – T6 Door handles,Other Miscellaneous Parts,Door handles,Auto Parts,PCS,"251,355.00","45,244.00","296,599.00"
Ford vehicles – T6,Ford vehicles – T6 Door locks,Other Miscellaneous Parts,Door locks,Auto Parts,PCS,"559,097.00","100,637.00","659,734.00"
Ford vehicles – T6,Ford vehicles – T6 Rear and Front bumper,Other Miscellaneous Parts,Rear and Front bumper,Auto Parts,PCS,"4,731,355.00","851,644.00","5,582,999.00"
Ford vehicles – T6,Ford vehicles – T6 Door winding machine,Other Miscellaneous Parts,Door winding machine,Auto Parts,PCS,"1,656,774.00","298,219.00","1,954,994.00"
Ford vehicles – T6,Ford vehicles – T6 Front grill,Other Miscellaneous Parts,Front grill,Auto Parts,PCS,"2,712,903.00","488,323.00","3,201,226.00"
Ford vehicles – T6,Ford vehicles – T6 Bonnet cable,Other Miscellaneous Parts,Bonnet cable,Auto Parts,PCS,"248,284.00","44,691.00","292,975.00"
Ford vehicles – T6,Ford vehicles – T6 Bonnet mounting,Other Miscellaneous Parts,Bonnet mounting,Auto Parts,PCS,"56,903.00","10,243.00","67,146.00"
Ford vehicles – T6,Ford vehicles – T6 Rear lights complete,Other Miscellaneous Parts,Rear lights complete,Auto Parts,PCS,"1,590,581.00","286,305.00","1,876,885.00"
Ford vehicles – T6,Ford vehicles – T6 Reflectors,Other Miscellaneous Parts,Reflectors,Auto Parts,PCS,"79,800.00","14,364.00","94,164.00"
Ford vehicles – T6,Ford vehicles – T6 Bonnet,Other Miscellaneous Parts,Bonnet,Auto Parts,PCS,"2,097,935.00","377,628.00","2,475,564.00"
Ford vehicles – T6,Ford vehicles – T6 Bonnet lock,Other Miscellaneous Parts,Bonnet lock,Auto Parts,PCS,"441,548.00","79,479.00","521,027.00"
Ford vehicles – T6,Ford vehicles – T6 Rear cabin door locks,Other Miscellaneous Parts,Rear cabin door locks,Auto Parts,PCS,"491,397.00","88,452.00","579,849.00"
Ford vehicles – T6,Ford vehicles – T6 Sport lights,Other Miscellaneous Parts,Sport lights,Auto Parts,PCS,"491,397.00","88,452.00","579,849.00"
Ford vehicles – T6,Ford vehicles – T6 Indicators,Other Miscellaneous Parts,Indicators,Auto Parts,PCS,"12,265.00","2,208.00","14,472.00"
Ford vehicles – T6,Ford vehicles – T6 Parking lights,Other Miscellaneous Parts,Parking lights,Auto Parts,PCS,"993,290.00","178,792.00","1,172,083.00"
Ford vehicles – T6,Ford vehicles – T6 Bulbs (12v double filament),Other Miscellaneous Parts,Bulbs (12v double filament),Auto Parts,PCS,"78,194.00","14,075.00","92,268.00"
Ford vehicles – T6,Ford vehicles – T6 Bulbs (12v single filament),Other Miscellaneous Parts,Bulbs (12v single filament),Auto Parts,PCS,"78,194.00","14,075.00","92,268.00"
Ford vehicles – T6,Ford vehicles – T6 Bulbs (24v double filament),Other Miscellaneous Parts,Bulbs (24v double filament),Auto Parts,PCS,"369,110.00","66,440.00","435,550.00"
Ford vehicles – T6,Ford vehicles – T6 Bulbs (24v single filament),Other Miscellaneous Parts,Bulbs (24v single filament),Auto Parts,PCS,"369,110.00","66,440.00","435,550.00"
Ford vehicles – T6,Ford vehicles – T6 Bulbs (halogen for headlamps),Other Miscellaneous Parts,Bulbs (halogen for headlamps),Auto Parts,PCS,"308,713.00","55,568.00","364,281.00"
Ford vehicles – T6,Ford vehicles – T6 Dashboard,Other Miscellaneous Parts,Dashboard,Auto Parts,PCS,"3,490,065.00","628,212.00","4,118,276.00"
Ford vehicles – T6,Ford vehicles – T6 Door - front,Other Miscellaneous Parts,Door - front,Auto Parts,PCS,"1,918,452.00","345,321.00","2,263,773.00"
Ford vehicles – T6,Ford vehicles – T6 Door - hind gate,Other Miscellaneous Parts,Door - hind gate,Auto Parts,PCS,"248,000.00","44,640.00","292,640.00"
Ford vehicles – T6,Ford vehicles – T6 Door - rear,Other Miscellaneous Parts,Door - rear,Auto Parts,PCS,"2,323,010.00","418,142.00","2,741,152.00"
Ford vehicles – T6,Ford vehicles – T6 Z- link,Other Miscellaneous Parts,Z- link,Auto Parts,PCS,"583,613.00","105,050.00","688,663.00"
Ford vehicles – T6,Ford vehicles – T6 Driving mirror,Other Miscellaneous Parts,Driving mirror,Auto Parts,PCS,"695,355.00","125,164.00","820,519.00"
Ford vehicles – T6,Ford vehicles – T6 Floor carpets,Other Miscellaneous Parts,Floor carpets,Auto Parts,PCS,"189,600.00","34,128.00","223,728.00"
Ford vehicles – T6,Ford vehicles – T6 Grill Radiator,Other Miscellaneous Parts,Grill Radiator,Auto Parts,PCS,"2,712,903.00","488,323.00","3,201,226.00"
Ford vehicles – T6,Ford vehicles – T6 Hood and trunk release cables,Other Miscellaneous Parts,Hood and trunk release cables,Auto Parts,PCS,"248,284.00","44,691.00","292,975.00"
Ford vehicles – T6,Ford vehicles – T6 Horn,Other Miscellaneous Parts,Horn,Auto Parts,PCS,"411,355.00","74,044.00","485,399.00"
Ford vehicles – T6,Ford vehicles – T6 Mad flaps,Other Miscellaneous Parts,Mad flaps,Auto Parts,PCS,"174,323.00","31,378.00","205,701.00"
Ford vehicles – T6,Ford vehicles – T6 Nuts,Other Miscellaneous Parts,Nuts,Auto Parts,PCS,"46,839.00","8,431.00","55,270.00"
Ford vehicles – T6,Ford vehicles – T6 Radio; CD Player,Other Miscellaneous Parts,Radio; CD Player,Auto Parts,PCS,"2,502,065.00","450,372.00","2,952,436.00"
Ford vehicles – T6,Ford vehicles – T6 Reflectors,Other Miscellaneous Parts,Reflectors,Auto Parts,PCS,"125,630.00","22,613.00","148,243.00"
Ford vehicles – T6,Ford vehicles – T6 Side mirror assy,Other Miscellaneous Parts,Side mirror assy,Auto Parts,PCS,"3,082,697.00","554,886.00","3,637,583.00"
Ford vehicles – T6,Ford vehicles – T6 Washers,Other Miscellaneous Parts,Washers,Auto Parts,PCS,"186,710.00","33,608.00","220,317.00"
Ford vehicles – T6,Ford vehicles – T6 Wheel alignment,Other Miscellaneous Parts,Wheel alignment,Auto Parts,PCS,"93,500.00","16,830.00","110,330.00"
Ford vehicles – T6,Ford vehicles – T6 Wheel balancing,Other Miscellaneous Parts,Wheel balancing,Auto Parts,PCS,"13,200.00","2,376.00","15,576.00"
Ford vehicles – T6,Ford vehicles – T6 Screen washer motor,Other Miscellaneous Parts,Screen washer motor,Auto Parts,PCS,"1,121,161.00","201,809.00","1,322,970.00"
Ford vehicles – T6,Ford vehicles – T6 Tow bars,Other Miscellaneous Parts,Tow bars,Auto Parts,PCS,"746,194.00","134,315.00","880,508.00"
Ford vehicles – T6,Ford vehicles – T6 Aerial assembly,Other Miscellaneous Parts,Aerial assembly,Auto Parts,PCS,"1,024,831.00","184,470.00","1,209,300.00"
Ford vehicles – T6,Ford vehicles – T6 central locking Switch,Other Miscellaneous Parts,central locking Switch,Auto Parts,PCS,"746,194.00","134,315.00","880,508.00"
Ford vehicles – T6,Ford vehicles – T6 Drivers’ seats,Other Miscellaneous Parts,Drivers’ seats,Auto Parts,PCS,"10,277,337.00","1,849,921.00","12,127,257.00"
Ford vehicles – T6,Ford vehicles – T6 Rear Steps,Other Miscellaneous Parts,Rear Steps,Auto Parts,PCS,"2,013,419.00","362,415.00","2,375,835.00"
Ford vehicles – T6,Ford vehicles – T6 Rubber mats,Other Miscellaneous Parts,Rubber mats,Auto Parts,PCS,"189,000.00","34,020.00","223,020.00"
Ford vehicles – T6,Ford vehicles – T6 Warning triangles,Other Miscellaneous Parts,Warning triangles,Auto Parts,PCS,"175,300.00","31,554.00","206,854.00"
Ford vehicles – T6,Ford vehicles – T6 Washer jets,Other Miscellaneous Parts,Washer jets,Auto Parts,PCS,"106,710.00","19,208.00","125,917.00"
Ford vehicles – T6,Ford vehicles – T6 Door glasses,Other Miscellaneous Parts,Door glasses,Auto Parts,PCS,"320,129.00","57,623.00","377,752.00"
Ford vehicles – T6,Ford vehicles – T6 Rear view mirrors,Other Miscellaneous Parts,Rear view mirrors,Auto Parts,PCS,"4,466,997.00","804,059.00","5,271,056.00"
Ford vehicles – T6,Ford vehicles – T6 Bumpers / cover front bumper,Other Miscellaneous Parts,Bumpers / cover front bumper,Auto Parts,PCS,"2,743,742.00","493,874.00","3,237,615.00"
Ford vehicles – T6,Ford vehicles – T6 Side steps,Other Miscellaneous Parts,Side steps,Auto Parts,PCS,"2,013,419.00","362,415.00","2,375,835.00"
Ford vehicles – T6,Ford vehicles – T6 Four-wheel drive locks,Other Miscellaneous Parts,Four-wheel drive locks,Auto Parts,PCS,"3,249,548.00","584,919.00","3,834,467.00"
Ford vehicles – T6,Ford vehicles – T6 Dust seals,Other Miscellaneous Parts,Dust seals,Auto Parts,PCS,"60,976.00","10,976.00","71,952.00"
Ford vehicles – T6,Ford vehicles – T6 Driving shaft boot,Other Miscellaneous Parts,Driving shaft boot,Auto Parts,PCS,"1,054,710.00","189,848.00","1,244,557.00"
Ford vehicles – T6,Ford vehicles – T6 Tarpaulin cover,Other Miscellaneous Parts,Tarpaulin cover,Auto Parts,PCS,"1,445,161.00","260,129.00","1,705,290.00"
Ford vehicles – T6,Ford vehicles – T6 Tarpaulin rope,Other Miscellaneous Parts,Tarpaulin rope,Auto Parts,PCS,"262,967.00","47,334.00","310,301.00"
Ford vehicles – T6,Ford vehicles – T6 Diesel Engine oil,Service,Diesel Engine oil,Auto Parts,LTR,"81,069.00","14,592.00","95,662.00"
Ford vehicles – T6,Ford vehicles – T6 Petrol Engine oil 15w40,Service,Petrol Engine oil 15w40,Auto Parts,LTR,"50,016.00","9,003.00","59,018.00"
Ford vehicles – T6,Ford vehicles – T6 Brake fluid,Service,Brake fluid,Auto Parts,LTR,"33,871.00","6,097.00","39,968.00"
Ford vehicles – T6,Ford vehicles – T6 Manual transmission oil,Service,Manual transmission oil,Auto Parts,LTR,"73,531.00","13,236.00","86,766.00"
Ford vehicles – T6,Ford vehicles – T6 Gear oil,Service,Gear oil,Auto Parts,LTR,"128,237.00","23,083.00","151,320.00"
Ford vehicles – T6,Ford vehicles – T6 Coolant,Service,Coolant,Auto Parts,LTR,"88,105.00","15,859.00","103,964.00"
Ford vehicles – T6,Ford vehicles – T6 Grease,Service,Grease,Auto Parts,KG,"24,800.00","4,464.00","29,264.00"
Ford vehicles – T6,Ford vehicles – T6 Hydraulic oil,Service,Hydraulic oil,Auto Parts,LTR,"63,510.00","11,432.00","74,941.00"
Ford vehicles – T6,Ford vehicles – T6 Oil filter,Service,Oil filter,Auto Parts,PCS,"114,525.00","20,614.00","135,139.00"
Ford vehicles – T6,Ford vehicles – T6 Fuel filter,Service,Fuel filter,Auto Parts,PCS,"233,548.00","42,039.00","275,587.00"
Ford vehicles – T6,Ford vehicles – T6 Air filter,Service,Air filter,Auto Parts,PCS,"262,967.00","47,334.00","310,301.00"
Nissan vans,Nissan vans Pad Kit-disc (Brake pads front),Brake System,Pad Kit-disc (Brake pads front),Auto Parts,PC,"697,166.00","125,490.00","822,656.00"
Nissan vans,Nissan vans SHOE SET-REAR (Brake shoes),Brake System,SHOE SET-REAR (Brake shoes),Auto Parts,PC,"606,081.00","109,094.00","715,175.00"
Nissan vans,Nissan vans BOOSTER ASSY MA (brake booster),Brake System,BOOSTER ASSY MA (brake booster),Auto Parts,PC,"5,223,460.00","940,223.00","6,163,683.00"
Nissan vans,Nissan vans Rotor Disc Brak (Front Rotor Discs),Brake System,Rotor Disc Brak (Front Rotor Discs),Auto Parts,Set,"1,776,554.00","319,780.00","2,096,333.00"
Nissan vans,Nissan vans Disc skimming,Brake System,Disc skimming,Auto Parts,Set,"161,290.00","29,032.00","190,323.00"
Nissan vans,Nissan vans DRUM 4X4 and hi (Brake drum),Brake System,DRUM 4X4 and hi (Brake drum),Auto Parts,PC,"2,174,176.00","391,352.00","2,565,527.00"
Nissan vans,Nissan vans Drum Skimming,Brake System,Drum Skimming,Auto Parts,Set,"161,290.00","29,032.00","190,323.00"
Nissan vans,Nissan vans BOLT-PIN (Calipper bolts),Brake System,BOLT-PIN (Calipper bolts),Auto Parts,Set,"189,268.00","34,068.00","223,337.00"
Nissan vans,Nissan vans CYL ASSY CLUTCH,Brake System,CYL ASSY CLUTCH,Auto Parts,PC,"404,082.00","72,735.00","476,817.00"
Nissan vans,Nissan vans CYL ASSY-CLUTCH,Brake System,CYL ASSY-CLUTCH,Auto Parts,PC,"693,682.00","124,863.00","818,545.00"
Nissan vans,Nissan vans CALIPER ASSY-BR (Brake caliper),Brake System,CALIPER ASSY-BR (Brake caliper),Auto Parts,PC,"2,478,939.00","446,209.00","2,925,148.00"
Nissan vans,"Nissan vans CABLE COMPL - P (Hand brake cable, short)",Brake System,"CABLE COMPL - P (Hand brake cable, short)",Auto Parts,PC,"967,567.00","174,162.00","1,141,729.00"
Nissan vans,"Nissan vans DVC ASSY-PKB C (handbrake cable, long)",Brake System,"DVC ASSY-PKB C (handbrake cable, long)",Auto Parts,PC,"939,826.00","169,169.00","1,108,995.00"
Nissan vans,Nissan vans PACK (brake shims),Brake System,PACK (brake shims),Auto Parts,PC,"145,835.00","26,250.00","172,085.00"
Nissan vans,Nissan vans SPACER VACUUM BOOST (brake servo bolt),Brake System,SPACER VACUUM BOOST (brake servo bolt),Auto Parts,PC,"38,424.00","6,916.00","45,341.00"
Nissan vans,Nissan vans Brake pad plates,Brake System,Brake pad plates,Auto Parts,Set,"701,783.00","126,321.00","828,104.00"
Nissan vans,Nissan vans ABS sensor,Brake System,ABS sensor,Auto Parts,PC,"2,895,091.00","521,116.00","3,416,207.00"
Nissan vans,Nissan vans Brake master cylinder,Brake System,Brake master cylinder,Auto Parts,PC,"1,446,716.00","260,409.00","1,707,125.00"
Nissan vans,Nissan vans Drive shaft boot,Axle,Drive shaft boot,Auto Parts,PC,"575,429.00","103,577.00","679,006.00"
Nissan vans,Nissan vans SEAL HUB FRONT (Front grease seals),Axle,SEAL HUB FRONT (Front grease seals),Auto Parts,Set,"145,550.00","26,199.00","171,748.00"
Nissan vans,Nissan vans BEARING ASSY-FR (Wheel bearings inner),Axle,BEARING ASSY-FR (Wheel bearings inner),Auto Parts,Set,"699,446.00","125,900.00","825,347.00"
Nissan vans,Nissan vans Bearing KLM3008 (Wheel bearings outer),Axle,Bearing KLM3008 (Wheel bearings outer),Auto Parts,Set,"988,031.00","177,846.00","1,165,877.00"
Nissan vans,Nissan vans SHAFT ASSY FRON (Drive shaft),Axle,SHAFT ASSY FRON (Drive shaft),Auto Parts,Set,"7,649,291.00","1,376,872.00","9,026,163.00"
Nissan vans,Nissan vans ORNAMENT ROAD C (Hub cap),Axle,ORNAMENT ROAD C (Hub cap),Auto Parts,PC,"270,274.00","48,649.00","318,924.00"
Nissan vans,Nissan vans LEVER-COMPLETE (*Accelerator pedal),Axle,LEVER-COMPLETE (*Accelerator pedal),Auto Parts,PC,"2,540,443.00","457,280.00","2,997,723.00"
Nissan vans,Nissan vans CYL ASSY-RR WHE (Wheel cylinder),Axle,CYL ASSY-RR WHE (Wheel cylinder),Auto Parts,Set,"968,153.00","174,268.00","1,142,421.00"
Nissan vans,Nissan vans Nut (Wheel lock nut),Axle,Nut (Wheel lock nut),Auto Parts,PC,"124,118.00","22,341.00","146,459.00"
Nissan vans,Nissan vans Wash-lock Wheel (Wheel hub washers),Axle,Wash-lock Wheel (Wheel hub washers),Auto Parts,PC,"87,057.00","15,670.00","102,727.00"
Nissan vans,Nissan vans Scr-truss HD (Wheel hub screw),Axle,Scr-truss HD (Wheel hub screw),Auto Parts,Set,"22,890.00","4,120.00","27,010.00"
Nissan vans,Nissan vans COMP BRG NEEDLE (Wheel hub lock nut),Axle,COMP BRG NEEDLE (Wheel hub lock nut),Auto Parts,PC,"178,870.00","32,197.00","211,066.00"
Nissan vans,Nissan vans HUB ASSY-AUTO F (Free running hub),Axle,HUB ASSY-AUTO F (Free running hub),Auto Parts,Set,"4,881,409.00","878,654.00","5,760,063.00"
Nissan vans,Nissan vans BELT-ALTNTR,Engine Components,BELT-ALTNTR,Auto Parts,PC,"355,800.00","64,044.00","419,844.00"
Nissan vans,Nissan vans BELT-COMPRESSOR,Engine Components,BELT-COMPRESSOR,Auto Parts,PC,"102,840.00","18,511.00","121,352.00"
Nissan vans,Nissan vans BELT-POWER STEE,Engine Components,BELT-POWER STEE,Auto Parts,PC,"260,259.00","46,847.00","307,106.00"
Nissan vans,"Nissan vans GUIDE-CHAIN TEN (Guide chain tensioner, smal",Engine Components,"GUIDE-CHAIN TEN (Guide chain tensioner, smal",Auto Parts,PC,"129,581.00","23,325.00","152,905.00"
Nissan vans,"Nissan vans GUIDE-CHAIN TEN (Guide chain tensioner, big)",Engine Components,"GUIDE-CHAIN TEN (Guide chain tensioner, big)",Auto Parts,PC,"379,565.00","68,322.00","447,887.00"
Nissan vans,Nissan vans CHAIN-TIMING CA (Timing chain loose end),Engine Components,CHAIN-TIMING CA (Timing chain loose end),Auto Parts,PC,"623,381.00","112,208.00","735,589.00"
Nissan vans,Nissan vans CHAIN-TIMING CA (Timing chain tension end),Engine Components,CHAIN-TIMING CA (Timing chain tension end),Auto Parts,PC,"473,963.00","85,313.00","559,277.00"
Nissan vans,Nissan vans Tension Chain,Engine Components,Tension Chain,Auto Parts,PC,"362,812.00","65,306.00","428,118.00"
Nissan vans,"Nissan vans SEAL-OIL CRANKS (Crankshaft oil seal, front)",Engine Components,"SEAL-OIL CRANKS (Crankshaft oil seal, front)",Auto Parts,PC,"108,552.00","19,539.00","128,091.00"
Nissan vans,"Nissan vans SEAL-OIL CRANKS (Crankshaft oil seal, rear))",Engine Components,"SEAL-OIL CRANKS (Crankshaft oil seal, rear))",Auto Parts,PC,"187,398.00","33,732.00","221,129.00"
Nissan vans,Nissan vans HEAD CYLINDER (Cylinder head),Engine Components,HEAD CYLINDER (Cylinder head),Auto Parts,PC,"9,640,622.00","1,735,312.00","11,375,934.00"
Nissan vans,Nissan vans Cylinder head refacing,Engine Components,Cylinder head refacing,Auto Parts,PC,"1,174,194.00","211,355.00","1,385,548.00"
Nissan vans,Nissan vans Gasket Cylinder (Cylinde head gasket),Engine Components,Gasket Cylinder (Cylinde head gasket),Auto Parts,PC,"336,497.00","60,570.00","397,067.00"
Nissan vans,Nissan vans GASKET-ROCKER C (Rocker cover gasket),Engine Components,GASKET-ROCKER C (Rocker cover gasket),Auto Parts,PC,"151,351.00","27,243.00","178,594.00"
Nissan vans,"Nissan vans INSULATOR-ENGIN (Engine mounting, rear)",Engine Components,"INSULATOR-ENGIN (Engine mounting, rear)",Auto Parts,PC,"751,269.00","135,228.00","886,497.00"
Nissan vans,"Nissan vans INSULATOR-ENG M (Engine mounting, front)",Engine Components,"INSULATOR-ENG M (Engine mounting, front)",Auto Parts,PC,"477,270.00","85,909.00","563,179.00"
Nissan vans,Nissan vans Plug Drain,Engine Components,Plug Drain,Auto Parts,PC,"19,894.00","3,581.00","23,475.00"
Nissan vans,"Nissan vans ENGINE BARE, complete engine assy",Engine Components,"ENGINE BARE, complete engine assy",Auto Parts,PC,"61,521,902.00","11,073,942.00","72,595,845.00"
Nissan vans,Nissan vans RING SET-PISTON (Piston rings),Engine Components,RING SET-PISTON (Piston rings),Auto Parts,Set,"1,211,051.00","217,989.00","1,429,040.00"
Nissan vans,Nissan vans PISTON WITH PIN (Piston),Engine Components,PISTON WITH PIN (Piston),Auto Parts,Set,"4,677,811.00","842,006.00","5,519,817.00"
Nissan vans,Nissan vans Bearing Set (Main bearings),Engine Components,Bearing Set (Main bearings),Auto Parts,Set,"254,862.00","45,875.00","300,737.00"
Nissan vans,Nissan vans BUSHING SET-CON (Piece bearings),Engine Components,BUSHING SET-CON (Piece bearings),Auto Parts,Set,"480,304.00","86,455.00","566,759.00"
Nissan vans,Nissan vans Block Sleeve,Engine Components,Block Sleeve,Auto Parts,Set,"1,612,903.00","290,323.00","1,903,226.00"
Nissan vans,Nissan vans GASKET-ENGINE (Overhaul gasket kit),Engine Components,GASKET-ENGINE (Overhaul gasket kit),Auto Parts,PC,"1,286,961.00","231,653.00","1,518,614.00"
Nissan vans,Nissan vans PUMP ASSY OIL D (Oil pump),Engine Components,PUMP ASSY OIL D (Oil pump),Auto Parts,PC,"1,105,943.00","199,070.00","1,305,012.00"
Nissan vans,Nissan vans ROD COMP-CON (Connecting rods),Engine Components,ROD COMP-CON (Connecting rods),Auto Parts,Set,"3,540,870.00","637,357.00","4,178,226.00"
Nissan vans,Nissan vans PUMP INJECTION (Injector pump),Engine Components,PUMP INJECTION (Injector pump),Auto Parts,PC,"9,990,431.00","1,798,278.00","11,788,709.00"
Nissan vans,Nissan vans Injector nozzles,Engine Components,Injector nozzles,Auto Parts,Set,"14,188,364.00","2,553,906.00","16,742,270.00"
Nissan vans,Nissan vans Injector pump service,Engine Components,Injector pump service,Auto Parts,PC,"1,877,119.00","337,881.00","2,215,000.00"
Nissan vans,Nissan vans Fluid Gasket (Sealant tube),Engine Components,Fluid Gasket (Sealant tube),Auto Parts,PC,"525,513.00","94,592.00","620,105.00"
Nissan vans,Nissan vans FAN COOLING,Engine Components,FAN COOLING,Auto Parts,PC,"1,093,420.00","196,816.00","1,290,235.00"
Nissan vans,Nissan vans Camshaft pulley,Engine Components,Camshaft pulley,Auto Parts,PC,"453,126.00","81,563.00","534,689.00"
Nissan vans,Nissan vans Crankshaft pulley,Engine Components,Crankshaft pulley,Auto Parts,PC,"918,630.00","165,353.00","1,083,983.00"
Nissan vans,Nissan vans Fan coupling,Engine Components,Fan coupling,Auto Parts,PC,"2,041,554.00","367,480.00","2,409,033.00"
Nissan vans,Nissan vans Hose air inlet,Engine Components,Hose air inlet,Auto Parts,PC,"544,917.00","98,085.00","643,003.00"
Nissan vans,Nissan vans FAN ASSY-COND (AC fan shroud),Engine Cooling System,FAN ASSY-COND (AC fan shroud),Auto Parts,PC,"259,570.00","46,723.00","306,293.00"
Nissan vans,Nissan vans Shroud-rad.lowe (Cooling fan shroud),Engine Cooling System,Shroud-rad.lowe (Cooling fan shroud),Auto Parts,PC,"841,626.00","151,493.00","993,118.00"
Nissan vans,Nissan vans Radiator assy,Engine Cooling System,Radiator assy,Auto Parts,PC,"3,234,148.00","582,147.00","3,816,294.00"
Nissan vans,Nissan vans CAP ASSY-PRESSU (Radiator cap),Engine Cooling System,CAP ASSY-PRESSU (Radiator cap),Auto Parts,PC,"62,693.00","11,285.00","73,978.00"
Nissan vans,Nissan vans MOUNTING RUBBER (Upper radiator mountings,Engine Cooling System,MOUNTING RUBBER (Upper radiator mountings,Auto Parts,Set,"118,985.00","21,417.00","140,402.00"
Nissan vans,Nissan vans RUBBER-MOUNTING (Lower radiator mounting,Engine Cooling System,RUBBER-MOUNTING (Lower radiator mounting,Auto Parts,Set,"52,722.00","9,490.00","62,213.00"
Nissan vans,Nissan vans HOSE-RESERVE TA (Reserve tank pipe),Engine Cooling System,HOSE-RESERVE TA (Reserve tank pipe),Auto Parts,PC,"108,010.00","19,442.00","127,452.00"
Nissan vans,Nissan vans Nozzle Washer (Wiper nozzles),Engine Cooling System,Nozzle Washer (Wiper nozzles),Auto Parts,Set,"114,322.00","20,578.00","134,900.00"
Nissan vans,Nissan vans TANK ASSY-RESER (Reservoir tank),Engine Cooling System,TANK ASSY-RESER (Reservoir tank),Auto Parts,PC,"674,117.00","121,341.00","795,458.00"
Nissan vans,Nissan vans BODY-CLEANER (Air cleaner housing),Engine Cooling System,BODY-CLEANER (Air cleaner housing),Auto Parts,PC,"865,213.00","155,738.00","1,020,951.00"
Nissan vans,Nissan vans PUMP ASSY-WATER (Water pump),Engine Cooling System,PUMP ASSY-WATER (Water pump),Auto Parts,PC,"1,967,835.00","354,210.00","2,322,045.00"
Nissan vans,Nissan vans GASKET-WATER PU (Water pump gasket),Engine Cooling System,GASKET-WATER PU (Water pump gasket),Auto Parts,PC,"30,181.00","5,433.00","35,614.00"
Nissan vans,Nissan vans TANK ASSY -WS WASH (Wiper tank tank),Engine Cooling System,TANK ASSY -WS WASH (Wiper tank tank),Auto Parts,PC,"185,083.00","33,315.00","218,398.00"
Nissan vans,Nissan vans AIR FILTER ASSY,Engine Cooling System,AIR FILTER ASSY,Auto Parts,PC,"231,799.00","41,724.00","273,523.00"
Nissan vans,Nissan vans INTRCOOLER(CHARGER AIR COOLER),Engine Cooling System,INTRCOOLER(CHARGER AIR COOLER),Auto Parts,PC,"7,088,378.00","1,275,908.00","8,364,286.00"
Nissan vans,Nissan vans CHARGER TURBO,Engine Cooling System,CHARGER TURBO,Auto Parts,PC,"9,183,925.00","1,653,106.00","10,837,031.00"
Nissan vans,Nissan vans FILTER ASSY-OIL (Oil filter),Engine Oil System,FILTER ASSY-OIL (Oil filter),Auto Parts,PC,"116,319.00","20,937.00","137,257.00"
Nissan vans,Nissan vans CAP ASSY-OIL FI (Oil filler cap),Engine Oil System,CAP ASSY-OIL FI (Oil filler cap),Auto Parts,PC,"179,513.00","32,312.00","211,826.00"
Nissan vans,Nissan vans PUMP ASSY OIL D (Oil pump),Engine Oil System,PUMP ASSY OIL D (Oil pump),Auto Parts,PC,"1,043,502.00","187,830.00","1,231,333.00"
Nissan vans,Nissan vans HOSE-WATER (Oil cooler pipe),Engine Oil System,HOSE-WATER (Oil cooler pipe),Auto Parts,PC,"96,727.00","17,411.00","114,137.00"
Nissan vans,Nissan vans COOLER OIL (Oil cooler),Engine Oil System,COOLER OIL (Oil cooler),Auto Parts,PC,"1,015,637.00","182,815.00","1,198,452.00"
Nissan vans,Nissan vans STRAINER OIL (Oil strainer),Engine Oil System,STRAINER OIL (Oil strainer),Auto Parts,PC,"228,786.00","41,182.00","269,968.00"
Nissan vans,Nissan vans GAUGE OIL LEVEL (Dipstick),Engine Oil System,GAUGE OIL LEVEL (Dipstick),Auto Parts,PC,"86,740.00","15,613.00","102,353.00"
Nissan vans,Nissan vans PAN ASSY-OIL (Oil pan),Engine Oil System,PAN ASSY-OIL (Oil pan),Auto Parts,PC,"858,365.00","154,506.00","1,012,871.00"
Nissan vans,Nissan vans BRACKET-OIL FIL (Oil filter bracket),Engine Oil System,BRACKET-OIL FIL (Oil filter bracket),Auto Parts,PC,"449,710.00","80,948.00","530,658.00"
Nissan vans,Nissan vans WASHER DRAIN (Drain plug washer),Engine Oil System,WASHER DRAIN (Drain plug washer),Auto Parts,PC,"19,894.00","3,581.00","23,475.00"
Nissan vans,Nissan vans Oil pressure switch,Engine Oil System,Oil pressure switch,Auto Parts,PC,"69,881.00","12,579.00","82,460.00"
Nissan vans,"Nissan vans MFLR ASSY (Exhaust pipe complete( Silencers,pipes etc))",Exhaust System,"MFLR ASSY (Exhaust pipe complete( Silencers,pipes etc))",Auto Parts,PC,"838,477.00","150,926.00","989,403.00"
Nissan vans,Nissan vans CONVERTER ASSY (Catalytic converter),Exhaust System,CONVERTER ASSY (Catalytic converter),Auto Parts,PC,"2,875,531.00","517,596.00","3,393,127.00"
Nissan vans,Nissan vans BOLT (Exhaust bolt),Exhaust System,BOLT (Exhaust bolt),Auto Parts,PC,"7,006.00","1,261.00","8,268.00"
Nissan vans,Nissan vans BOLT HEX HD (Exhaust bolt),Exhaust System,BOLT HEX HD (Exhaust bolt),Auto Parts,PC,"104,874.00","18,877.00","123,752.00"
Nissan vans,Nissan vans BOLT (Exhaust bolt),Exhaust System,BOLT (Exhaust bolt),Auto Parts,PC,"42,038.00","7,567.00","49,605.00"
Nissan vans,Nissan vans SCR-HEX HD PP W (Exhaust bolt),Exhaust System,SCR-HEX HD PP W (Exhaust bolt),Auto Parts,Set,"47,745.00","8,594.00","56,339.00"
Nissan vans,Nissan vans CLAMP-EXH MTG (exhaust clamp),Exhaust System,CLAMP-EXH MTG (exhaust clamp),Auto Parts,PC,"187,588.00","33,766.00","221,354.00"
Nissan vans,"Nissan vans Gasket, exhaust Big (Exhaust manifold gasket)",Exhaust System,"Gasket, exhaust Big (Exhaust manifold gasket)",Auto Parts,PC,"162,857.00","29,314.00","192,171.00"
Nissan vans,Nissan vans Bracket - Exh M (Exhaust mounting bracket),Exhaust System,Bracket - Exh M (Exhaust mounting bracket),Auto Parts,PC,"151,785.00","27,321.00","179,107.00"
Nissan vans,Nissan vans INSUL EXH MTG (Exhaust mounting),Exhaust System,INSUL EXH MTG (Exhaust mounting),Auto Parts,PC,"176,000.00","31,680.00","207,681.00"
Nissan vans,"Nissan vans MNTG Bracket (Exhaust mounting, front)",Exhaust System,"MNTG Bracket (Exhaust mounting, front)",Auto Parts,PC,"125,830.00","22,649.00","148,480.00"
Nissan vans,Nissan vans BRKT EXH MTG (Exhaust pipe bracket),Exhaust System,BRKT EXH MTG (Exhaust pipe bracket),Auto Parts,PC,"30,150.00","5,427.00","35,577.00"
Nissan vans,Nissan vans Insul-heat Exh (Exhaust insulator),Exhaust System,Insul-heat Exh (Exhaust insulator),Auto Parts,PC,"155,553.00","28,000.00","183,553.00"
Nissan vans,"Nissan vans INJECTOR-FUEL (Injector Nozzle, complete)",Fuel Supply System,"INJECTOR-FUEL (Injector Nozzle, complete)",Auto Parts,Set,"9,990,431.00","1,798,278.00","11,788,709.00"
Nissan vans,Nissan vans 16401-VC10C COVER-UPPER (Fuel Lift pump),Fuel Supply System,16401-VC10C COVER-UPPER (Fuel Lift pump),Auto Parts,PC,"449,783.00","80,961.00","530,744.00"
Nissan vans,Nissan vans Gasket-nozzle (Injector Nozzle seal),Fuel Supply System,Gasket-nozzle (Injector Nozzle seal),Auto Parts,Set,"65,689.00","11,824.00","77,513.00"
Nissan vans,Nissan vans TUBE ASSY-FUEL (Fuel return pipe),Fuel Supply System,TUBE ASSY-FUEL (Fuel return pipe),Auto Parts,PC,"365,819.00","65,847.00","431,666.00"
Nissan vans,Nissan vans TUBE ASSY-INJEC (Fuel rail),Fuel Supply System,TUBE ASSY-INJEC (Fuel rail),Auto Parts,PC,"4,790,638.00","862,315.00","5,652,953.00"
Nissan vans,Nissan vans TUBE-INJECTION (Fuel rail pipe1),Fuel Supply System,TUBE-INJECTION (Fuel rail pipe1),Auto Parts,PC,"365,819.00","65,847.00","431,666.00"
Nissan vans,Nissan vans TUBE ASSY-INJEC (Fuel rail pipe2),Fuel Supply System,TUBE ASSY-INJEC (Fuel rail pipe2),Auto Parts,PC,"381,628.00","68,693.00","450,321.00"
Nissan vans,Nissan vans TUBE ASSY-INJEC (Fuel rail pipe3),Fuel Supply System,TUBE ASSY-INJEC (Fuel rail pipe3),Auto Parts,PC,"252,056.00","45,370.00","297,427.00"
Nissan vans,Nissan vans TUBE ASSY-INJEC (Fuel rail pipe4),Fuel Supply System,TUBE ASSY-INJEC (Fuel rail pipe4),Auto Parts,PC,"515,796.00","92,843.00","608,639.00"
Nissan vans,Nissan vans O RING (Tank belt clamp),Fuel Supply System,O RING (Tank belt clamp),Auto Parts,PC,"30,990.00","5,578.00","36,568.00"
Nissan vans,Nissan vans Cap-filler-scre (Fuel tank cap - rubber),Fuel Supply System,Cap-filler-scre (Fuel tank cap - rubber),Auto Parts,PC,"179,773.00","32,359.00","212,132.00"
Nissan vans,Nissan vans Manifold Assy-I (Intake manifold ass),Fuel Supply System,Manifold Assy-I (Intake manifold ass),Auto Parts,PC,"2,666,412.00","479,954.00","3,146,366.00"
Nissan vans,Nissan vans Suction control valve,Fuel Supply System,Suction control valve,Auto Parts,PC,"1,300,000.00","234,000.00","1,534,000.00"
Nissan vans,Nissan vans Fuel filter sensor,Fuel Supply System,Fuel filter sensor,Auto Parts,PC,"516,531.00","92,976.00","609,507.00"
Nissan vans,Nissan vans Gasket-manifold,Fuel Supply System,Gasket-manifold,Auto Parts,PC,"239,454.00","43,102.00","282,556.00"
Nissan vans,Nissan vans Injector nozzle service,Fuel Supply System,Injector nozzle service,Auto Parts,PC,"1,054,717.00","189,849.00","1,244,566.00"
Nissan vans,Nissan vans Link Compl-fr S (Ball joint - upper LH),Suspension & Steering System,Link Compl-fr S (Ball joint - upper LH),Auto Parts,PC,"1,378,737.00","248,173.00","1,626,909.00"
Nissan vans,Nissan vans LINK COMPL RH (Ball joint - upper RH),Suspension & Steering System,LINK COMPL RH (Ball joint - upper RH),Auto Parts,PC,"1,378,737.00","248,173.00","1,626,909.00"
Nissan vans,Nissan vans Link Compl-fr S (Ball joint - lower RH),Suspension & Steering System,Link Compl-fr S (Ball joint - lower RH),Auto Parts,PC,"972,216.00","174,999.00","1,147,215.00"
Nissan vans,Nissan vans Link Compl-fr S (Ball joint - lower LH),Suspension & Steering System,Link Compl-fr S (Ball joint - lower LH),Auto Parts,PC,"972,216.00","174,999.00","1,147,215.00"
Nissan vans,Nissan vans Rod Kit-relay * (Track rod),Suspension & Steering System,Rod Kit-relay * (Track rod),Auto Parts,PC,"1,610,048.00","289,809.00","1,899,857.00"
Nissan vans,Nissan vans Rod Kit - Tie; (Tie rod ends),Suspension & Steering System,Rod Kit - Tie; (Tie rod ends),Auto Parts,Set,"1,688,863.00","303,995.00","1,992,858.00"
Nissan vans,Nissan vans Z-link(ROD CONN rhs),Suspension & Steering System,Z-link(ROD CONN rhs),Auto Parts,PC,"349,894.00","62,981.00","412,875.00"
Nissan vans,Nissan vans Z-link(ROD CONN lhs),Suspension & Steering System,Z-link(ROD CONN lhs),Auto Parts,PC,"349,894.00","62,981.00","412,875.00"
Nissan vans,Nissan vans ABSORBER-SHOCK (Front shock absorbers),Suspension & Steering System,ABSORBER-SHOCK (Front shock absorbers),Auto Parts,Set,"1,548,507.00","278,731.00","1,827,239.00"
Nissan vans,Nissan vans Bush *telex* (Shock absorber bushes),Suspension & Steering System,Bush *telex* (Shock absorber bushes),Auto Parts,Set,"61,282.00","11,031.00","72,313.00"
Nissan vans,Nissan vans Shock RR 2WD KA (rear shock absorbers),Suspension & Steering System,Shock RR 2WD KA (rear shock absorbers),Auto Parts,Set,"1,769,308.00","318,475.00","2,087,784.00"
Nissan vans,"Nissan vans BUSH STAB (Stabiliser bar bushes, big)",Suspension & Steering System,"BUSH STAB (Stabiliser bar bushes, big)",Auto Parts,Set,"129,283.00","23,271.00","152,555.00"
Nissan vans,"Nissan vans Stabiliser bar bushes, small",Suspension & Steering System,"Stabiliser bar bushes, small",Auto Parts,Set,"125,398.00","22,572.00","147,970.00"
Nissan vans,"Nissan vans BUSH RR SPR RR (Spring bushes, small)",Suspension & Steering System,"BUSH RR SPR RR (Spring bushes, small)",Auto Parts,Set,"224,532.00","40,416.00","264,948.00"
Nissan vans,"Nissan vans Bush-spring (Spring bushes, big)",Suspension & Steering System,"Bush-spring (Spring bushes, big)",Auto Parts,Set,"336,005.00","60,481.00","396,486.00"
Nissan vans,Nissan vans Shock absorber bushes,Suspension & Steering System,Shock absorber bushes,Auto Parts,Set,"126,910.00","22,844.00","149,754.00"
Nissan vans,Nissan vans Bush fitting,Suspension & Steering System,Bush fitting,Auto Parts,Set,"96,774.00","17,419.00","114,194.00"
Nissan vans,"Nissan vans SPRING ASSY RR (Leaf spring, complete)",Suspension & Steering System,"SPRING ASSY RR (Leaf spring, complete)",Auto Parts,Set,"5,059,640.00","910,735.00","5,970,375.00"
Nissan vans,Nissan vans Clip RR Spring (leaf spring clamps),Suspension & Steering System,Clip RR Spring (leaf spring clamps),Auto Parts,PC,"394,242.00","70,964.00","465,205.00"
Nissan vans,Nissan vans SEAT ASSY-RR SP U - bolts mounting plates - set,Suspension & Steering System,SEAT ASSY-RR SP U - bolts mounting plates - set,Auto Parts,PC,"686,009.00","123,482.00","809,491.00"
Nissan vans,Nissan vans PAD ASSY-RR SPR (Leaf spring seat),Suspension & Steering System,PAD ASSY-RR SPR (Leaf spring seat),Auto Parts,PC,"170,215.00","30,639.00","200,853.00"
Nissan vans,Nissan vans ARM ASSY FR SPR (Anchor arm),Suspension & Steering System,ARM ASSY FR SPR (Anchor arm),Auto Parts,PC,"213,822.00","38,488.00","252,310.00"
Nissan vans,Nissan vans ARM ASSY ANCHOR (Anchor arm),Suspension & Steering System,ARM ASSY ANCHOR (Anchor arm),Auto Parts,PC,"221,019.00","39,783.00","260,802.00"
Nissan vans,Nissan vans PULLEY-PUMP (Power steering pump pulley),Suspension & Steering System,PULLEY-PUMP (Power steering pump pulley),Auto Parts,PC,"564,891.00","101,680.00","666,571.00"
Nissan vans,Nissan vans Power Pump assy (Steering pump),Suspension & Steering System,Power Pump assy (Steering pump),Auto Parts,PC,"3,117,403.00","561,132.00","3,678,535.00"
Nissan vans,Nissan vans ArmKit-Pitman+- (Pitman arm),Suspension & Steering System,ArmKit-Pitman+- (Pitman arm),Auto Parts,PC,"550,447.00","99,081.00","649,528.00"
Nissan vans,Nissan vans Idler Kit **tel (Idler arm),Suspension & Steering System,Idler Kit **tel (Idler arm),Auto Parts,PC,"770,166.00","138,630.00","908,796.00"
Nissan vans,Nissan vans COLUMN ASSY-STE (steering column),Suspension & Steering System,COLUMN ASSY-STE (steering column),Auto Parts,PC,"889,239.00","160,063.00","1,049,302.00"
Nissan vans,Nissan vans WHEEL ASSY-STEE (Steering wheel),Suspension & Steering System,WHEEL ASSY-STEE (Steering wheel),Auto Parts,PC,"2,686,336.00","483,541.00","3,169,877.00"
Nissan vans,Nissan vans Transfer case seal,Suspension & Steering System,Transfer case seal,Auto Parts,PC,"185,994.00","33,479.00","219,473.00"
Nissan vans,Nissan vans BRNG. Kit Centr (Center bearing),Transmission System,BRNG. Kit Centr (Center bearing),Auto Parts,PC,"791,776.00","142,520.00","934,296.00"
Nissan vans,Nissan vans Clutch Disc (Clutch plate),Transmission System,Clutch Disc (Clutch plate),Auto Parts,PC,"2,926,647.00","526,796.00","3,453,443.00"
Nissan vans,Nissan vans Cover-Clutch (Pressure plate),Transmission System,Cover-Clutch (Pressure plate),Auto Parts,PC,"2,563,803.00","461,485.00","3,025,288.00"
Nissan vans,Nissan vans Bearing Clutch (Release bearing),Transmission System,Bearing Clutch (Release bearing),Auto Parts,PC,"176,489.00","31,768.00","208,258.00"
Nissan vans,Nissan vans Spring-return (Return spring),Transmission System,Spring-return (Return spring),Auto Parts,PC,"14,766.00","2,658.00","17,424.00"
Nissan vans,Nissan vans Pedal Assy Clut (Clutch pedal assembly),Transmission System,Pedal Assy Clut (Clutch pedal assembly),Auto Parts,PC,"955,828.00","172,049.00","1,127,877.00"
Nissan vans,Nissan vans TRANSMISSION (Gearbox assembly),Transmission System,TRANSMISSION (Gearbox assembly),Auto Parts,PC,"17,720,981.00","3,189,777.00","20,910,758.00"
Nissan vans,Nissan vans RR EXC BRAKES A (,Transmission System,RR EXC BRAKES A (,Auto Parts,PC,"2,960,155.00","532,828.00","3,492,982.00"
Nissan vans,Nissan vans SFT-RR AXLE RH (Differential shaft RH),Transmission System,SFT-RR AXLE RH (Differential shaft RH),Auto Parts,PC,"3,067,398.00","552,132.00","3,619,530.00"
Nissan vans,Nissan vans SFT-RR Axle (Differential shaft LH),Transmission System,SFT-RR Axle (Differential shaft LH),Auto Parts,PC,"1,154,314.00","207,777.00","1,362,091.00"
Nissan vans,Nissan vans Seal - Grease R (Grease seal),Transmission System,Seal - Grease R (Grease seal),Auto Parts,PC,"75,137.00","13,525.00","88,661.00"
Nissan vans,Nissan vans BRG Assy - Tape,Transmission System,BRG Assy - Tape,Auto Parts,Set,"462,962.00","83,333.00","546,295.00"
Nissan vans,Nissan vans FLYWHELL ASSY,Transmission System,FLYWHELL ASSY,Auto Parts,PC,"5,898,067.00","1,061,652.00","6,959,720.00"
Nissan vans,Nissan vans Seal (Transfer case seal),Transmission System,Seal (Transfer case seal),Auto Parts,PC,"31,164.00","5,610.00","36,774.00"
Nissan vans,Nissan vans INSULATOR-ENGIN (Gearbox mountings),Transmission System,INSULATOR-ENGIN (Gearbox mountings),Auto Parts,Set,"510,580.00","91,904.00","602,485.00"
Nissan vans,"Nissan vans Case Transfer F (Transfer case, front)",Transmission System,"Case Transfer F (Transfer case, front)",Auto Parts,PC,"2,438,248.00","438,885.00","2,877,132.00"
Nissan vans,"Nissan vans Case (Transfer case, center)",Transmission System,"Case (Transfer case, center)",Auto Parts,PC,"2,587,633.00","465,774.00","3,053,407.00"
Nissan vans,Nissan vans CASE-TRANSFER (Differential case),Transmission System,CASE-TRANSFER (Differential case),Auto Parts,PC,"3,201,059.00","576,191.00","3,777,249.00"
Nissan vans,Nissan vans High gear cover,Transmission System,High gear cover,Auto Parts,PC,"3,551,106.00","639,199.00","4,190,305.00"
Nissan vans,Nissan vans Cross bearing,Transmission System,Cross bearing,Auto Parts,PC,"791,776.00","142,520.00","934,296.00"
Nissan vans,Nissan vans Alloy Wheel (Rim),Transmission System,Alloy Wheel (Rim),Auto Parts,PC,"5,677,987.00","1,022,038.00","6,700,024.00"
Nissan vans,Nissan vans Tyre repair (per tyre),Transmission System,Tyre repair (per tyre),Auto Parts,PC,"33,619.00","6,052.00","39,671.00"
Nissan vans,Nissan vans WRENCH WHL NUT (Wheel spanner),Transmission System,WRENCH WHL NUT (Wheel spanner),Auto Parts,PC,"66,545.00","11,978.00","78,523.00"
Nissan vans,"Nissan vans WHEEL BOLT (Wheel stud, front)",Transmission System,"WHEEL BOLT (Wheel stud, front)",Auto Parts,PC,"130,300.00","23,454.00","153,754.00"
Nissan vans,"Nissan vans BOLT-HUB (Wheel stud,rear)",Transmission System,"BOLT-HUB (Wheel stud,rear)",Auto Parts,PC,"144,757.00","26,056.00","170,813.00"
Nissan vans,Nissan vans NUT- WHEEL(wheel nut),Transmission System,NUT- WHEEL(wheel nut),Auto Parts,PC,"4,560.00",821,"5,381.00"
Nissan vans,Nissan vans Compressor (AC pump),Air Conditioning System,Compressor (AC pump),Auto Parts,PC,"7,186,390.00","1,293,550.00","8,479,940.00"
Nissan vans,Nissan vans Pipe Assy-Fr cooler High (Condenser),Air Conditioning System,Pipe Assy-Fr cooler High (Condenser),Auto Parts,PC,"2,957,313.00","532,316.00","3,489,630.00"
Nissan vans,Nissan vans VALVE-EXPANSION (Expansion valve),Air Conditioning System,VALVE-EXPANSION (Expansion valve),Auto Parts,PC,"725,497.00","130,589.00","856,086.00"
Nissan vans,Nissan vans Evaporator Assy (Ac evaporator),Air Conditioning System,Evaporator Assy (Ac evaporator),Auto Parts,PC,"5,268,680.00","948,362.00","6,217,042.00"
Nissan vans,Nissan vans RELAY-LIGHT (AC relay),Air Conditioning System,RELAY-LIGHT (AC relay),Auto Parts,PC,"143,980.00","25,916.00","169,897.00"
Nissan vans,Nissan vans CONT ASSY-AIR C (AC selector knob assy),Air Conditioning System,CONT ASSY-AIR C (AC selector knob assy),Auto Parts,PC,"1,237,615.00","222,771.00","1,460,385.00"
Nissan vans,Nissan vans Ac gas,Air Conditioning System,Ac gas,Auto Parts,Gram,390,70,460
Nissan vans,Nissan vans Liquid tank,Air Conditioning System,Liquid tank,Auto Parts,PC,"795,410.00","143,174.00","938,583.00"
Nissan vans,Nissan vans Front Evaporator,Air Conditioning System,Front Evaporator,Auto Parts,PC,"3,449,713.00","620,948.00","4,070,662.00"
Nissan vans,Nissan vans Rear Evaporator,Air Conditioning System,Rear Evaporator,Auto Parts,PC,"3,449,713.00","620,948.00","4,070,662.00"
Nissan vans,Nissan vans HOSE FLEXIBLE,Air Conditioning System,HOSE FLEXIBLE,Auto Parts,PC,"867,351.00","156,123.00","1,023,475.00"
Nissan vans,Nissan vans O RINGS,Air Conditioning System,O RINGS,Auto Parts,PC,"12,437.00","2,239.00","14,676.00"
Nissan vans,Nissan vans EXPANSION BLOCK,Air Conditioning System,EXPANSION BLOCK,Auto Parts,PC,"455,356.00","81,964.00","537,320.00"
Nissan vans,Nissan vans single wiper blade 21 (Wiper blade),Wiper System,single wiper blade 21 (Wiper blade),Auto Parts,PC,"41,348.00","7,443.00","48,791.00"
Nissan vans,Nissan vans Blade wiper,Wiper System,Blade wiper,Auto Parts,PC,"157,004.00","28,261.00","185,265.00"
Nissan vans,Nissan vans MOTOR A-WIPER (Wiper motor),Wiper System,MOTOR A-WIPER (Wiper motor),Auto Parts,PC,"873,168.00","157,170.00","1,030,338.00"
Nissan vans,Nissan vans Wiper Arm,Wiper System,Wiper Arm,Auto Parts,PC,"268,770.00","48,379.00","317,149.00"
Nissan vans,Nissan vans Wiper hose,Wiper System,Wiper hose,Auto Parts,PC,"233,226.00","41,981.00","275,207.00"
Nissan vans,Nissan vans Wiper water sensor,Wiper System,Wiper water sensor,Auto Parts,PC,"156,614.00","28,191.00","184,804.00"
Nissan vans,Nissan vans Wiper water pump,Wiper System,Wiper water pump,Auto Parts,PC,"176,941.00","31,849.00","208,790.00"
Nissan vans,Nissan vans Wiper water tank,Wiper System,Wiper water tank,Auto Parts,PC,"795,897.00","143,262.00","939,159.00"
Nissan vans,Nissan vans Wiper nozzle,Wiper System,Wiper nozzle,Auto Parts,PC,"216,850.00","39,033.00","255,883.00"
Nissan vans,Nissan vans Bulb Head Lamp,Electrical System,Bulb Head Lamp,Auto Parts,PC,"465,135.00","83,724.00","548,859.00"
Nissan vans,Nissan vans LAMP ASSY-LH (Headlamp LHS),Electrical System,LAMP ASSY-LH (Headlamp LHS),Auto Parts,PC,"1,602,342.00","288,422.00","1,890,764.00"
Nissan vans,Nissan vans LAMP ASSY-HEAD (Headlamp RHS),Electrical System,LAMP ASSY-HEAD (Headlamp RHS),Auto Parts,PC,"1,289,943.00","232,190.00","1,522,133.00"
Nissan vans,Nissan vans Plug-glow (Glow plugs),Electrical System,Plug-glow (Glow plugs),Auto Parts,Set,"1,470,981.00","264,777.00","1,735,757.00"
Nissan vans,Nissan vans Bulb 12V5W (Parking bulb),Electrical System,Bulb 12V5W (Parking bulb),Auto Parts,PC,"51,613.00","9,290.00","60,903.00"
Nissan vans,Nissan vans Double filament round based (Brake bulb),Electrical System,Double filament round based (Brake bulb),Auto Parts,PC,"83,871.00","15,097.00","98,968.00"
Nissan vans,"Nissan vans BULB (Brake bulb, single filament)",Electrical System,"BULB (Brake bulb, single filament)",Auto Parts,PC,"6,848.00","1,233.00","8,081.00"
Nissan vans,Nissan vans Turn signal switch,Electrical System,Turn signal switch,Auto Parts,PC,"1,040,549.00","187,299.00","1,227,847.00"
Nissan vans,Nissan vans BODY-COMB SW (Spiral cable),Electrical System,BODY-COMB SW (Spiral cable),Auto Parts,PC,"700,288.00","126,052.00","826,339.00"
Nissan vans,Nissan vans Fuse-mini 10A,Electrical System,Fuse-mini 10A,Auto Parts,PC,"1,918.00",345,"2,263.00"
Nissan vans,Nissan vans Fuse-mini 15AM,Electrical System,Fuse-mini 15AM,Auto Parts,PC,"9,828.00","1,769.00","11,597.00"
Nissan vans,Nissan vans Fuse-mini,Electrical System,Fuse-mini,Auto Parts,PC,"9,828.00","1,769.00","11,597.00"
Nissan vans,Nissan vans ALTERNATOR ASSY,Electrical System,ALTERNATOR ASSY,Auto Parts,PC,"9,823,537.00","1,768,237.00","11,591,774.00"
Nissan vans,Nissan vans LAMP ASSY-FOG L,Electrical System,LAMP ASSY-FOG L,Auto Parts,PC,"2,944,864.00","530,075.00","3,474,939.00"
Nissan vans,"Nissan vans LAMP ASSY-FOG,R",Electrical System,"LAMP ASSY-FOG,R",Auto Parts,PC,"2,944,864.00","530,075.00","3,474,939.00"
Nissan vans,Nissan vans Bulb-fog Lamp,Electrical System,Bulb-fog Lamp,Auto Parts,Set,"368,928.00","66,407.00","435,335.00"
Nissan vans,"Nissan vans SW-AUTO-POWER-W (Power window switch, main)",Electrical System,"SW-AUTO-POWER-W (Power window switch, main)",Auto Parts,PC,"896,128.00","161,303.00","1,057,431.00"
Nissan vans,"Nissan vans SW ASSY-P/WINDW (Power window switch, co- driver's door)",Electrical System,"SW ASSY-P/WINDW (Power window switch, co- driver's door)",Auto Parts,PC,"460,711.00","82,928.00","543,639.00"
Nissan vans,Nissan vans Regulator Assy- (Driver's door regulator),Electrical System,Regulator Assy- (Driver's door regulator),Auto Parts,PC,"1,120,185.00","201,633.00","1,321,818.00"
Nissan vans,Nissan vans REGULATOR-DOOR (Co-driver's door regulator),Electrical System,REGULATOR-DOOR (Co-driver's door regulator),Auto Parts,PC,"1,120,185.00","201,633.00","1,321,818.00"
Nissan vans,"Nissan vans Door regulator (Window regulator, rear door)",Electrical System,"Door regulator (Window regulator, rear door)",Auto Parts,PC,"1,215,380.00","218,768.00","1,434,148.00"
Nissan vans,Nissan vans Starter Motor,Electrical System,Starter Motor,Auto Parts,PC,"6,013,261.00","1,082,387.00","7,095,647.00"
Nissan vans,Nissan vans Lamp Assy Rr.** (Tail lamp RHS),Electrical System,Lamp Assy Rr.** (Tail lamp RHS),Auto Parts,PC,"800,726.00","144,131.00","944,857.00"
Nissan vans,Nissan vans Lamp Assy Rr.** (Tail lamp LHS),Electrical System,Lamp Assy Rr.** (Tail lamp LHS),Auto Parts,PC,"682,692.00","122,885.00","805,577.00"
Nissan vans,Nissan vans 70 Amp Maintenance free battery,Electrical System,70 Amp Maintenance free battery,Auto Parts,PC,"784,308.00","141,176.00","925,484.00"
Nissan vans,Nissan vans Radio,Electrical System,Radio,Auto Parts,PC,"1,887,097.00","339,677.00","2,226,774.00"
Nissan vans,"Nissan vans Mirror Assy DR (Side mirror, complete)",Electrical System,"Mirror Assy DR (Side mirror, complete)",Auto Parts,PC,"806,969.00","145,254.00","952,223.00"
Nissan vans,Nissan vans GLASS-FR WIND (Windscreen),Electrical System,GLASS-FR WIND (Windscreen),Auto Parts,PC,"3,981,364.00","716,646.00","4,698,010.00"
Nissan vans,Nissan vans Rubber Sealant,Electrical System,Rubber Sealant,Auto Parts,PC,"137,624.00","24,772.00","162,396.00"
Nissan vans,Nissan vans MLDG WS UPPER (Upper windscreen molding),Electrical System,MLDG WS UPPER (Upper windscreen molding),Auto Parts,PC,"151,129.00","27,203.00","178,333.00"
Nissan vans,Nissan vans RUBBER-DUMDum rubber,Electrical System,RUBBER-DUMDum rubber,Auto Parts,PC,"689,434.00","124,098.00","813,532.00"
Nissan vans,Nissan vans MUD FLAP-FRONT,Electrical System,MUD FLAP-FRONT,Auto Parts,PC,"465,903.00","83,863.00","549,766.00"
Nissan vans,Nissan vans MUD GUARD-RR RH,Electrical System,MUD GUARD-RR RH,Auto Parts,PC,"465,903.00","83,863.00","549,766.00"
Nissan vans,Nissan vans MUD GUARD-RR LH,Electrical System,MUD GUARD-RR LH,Auto Parts,PC,"465,903.00","83,863.00","549,766.00"
Nissan vans,Nissan vans GLASS FR DR LH,Electrical System,GLASS FR DR LH,Auto Parts,PC,"1,627,997.00","293,040.00","1,921,037.00"
Nissan vans,Nissan vans GLASS FR DR RH,Electrical System,GLASS FR DR RH,Auto Parts,PC,"1,627,997.00","293,040.00","1,921,037.00"
Nissan vans,Nissan vans GRILLE-RADIATOR,Electrical System,GRILLE-RADIATOR,Auto Parts,PC,"1,647,775.00","296,600.00","1,944,375.00"
Nissan vans,Nissan vans WINDOW GLASS,Electrical System,WINDOW GLASS,Auto Parts,PC,"4,174,564.00","751,421.00","4,925,985.00"
Nissan vans,"Nissan vans Assy- Fr Door outs (Outer door handle, driver's door)",Electrical System,"Assy- Fr Door outs (Outer door handle, driver's door)",Auto Parts,PC,"152,699.00","27,486.00","180,184.00"
Nissan vans,"Nissan vans HANDLE ASSY-FR (Outer door handle, co- driver's door)",Electrical System,"HANDLE ASSY-FR (Outer door handle, co- driver's door)",Auto Parts,PC,"152,699.00","27,486.00","180,184.00"
Nissan vans,"Nissan vans ASY FR DR INS L (Inner door handle, LH)",Electrical System,"ASY FR DR INS L (Inner door handle, LH)",Auto Parts,PC,"162,305.00","29,215.00","191,519.00"
Nissan vans,"Nissan vans ASY FR DR INS R (Inner door hande, RH)",Electrical System,"ASY FR DR INS R (Inner door hande, RH)",Auto Parts,PC,"162,305.00","29,215.00","191,519.00"
Nissan vans,Nissan vans Antenna,Electrical System,Antenna,Auto Parts,PC,"519,140.00","93,445.00","612,586.00"
Nissan vans,Nissan vans LOCK ASSY-FR DO (door lock),Electrical System,LOCK ASSY-FR DO (door lock),Auto Parts,PC,"748,196.00","134,675.00","882,871.00"
Nissan vans,Nissan vans VAD D22 FRT MOULDED BMPR (Front bumper),Electrical System,VAD D22 FRT MOULDED BMPR (Front bumper),Auto Parts,PC,"1,732,033.00","311,766.00","2,043,798.00"
Nissan vans,Nissan vans Reinf assy frnt (Front reinforcement bumper),Electrical System,Reinf assy frnt (Front reinforcement bumper),Auto Parts,PC,"1,407,623.00","253,372.00","1,660,995.00"
Nissan vans,Nissan vans BUMPER-REAR (Rear bumper),Electrical System,BUMPER-REAR (Rear bumper),Auto Parts,PC,"2,071,806.00","372,925.00","2,444,731.00"
Nissan vans,Nissan vans CABLE COMPL HOO (Bonnet cable),Electrical System,CABLE COMPL HOO (Bonnet cable),Auto Parts,PC,"217,405.00","39,133.00","256,538.00"
Nissan vans,"Nissan vans Reflector, pair",Electrical System,"Reflector, pair",Auto Parts,Set,"75,484.00","13,587.00","89,071.00"
Nissan vans,Nissan vans MIR ASSY INSIDE (Driving mirror),Electrical System,MIR ASSY INSIDE (Driving mirror),Auto Parts,PC,"547,863.00","98,615.00","646,479.00"
Nissan vans,Nissan vans SUNVISOR LH,Electrical System,SUNVISOR LH,Auto Parts,PC,"300,034.00","54,006.00","354,041.00"
Nissan vans,Nissan vans SUNVISOR RH,Electrical System,SUNVISOR RH,Auto Parts,PC,"196,671.00","35,401.00","232,072.00"
Nissan vans,Nissan vans JACK COMPL (Jack),Electrical System,JACK COMPL (Jack),Auto Parts,PC,"765,887.00","137,860.00","903,746.00"
Nissan vans,Nissan vans ROD ASSY JACK (Jack handle),Electrical System,ROD ASSY JACK (Jack handle),Auto Parts,PC,"128,203.00","23,077.00","151,280.00"
Nissan vans,Nissan vans Warning triangle,Electrical System,Warning triangle,Auto Parts,Set,"167,742.00","30,194.00","197,935.00"
Nissan vans,Nissan vans LAMP STOP,Electrical System,LAMP STOP,Auto Parts,PC,"964,705.00","173,647.00","1,138,352.00"
Nissan vans,Nissan vans Carpet Floor Covering,Electrical System,Carpet Floor Covering,Auto Parts,Set,"766,667.00","138,000.00","904,667.00"
Nissan vans,Nissan vans SEAT COVERS E26,Electrical System,SEAT COVERS E26,Auto Parts,Set,"2,366,667.00","426,000.00","2,792,667.00"
Nissan vans,Nissan vans LOWER DOOR BEARING(ROLLER A/S DOOR),Electrical System,LOWER DOOR BEARING(ROLLER A/S DOOR),Auto Parts,PC,"281,104.00","50,599.00","331,702.00"
Nissan vans,Nissan vans DOOR HINGE1,Electrical System,DOOR HINGE1,Auto Parts,PC,"281,104.00","50,599.00","331,702.00"
Nissan vans,Nissan vans TAIL GATE,Electrical System,TAIL GATE,Auto Parts,PC,"4,354,839.00","783,871.00","5,138,710.00"
Nissan vans,Nissan vans BACK DOOR LOCK & HANDLE,Electrical System,BACK DOOR LOCK & HANDLE,Auto Parts,PC,"2,325,932.00","418,668.00","2,744,599.00"
Nissan vans,Nissan vans DOOR LOCK ACTUATOR,Electrical System,DOOR LOCK ACTUATOR,Auto Parts,PC,"643,649.00","115,857.00","759,505.00"
Nissan vans,Nissan vans LOCK & REMOTE CONTROL,Electrical System,LOCK & REMOTE CONTROL,Auto Parts,PC,"638,747.00","114,974.00","753,721.00"
Nissan vans,Nissan vans ROLLER ASSY LH,Electrical System,ROLLER ASSY LH,Auto Parts,PC,"414,471.00","74,605.00","489,076.00"
Nissan vans,Nissan vans ROLLER,Electrical System,ROLLER,Auto Parts,PC,"256,723.00","46,210.00","302,933.00"
Nissan vans,Nissan vans ROLLER A S/DOOR,Electrical System,ROLLER A S/DOOR,Auto Parts,PC,"281,104.00","50,599.00","331,702.00"
Nissan vans,Nissan vans INSUL BODY MTG (middle cabin mountings),Other Miscellaneous Parts,INSUL BODY MTG (middle cabin mountings),Auto Parts,Set,"987,120.00","177,682.00","1,164,802.00"
Nissan vans,Nissan vans INSULATOR-3RD (Front body mountings),Other Miscellaneous Parts,INSULATOR-3RD (Front body mountings),Auto Parts,Set,"520,409.00","93,674.00","614,083.00"
Nissan vans,Nissan vans RUB-BODY MTG 4T (Rear body mountings),Other Miscellaneous Parts,RUB-BODY MTG 4T (Rear body mountings),Auto Parts,Set,"520,409.00","93,674.00","614,083.00"
Nissan vans,Nissan vans MALE ASSY-HOOD (Bonnet lock),Other Miscellaneous Parts,MALE ASSY-HOOD (Bonnet lock),Auto Parts,PC,"224,142.00","40,346.00","264,487.00"
Nissan vans,Nissan vans RUB BMPR HOOD (Front bonnet rubbers),Other Miscellaneous Parts,RUB BMPR HOOD (Front bonnet rubbers),Auto Parts,PC,"7,260.00","1,307.00","8,567.00"
Nissan vans,Nissan vans BMPR HOODLEDGE (Bonnet side rubbers),Other Miscellaneous Parts,BMPR HOODLEDGE (Bonnet side rubbers),Auto Parts,PC,"9,606.00","1,729.00","11,335.00"
Nissan vans,Nissan vans Panel assy-inst (Bonnet),Other Miscellaneous Parts,Panel assy-inst (Bonnet),Auto Parts,PC,"2,014,249.00","362,565.00","2,376,813.00"
Nissan vans,"Nissan vans Floor mats, rubber",Other Miscellaneous Parts,"Floor mats, rubber",Auto Parts,Set,"167,742.00","30,194.00","197,935.00"
Nissan vans,Nissan vans CHECK LINK FR D (Seal),Other Miscellaneous Parts,CHECK LINK FR D (Seal),Auto Parts,PC,"327,875.00","59,017.00","386,892.00"
Nissan vans,Nissan vans HORN ASSY (Low tone horn),Other Miscellaneous Parts,HORN ASSY (Low tone horn),Auto Parts,PC,"432,099.00","77,778.00","509,877.00"
Nissan vans,Nissan vans HORN ASSY-HIGH (High tone horn),Other Miscellaneous Parts,HORN ASSY-HIGH (High tone horn),Auto Parts,PC,"361,972.00","65,155.00","427,126.00"
Nissan vans,Nissan vans Base (Flat gasket),Other Miscellaneous Parts,Base (Flat gasket),Auto Parts,PC,"22,747.00","4,094.00","26,842.00"
Nissan vans,Nissan vans VAD Roll Bar D/ (Central lock switch),Other Miscellaneous Parts,VAD Roll Bar D/ (Central lock switch),Auto Parts,PC,"3,674,864.00","661,475.00","4,336,339.00"
Nissan vans,Nissan vans First aid kit,Other Miscellaneous Parts,First aid kit,Auto Parts,PC,"629,032.00","113,226.00","742,258.00"
Nissan vans,Nissan vans VAD CMPL-SLIDE (Side step RH),Other Miscellaneous Parts,VAD CMPL-SLIDE (Side step RH),Auto Parts,PC,"1,091,954.00","196,552.00","1,288,506.00"
Nissan vans,Nissan vans VAD CMPL-SLIDE (Side step LH),Other Miscellaneous Parts,VAD CMPL-SLIDE (Side step LH),Auto Parts,PC,"1,092,049.00","196,569.00","1,288,618.00"
Nissan vans,Nissan vans BOLT STOP (Stopper bolt),Other Miscellaneous Parts,BOLT STOP (Stopper bolt),Auto Parts,PC,"96,251.00","17,325.00","113,576.00"
Nissan vans,Nissan vans Cap-bolt STRG S,Other Miscellaneous Parts,Cap-bolt STRG S,Auto Parts,PC,"67,147.00","12,087.00","79,234.00"
Nissan vans,Nissan vans Fire Extinguisher,Other Miscellaneous Parts,Fire Extinguisher,Auto Parts,PC,"170,968.00","30,774.00","201,742.00"
Nissan vans,Nissan vans Engine oil (Diesel engine oil),Service,Engine oil (Diesel engine oil),Auto Parts,Litre,"224,119.00","40,341.00","264,460.00"
Nissan vans,Nissan vans Brake fluid,Service,Brake fluid,Auto Parts,0.25L,"19,090.00","3,436.00","22,526.00"
Nissan vans,Nissan vans Transmission oil GL4 75-W85,Service,Transmission oil GL4 75-W85,Auto Parts,Litre,"397,066.00","71,472.00","468,538.00"
Nissan vans,Nissan vans Coolant Total,Service,Coolant Total,Auto Parts,Litre,"221,895.00","39,941.00","261,837.00"
Nissan vans,Nissan vans ATF FLUIDMATIC D2 1L,Service,ATF FLUIDMATIC D2 1L,Auto Parts,Litre,"151,374.00","27,247.00","178,622.00"
Nissan vans,Nissan vans SUNDRY,Service,SUNDRY,Auto Parts,Lump,"27,342.00","4,922.00","32,264.00"
Nissan vans,Nissan vans FILTER ASSY-OIL,Service,FILTER ASSY-OIL,Auto Parts,PC,"103,218.00","18,579.00","121,798.00"
Nissan vans,Nissan vans FILTER ASSY-FUE,Service,FILTER ASSY-FUE,Auto Parts,PC,"265,527.00","47,795.00","313,322.00"
Nissan vans,Nissan vans Fuel strainer,Service,Fuel strainer,Auto Parts,PC,"658,135.00","118,464.00","776,599.00"
Nissan vans,Nissan vans ELEMENT ASSY(AIR CLEANER),Service,ELEMENT ASSY(AIR CLEANER),Auto Parts,PC,"282,951.00","50,931.00","333,883.00"
Nissan vans,Nissan vans GEAR OIL-HYPOID 1L 75-W90,Service,GEAR OIL-HYPOID 1L 75-W90,Auto Parts,Litre,"307,017.00","55,263.00","362,280.00"
Nissan vans,Nissan vans DETRON 6,Service,DETRON 6,Auto Parts,PC,"112,903.00","20,323.00","133,226.00"
Nissan vans,Nissan vans Labour,Service,Labour,Auto Parts,Hour,"45,000.00","8,100.00","53,100.00"
Nissan vans,Nissan vans Wheel alignment,Service,Wheel alignment,Auto Parts,,"55,000.00","9,900.00","64,900.00"
Nissan vans,Nissan vans Wheel balancing per tyre,Service,Wheel balancing per tyre,Auto Parts,,"52,800.00","9,504.00","62,304.00"
